0.5779999999795109,620.331453234664,617.590659478334
0.9220000000204891,620.321800323181,617.590659478334
1.25,620.3274783704487,617.590659478334
1.5940000000409782,620.3283961824062,617.590659478334
1.937999999965541,620.3288707601989,617.590659478334
2.2820000000065193,620.3349791676683,617.590659478334
2.625,620.3306222679713,617.590659478334
2.952999999979511,620.325603257575,617.590659478334
3.312999999965541,620.3273811418628,617.590659478334
3.6570000000065193,620.3284743792584,617.590659478334
3.98499999998603,620.3222462897251,617.590659478334
4.327999999979511,620.3244045680976,617.590659478334
4.672000000020489,620.3319665359738,617.590659478334
5.016000000061467,620.3312146250086,617.590659478334
5.35999999998603,620.3304198315872,617.590659478334
5.702999999979511,620.3252221132667,617.590659478334
6.047000000020489,620.3175706774565,617.590659478334
6.469000000040978,620.3303937388168,617.590659478334
6.797000000020489,620.3320794625208,617.590659478334
7.157000000006519,620.33379921839,617.590659478334
7.5,620.3291875682563,617.590659478334
7.844000000040978,620.3327556730572,617.590659478334
8.172000000020489,620.3243141227238,617.590659478334
8.516000000061467,620.3258129067476,617.590659478334
8.85999999998603,620.3333234932498,617.590659478334
9.187999999965541,620.322201836563,617.590659478334
9.547000000020489,620.334577230159,617.590659478334
9.875,620.3311616075868,617.590659478334
10.219000000040978,620.3242651922466,617.590659478334
10.562999999965541,620.3342979638969,617.590659478334
10.891000000061467,620.3237549582631,617.590659478334
11.25,620.3301230498247,617.590659478334
11.594000000040978,620.3288430893767,617.590659478334
11.922000000020489,620.3317073612961,617.590659478334
12.266000000061467,620.3278522904278,617.590659478334
12.60999999998603,620.3252110844767,617.590659478334
12.952999999979511,620.3295066161887,617.590659478334
13.297000000020489,620.3280695046964,617.590659478334
13.625,620.3200572289084,617.590659478334
13.98499999998603,620.3299067434596,617.590659478334
14.312999999965541,620.3300972219895,617.590659478334
14.65700000000652,620.3285947118238,617.590659478334
15.0,620.3389274058601,617.590659478334
15.344000000040978,620.3272518571489,617.590659478334
15.687999999965541,620.3281960779935,617.590659478334
16.03200000000652,620.3298202068379,617.590659478334
16.375,620.3314849136818,617.590659478334
16.73499999998603,620.3277879001712,617.590659478334
17.06299999996554,620.3314776121055,617.590659478334
17.42200000002049,620.3241687786813,617.590659478334
17.766000000061467,620.3279678777623,617.590659478334
18.10999999998603,620.3313635682382,617.590659478334
18.469000000040978,620.3302620721464,617.590659478334
18.81299999996554,620.3253848750178,617.590659478334
19.17200000002049,620.3250313725603,617.590659478334
19.516000000061467,620.3313392846651,617.590659478334
19.85999999998603,620.3251815149723,617.590659478334
20.219000000040978,620.3318448760002,617.590659478334
20.56299999996554,620.3286696679401,617.590659478334
20.92200000002049,620.32679795629,617.590659478334
21.266000000061467,620.324782577095,617.590659478334
21.60999999998603,620.3305936085369,617.590659478334
21.95299999997951,620.3334547458446,617.590659478334
22.29700000002049,620.3356009059903,617.590659478334
22.641000000061467,620.3367618705189,617.590659478334
22.98499999998603,620.3306833869136,617.590659478334
23.32799999997951,620.3281229602932,617.590659478334
23.67200000002049,620.334233935392,617.590659478334
24.016000000061467,620.3285450268882,617.590659478334
24.344000000040978,620.3399971515466,617.590659478334
24.68799999996554,620.3238097577632,617.590659478334
25.03200000000652,620.3292178727828,617.590659478334
25.391000000061467,620.3286912573134,617.590659478334
25.719000000040978,620.3280082621416,617.590659478334
26.06299999996554,620.3252092616679,617.590659478334
26.391000000061467,620.3279475090764,617.590659478334
26.73499999998603,620.3311783423746,617.590659478334
27.07799999997951,620.3333119309106,617.590659478334
27.42200000002049,620.3378903400294,617.590659478334
27.766000000061467,620.3350294504604,617.590659478334
28.10999999998603,620.3271452208429,617.590659478334
28.45299999997951,620.3286148182893,617.590659478334
28.79700000002049,620.3378958906181,617.590659478334
29.141000000061467,620.3601629654244,617.590659478334
29.48499999998603,620.3539102835601,617.590659478334
29.82799999997951,620.3566760500846,617.590659478334
30.15700000000652,620.3549347846673,617.590659478334
30.5,620.3536916810003,617.590659478334
30.82799999997951,620.3437010601658,617.590659478334
31.18799999996554,620.3476331926479,617.590659478334
31.53200000000652,620.3421937443461,617.590659478334
31.875,620.3434132314835,617.590659478334
32.21900000004098,620.3453622434321,617.590659478334
32.56299999996554,620.3430840686003,617.590659478334
32.90700000000652,620.3425359894558,617.590659478334
33.25,620.3339504502306,617.590659478334
33.60999999998603,620.3303315463429,617.590659478334
33.95299999997951,620.3347057449791,617.590659478334
34.29700000002049,620.3403078198521,617.590659478334
34.65700000000652,620.3400123973618,617.590659478334
35.0,620.3342577237057,617.590659478334
35.34400000004098,620.3339079064447,617.590659478334
35.67200000002049,620.3429233192568,617.590659478334
36.03200000000652,620.3282829002097,617.590659478334
36.375,620.3348409761093,617.590659478334
36.73499999998603,620.3325223205377,617.590659478334
37.06299999996554,620.3291993634388,617.590659478334
37.40700000000652,620.3355866624596,617.590659478334
37.75,620.332767764608,617.590659478334
38.09400000004098,620.3376802510211,617.590659478334
38.43799999996554,620.3388203312136,617.590659478334
38.78200000000652,620.3346647384672,617.590659478334
39.125,620.3369221464266,617.590659478334
39.46900000004098,620.3371922823111,617.590659478334
39.81299999996554,620.3421090047239,617.590659478334
40.15700000000652,620.3293936977664,617.590659478334
40.5,620.338356478102,617.590659478334
40.84400000004098,620.3376399382639,617.590659478334
41.18799999996554,620.3363313601934,617.590659478334
41.51600000006147,620.3338844837664,617.590659478334
41.875,620.3356698543652,617.590659478334
42.21900000004098,620.3260514142019,617.590659478334
42.56299999996554,620.3357410399776,617.590659478334
42.90700000000652,620.3351615103254,617.590659478334
43.26600000006147,620.3459974068811,617.590659478334
43.625,620.3368102265692,617.590659478334
43.96900000004098,620.3498323430048,617.590659478334
44.31299999996554,620.3397217020595,617.590659478334
44.68799999996554,620.3363675168079,617.590659478334
45.03200000000652,620.3483483063126,617.590659478334
45.375,620.3370209410538,617.590659478334
45.71900000004098,620.3409910483158,617.590659478334
46.07799999997951,620.3418540055983,617.590659478334
46.43799999996554,620.3302765033027,617.590659478334
46.79700000002049,620.3381075281816,617.590659478334
47.14100000006147,620.337484038264,617.590659478334
47.48499999998603,620.3347118818466,617.590659478334
47.84400000004098,620.3333533293235,617.590659478334
48.18799999996554,620.3330191010605,617.590659478334
48.53200000000652,620.3377631762914,617.590659478334
48.89100000006147,620.3307327939103,617.590659478334
49.23499999998603,620.3378221706935,617.590659478334
49.59400000004098,620.3385457040354,617.590659478334
49.93799999996554,620.3333721884493,617.590659478334
50.28200000000652,620.3378668637622,617.590659478334
50.625,620.3263771676853,617.590659478334
50.98499999998603,620.3383942981052,617.590659478334
51.32799999997951,620.3391657604915,617.590659478334
51.67200000002049,620.3324478514436,617.590659478334
52.03200000000652,620.3341720247182,617.590659478334
52.39100000006147,620.3327255678862,617.590659478334
52.73499999998603,620.3308711857092,617.590659478334
53.07799999997951,620.3405497874794,617.590659478334
53.43799999996554,620.3329216051336,617.590659478334
53.78200000000652,620.3402593797381,617.590659478334
54.125,620.3343270976626,617.590659478334
54.46900000004098,620.3429411249892,617.590659478334
54.81299999996554,620.3404233475065,617.590659478334
55.15700000000652,620.3367897862784,617.590659478334
55.5,620.339182476556,617.590659478334
55.84400000004098,620.3351401815829,617.590659478334
56.18799999996554,620.3511906221122,617.590659478334
56.53200000000652,620.3334824082694,617.590659478334
56.875,620.3356474387441,617.590659478334
57.21900000004098,620.3319630862801,617.590659478334
57.54700000002049,620.3437759759303,617.590659478334
57.90700000000652,620.338209898952,617.590659478334
58.23499999998603,620.3422941362611,617.590659478334
58.59400000004098,620.3384635576156,617.590659478334
58.93799999996554,620.34145434718,617.590659478334
59.28200000000652,620.3393731932213,617.590659478334
59.625,620.3439271429475,617.590659478334
59.96900000004098,620.3439367953139,617.590659478334
60.29700000002049,620.3430140482961,617.590659478334
60.64100000006147,620.337372001225,617.590659478334
60.98499999998603,620.3360284960987,617.590659478334
61.32799999997951,620.3371715307871,617.590659478334
61.67200000002049,620.3395358507835,617.590659478334
62.01600000006147,620.3415548795621,617.590659478334
62.34400000004098,620.3331564204337,617.590659478334
62.68799999996554,620.3411428829558,617.590659478334
63.03200000000652,620.3379603908468,617.590659478334
63.375,620.3435767400946,617.590659478334
63.71900000004098,620.336999408731,617.590659478334
64.06299999996554,620.3338818476519,617.590659478334
64.40700000000652,620.3397118342781,617.590659478334
64.76600000006147,620.336356154394,617.590659478334
65.10999999998603,620.3327916079417,617.590659478334
65.45299999997951,620.3349348483473,617.590659478334
65.79700000002049,620.3432721541499,617.590659478334
66.14100000006147,620.3415143795931,617.590659478334
66.5,620.3434296403639,617.590659478334
66.84400000004098,620.3409595074377,617.590659478334
67.18799999996554,620.3408048497195,617.590659478334
67.54700000002049,620.3354701126185,617.590659478334
67.89100000006147,620.3375072681157,617.590659478334
68.23499999998603,620.3320882785081,617.590659478334
68.57799999997951,620.3408307495566,617.590659478334
68.92200000002049,620.3359365579356,617.590659478334
69.25,620.3343842945412,617.590659478334
69.60999999998603,620.3424323462594,617.590659478334
69.93799999996554,620.3423208991358,617.590659478334
70.28200000000652,620.3366098977299,617.590659478334
70.625,620.3413893127924,617.590659478334
70.96900000004098,620.3411843278219,617.590659478334
71.31299999996554,620.3349396361137,617.590659478334
71.67200000002049,620.3404060041227,617.590659478334
72.03200000000652,620.3448739776544,617.590659478334
72.375,620.3337501379484,617.590659478334
72.73499999998603,620.3323450365092,617.590659478334
73.07799999997951,620.3350207732077,617.590659478334
73.42200000002049,620.3343356437377,617.590659478334
73.78200000000652,620.3479252657467,617.590659478334
74.125,620.3270521561252,617.590659478334
74.46900000004098,620.338998922667,617.590659478334
74.81299999996554,620.3431881194032,617.590659478334
75.15700000000652,620.3424535420261,617.590659478334
75.5,620.3424361118967,617.590659478334
75.84400000004098,620.3383652066618,617.590659478334
76.18799999996554,620.3353250158088,617.590659478334
76.53200000000652,620.3395336540138,617.590659478334
76.875,620.3398507073927,617.590659478334
77.21900000004098,620.3373889183662,617.590659478334
77.56299999996554,620.3407583040154,617.590659478334
77.90700000000652,620.3337512330504,617.590659478334
78.25,620.3318364888993,617.590659478334
78.60999999998603,620.3356815197319,617.590659478334
78.95299999997951,620.3383580173469,617.590659478334
79.29700000002049,620.3369689796446,617.590659478334
79.65700000000652,620.3390249157497,617.590659478334
79.98499999998603,620.3379278053171,617.590659478334
80.32799999997951,620.3389303301226,617.590659478334
80.68799999996554,620.3347533506293,617.590659478334
81.03200000000652,620.3418725762849,617.590659478334
81.375,620.3366369132857,617.590659478334
81.71900000004098,620.3362665051741,617.590659478334
82.06299999996554,620.3382611713741,617.590659478334
82.40700000000652,620.3380183161196,617.590659478334
82.76600000006147,620.3417264860411,617.590659478334
83.10999999998603,620.3471749603061,617.590659478334
83.45299999997951,620.3360107679658,617.590659478334
83.81299999996554,620.3396903556508,617.590659478334
84.15700000000652,620.3404611000182,617.590659478334
84.5,620.3420372179864,617.590659478334
84.84400000004098,620.3422069542336,617.590659478334
85.18799999996554,620.346044306535,617.590659478334
85.53200000000652,620.3416985896387,617.590659478334
85.875,620.3431705122599,617.590659478334
86.23499999998603,620.3366521105878,617.590659478334
86.59400000004098,620.3475282977713,617.590659478334
86.93799999996554,620.3366998075296,617.590659478334
87.29700000002049,620.3565551235997,617.590659478334
87.65700000000652,620.3411928152818,617.590659478334
88.01600000006147,620.3498179702493,617.590659478334
88.35999999998603,620.342155446393,617.590659478334
88.71900000004098,620.3328283856752,617.590659478334
89.07799999997951,620.3419710927698,617.590659478334
89.40700000000652,620.3370768156364,617.590659478334
89.76600000006147,620.3364774004106,617.590659478334
90.125,620.3351809432544,617.590659478334
90.46900000004098,620.3335756689529,617.590659478334
90.81299999996554,620.3461347030444,617.590659478334
91.17200000002049,620.3370951499198,617.590659478334
91.53200000000652,620.3433949274472,617.590659478334
91.875,620.3388550727116,617.590659478334
92.23499999998603,620.3406522464514,617.590659478334
92.57799999997951,620.3436390272365,617.590659478334
92.93799999996554,620.3461583515104,617.590659478334
93.29700000002049,620.3403681709949,617.590659478334
93.64100000006147,620.3389802102593,617.590659478334
93.98499999998603,620.3440954562543,617.590659478334
94.34400000004098,620.3486902506671,617.590659478334
94.68799999996554,620.3397836912812,617.590659478334
95.04700000002049,620.3441430981203,617.590659478334
95.39100000006147,620.3416673202954,617.590659478334
95.73499999998603,620.3390066220798,617.590659478334
96.07799999997951,620.3365936242537,617.590659478334
96.43799999996554,620.3419225688395,617.590659478334
96.78200000000652,620.3410333452019,617.590659478334
97.125,620.3418261540305,617.590659478334
97.46900000004098,620.3377760743555,617.590659478334
97.79700000002049,620.3368320684897,617.590659478334
98.14100000006147,620.3445464967689,617.590659478334
98.48499999998603,620.3409060115306,617.590659478334
98.82799999997951,620.3431201601904,617.590659478334
99.17200000002049,620.3466969542388,617.590659478334
99.51600000006147,620.3433684171412,617.590659478334
99.85999999998603,620.3355031860831,617.590659478334
100.18799999996554,620.3392947946243,617.590659478334
100.53200000000652,620.3406898721589,617.590659478334
100.875,620.3418164080955,617.590659478334
101.21900000004098,620.3401767407433,617.590659478334
101.54700000002049,620.3491280576383,617.590659478334
101.90700000000652,620.3455314675507,617.590659478334
102.23499999998603,620.3507500844385,617.590659478334
102.57799999997951,620.3456474629136,617.590659478334
102.92200000002049,620.3421496244048,617.590659478334
103.25,620.3360653452222,617.590659478334
103.59400000004098,620.3488753408183,617.590659478334
103.93799999996554,620.3451899082339,617.590659478334
104.28200000000652,620.3381399466067,617.590659478334
104.60999999998603,620.3434500300489,617.590659478334
104.96900000004098,620.3432729594567,617.590659478334
105.31299999996554,620.341919673997,617.590659478334
105.64100000006147,620.347174453448,617.590659478334
105.98499999998603,620.3396834818045,617.590659478334
106.32799999997951,620.3484495226596,617.590659478334
106.67200000002049,620.33989472996,617.590659478334
107.01600000006147,620.3438616489547,617.590659478334
107.34400000004098,620.3496266630746,617.590659478334
107.68799999996554,620.3432537383906,617.590659478334
108.04700000002049,620.3322449570658,617.590659478334
108.375,620.33403273035,617.590659478334
108.71900000004098,620.3426548850915,617.590659478334
109.06299999996554,620.3405721331533,617.590659478334
109.40700000000652,620.3389651228553,617.590659478334
109.75,620.3382414962747,617.590659478334
110.09400000004098,620.3438015932556,617.590659478334
110.43799999996554,620.3369847520765,617.590659478334
110.78200000000652,620.3435804118172,617.590659478334
111.125,620.349430420393,617.590659478334
111.46900000004098,620.3412923431043,617.590659478334
111.81299999996554,620.3436042811694,617.590659478334
112.14100000006147,620.3484616950765,617.590659478334
112.48499999998603,620.3443041219235,617.590659478334
112.82799999997951,620.3456806577256,617.590659478334
113.17200000002049,620.3409768788642,617.590659478334
113.51600000006147,620.340009806282,617.590659478334
113.84400000004098,620.3453192688265,617.590659478334
114.18799999996554,620.3455134520694,617.590659478334
114.53200000000652,620.3477202117921,617.590659478334
114.875,620.3403922027533,617.590659478334
115.21900000004098,620.3419368232667,617.590659478334
115.56299999996554,620.3333255208228,617.590659478334
115.90700000000652,620.3438737211006,617.590659478334
116.25,620.3423115432241,617.590659478334
116.57799999997951,620.3444341505351,617.590659478334
116.92200000002049,620.3418876970106,617.590659478334
117.26600000006147,620.3383495928873,617.590659478334
117.60999999998603,620.3450020316407,617.590659478334
117.95299999997951,620.3471710512559,617.590659478334
118.29700000002049,620.3474990356276,617.590659478334
118.625,620.3415950382164,617.590659478334
118.98499999998603,620.3497944898106,617.590659478334
119.31299999996554,620.3414463507299,617.590659478334
119.65700000000652,620.3441246584862,617.590659478334
120.0,620.3472407828385,617.590659478334
120.34400000004098,620.3424939886886,617.590659478334
120.68799999996554,620.338234058977,617.590659478334
121.03200000000652,620.3438753911443,617.590659478334
121.375,620.3503373959735,617.590659478334
121.70299999997951,620.3405192307167,617.590659478334
122.06299999996554,620.341612389973,617.590659478334
122.40700000000652,620.3455032231503,617.590659478334
122.73499999998603,620.3370627398224,617.590659478334
123.07799999997951,620.3401722770222,617.590659478334
123.42200000002049,620.3504226989967,617.590659478334
123.76600000006147,620.3360139587502,617.590659478334
124.10999999998603,620.3460780046718,617.590659478334
124.43799999996554,620.3424062552889,617.590659478334
124.78200000000652,620.3428598333719,617.590659478334
125.125,620.3450196773825,617.590659478334
125.46900000004098,620.34617532619,617.590659478334
125.81299999996554,620.3487002606062,617.590659478334
126.15700000000652,620.3485879817407,617.590659478334
126.5,620.3454158464956,617.590659478334
126.84400000004098,620.3454532511596,617.590659478334
127.18799999996554,620.3431022582969,617.590659478334
127.53200000000652,620.346065637672,617.590659478334
127.875,620.3477088994132,617.590659478334
128.21900000004098,620.3526469654554,617.590659478334
128.56299999996554,620.34106799717,617.590659478334
128.89100000006147,620.3377467724785,617.590659478334
129.23499999998603,620.3347110068506,617.590659478334
129.5779999999795,620.3490627828016,617.590659478334
129.9220000000205,620.3401014131548,617.590659478334
130.26600000006147,620.3450891683702,617.590659478334
130.60999999998603,620.3404687586527,617.590659478334
130.9529999999795,620.3476422618546,617.590659478334
131.2970000000205,620.3455578825327,617.590659478334
131.64100000006147,620.339586271389,617.590659478334
131.98499999998603,620.3462811468577,617.590659478334
132.3279999999795,620.3496042158282,617.590659478334
132.6720000000205,620.3429034150784,617.590659478334
133.01600000006147,620.3402654680608,617.590659478334
133.34400000004098,620.3505581518803,617.590659478334
133.7029999999795,620.3452013752149,617.590659478334
134.0470000000205,620.3390040545612,617.590659478334
134.39100000006147,620.3401302385503,617.590659478334
134.73499999998603,620.3422910963518,617.590659478334
135.09400000004098,620.3454427829512,617.590659478334
135.43799999996554,620.3402800269306,617.590659478334
135.78200000000652,620.3395711450129,617.590659478334
136.14100000006147,620.3459320906962,617.590659478334
136.46900000004098,620.3434583895431,617.590659478334
136.8279999999795,620.3411184365207,617.590659478334
137.1720000000205,620.3478341728672,617.590659478334
137.53200000000652,620.3433629012377,617.590659478334
137.85999999998603,620.348921996547,617.590659478334
138.21900000004098,620.3362055869038,617.590659478334
138.5779999999795,620.342837039466,617.590659478334
138.9220000000205,620.3493339278555,617.590659478334
139.26600000006147,620.3414337400701,617.590659478334
139.625,620.3435362479831,617.590659478334
139.96900000004098,620.3405247345166,617.590659478334
140.3279999999795,620.3450848806687,617.590659478334
140.6720000000205,620.3405476452112,617.590659478334
141.01600000006147,620.3384623582372,617.590659478334
141.35999999998603,620.3395868253776,617.590659478334
141.7029999999795,620.3537136697296,617.590659478334
142.06299999996554,620.3419916895145,617.590659478334
142.40700000000652,620.3398882535473,617.590659478334
142.7970000000205,620.3373373926986,617.590659478334
143.15700000000652,620.3408855701077,617.590659478334
143.48499999998603,620.3456894960864,617.590659478334
143.8279999999795,620.3407665252233,617.590659478334
144.18799999996554,620.3475016785474,617.590659478334
144.53200000000652,620.3409496008408,617.590659478334
144.875,620.3472990334695,617.590659478334
145.2029999999795,620.3378619682004,617.590659478334
145.5470000000205,620.3372468050758,617.590659478334
145.90700000000652,620.3394214722812,617.590659478334
146.23499999998603,620.337582822501,617.590659478334
146.59400000004098,620.3472397940933,617.590659478334
146.93799999996554,620.3424936672943,617.590659478334
147.26600000006147,620.3435695016309,617.590659478334
147.625,620.3506777202814,617.590659478334
147.96900000004098,620.3433633371919,617.590659478334
148.31299999996554,620.3391037868389,617.590659478334
148.64100000006147,620.3479767000567,617.590659478334
149.0,620.348745533197,617.590659478334
149.3279999999795,620.3487493529811,617.590659478334
149.6720000000205,620.3419791568921,617.590659478334
150.01600000006147,620.3465628433381,617.590659478334
150.35999999998603,620.3462634183724,617.590659478334
150.71900000004098,620.3531808635115,617.590659478334
151.0470000000205,620.353792495973,617.590659478334
151.39100000006147,620.3492733260264,617.590659478334
151.73499999998603,620.3470726570416,617.590659478334
152.0779999999795,620.347120736166,617.590659478334
152.4220000000205,620.3501449248257,617.590659478334
152.76600000006147,620.3414722065218,617.590659478334
153.10999999998603,620.350164358259,617.590659478334
153.4529999999795,620.3444614561399,617.590659478334
153.7970000000205,620.3429453224751,617.590659478334
154.14100000006147,620.3435735667771,617.590659478334
154.48499999998603,620.3442380596357,617.590659478334
154.8279999999795,620.3467768929593,617.590659478334
155.1720000000205,620.3424680143781,617.590659478334
155.51600000006147,620.3492674226221,617.590659478334
155.85999999998603,620.3560313856308,617.590659478334
156.2029999999795,620.3434856932635,617.590659478334
156.53200000000652,620.3432490824788,617.590659478334
156.89100000006147,620.3389152609863,617.590659478334
157.23499999998603,620.3477085553765,617.590659478334
157.5779999999795,620.3424041226023,617.590659478334
157.9220000000205,620.3535093558768,617.590659478334
158.26600000006147,620.3464008823865,617.590659478334
158.60999999998603,620.3469970417094,617.590659478334
158.93799999996554,620.3426632189082,617.590659478334
159.2970000000205,620.3445473407064,617.590659478334
159.64100000006147,620.3480003341801,617.590659478334
159.98499999998603,620.3437195339164,617.590659478334
160.3279999999795,620.3407108662708,617.590659478334
160.6720000000205,620.348558174038,617.590659478334
161.01600000006147,620.341504957701,617.590659478334
161.35999999998603,620.3460639279945,617.590659478334
161.7029999999795,620.3452851903037,617.590659478334
162.0470000000205,620.3475566085166,617.590659478334
162.4529999999795,620.3439131421551,617.590659478334
162.81299999996554,620.3470005611237,617.590659478334
163.15700000000652,620.3358599214939,617.590659478334
163.48499999998603,620.3424784616634,617.590659478334
163.8279999999795,620.34054714719,617.590659478334
164.1720000000205,620.3415735720836,617.590659478334
164.51600000006147,620.342057885902,617.590659478334
164.85999999998603,620.3514886501666,617.590659478334
165.21900000004098,620.345078958846,617.590659478334
165.56299999996554,620.3454811235047,617.590659478334
165.90700000000652,620.3545261095242,617.590659478334
166.25,620.3467967316935,617.590659478334
166.59400000004098,620.3471806804314,617.590659478334
166.93799999996554,620.3365414412514,617.590659478334
167.28200000000652,620.3498613794811,617.590659478334
167.625,620.347646018332,617.590659478334
167.96900000004098,620.3437084757356,617.590659478334
168.31299999996554,620.3457891142237,617.590659478334
168.64100000006147,620.3407324811735,617.590659478334
168.98499999998603,620.350433969585,617.590659478334
169.3279999999795,620.3484255058539,617.590659478334
169.68799999996554,620.3436703788245,617.590659478334
170.03200000000652,620.3470884835449,617.590659478334
170.39100000006147,620.3522350417154,617.590659478334
170.73499999998603,620.3413666847813,617.590659478334
171.0779999999795,620.3410496492394,617.590659478334
171.43799999996554,620.3382363021855,617.590659478334
171.78200000000652,620.3474157428366,617.590659478334
172.14100000006147,620.3431160997056,617.590659478334
172.48499999998603,620.3435141220848,617.590659478334
172.84400000004098,620.3460474497475,617.590659478334
173.18799999996554,620.3469311783405,617.590659478334
173.53200000000652,620.342445552635,617.590659478334
173.875,620.3489024228876,617.590659478334
174.23499999998603,620.3473022205043,617.590659478334
174.56299999996554,620.3440374917694,617.590659478334
174.9220000000205,620.3565726002425,617.590659478334
175.25,620.3423386147937,617.590659478334
175.59400000004098,620.3431295998928,617.590659478334
175.93799999996554,620.3490586051024,617.590659478334
176.28200000000652,620.3459911775914,617.590659478334
176.625,620.3492300820319,617.590659478334
176.98499999998603,620.3333404644657,617.590659478334
177.3279999999795,620.3447420419965,617.590659478334
177.6720000000205,620.345733882731,617.590659478334
178.03200000000652,620.345600058074,617.590659478334
178.375,620.3478402405224,617.590659478334
178.71900000004098,620.3447619314686,617.590659478334
179.06299999996554,620.3450907456458,617.590659478334
179.40700000000652,620.3391901965244,617.590659478334
179.75,620.3406544477972,617.590659478334
180.0779999999795,620.3465694865482,617.590659478334
180.4220000000205,620.341475158052,617.590659478334
180.76600000006147,620.3401478782279,617.590659478334
181.125,620.346936241021,617.590659478334
181.4529999999795,620.3451004265794,617.590659478334
181.81299999996554,620.345005571276,617.590659478334
182.15700000000652,620.3542055977304,617.590659478334
182.48499999998603,620.346609861184,617.590659478334
182.84400000004098,620.3568387481324,617.590659478334
183.18799999996554,620.352606705064,617.590659478334
183.53200000000652,620.3440867498567,617.590659478334
183.875,620.3520059240249,617.590659478334
184.23499999998603,620.3538697944979,617.590659478334
184.5779999999795,620.3446783659009,617.590659478334
184.9220000000205,620.344376792637,617.590659478334
185.26600000006147,620.3407131977673,617.590659478334
185.625,620.3538154101665,617.590659478334
185.96900000004098,620.3505327669214,617.590659478334
186.3279999999795,620.3468509286026,617.590659478334
186.65700000000652,620.3449857696879,617.590659478334
187.0,620.345869057997,617.590659478334
187.34400000004098,620.3513387468552,617.590659478334
187.68799999996554,620.3494268508754,617.590659478334
188.03200000000652,620.3481221369941,617.590659478334
188.375,620.3474324518626,617.590659478334
188.73499999998603,620.3438454290005,617.590659478334
189.0779999999795,620.3491419825469,617.590659478334
189.4220000000205,620.3458945812963,617.590659478334
189.76600000006147,620.3466681152564,617.590659478334
190.10999999998603,620.3514520237946,617.590659478334
190.4529999999795,620.34135594591,617.590659478334
190.7970000000205,620.349504092331,617.590659478334
191.125,620.3475296373277,617.590659478334
191.48499999998603,620.3479341992133,617.590659478334
191.81299999996554,620.3453032923021,617.590659478334
192.15700000000652,620.3441156618943,617.590659478334
192.5,620.3495742265632,617.590659478334
192.8279999999795,620.34757611565,617.590659478334
193.18799999996554,620.3394259717741,617.590659478334
193.53200000000652,620.3468926785484,617.590659478334
193.875,620.3443802754496,617.590659478334
194.21900000004098,620.3417631669892,617.590659478334
194.5779999999795,620.3563842864871,617.590659478334
194.93799999996554,620.3461443245722,617.590659478334
195.28200000000652,620.3413443764073,617.590659478334
195.625,620.3490841069492,617.590659478334
195.98499999998603,620.3428033649622,617.590659478334
196.3279999999795,620.343024851238,617.590659478334
196.6720000000205,620.3497261542668,617.590659478334
197.01600000006147,620.3457097111803,617.590659478334
197.375,620.3465343575293,617.590659478334
197.71900000004098,620.3483351725654,617.590659478334
198.0779999999795,620.3504657432438,617.590659478334
198.46900000004098,620.3417765760013,617.590659478334
198.81299999996554,620.3465643951687,617.590659478334
199.15700000000652,620.3516508210677,617.590659478334
199.48499999998603,620.3475747217094,617.590659478334
199.84400000004098,620.3425391401508,617.590659478334
200.18799999996554,620.3459899153063,617.590659478334
200.53200000000652,620.3508291507212,617.590659478334
200.875,620.3528875713646,617.590659478334
201.21900000004098,620.3451012853005,617.590659478334
201.56299999996554,620.3516114152392,617.590659478334
201.90700000000652,620.3493552719804,617.590659478334
202.25,620.3555802103527,617.590659478334
202.59400000004098,620.3391834827024,617.590659478334
202.93799999996554,620.3459481350908,617.590659478334
203.2970000000205,620.3448016582104,617.590659478334
203.625,620.3538153551868,617.590659478334
203.98499999998603,620.3418353647392,617.590659478334
204.3279999999795,620.3449731054972,617.590659478334
204.6720000000205,620.3415227057574,617.590659478334
205.03200000000652,620.35252850576,617.590659478334
205.375,620.3476372804819,617.590659478334
205.71900000004098,620.3371744479659,617.590659478334
206.0779999999795,620.3530693252605,617.590659478334
206.4220000000205,620.3386405890907,617.590659478334
206.78200000000652,620.3426672218264,617.590659478334
207.10999999998603,620.3511885770496,617.590659478334
207.4529999999795,620.3496127372384,617.590659478334
207.81299999996554,620.3469235505268,617.590659478334
208.15700000000652,620.3406292547392,617.590659478334
208.5,620.3455308664321,617.590659478334
208.85999999998603,620.3397705905699,617.590659478334
209.2029999999795,620.3421112902871,617.590659478334
209.56299999996554,620.337229452653,617.590659478334
209.90700000000652,620.3417286955228,617.590659478334
210.26600000006147,620.3399919643691,617.590659478334
210.60999999998603,620.3431819987344,617.590659478334
210.96900000004098,620.3456559659093,617.590659478334
211.31299999996554,620.3431359381385,617.590659478334
211.65700000000652,620.3421943156789,617.590659478334
212.0,620.342380966264,617.590659478334
212.35999999998603,620.3446766635941,617.590659478334
212.7029999999795,620.3425823474392,617.590659478334
213.0470000000205,620.3432879790602,617.590659478334
213.40700000000652,620.346101237553,617.590659478334
213.75,620.347962870064,617.590659478334
214.09400000004098,620.3451379668095,617.590659478334
214.43799999996554,620.3400465974906,617.590659478334
214.7970000000205,620.3458996852057,617.590659478334
215.125,620.3486201260367,617.590659478334
215.48499999998603,620.349007984697,617.590659478334
215.8279999999795,620.3489294722632,617.590659478334
216.15700000000652,620.3446827929555,617.590659478334
216.5,620.3409180942414,617.590659478334
216.84400000004098,620.3466152850644,617.590659478334
217.18799999996554,620.3492317530439,617.590659478334
217.53200000000652,620.3468425628371,617.590659478334
217.875,620.3437482166769,617.590659478334
218.21900000004098,620.34502027999,617.590659478334
218.5779999999795,620.3405234019247,617.590659478334
218.9220000000205,620.3472077047492,617.590659478334
219.26600000006147,620.3479209002489,617.590659478334
219.625,620.3476422970974,617.590659478334
219.96900000004098,620.3484077427244,617.590659478334
220.31299999996554,620.3530357706157,617.590659478334
220.6720000000205,620.3444552536,617.590659478334
221.01600000006147,620.3465787371773,617.590659478334
221.35999999998603,620.347776821746,617.590659478334
221.7029999999795,620.3413483652589,617.590659478334
222.0779999999795,620.3424843300746,617.590659478334
222.46900000004098,620.3433975917592,617.590659478334
222.81299999996554,620.3503048026106,617.590659478334
223.15700000000652,620.3487622678684,617.590659478334
223.48499999998603,620.3416515297052,617.590659478334
223.8279999999795,620.3535790665751,617.590659478334
224.1720000000205,620.3472408777895,617.590659478334
224.51600000006147,620.338909383036,617.590659478334
224.85999999998603,620.3516270695969,617.590659478334
225.2029999999795,620.3501391045721,617.590659478334
225.5470000000205,620.342098898306,617.590659478334
225.875,620.3480782699629,617.590659478334
226.21900000004098,620.3438791490768,617.590659478334
226.56299999996554,620.3494401296775,617.590659478334
226.90700000000652,620.3506478340117,617.590659478334
227.25,620.3481185143312,617.590659478334
227.5779999999795,620.3459407022003,617.590659478334
227.93799999996554,620.3470005452671,617.590659478334
228.28200000000652,620.3493075029727,617.590659478334
228.64100000006147,620.3491328409631,617.590659478334
228.98499999998603,620.350216756831,617.590659478334
229.3279999999795,620.3487049833143,617.590659478334
229.6720000000205,620.3492993719666,617.590659478334
230.0470000000205,620.3535746624567,617.590659478334
230.39100000006147,620.3438840652713,617.590659478334
230.73499999998603,620.3460516089605,617.590659478334
231.0779999999795,620.3441694899917,617.590659478334
231.43799999996554,620.3447198777365,617.590659478334
231.7970000000205,620.346888735545,617.590659478334
232.125,620.3479807847239,617.590659478334
232.48499999998603,620.3486820489727,617.590659478334
232.8279999999795,620.3475124842129,617.590659478334
233.1720000000205,620.3470431779639,617.590659478334
233.51600000006147,620.3435960137471,617.590659478334
233.875,620.3435122282987,617.590659478334
234.21900000004098,620.3501033200876,617.590659478334
234.5779999999795,620.3495699388499,617.590659478334
234.90700000000652,620.3496086524824,617.590659478334
235.25,620.3508648452133,617.590659478334
235.59400000004098,620.3486708746831,617.590659478334
235.93799999996554,620.345204162488,617.590659478334
236.28200000000652,620.3436559154941,617.590659478334
236.625,620.3478442896659,617.590659478334
236.96900000004098,620.3471953213506,617.590659478334
237.31299999996554,620.3475919630476,617.590659478334
237.65700000000652,620.3453908803032,617.590659478334
238.0,620.349822249272,617.590659478334
238.3279999999795,620.3451291569808,617.590659478334
238.6720000000205,620.3388516800924,617.590659478334
239.01600000006147,620.3417369958718,617.590659478334
239.34400000004098,620.3417721161342,617.590659478334
239.7029999999795,620.3469374060539,617.590659478334
240.0470000000205,620.3490704672971,617.590659478334
240.375,620.3470451404066,617.590659478334
240.73499999998603,620.3612181648185,617.590659478334
241.06299999996554,620.3669371508595,617.590659478334
241.40700000000652,620.3711565726693,617.590659478334
241.75,620.3708112301287,617.590659478334
242.09400000004098,620.3594303281599,617.590659478334
242.43799999996554,620.3689272847972,617.590659478334
242.78200000000652,620.3679277920148,617.590659478334
243.14100000006147,620.3658752303008,617.590659478334
243.46900000004098,620.3597165694499,617.590659478334
243.81299999996554,620.3627164650804,617.590659478334
244.14100000006147,620.3570533681586,617.590659478334
244.48499999998603,620.3750762883781,617.590659478334
244.8279999999795,620.365948466128,617.590659478334
245.1720000000205,620.3701781079999,617.590659478334
245.51600000006147,620.3632288712142,617.590659478334
245.85999999998603,620.3671103829582,617.590659478334
246.18799999996554,620.3664962975903,617.590659478334
246.53200000000652,620.372599767708,617.590659478334
246.875,620.3674138382739,617.590659478334
247.21900000004098,620.3696706269074,617.590659478334
247.5470000000205,620.3666028912806,617.590659478334
247.90700000000652,620.371564426195,617.590659478334
248.23499999998603,620.3685028075664,617.590659478334
248.59400000004098,620.3705071795813,617.590659478334
248.9220000000205,620.3742766143623,617.590659478334
249.28200000000652,620.3716486245291,617.590659478334
249.625,620.3730858083617,617.590659478334
249.96900000004098,620.362945116047,617.590659478334
250.2970000000205,620.364565478176,617.590659478334
250.625,620.3707489590572,617.590659478334
250.98499999998603,620.3758160232592,617.590659478334
251.3279999999795,620.3678867918276,617.590659478334
251.6720000000205,620.3807891112424,617.590659478334
252.01600000006147,620.3728146846744,617.590659478334
252.35999999998603,620.367799429142,617.590659478334
252.7029999999795,620.378890303105,617.590659478334
253.0470000000205,620.3811566798643,617.590659478334
253.375,620.3952000621098,617.590659478334
253.71900000004098,620.4004183837486,617.590659478334
254.06299999996554,620.4024019595338,617.590659478334
254.40700000000652,620.3955131136886,617.590659478334
254.75,620.4012135866304,617.590659478334
255.09400000004098,620.4039217176966,617.590659478334
255.43799999996554,620.4015715624682,617.590659478334
255.78200000000652,620.4033420447636,617.590659478334
256.125,620.3885936566666,617.590659478334
256.4529999999795,620.394170729281,617.590659478334
256.81299999996554,620.3781600076514,617.590659478334
257.1570000000065,620.3729918343823,617.590659478334
257.5,620.3763316343027,617.590659478334
257.85999999998603,620.386884567866,617.590659478334
258.2029999999795,620.376410145488,617.590659478334
258.5470000000205,620.3750010618496,617.590659478334
258.9070000000065,620.3744489485949,617.590659478334
259.23499999998603,620.3697675361238,617.590659478334
259.594000000041,620.3727830965051,617.590659478334
259.93799999996554,620.3755250518902,617.590659478334
260.2970000000205,620.3650436066868,617.590659478334
260.625,620.3739386892416,617.590659478334
260.98499999998603,620.3799575391045,617.590659478334
261.3279999999795,620.372590692942,617.590659478334
261.6720000000205,620.3739188848267,617.590659478334
262.0,620.3782354419027,617.590659478334
262.344000000041,620.3781234600768,617.590659478334
262.7029999999795,620.3769418359423,617.590659478334
263.0470000000205,620.3725517911037,617.590659478334
263.39100000006147,620.3659193607014,617.590659478334
263.73499999998603,620.3696440890218,617.590659478334
264.0779999999795,620.3738556153013,617.590659478334
264.4220000000205,620.3650349407214,617.590659478334
264.76600000006147,620.3705248888551,617.590659478334
265.10999999998603,620.3780812361688,617.590659478334
265.4529999999795,620.3758608122364,617.590659478334
265.81299999996554,620.3700102082861,617.590659478334
266.1570000000065,620.3669221879469,617.590659478334
266.51600000006147,620.3692902988118,617.590659478334
266.85999999998603,620.375505202806,617.590659478334
267.219000000041,620.3925163510714,617.590659478334
267.56299999996554,620.4053751221367,617.590659478334
267.9220000000205,620.4018672587234,617.590659478334
268.26600000006147,620.4048206911668,617.590659478334
268.625,620.4058783398455,617.590659478334
268.969000000041,620.4008301900167,617.590659478334
269.31299999996554,620.3894446150985,617.590659478334
269.6720000000205,620.3852223525311,617.590659478334
270.0320000000065,620.3631460243076,617.590659478334
270.43799999996554,620.3661355011773,617.590659478334
270.7970000000205,620.3684546843214,617.590659478334
271.14100000006147,620.3536298308262,617.590659478334
271.48499999998603,620.3596071866166,617.590659478334
271.81299999996554,620.3551089572537,617.590659478334
272.1720000000205,620.3533871132269,617.590659478334
272.51600000006147,620.3523785061348,617.590659478334
272.85999999998603,620.3520793073844,617.590659478334
273.2029999999795,620.3483184617284,617.590659478334
273.5470000000205,620.3458909810699,617.590659478334
273.89100000006147,620.349787354362,617.590659478334
274.219000000041,620.3482925049525,617.590659478334
274.5779999999795,620.3468653115297,617.590659478334
274.9220000000205,620.3486686095046,617.590659478334
275.26600000006147,620.3501547325762,617.590659478334
275.60999999998603,620.3477378189745,617.590659478334
275.9529999999795,620.3430576188186,617.590659478334
276.31299999996554,620.334632890191,617.590659478334
276.6570000000065,620.3413341938445,617.590659478334
276.98499999998603,620.3353189822009,617.590659478334
277.344000000041,620.3347939430124,617.590659478334
277.68799999996554,620.3432094040633,617.590659478334
278.0470000000205,620.3386688392036,617.590659478334
278.39100000006147,620.3425966639692,617.590659478334
278.73499999998603,620.3371182141755,617.590659478334
279.094000000041,620.3372464045492,617.590659478334
279.4220000000205,620.3521994451971,617.590659478334
279.76600000006147,620.363371958808,617.590659478334
280.10999999998603,620.3501124512217,617.590659478334
280.469000000041,620.3372573294859,617.590659478334
280.81299999996554,620.3364426719288,617.590659478334
281.1570000000065,620.3395428675191,617.590659478334
281.5,620.3163498776294,617.590659478334
281.844000000041,620.3207151939342,617.590659478334
282.18799999996554,620.3179741243266,617.590659478334
282.5320000000065,620.3219896887896,617.590659478334
282.875,620.3114242023456,617.590659478334
283.219000000041,620.3210495613132,617.590659478334
283.56299999996554,620.3224092472833,617.590659478334
283.9070000000065,620.3196610642519,617.590659478334
284.25,620.3098914717864,617.590659478334
284.5779999999795,620.3206444904139,617.590659478334
284.9220000000205,620.3214744255956,617.590659478334
285.2820000000065,620.3198231946336,617.590659478334
285.60999999998603,620.3229219307236,617.590659478334
285.9529999999795,620.3095999464493,617.590659478334
286.2970000000205,620.3181659033518,617.590659478334
286.64100000006147,620.3144286852746,617.590659478334
286.98499999998603,620.3226341050355,617.590659478334
287.3279999999795,620.3212306640104,617.590659478334
287.68799999996554,620.3129064696815,617.590659478334
288.0320000000065,620.312756987955,617.590659478334
288.375,620.3214254292197,617.590659478334
288.719000000041,620.3215590318646,617.590659478334
289.06299999996554,620.3207417874098,617.590659478334
289.4070000000065,620.3215981812327,617.590659478334
289.75,620.3217798173116,617.590659478334
290.10999999998603,620.3141077031366,617.590659478334
290.4529999999795,620.3113397385058,617.590659478334
290.7970000000205,620.3114290954005,617.590659478334
291.14100000006147,620.3131479028768,617.590659478334
291.48499999998603,620.3138041315524,617.590659478334
291.844000000041,620.314212445785,617.590659478334
292.18799999996554,620.3224727254579,617.590659478334
292.5320000000065,620.3470429576159,617.590659478334
292.89100000006147,620.3816445385764,617.590659478334
293.23499999998603,620.3953063116497,617.590659478334
293.5779999999795,620.404976127044,617.590659478334
293.93799999996554,620.390679128305,617.590659478334
294.2820000000065,620.3919352870057,617.590659478334
294.625,620.3735094614293,617.590659478334
294.969000000041,620.3734668231622,617.590659478334
295.2970000000205,620.3681067816028,617.590659478334
295.64100000006147,620.3738627985682,617.590659478334
295.98499999998603,620.3685120478609,617.590659478334
296.3279999999795,620.3627830573694,617.590659478334
296.6720000000205,620.355194984692,617.590659478334
297.01600000006147,620.3536608165603,617.590659478334
297.35999999998603,620.3594081714717,617.590659478334
297.7029999999795,620.3502508828014,617.590659478334
298.06299999996554,620.3518692341347,617.590659478334
298.4070000000065,620.3444684176059,617.590659478334
298.75,620.3538567466121,617.590659478334
299.094000000041,620.3568707470183,617.590659478334
299.4220000000205,620.3515507872256,617.590659478334
299.76600000006147,620.350289441551,617.590659478334
300.10999999998603,620.3578205002973,617.590659478334
300.4529999999795,620.3500239990931,617.590659478334
300.7970000000205,620.3533698407015,617.590659478334
301.1570000000065,620.3456611259752,617.590659478334
301.5,620.3474299545129,617.590659478334
301.844000000041,620.3459746261899,617.590659478334
302.1720000000205,620.3436814963886,617.590659478334
302.5320000000065,620.3432874587736,617.590659478334
302.85999999998603,620.3408509686913,617.590659478334
303.2029999999795,620.3500810747443,617.590659478334
303.5470000000205,620.341016252573,617.590659478334
303.89100000006147,620.348824100967,617.590659478334
304.23499999998603,620.3533042069661,617.590659478334
304.5779999999795,620.3633869579093,617.590659478334
304.9220000000205,620.3769707872262,617.590659478334
305.26600000006147,620.3332211250791,617.590659478334
305.60999999998603,620.3426838095983,617.590659478334
305.969000000041,620.3495031747392,617.590659478334
306.31299999996554,620.335465425858,617.590659478334
306.68799999996554,620.3346345759512,617.590659478334
307.0320000000065,620.3253487339316,617.590659478334
307.375,620.317894801549,617.590659478334
307.719000000041,620.3141633990165,617.590659478334
308.06299999996554,620.3191240219862,617.590659478334
308.4070000000065,620.3169758122797,617.590659478334
308.75,620.3186823459029,617.590659478334
309.094000000041,620.3160850546338,617.590659478334
309.4529999999795,620.3153890759738,617.590659478334
309.7970000000205,620.3134061549906,617.590659478334
310.125,620.3195073993984,617.590659478334
310.48499999998603,620.3157087517933,617.590659478334
310.81299999996554,620.3241920366346,617.590659478334
311.1570000000065,620.3316290018835,617.590659478334
311.5,620.3352023587395,617.590659478334
311.8279999999795,620.3444826152022,617.590659478334
312.18799999996554,620.3485339599243,617.590659478334
312.5320000000065,620.3370173347586,617.590659478334
312.89100000006147,620.3352075118863,617.590659478334
313.23499999998603,620.333937174672,617.590659478334
313.594000000041,620.3278970754632,617.590659478334
313.93799999996554,620.3276770123898,617.590659478334
314.2820000000065,620.3171918810264,617.590659478334
314.64100000006147,620.3126095368077,617.590659478334
315.0,620.3220971587007,617.590659478334
315.344000000041,620.3182642237908,617.590659478334
315.7029999999795,620.3177259258227,617.590659478334
316.0470000000205,620.3208961236127,617.590659478334
316.39100000006147,620.3234420760265,617.590659478334
316.73499999998603,620.3186654689337,617.590659478334
317.0779999999795,620.3187621923131,617.590659478334
317.4220000000205,620.3157162802174,617.590659478334
317.76600000006147,620.3144825084095,617.590659478334
318.125,620.3174807563654,617.590659478334
318.4529999999795,620.3159800460627,617.590659478334
318.81299999996554,620.3152879760343,617.590659478334
319.1570000000065,620.3151609767297,617.590659478334
319.5,620.3172162842176,617.590659478334
319.844000000041,620.3133075792252,617.590659478334
320.18799999996554,620.3218323348101,617.590659478334
320.5320000000065,620.3237670111465,617.590659478334
320.875,620.3193313698112,617.590659478334
321.219000000041,620.3137240745694,617.590659478334
321.56299999996554,620.3164178499184,617.590659478334
321.9220000000205,620.3121842478198,617.590659478334
322.26600000006147,620.31269067122,617.590659478334
322.594000000041,620.3136603062313,617.590659478334
322.9529999999795,620.3107685466506,617.590659478334
323.2970000000205,620.3110962209531,617.590659478334
323.64100000006147,620.3129580735603,617.590659478334
324.0,620.3153134663095,617.590659478334
324.344000000041,620.3258560059596,617.590659478334
324.68799999996554,620.3288957541707,617.590659478334
325.0320000000065,620.3378581681155,617.590659478334
325.375,620.3388783045448,617.590659478334
325.73499999998603,620.3284181434133,617.590659478334
326.0779999999795,620.3249077326125,617.590659478334
326.4220000000205,620.3302390287669,617.590659478334
326.76600000006147,620.331276235606,617.590659478334
327.10999999998603,620.3331840494908,617.590659478334
327.469000000041,620.3318863194187,617.590659478334
327.81299999996554,620.3359545061555,617.590659478334
328.1570000000065,620.3408462534895,617.590659478334
328.51600000006147,620.3268461425946,617.590659478334
328.85999999998603,620.3351375513454,617.590659478334
329.2029999999795,620.3317004507438,617.590659478334
329.5470000000205,620.325242435601,617.590659478334
329.9070000000065,620.3261742120536,617.590659478334
330.25,620.3319733626028,617.590659478334
330.594000000041,620.3297772306694,617.590659478334
330.93799999996554,620.33477269286,617.590659478334
331.2820000000065,620.331064233945,617.590659478334
331.625,620.3359258664099,617.590659478334
331.969000000041,620.3391023176251,617.590659478334
332.31299999996554,620.3433533690002,617.590659478334
332.6570000000065,620.3339672226829,617.590659478334
333.0,620.3335328275938,617.590659478334
333.344000000041,620.3379843038944,617.590659478334
333.68799999996554,620.3322434102221,617.590659478334
334.0320000000065,620.3318546719966,617.590659478334
334.375,620.3395469950381,617.590659478334
334.719000000041,620.338677486407,617.590659478334
335.0779999999795,620.3389816220373,617.590659478334
335.4220000000205,620.3354892803115,617.590659478334
335.76600000006147,620.3415437371445,617.590659478334
336.125,620.3340753046797,617.590659478334
336.469000000041,620.3387762891598,617.590659478334
336.81299999996554,620.3384138345813,617.590659478334
337.1720000000205,620.3410879102687,617.590659478334
337.5320000000065,620.3338181216393,617.590659478334
337.875,620.3380379383424,617.590659478334
338.23499999998603,620.3404142357816,617.590659478334
338.594000000041,620.3479535336393,617.590659478334
338.93799999996554,620.3427599861151,617.590659478334
339.2820000000065,620.3468427211698,617.590659478334
339.64100000006147,620.3470332600963,617.590659478334
339.98499999998603,620.3469956254369,617.590659478334
340.3279999999795,620.3493525349259,617.590659478334
340.68799999996554,620.3405873523992,617.590659478334
341.0320000000065,620.3424287679106,617.590659478334
341.375,620.3327139083054,617.590659478334
341.719000000041,620.3444902205109,617.590659478334
342.0779999999795,620.3467132652424,617.590659478334
342.469000000041,620.3387507857516,617.590659478334
342.81299999996554,620.3385943416108,617.590659478334
343.1570000000065,620.3431214385472,617.590659478334
343.51600000006147,620.3443410152845,617.590659478334
343.85999999998603,620.3409436165349,617.590659478334
344.2029999999795,620.3455943922538,617.590659478334
344.5320000000065,620.3409702348185,617.590659478334
344.875,620.3430413898609,617.590659478334
345.23499999998603,620.3361128279238,617.590659478334
345.56299999996554,620.347245332527,617.590659478334
345.9220000000205,620.3434001141983,617.590659478334
346.26600000006147,620.347811999829,617.590659478334
346.625,620.348426510899,617.590659478334
346.969000000041,620.3453049160865,617.590659478334
347.31299999996554,620.3464581760729,617.590659478334
347.6570000000065,620.3411396457091,617.590659478334
348.01600000006147,620.3458459093396,617.590659478334
348.375,620.3559532784502,617.590659478334
348.719000000041,620.3507195887613,617.590659478334
349.0779999999795,620.3452080914715,617.590659478334
349.4220000000205,620.3532126289525,617.590659478334
349.76600000006147,620.3433691808752,617.590659478334
350.125,620.349604146583,617.590659478334
350.469000000041,620.3501578814265,617.590659478334
350.81299999996554,620.3497259121797,617.590659478334
351.1720000000205,620.3417388777242,617.590659478334
351.51600000006147,620.3458962364949,617.590659478334
351.85999999998603,620.345105794085,617.590659478334
352.2029999999795,620.3500926208502,617.590659478334
352.5470000000205,620.3487015912592,617.590659478334
352.9070000000065,620.3446482464036,617.590659478334
353.25,620.3420409566235,617.590659478334
353.594000000041,620.3445660340096,617.590659478334
353.9529999999795,620.3428713931694,617.590659478334
354.2970000000205,620.3546058635494,617.590659478334
354.6570000000065,620.3516449764664,617.590659478334
354.98499999998603,620.3418869671322,617.590659478334
355.3279999999795,620.3468650973953,617.590659478334
355.6720000000205,620.3471125467426,617.590659478334
356.01600000006147,620.3503012900776,617.590659478334
356.35999999998603,620.3442845575759,617.590659478334
356.7029999999795,620.353040196748,617.590659478334
357.0470000000205,620.3543494138498,617.590659478334
357.39100000006147,620.3513350884754,617.590659478334
357.73499999998603,620.3466083689526,617.590659478334
358.0779999999795,620.352276442658,617.590659478334
358.43799999996554,620.3534535770456,617.590659478334
358.7820000000065,620.3494409019738,617.590659478334
359.125,620.3521315208995,617.590659478334
359.469000000041,620.3467585848132,617.590659478334
359.8279999999795,620.3498506196273,617.590659478334
360.1720000000205,620.3506778230081,617.590659478334
360.51600000006147,620.3590462737543,617.590659478334
360.875,620.3499379683483,617.590659478334
361.23499999998603,620.3555546193023,617.590659478334
361.5779999999795,620.3576510543099,617.590659478334
361.93799999996554,620.3484705647604,617.590659478334
362.2970000000205,620.3483489635951,617.590659478334
362.64100000006147,620.3483546576347,617.590659478334
362.98499999998603,620.3565018281255,617.590659478334
363.3279999999795,620.3483101288477,617.590659478334
363.6720000000205,620.3578154573713,617.590659478334
364.0320000000065,620.3519791749891,617.590659478334
364.375,620.356898334179,617.590659478334
364.719000000041,620.3481372953355,617.590659478334
365.06299999996554,620.3530815789096,617.590659478334
365.4070000000065,620.3589804735428,617.590659478334
365.75,620.3587186015912,617.590659478334
366.10999999998603,620.3535764466199,617.590659478334
366.5320000000065,620.3660753286437,617.590659478334
366.875,620.3545504819631,617.590659478334
367.23499999998603,620.3606770943393,617.590659478334
367.56299999996554,620.350574503729,617.590659478334
367.9220000000205,620.3572110336479,617.590659478334
368.26600000006147,620.35862381183,617.590659478334
368.625,620.3486235913919,617.590659478334
368.9529999999795,620.3591590720251,617.590659478334
369.31299999996554,620.3555338605048,617.590659478334
369.6570000000065,620.3524430967151,617.590659478334
369.98499999998603,620.3565240379435,617.590659478334
370.3279999999795,620.3565784141574,617.590659478334
370.6720000000205,620.35625803892,617.590659478334
371.0320000000065,620.3517194801482,617.590659478334
371.375,620.3561246638433,617.590659478334
371.7029999999795,620.3516640022675,617.590659478334
372.06299999996554,620.3553790049497,617.590659478334
372.4220000000205,620.3586480672933,617.590659478334
372.7820000000065,620.3528304083478,617.590659478334
373.125,620.3539353574305,617.590659478334
373.469000000041,620.3549363498809,617.590659478334
373.8279999999795,620.354513898409,617.590659478334
374.1720000000205,620.3580815346879,617.590659478334
374.51600000006147,620.355562198982,617.590659478334
374.875,620.3491379240912,617.590659478334
375.219000000041,620.3541112180085,617.590659478334
375.56299999996554,620.3547834532117,617.590659478334
375.9220000000205,620.3562048180204,617.590659478334
376.26600000006147,620.3592580542129,617.590659478334
376.60999999998603,620.3532558914853,617.590659478334
376.969000000041,620.366212650825,617.590659478334
377.31299999996554,620.3531136894605,617.590659478334
377.6570000000065,620.3578480620305,617.590659478334
378.01600000006147,620.3532741361688,617.590659478334
378.4220000000205,620.3611855222372,617.590659478334
378.7820000000065,620.362159448016,617.590659478334
379.125,620.3566015918167,617.590659478334
379.4529999999795,620.3598309098041,617.590659478334
379.7970000000205,620.353824249068,617.590659478334
380.14100000006147,620.3559156528501,617.590659478334
380.48499999998603,620.3626085471624,617.590659478334
380.81299999996554,620.3522581651353,617.590659478334
381.1720000000205,620.358280168116,617.590659478334
381.5,620.3644274296299,617.590659478334
381.85999999998603,620.3630471041383,617.590659478334
382.18799999996554,620.3571837280015,617.590659478334
382.5470000000205,620.3548224210352,617.590659478334
382.875,620.3635581854037,617.590659478334
383.219000000041,620.3667537978417,617.590659478334
383.56299999996554,620.3542919564727,617.590659478334
383.9070000000065,620.3688096578329,617.590659478334
384.25,620.3561359276139,617.590659478334
384.594000000041,620.3527430281437,617.590659478334
384.93799999996554,620.3641947895887,617.590659478334
385.2820000000065,620.3574274765971,617.590659478334
385.625,620.354449332291,617.590659478334
385.98499999998603,620.3682537060296,617.590659478334
386.3279999999795,620.3630961517555,617.590659478334
386.6720000000205,620.3608819912007,617.590659478334
387.0320000000065,620.3573491407761,617.590659478334
387.375,620.3694043102462,617.590659478334
387.73499999998603,620.3521361984556,617.590659478334
388.06299999996554,620.3723636261365,617.590659478334
388.43799999996554,620.3588635143213,617.590659478334
388.7820000000065,620.3591200186748,617.590659478334
389.14100000006147,620.3586235740325,617.590659478334
389.469000000041,620.3629435480415,617.590659478334
389.8279999999795,620.3644413734181,617.590659478334
390.1570000000065,620.3621524574487,617.590659478334
390.5320000000065,620.3565994325559,617.590659478334
390.875,620.3636053284168,617.590659478334
391.219000000041,620.3480020802309,617.590659478334
391.56299999996554,620.3692774591183,617.590659478334
391.9070000000065,620.3599383543387,617.590659478334
392.23499999998603,620.3801059621334,617.590659478334
392.594000000041,620.3882554512707,617.590659478334
392.9220000000205,620.3851295481651,617.590659478334
393.2820000000065,620.3964171279567,617.590659478334
393.625,620.3868916029126,617.590659478334
393.969000000041,620.3924538426708,617.590659478334
394.31299999996554,620.3893822887042,617.590659478334
394.6570000000065,620.3940958384852,617.590659478334
394.98499999998603,620.3850581643735,617.590659478334
395.3279999999795,620.3771801803675,617.590659478334
395.6720000000205,620.3715058585299,617.590659478334
396.01600000006147,620.373233458388,617.590659478334
396.375,620.3667002344556,617.590659478334
396.7029999999795,620.3703466112124,617.590659478334
397.0470000000205,620.3657494324269,617.590659478334
397.39100000006147,620.3682414294447,617.590659478334
397.73499999998603,620.3597751201484,617.590659478334
398.094000000041,620.3631136457726,617.590659478334
398.4220000000205,620.360142323839,617.590659478334
398.76600000006147,620.3600031799921,617.590659478334
399.125,620.3642536811042,617.590659478334
399.469000000041,620.3660341007891,617.590659478334
399.81299999996554,620.3648940763345,617.590659478334
400.1570000000065,620.3606751472247,617.590659478334
400.5,620.3647641168695,617.590659478334
400.8279999999795,620.362573084719,617.590659478334
401.18799999996554,620.358068999949,617.590659478334
401.5320000000065,620.3656328742246,617.590659478334
401.875,620.3650487391676,617.590659478334
402.23499999998603,620.3632458185095,617.590659478334
402.56299999996554,620.3672987687174,617.590659478334
402.9070000000065,620.3683696628028,617.590659478334
403.25,620.3573634087822,617.590659478334
403.594000000041,620.3557342677854,617.590659478334
403.93799999996554,620.3584276167641,617.590659478334
404.2820000000065,620.3564245171219,617.590659478334
404.625,620.3610690981402,617.590659478334
404.969000000041,620.3548070053184,617.590659478334
405.3279999999795,620.3570449166722,617.590659478334
405.6570000000065,620.3563228589879,617.590659478334
406.01600000006147,620.3602003837233,617.590659478334
406.35999999998603,620.3624813771712,617.590659478334
406.7029999999795,620.3486862883553,617.590659478334
407.06299999996554,620.3610143103884,617.590659478334
407.4070000000065,620.3624959146691,617.590659478334
407.75,620.3565876437576,617.590659478334
408.10999999998603,620.3604723265044,617.590659478334
408.4529999999795,620.365468978855,617.590659478334
408.81299999996554,620.3575774218515,617.590659478334
409.1570000000065,620.3538398335473,617.590659478334
409.5,620.3671418730402,617.590659478334
409.844000000041,620.3614058248013,617.590659478334
410.18799999996554,620.3597555417114,617.590659478334
410.5320000000065,620.3518778382527,617.590659478334
410.89100000006147,620.3679989009568,617.590659478334
411.25,620.3567585129172,617.590659478334
411.594000000041,620.3547207174222,617.590659478334
411.9529999999795,620.3620034663966,617.590659478334
412.2970000000205,620.3615116579163,617.590659478334
412.6570000000065,620.3565157871692,617.590659478334
413.0,620.3574718661191,617.590659478334
413.35999999998603,620.3722992163807,617.590659478334
413.7029999999795,620.3661245262994,617.590659478334
414.06299999996554,620.3542480006314,617.590659478334
414.4529999999795,620.3686083123673,617.590659478334
414.81299999996554,620.3478923019767,617.590659478334
415.1720000000205,620.3559804697817,617.590659478334
415.51600000006147,620.351915752077,617.590659478334
415.875,620.3670643094819,617.590659478334
416.23499999998603,620.3613942368921,617.590659478334
416.5779999999795,620.357474602639,617.590659478334
416.9220000000205,620.364024132985,617.590659478334
417.2820000000065,620.3578092199335,617.590659478334
417.625,620.3638318651745,617.590659478334
417.98499999998603,620.358855760612,617.590659478334
418.344000000041,620.359451406694,617.590659478334
418.6720000000205,620.3495245998729,617.590659478334
419.0320000000065,620.3560227621444,617.590659478334
419.375,620.3586641073816,617.590659478334
419.719000000041,620.353515214086,617.590659478334
420.06299999996554,620.3625933705742,617.590659478334
420.4070000000065,620.3579343544928,617.590659478334
420.75,620.3552948216251,617.590659478334
421.094000000041,620.3580341672371,617.590659478334
421.4529999999795,620.3600939478096,617.590659478334
421.81299999996554,620.3457065821223,617.590659478334
422.1570000000065,620.3562337389158,617.590659478334
422.51600000006147,620.3467432892681,617.590659478334
422.85999999998603,620.3647515039938,617.590659478334
423.219000000041,620.3509260770346,617.590659478334
423.5779999999795,620.3586408166223,617.590659478334
423.9220000000205,620.3554422806728,617.590659478334
424.2820000000065,620.3558589056886,617.590659478334
424.625,620.3557040206185,617.590659478334
424.98499999998603,620.3558880097187,617.590659478334
425.31299999996554,620.3575615952337,617.590659478334
425.6720000000205,620.3587560885076,617.590659478334
426.0320000000065,620.3563723098495,617.590659478334
426.4529999999795,620.354268758952,617.590659478334
426.81299999996554,620.3534649074622,617.590659478334
427.1720000000205,620.3566200462465,617.590659478334
427.51600000006147,620.3589883391024,617.590659478334
427.85999999998603,620.3533134343971,617.590659478334
428.2029999999795,620.3568169673924,617.590659478334
428.5470000000205,620.358986957286,617.590659478334
428.89100000006147,620.3622557247925,617.590659478334
429.23499999998603,620.3565798658625,617.590659478334
429.5779999999795,620.3501615349003,617.590659478334
429.9220000000205,620.3614552307332,617.590659478334
430.25,620.3629663069796,617.590659478334
430.594000000041,620.3545160978714,617.590659478334
430.93799999996554,620.3486116332779,617.590659478334
431.2820000000065,620.358221752508,617.590659478334
431.625,620.3564142624814,617.590659478334
431.969000000041,620.3550215823184,617.590659478334
432.31299999996554,620.3556211171189,617.590659478334
432.6720000000205,620.3608458815528,617.590659478334
433.01600000006147,620.3533680838849,617.590659478334
433.375,620.3648421292158,617.590659478334
433.73499999998603,620.3540549545169,617.590659478334
434.0779999999795,620.3587623355554,617.590659478334
434.43799999996554,620.3545816503042,617.590659478334
434.7820000000065,620.3530044361003,617.590659478334
435.14100000006147,620.3638054485514,617.590659478334
435.5,620.3528531676106,617.590659478334
435.85999999998603,620.3569081070034,617.590659478334
436.2029999999795,620.3573023567379,617.590659478334
436.5470000000205,620.3629157093925,617.590659478334
436.9070000000065,620.3509999562187,617.590659478334
437.26600000006147,620.3619452876136,617.590659478334
437.60999999998603,620.3527218837382,617.590659478334
437.969000000041,620.3565271598499,617.590659478334
438.3279999999795,620.3530530590526,617.590659478334
438.6570000000065,620.3568690114021,617.590659478334
439.01600000006147,620.3593760898807,617.590659478334
439.375,620.3531381137085,617.590659478334
439.719000000041,620.3548202420002,617.590659478334
440.0779999999795,620.3591767800932,617.590659478334
440.4220000000205,620.3548275434093,617.590659478334
440.76600000006147,620.3575888460892,617.590659478334
441.10999999998603,620.3580319927884,617.590659478334
441.4529999999795,620.3545839551729,617.590659478334
441.7970000000205,620.3517036857237,617.590659478334
442.1570000000065,620.3562257206289,617.590659478334
442.5,620.3592532278789,617.590659478334
442.844000000041,620.3600990642926,617.590659478334
443.18799999996554,620.3582792133619,617.590659478334
443.5320000000065,620.3528885944866,617.590659478334
443.875,620.3592457577228,617.590659478334
444.23499999998603,620.3568408159601,617.590659478334
444.5779999999795,620.3566448179092,617.590659478334
444.93799999996554,620.3554996125397,617.590659478334
445.2820000000065,620.3575716291799,617.590659478334
445.64100000006147,620.3521099656856,617.590659478334
445.98499999998603,620.3551127314533,617.590659478334
446.3279999999795,620.3587990412773,617.590659478334
446.68799999996554,620.3578821453784,617.590659478334
447.0320000000065,620.3593466101615,617.590659478334
447.39100000006147,620.3644889954998,617.590659478334
447.73499999998603,620.3543374944757,617.590659478334
448.094000000041,620.3562501446452,617.590659478334
448.43799999996554,620.3563563920422,617.590659478334
448.81299999996554,620.3519189624554,617.590659478334
449.1570000000065,620.354821948037,617.590659478334
449.51600000006147,620.3596354878265,617.590659478334
449.85999999998603,620.3512956496323,617.590659478334
450.219000000041,620.3534096937356,617.590659478334
450.56299999996554,620.3595687872913,617.590659478334
450.9070000000065,620.3559099967008,617.590659478334
451.25,620.3611064996791,617.590659478334
451.594000000041,620.3568796702557,617.590659478334
451.93799999996554,620.3537783901019,617.590659478334
452.2970000000205,620.3583807789021,617.590659478334
452.625,620.3608520585525,617.590659478334
452.98499999998603,620.3517564891204,617.590659478334
453.3279999999795,620.3511667269472,617.590659478334
453.6720000000205,620.352055992067,617.590659478334
454.0320000000065,620.3496097074542,617.590659478334
454.375,620.3745013409771,617.590659478334
454.719000000041,620.3745444750218,617.590659478334
455.06299999996554,620.3981700508248,617.590659478334
455.4070000000065,620.3950476595171,617.590659478334
455.75,620.397899561448,617.590659478334
456.094000000041,620.3920445366413,617.590659478334
456.43799999996554,620.376659186326,617.590659478334
456.7820000000065,620.3726285173059,617.590659478334
457.125,620.3628778576981,617.590659478334
457.469000000041,620.3608741115671,617.590659478334
457.7970000000205,620.353615455865,617.590659478334
458.1570000000065,620.3520429602682,617.590659478334
458.5,620.3573672968131,617.590659478334
458.844000000041,620.3491050055048,617.590659478334
459.2029999999795,620.3539528101669,617.590659478334
459.5470000000205,620.3437221548784,617.590659478334
459.89100000006147,620.3500156185778,617.590659478334
460.23499999998603,620.3360568141519,617.590659478334
460.5779999999795,620.340460385465,617.590659478334
460.9220000000205,620.34081580605,617.590659478334
461.2820000000065,620.3438281456853,617.590659478334
461.625,620.3316822816208,617.590659478334
461.969000000041,620.3397993062202,617.590659478334
462.31299999996554,620.3378377948436,617.590659478334
462.6570000000065,620.3363914006993,617.590659478334
463.0,620.3374111285823,617.590659478334
463.344000000041,620.3394443626171,617.590659478334
463.68799999996554,620.3327053627323,617.590659478334
464.0470000000205,620.3449500978126,617.590659478334
464.39100000006147,620.3349089102815,617.590659478334
464.73499999998603,620.340316480259,617.590659478334
465.0779999999795,620.338736776019,617.590659478334
465.4070000000065,620.3329839954133,617.590659478334
465.75,620.3360194820752,617.590659478334
466.094000000041,620.3343429881908,617.590659478334
466.4220000000205,620.3344098143933,617.590659478334
466.7820000000065,620.353788327895,617.590659478334
467.125,620.3634001909638,617.590659478334
467.469000000041,620.3279070904205,617.590659478334
467.81299999996554,620.3283017943872,617.590659478334
468.1720000000205,620.3402794540507,617.590659478334
468.51600000006147,620.3222880265768,617.590659478334
468.85999999998603,620.3181378799283,617.590659478334
469.219000000041,620.3177844193293,617.590659478334
469.56299999996554,620.3141693480862,617.590659478334
469.9220000000205,620.3076940434017,617.590659478334
470.26600000006147,620.314656539936,617.590659478334
470.60999999998603,620.3160034384532,617.590659478334
470.969000000041,620.315677025063,617.590659478334
471.31299999996554,620.3019902994596,617.590659478334
471.6720000000205,620.3155451180282,617.590659478334
472.01600000006147,620.3087963888572,617.590659478334
472.344000000041,620.3130762990198,617.590659478334
472.68799999996554,620.3076179655723,617.590659478334
473.0470000000205,620.3034328820404,617.590659478334
473.39100000006147,620.3036303534284,617.590659478334
473.73499999998603,620.3099659246553,617.590659478334
474.0779999999795,620.3136453318801,617.590659478334
474.469000000041,620.3067245667154,617.590659478334
474.81299999996554,620.3111884317992,617.590659478334
475.14100000006147,620.3077988824359,617.590659478334
475.48499999998603,620.312428368748,617.590659478334
475.8279999999795,620.2968107727905,617.590659478334
476.1720000000205,620.301886086766,617.590659478334
476.5,620.3105549562346,617.590659478334
476.85999999998603,620.3124488292582,617.590659478334
477.2029999999795,620.3114285402773,617.590659478334
477.5320000000065,620.3070817277655,617.590659478334
477.89100000006147,620.308602489044,617.590659478334
478.23499999998603,620.3118289967241,617.590659478334
478.56299999996554,620.3032378526121,617.590659478334
478.9070000000065,620.3114616677303,617.590659478334
479.25,620.3178184498186,617.590659478334
479.594000000041,620.3262439308791,617.590659478334
479.9220000000205,620.3668076723313,617.590659478334
480.26600000006147,620.3796160033304,617.590659478334
480.625,620.3840745142494,617.590659478334
480.9529999999795,620.396394435701,617.590659478334
481.2970000000205,620.3852419777666,617.590659478334
481.64100000006147,620.3723824476717,617.590659478334
481.98499999998603,620.3721286882937,617.590659478334
482.3279999999795,620.3621372816293,617.590659478334
482.6720000000205,620.3612580387706,617.590659478334
483.0,620.3637293293785,617.590659478334
483.344000000041,620.3534118749692,617.590659478334
483.68799999996554,620.3548685871259,617.590659478334
484.0470000000205,620.3550383350866,617.590659478334
484.375,620.3452728087085,617.590659478334
484.719000000041,620.3575058941342,617.590659478334
485.06299999996554,620.3506969826987,617.590659478334
485.4070000000065,620.3575520268624,617.590659478334
485.75,620.3562146403503,617.590659478334
486.094000000041,620.3479177058819,617.590659478334
486.469000000041,620.3495717679414,617.590659478334
486.81299999996554,620.3498128609787,617.590659478334
487.1570000000065,620.349818967855,617.590659478334
487.5,620.345947237449,617.590659478334
487.8279999999795,620.3441286441298,617.590659478334
488.18799999996554,620.3434057932689,617.590659478334
488.5320000000065,620.3458468175801,617.590659478334
488.85999999998603,620.3491397518337,617.590659478334
489.219000000041,620.3461669132259,617.590659478334
489.5470000000205,620.3367343183548,617.590659478334
489.89100000006147,620.3313107706722,617.590659478334
490.219000000041,620.3464383956322,617.590659478334
490.5779999999795,620.340685439755,617.590659478334
490.9220000000205,620.3456276193662,617.590659478334
491.26600000006147,620.3437808146965,617.590659478334
491.594000000041,620.3471363384662,617.590659478334
491.93799999996554,620.3595958698495,617.590659478334
492.2820000000065,620.3610507873634,617.590659478334
492.625,620.3372410340264,617.590659478334
492.9529999999795,620.3346613290977,617.590659478334
493.2970000000205,620.3412245472423,617.590659478334
493.64100000006147,620.328349395982,617.590659478334
493.98499999998603,620.3249402852136,617.590659478334
494.31299999996554,620.3167274606312,617.590659478334
494.6570000000065,620.3224203369007,617.590659478334
494.98499999998603,620.317289447366,617.590659478334
495.3279999999795,620.3127444671389,617.590659478334
495.6720000000205,620.3243807759336,617.590659478334
496.01600000006147,620.3215041939044,617.590659478334
496.35999999998603,620.3165273503263,617.590659478334
496.7029999999795,620.3090324080164,617.590659478334
497.0470000000205,620.3075766723239,617.590659478334
497.39100000006147,620.310537697888,617.590659478334
497.73499999998603,620.3125601380277,617.590659478334
498.06299999996554,620.307137196091,617.590659478334
498.4529999999795,620.3193845232416,617.590659478334
498.7970000000205,620.3343791050593,617.590659478334
499.14100000006147,620.343355591182,617.590659478334
499.48499999998603,620.3375210477401,617.590659478334
499.8279999999795,620.3420667203002,617.590659478334
500.1570000000065,620.3240266298216,617.590659478334
500.5,620.3208020805276,617.590659478334
500.844000000041,620.3259205985826,617.590659478334
501.18799999996554,620.3125478353702,617.590659478334
501.5320000000065,620.3243192624761,617.590659478334
501.85999999998603,620.3192666817688,617.590659478334
502.2029999999795,620.3100382441139,617.590659478334
502.5470000000205,620.3126579303469,617.590659478334
502.89100000006147,620.3114952538925,617.590659478334
503.219000000041,620.3068782479221,617.590659478334
503.56299999996554,620.317957568101,617.590659478334
503.9070000000065,620.3159525676765,617.590659478334
504.25,620.3131715024904,617.590659478334
504.594000000041,620.3131181700993,617.590659478334
504.93799999996554,620.3150673023711,617.590659478334
505.2820000000065,620.3155849671145,617.590659478334
505.60999999998603,620.3182072795238,617.590659478334
505.9529999999795,620.308520968055,617.590659478334
506.2970000000205,620.3062087607263,617.590659478334
506.625,620.3022801174143,617.590659478334
506.98499999998603,620.3174420625367,617.590659478334
507.31299999996554,620.3024932015892,617.590659478334
507.6570000000065,620.3136204685109,617.590659478334
508.0,620.3048271712702,617.590659478334
508.344000000041,620.3128607754167,617.590659478334
508.68799999996554,620.3068617981124,617.590659478334
509.01600000006147,620.311389288875,617.590659478334
509.35999999998603,620.3035883068895,617.590659478334
509.7029999999795,620.3083168702267,617.590659478334
510.0470000000205,620.3138654944901,617.590659478334
510.469000000041,620.3069407489544,617.590659478334
510.81299999996554,620.3041504681428,617.590659478334
511.1570000000065,620.3048985950898,617.590659478334
511.48499999998603,620.3236939414418,617.590659478334
511.8279999999795,620.3272239646753,617.590659478334
512.1720000000205,620.3242174892519,617.590659478334
512.5160000000615,620.3359748746936,617.590659478334
512.859999999986,620.3322894027535,617.590659478334
513.2029999999795,620.3265681224768,617.590659478334
513.5470000000205,620.3273267180915,617.590659478334
513.8910000000615,620.3243745417329,617.590659478334
514.219000000041,620.3269796813694,617.590659478334
514.5779999999795,620.332084238565,617.590659478334
514.9070000000065,620.3324107923941,617.590659478334
515.25,620.3221815628602,617.590659478334
515.594000000041,620.3323666304392,617.590659478334
515.9379999999655,620.3272298903926,617.590659478334
516.2820000000065,620.325972083521,617.590659478334
516.625,620.3234211603431,617.590659478334
516.9529999999795,620.3276531129211,617.590659478334
517.2970000000205,620.3276525323585,617.590659478334
517.6410000000615,620.322188800164,617.590659478334
517.969000000041,620.3324306048144,617.590659478334
518.3129999999655,620.3240413358006,617.590659478334
518.6570000000065,620.3277643528169,617.590659478334
519.0160000000615,620.3216106230209,617.590659478334
519.344000000041,620.3396387622963,617.590659478334
519.6879999999655,620.3235904945634,617.590659478334
520.0320000000065,620.3312968489506,617.590659478334
520.375,620.3324269528088,617.590659478334
520.719000000041,620.3314658289527,617.590659478334
521.0629999999655,620.3271334732541,617.590659478334
521.3910000000615,620.3235601924146,617.590659478334
521.734999999986,620.3341537959604,617.590659478334
522.0779999999795,620.3302206413947,617.590659478334
522.469000000041,620.337193851033,617.590659478334
522.8129999999655,620.3307296754709,617.590659478334
523.1570000000065,620.3343626545924,617.590659478334
523.5,620.3461617114037,617.590659478334
523.8279999999795,620.3291291307727,617.590659478334
524.1720000000205,620.3339948485057,617.590659478334
524.5320000000065,620.3294240014743,617.590659478334
524.859999999986,620.3365296799752,617.590659478334
525.2029999999795,620.3371970911364,617.590659478334
525.5470000000205,620.3319558976084,617.590659478334
525.8910000000615,620.3364196019597,617.590659478334
526.234999999986,620.3284832175649,617.590659478334
526.5629999999655,620.3409137783813,617.590659478334
526.9070000000065,620.3342885094429,617.590659478334
527.25,620.3378561596375,617.590659478334
527.594000000041,620.3336039270736,617.590659478334
527.9379999999655,620.3374823583368,617.590659478334
528.2820000000065,620.3339913030502,617.590659478334
528.625,620.343980184056,617.590659478334
528.969000000041,620.3382875828738,617.590659478334
529.2970000000205,620.340173165233,617.590659478334
529.6570000000065,620.3427972399631,617.590659478334
529.984999999986,620.3360159390154,617.590659478334
530.3279999999795,620.3402189434266,617.590659478334
530.6879999999655,620.3366920842212,617.590659478334
531.0160000000615,620.3370804057671,617.590659478334
531.375,620.3403360654203,617.590659478334
531.7029999999795,620.3378839636488,617.590659478334
532.0629999999655,620.3400450412256,617.590659478334
532.3910000000615,620.3476622206031,617.590659478334
532.75,620.3489534969035,617.590659478334
533.0779999999795,620.3436230856851,617.590659478334
533.4220000000205,620.3455469624174,617.590659478334
533.7660000000615,620.3394829022806,617.590659478334
534.109999999986,620.3437111206596,617.590659478334
534.469000000041,620.3375541282822,617.590659478334
534.8129999999655,620.3499602412815,617.590659478334
535.1570000000065,620.3465654328448,617.590659478334
535.5160000000615,620.3398303983219,617.590659478334
535.844000000041,620.3449333846507,617.590659478334
536.2029999999795,620.3367093366363,617.590659478334
536.5470000000205,620.3468097616917,617.590659478334
536.8910000000615,620.3400627583592,617.590659478334
537.234999999986,620.343539862974,617.590659478334
537.5779999999795,620.3392651604416,617.590659478334
537.9070000000065,620.337226392537,617.590659478334
538.2660000000615,620.3364107182098,617.590659478334
538.594000000041,620.340108317205,617.590659478334
538.9379999999655,620.3494570154526,617.590659478334
539.2970000000205,620.3427764881817,617.590659478334
539.6410000000615,620.3458890627077,617.590659478334
539.984999999986,620.341146748967,617.590659478334
540.3129999999655,620.3445795268201,617.590659478334
540.6720000000205,620.3431861120921,617.590659478334
541.0160000000615,620.3484807214675,617.590659478334
541.344000000041,620.347655075694,617.590659478334
541.6879999999655,620.3478274342797,617.590659478334
542.0320000000065,620.3471438400447,617.590659478334
542.375,620.3418674023015,617.590659478334
542.719000000041,620.3422592917522,617.590659478334
543.0629999999655,620.3478920135983,617.590659478334
543.3910000000615,620.3461844146349,617.590659478334
543.734999999986,620.3396587824784,617.590659478334
544.0629999999655,620.3460938409179,617.590659478334
544.4070000000065,620.3395045811976,617.590659478334
544.75,620.3477753562912,617.590659478334
545.094000000041,620.3380217173807,617.590659478334
545.4379999999655,620.3472416554317,617.590659478334
545.7970000000205,620.3455474588961,617.590659478334
546.1410000000615,620.3365718978995,617.590659478334
546.5320000000065,620.3439724015046,617.590659478334
546.875,620.3462658154723,617.590659478334
547.219000000041,620.3427078819659,617.590659478334
547.5629999999655,620.3436000554989,617.590659478334
547.9070000000065,620.3469648913754,617.590659478334
548.234999999986,620.3483235729491,617.590659478334
548.5779999999795,620.3418420382111,617.590659478334
548.9220000000205,620.3432374653789,617.590659478334
549.2660000000615,620.3516899816427,617.590659478334
549.609999999986,620.3428817922118,617.590659478334
549.9529999999795,620.3484845063733,617.590659478334
550.2970000000205,620.3506899705899,617.590659478334
550.6410000000615,620.3546211453792,617.590659478334
550.984999999986,620.3529775560286,617.590659478334
551.344000000041,620.3471720314977,617.590659478334
551.6720000000205,620.348240728079,617.590659478334
552.0160000000615,620.3520450912443,617.590659478334
552.359999999986,620.359472222428,617.590659478334
552.7029999999795,620.3502650274462,617.590659478334
553.0470000000205,620.3508294320349,617.590659478334
553.375,620.3438728727212,617.590659478334
553.719000000041,620.34861928963,617.590659478334
554.0779999999795,620.3562458943461,617.590659478334
554.4220000000205,620.3437751080106,617.590659478334
554.7660000000615,620.3515807910892,617.590659478334
555.109999999986,620.3552306288743,617.590659478334
555.4379999999655,620.3519848677491,617.590659478334
555.7820000000065,620.3558139302703,617.590659478334
556.125,620.348291267887,617.590659478334
556.469000000041,620.3508043220545,617.590659478334
556.8129999999655,620.3555092716664,617.590659478334
557.1570000000065,620.349444890242,617.590659478334
557.5,620.3512508484507,617.590659478334
557.844000000041,620.351567890195,617.590659478334
558.1879999999655,620.3533140302421,617.590659478334
558.5160000000615,620.3508590001943,617.590659478334
558.859999999986,620.3477723805088,617.590659478334
559.2029999999795,620.3513155683281,617.590659478334
559.5470000000205,620.3493815106045,617.590659478334
559.8910000000615,620.3598760957519,617.590659478334
560.25,620.352113754225,617.590659478334
560.5779999999795,620.3482474010692,617.590659478334
560.9379999999655,620.348801483099,617.590659478334
561.2820000000065,620.3548774351723,617.590659478334
561.625,620.3489876172299,617.590659478334
561.969000000041,620.3486178101955,617.590659478334
562.2970000000205,620.356962037922,617.590659478334
562.6570000000065,620.3579721650881,617.590659478334
563.0,620.3482726711715,617.590659478334
563.344000000041,620.3600080359172,617.590659478334
563.6720000000205,620.3492417110782,617.590659478334
564.0160000000615,620.349215828249,617.590659478334
564.359999999986,620.3572062340834,617.590659478334
564.7029999999795,620.3487656010298,617.590659478334
565.0320000000065,620.3515865756879,617.590659478334
565.375,620.3561234441363,617.590659478334
565.7029999999795,620.3620482930768,617.590659478334
566.0470000000205,620.3492368281952,617.590659478334
566.3910000000615,620.3593381096643,617.590659478334
566.734999999986,620.3524666016441,617.590659478334
567.0779999999795,620.3543293852825,617.590659478334
567.4070000000065,620.3525383505797,617.590659478334
567.75,620.3475135981244,617.590659478334
568.109999999986,620.3588192291679,617.590659478334
568.4529999999795,620.3529302220213,617.590659478334
568.7970000000205,620.355245426173,617.590659478334
569.1410000000615,620.3553028869486,617.590659478334
569.484999999986,620.3533235837124,617.590659478334
569.8129999999655,620.349482279366,617.590659478334
570.1570000000065,620.3529550581316,617.590659478334
570.5,620.3510040894107,617.590659478334
570.844000000041,620.3516541251759,617.590659478334
571.1879999999655,620.3521244585608,617.590659478334
571.5320000000065,620.3451028732313,617.590659478334
571.875,620.3576822599255,617.590659478334
572.219000000041,620.3535817608071,617.590659478334
572.5629999999655,620.3529270645962,617.590659478334
572.9070000000065,620.3596632606841,617.590659478334
573.234999999986,620.35683626502,617.590659478334
573.594000000041,620.3550774856279,617.590659478334
573.9379999999655,620.3562072548428,617.590659478334
574.2820000000065,620.3611281621513,617.590659478334
574.625,620.3533453515928,617.590659478334
574.969000000041,620.354119490086,617.590659478334
575.3129999999655,620.3609750425101,617.590659478334
575.6570000000065,620.3603391270792,617.590659478334
576.0,620.3563545064469,617.590659478334
576.344000000041,620.3524120006052,617.590659478334
576.6879999999655,620.3641432084402,617.590659478334
577.0320000000065,620.3543745868055,617.590659478334
577.375,620.3533145815333,617.590659478334
577.719000000041,620.3510001373244,617.590659478334
578.0629999999655,620.3569957349514,617.590659478334
578.4070000000065,620.3548925183127,617.590659478334
578.75,620.3559082179518,617.590659478334
579.094000000041,620.3677990511405,617.590659478334
579.4529999999795,620.365149292103,617.590659478334
579.7970000000205,620.3778730090357,617.590659478334
580.1410000000615,620.3789603597925,617.590659478334
580.5,620.3777609750904,617.590659478334
580.8279999999795,620.3802415888622,617.590659478334
581.1879999999655,620.3887084166668,617.590659478334
581.5320000000065,620.384027236185,617.590659478334
581.8910000000615,620.3765219323534,617.590659478334
582.219000000041,620.3818174239518,617.590659478334
582.5779999999795,620.3728745913219,617.590659478334
582.9220000000205,620.371482535934,617.590659478334
583.2660000000615,620.361596443969,617.590659478334
583.609999999986,620.3631622539723,617.590659478334
583.9529999999795,620.3585006266334,617.590659478334
584.2970000000205,620.3567361201973,617.590659478334
584.6410000000615,620.3656638103248,617.590659478334
584.984999999986,620.3522754207808,617.590659478334
585.3279999999795,620.3538588249841,617.590659478334
585.6720000000205,620.3545270623347,617.590659478334
586.0160000000615,620.3603166248201,617.590659478334
586.359999999986,620.3641550759336,617.590659478334
586.7029999999795,620.3566961909215,617.590659478334
587.0470000000205,620.3649723312423,617.590659478334
587.3910000000615,620.3535027098621,617.590659478334
587.734999999986,620.35897558909,617.590659478334
588.0779999999795,620.3540362973272,617.590659478334
588.4220000000205,620.3535480881299,617.590659478334
588.7660000000615,620.3592812561624,617.590659478334
589.109999999986,620.3564906844008,617.590659478334
589.4529999999795,620.3561109889084,617.590659478334
589.7970000000205,620.3590812518514,617.590659478334
590.1410000000615,620.3637876088077,617.590659478334
590.484999999986,620.3481087003812,617.590659478334
590.8279999999795,620.3535229230437,617.590659478334
591.1879999999655,620.3580922961839,617.590659478334
591.5320000000065,620.3478080873431,617.590659478334
591.875,620.3607475293086,617.590659478334
592.219000000041,620.346324687964,617.590659478334
592.5629999999655,620.3594680992908,617.590659478334
592.9070000000065,620.3470093607777,617.590659478334
593.2660000000615,620.3540079343628,617.590659478334
593.609999999986,620.3565063117899,617.590659478334
593.9529999999795,620.3571343493747,617.590659478334
594.3129999999655,620.3559127412789,617.590659478334
594.6410000000615,620.3564192501261,617.590659478334
594.984999999986,620.3512693098622,617.590659478334
595.3279999999795,620.3539125918315,617.590659478334
595.6720000000205,620.3563005251416,617.590659478334
596.0160000000615,620.3437396018624,617.590659478334
596.359999999986,620.3499398574945,617.590659478334
596.7029999999795,620.3590931617947,617.590659478334
597.0470000000205,620.3466322779743,617.590659478334
597.375,620.3525506318523,617.590659478334
597.719000000041,620.3595882925836,617.590659478334
598.0629999999655,620.3526746106202,617.590659478334
598.4070000000065,620.3516790131513,617.590659478334
598.75,620.3525514985713,617.590659478334
599.094000000041,620.3522263299016,617.590659478334
599.4379999999655,620.3501453535021,617.590659478334
599.7820000000065,620.350324494212,617.590659478334
600.125,620.3528343200517,617.590659478334
600.469000000041,620.3618471940732,617.590659478334
600.7970000000205,620.3479417384067,617.590659478334
601.1570000000065,620.3504399685718,617.590659478334
601.5,620.3527594277416,617.590659478334
601.8279999999795,620.3532849547128,617.590659478334
602.1720000000205,620.3497969651186,617.590659478334
602.5160000000615,620.3518290541555,617.590659478334
602.859999999986,620.3531748000229,617.590659478334
603.219000000041,620.3485706010126,617.590659478334
603.5470000000205,620.3551645828554,617.590659478334
603.8910000000615,620.3501712506293,617.590659478334
604.234999999986,620.3524837485543,617.590659478334
604.5629999999655,620.3513730154295,617.590659478334
604.9220000000205,620.3565999340411,617.590659478334
605.25,620.348393554167,617.590659478334
605.609999999986,620.3484152423983,617.590659478334
605.9529999999795,620.3503952133135,617.590659478334
606.2970000000205,620.3475566088829,617.590659478334
606.6410000000615,620.3463545419099,617.590659478334
606.984999999986,620.3525985459228,617.590659478334
607.3279999999795,620.3490325938142,617.590659478334
607.6720000000205,620.3499416152725,617.590659478334
608.0160000000615,620.3420482189659,617.590659478334
608.359999999986,620.3499849736933,617.590659478334
608.6879999999655,620.348776279758,617.590659478334
609.0470000000205,620.353065102796,617.590659478334
609.3910000000615,620.3459585122487,617.590659478334
609.734999999986,620.3525858061236,617.590659478334
610.0629999999655,620.3518752305707,617.590659478334
610.4220000000205,620.3524196436518,617.590659478334
610.7660000000615,620.351320577482,617.590659478334
611.109999999986,620.3460263611986,617.590659478334
611.4529999999795,620.3479239836645,617.590659478334
611.7970000000205,620.3442674286971,617.590659478334
612.1410000000615,620.3524269750886,617.590659478334
612.484999999986,620.3508173944662,617.590659478334
612.8279999999795,620.3495146848529,617.590659478334
613.1570000000065,620.3502806197826,617.590659478334
613.5160000000615,620.356463403174,617.590659478334
613.844000000041,620.3438841641648,617.590659478334
614.1879999999655,620.3521536780303,617.590659478334
614.5470000000205,620.3538198039774,617.590659478334
614.875,620.3488615114419,617.590659478334
615.234999999986,620.3502930298172,617.590659478334
615.5779999999795,620.3466681797419,617.590659478334
615.9220000000205,620.3456475053774,617.590659478334
616.25,620.3545994302438,617.590659478334
616.594000000041,620.3539488699837,617.590659478334
616.9379999999655,620.350413822618,617.590659478334
617.2820000000065,620.3458702055887,617.590659478334
617.625,620.3505688822443,617.590659478334
617.984999999986,620.3605056129638,617.590659478334
618.3279999999795,620.3517224218479,617.590659478334
618.6570000000065,620.3449442614407,617.590659478334
619.0,620.3493855710482,617.590659478334
619.344000000041,620.346542314006,617.590659478334
619.6879999999655,620.3543451013037,617.590659478334
620.0160000000615,620.3448230001554,617.590659478334
620.359999999986,620.3473834477377,617.590659478334
620.719000000041,620.3501714070239,617.590659478334
621.0470000000205,620.3572461848366,617.590659478334
621.3910000000615,620.3495061052689,617.590659478334
621.734999999986,620.3476360261893,617.590659478334
622.0779999999795,620.3561082430491,617.590659478334
622.4220000000205,620.350308647805,617.590659478334
622.7660000000615,620.3555015087011,617.590659478334
623.109999999986,620.3539474742828,617.590659478334
623.4529999999795,620.3548575779382,617.590659478334
623.7970000000205,620.3457349019602,617.590659478334
624.1410000000615,620.3478359471726,617.590659478334
624.484999999986,620.3533761607806,617.590659478334
624.8279999999795,620.3516296366838,617.590659478334
625.1720000000205,620.3376987461194,617.590659478334
625.5160000000615,620.3474075353176,617.590659478334
625.859999999986,620.3541437053533,617.590659478334
626.1879999999655,620.3487728211385,617.590659478334
626.5470000000205,620.3568558732967,617.590659478334
626.875,620.3550792718374,617.590659478334
627.219000000041,620.3530701723062,617.590659478334
627.5629999999655,620.3564702609642,617.590659478334
627.9070000000065,620.3418747627744,617.590659478334
628.25,620.3571629745459,617.590659478334
628.594000000041,620.3471416017967,617.590659478334
628.9379999999655,620.3480694795361,617.590659478334
629.2820000000065,620.3516362609962,617.590659478334
629.6410000000615,620.3544003274627,617.590659478334
630.0,620.3539497379086,617.590659478334
630.344000000041,620.3522562751294,617.590659478334
630.7029999999795,620.3550593477877,617.590659478334
631.0470000000205,620.3431590355918,617.590659478334
631.375,620.3493642964613,617.590659478334
631.734999999986,620.3497700434847,617.590659478334
632.0779999999795,620.3502662889332,617.590659478334
632.4070000000065,620.3478724929583,617.590659478334
632.75,620.3608801587244,617.590659478334
633.094000000041,620.3430152489016,617.590659478334
633.4529999999795,620.3518623244764,617.590659478334
633.7970000000205,620.3480288466591,617.590659478334
634.1410000000615,620.349811798702,617.590659478334
634.484999999986,620.3510703180381,617.590659478334
634.8279999999795,620.3472383976734,617.590659478334
635.1720000000205,620.3423786843252,617.590659478334
635.5320000000065,620.3479664061863,617.590659478334
635.875,620.3542489407969,617.590659478334
636.219000000041,620.3504517729563,617.590659478334
636.5629999999655,620.3431410227183,617.590659478334
636.8910000000615,620.3459853690072,617.590659478334
637.234999999986,620.3511196929671,617.590659478334
637.5779999999795,620.3503716359459,617.590659478334
637.9220000000205,620.3498196054119,617.590659478334
638.2660000000615,620.3427805806518,617.590659478334
638.609999999986,620.3448002258267,617.590659478334
638.9529999999795,620.3513021414179,617.590659478334
639.2970000000205,620.3511874913221,617.590659478334
639.6410000000615,620.3485719073867,617.590659478334
639.984999999986,620.3474766441443,617.590659478334
640.3279999999795,620.3514689487905,617.590659478334
640.6720000000205,620.341455759749,617.590659478334
641.0160000000615,620.3495663950665,617.590659478334
641.359999999986,620.3469258893871,617.590659478334
641.7029999999795,620.3544411892331,617.590659478334
642.0470000000205,620.3657212840378,617.590659478334
642.469000000041,620.3916339254265,617.590659478334
642.8129999999655,620.3875301640126,617.590659478334
643.1570000000065,620.3872070655857,617.590659478334
643.484999999986,620.3854644426942,617.590659478334
643.844000000041,620.3830232598561,617.590659478334
644.1879999999655,620.3640068350164,617.590659478334
644.5320000000065,620.3538159804648,617.590659478334
644.875,620.3516956137157,617.590659478334
645.219000000041,620.3515536430344,617.590659478334
645.5779999999795,620.3504275438559,617.590659478334
645.9220000000205,620.3477529494337,617.590659478334
646.2660000000615,620.3450991596548,617.590659478334
646.594000000041,620.3437618163712,617.590659478334
646.9379999999655,620.3412476988394,617.590659478334
647.2820000000065,620.3302907044977,617.590659478334
647.625,620.3350477050451,617.590659478334
647.969000000041,620.3411394479799,617.590659478334
648.3129999999655,620.339422737601,617.590659478334
648.6570000000065,620.3367613631561,617.590659478334
649.0,620.344856753382,617.590659478334
649.344000000041,620.3464982381176,617.590659478334
649.6879999999655,620.3226715228053,617.590659478334
650.0320000000065,620.3266799004908,617.590659478334
650.3910000000615,620.3307800290527,617.590659478334
650.734999999986,620.3258625485646,617.590659478334
651.0779999999795,620.3330507130735,617.590659478334
651.4220000000205,620.3351363865883,617.590659478334
651.7660000000615,620.3298522754638,617.590659478334
652.109999999986,620.3340765391866,617.590659478334
652.4529999999795,620.3380099998842,617.590659478334
652.8129999999655,620.3403594169794,617.590659478334
653.1720000000205,620.3312173747543,617.590659478334
653.5160000000615,620.3323697284995,617.590659478334
653.859999999986,620.3317773271107,617.590659478334
654.219000000041,620.3477621430837,617.590659478334
654.5779999999795,620.3486030764014,617.590659478334
654.9379999999655,620.3345063799794,617.590659478334
655.2660000000615,620.3273885783846,617.590659478334
655.625,620.3349591744366,617.590659478334
655.9529999999795,620.3287991002475,617.590659478334
656.3129999999655,620.3199752928624,617.590659478334
656.6570000000065,620.3224995538394,617.590659478334
657.0,620.3169969810136,617.590659478334
657.344000000041,620.3094721546723,617.590659478334
657.6879999999655,620.3084363236474,617.590659478334
658.0320000000065,620.3066246655832,617.590659478334
658.3910000000615,620.3084489918558,617.590659478334
658.734999999986,620.3078927430759,617.590659478334
659.0779999999795,620.3121256049736,617.590659478334
659.4220000000205,620.3003022766109,617.590659478334
659.7820000000065,620.3078179937913,617.590659478334
660.125,620.303522478028,617.590659478334
660.484999999986,620.3019804880496,617.590659478334
660.8279999999795,620.3064256946878,617.590659478334
661.1720000000205,620.3118320348299,617.590659478334
661.5320000000065,620.3071040918531,617.590659478334
661.875,620.3044837066128,617.590659478334
662.219000000041,620.3089500181015,617.590659478334
662.5779999999795,620.3152976691547,617.590659478334
662.9220000000205,620.3052391434069,617.590659478334
663.2660000000615,620.3090065912139,617.590659478334
663.609999999986,620.3083241757926,617.590659478334
663.969000000041,620.3103376343166,617.590659478334
664.3129999999655,620.3065865826837,617.590659478334
664.6720000000205,620.3166902312988,617.590659478334
665.0160000000615,620.2968000816804,617.590659478334
665.375,620.3023925562879,617.590659478334
665.734999999986,620.311888891661,617.590659478334
666.0779999999795,620.303438851105,617.590659478334
666.5,620.3089904787279,617.590659478334
666.859999999986,620.3166861680477,617.590659478334
667.1879999999655,620.333725323303,617.590659478334
667.5320000000065,620.3719542707398,617.590659478334
667.875,620.3849947776054,617.590659478334
668.2029999999795,620.3862018357594,617.590659478334
668.5629999999655,620.3801177136376,617.590659478334
668.9070000000065,620.3725411228525,617.590659478334
669.25,620.3668681465523,617.590659478334
669.609999999986,620.3640001340815,617.590659478334
669.9529999999795,620.3631324207996,617.590659478334
670.2970000000205,620.3619991323252,617.590659478334
670.6410000000615,620.3566611930656,617.590659478334
670.984999999986,620.3482550959131,617.590659478334
671.3279999999795,620.3592321944317,617.590659478334
671.6720000000205,620.3529275457759,617.590659478334
672.0160000000615,620.3517523873136,617.590659478334
672.375,620.3539515280395,617.590659478334
672.719000000041,620.3386056893081,617.590659478334
673.0779999999795,620.3521234299869,617.590659478334
673.4220000000205,620.3491480960415,617.590659478334
673.7820000000065,620.3454327873211,617.590659478334
674.1410000000615,620.3411087975223,617.590659478334
674.484999999986,620.3408141018626,617.590659478334
674.844000000041,620.3496115919706,617.590659478334
675.1879999999655,620.3413498617858,617.590659478334
675.5470000000205,620.3349988217262,617.590659478334
675.9070000000065,620.3270136811182,617.590659478334
676.25,620.3405492996435,617.590659478334
676.594000000041,620.3438595937982,617.590659478334
676.9529999999795,620.3398691073621,617.590659478334
677.2970000000205,620.3408628173095,617.590659478334
677.6570000000065,620.3393169127893,617.590659478334
678.0,620.3453688732867,617.590659478334
678.359999999986,620.3386809259745,617.590659478334
678.719000000041,620.3351356607593,617.590659478334
679.0779999999795,620.33539899342,617.590659478334
679.4070000000065,620.3605841384327,617.590659478334
679.7660000000615,620.3549118876939,617.590659478334
680.094000000041,620.3334070860635,617.590659478334
680.4379999999655,620.3362911825922,617.590659478334
680.7970000000205,620.3371554296169,617.590659478334
681.125,620.3260062700085,617.590659478334
681.469000000041,620.3160444951637,617.590659478334
681.8129999999655,620.3210032882051,617.590659478334
682.1570000000065,620.3170928159757,617.590659478334
682.484999999986,620.3158826879711,617.590659478334
682.8279999999795,620.3105030448149,617.590659478334
683.1720000000205,620.3113399076989,617.590659478334
683.5160000000615,620.3128540714512,617.590659478334
683.859999999986,620.3182029826296,617.590659478334
684.2029999999795,620.3097977566028,617.590659478334
684.5470000000205,620.3182652055989,617.590659478334
684.8910000000615,620.3089363380623,617.590659478334
685.219000000041,620.3034738943666,617.590659478334
685.5779999999795,620.3146306707326,617.590659478334
685.9070000000065,620.32741836,617.590659478334
686.25,620.3301463324626,617.590659478334
686.594000000041,620.3285596824315,617.590659478334
686.9379999999655,620.3346211351543,617.590659478334
687.2820000000065,620.3359423844996,617.590659478334
687.625,620.3293202746304,617.590659478334
687.9529999999795,620.3273798512356,617.590659478334
688.3129999999655,620.3253666930041,617.590659478334
688.6570000000065,620.316230996289,617.590659478334
689.0,620.317867717903,617.590659478334
689.3279999999795,620.3152508174128,617.590659478334
689.6879999999655,620.3067884252648,617.590659478334
690.0160000000615,620.3051275070026,617.590659478334
690.4379999999655,620.3147323541632,617.590659478334
690.7970000000205,620.317471197745,617.590659478334
691.1410000000615,620.3088537800581,617.590659478334
691.484999999986,620.3036370167516,617.590659478334
691.8279999999795,620.3114259043265,617.590659478334
692.1570000000065,620.3128684971313,617.590659478334
692.5,620.3084759838613,617.590659478334
692.844000000041,620.3061358686059,617.590659478334
693.1879999999655,620.3119084935288,617.590659478334
693.5320000000065,620.3035942882722,617.590659478334
693.875,620.307365440706,617.590659478334
694.219000000041,620.3107986277303,617.590659478334
694.5629999999655,620.3058937857335,617.590659478334
694.9070000000065,620.3026408186893,617.590659478334
695.25,620.3055959992863,617.590659478334
695.594000000041,620.3060139040726,617.590659478334
695.9220000000205,620.3102937593508,617.590659478334
696.2660000000615,620.3062355868095,617.590659478334
696.609999999986,620.3051030308961,617.590659478334
696.9529999999795,620.2990044280454,617.590659478334
697.2970000000205,620.3074245739939,617.590659478334
697.6410000000615,620.3152074189411,617.590659478334
697.984999999986,620.3148246155085,617.590659478334
698.3129999999655,620.3055452175746,617.590659478334
698.6570000000065,620.3069647039955,617.590659478334
699.0,620.3074374457169,617.590659478334
699.344000000041,620.3024759235266,617.590659478334
699.6879999999655,620.2941570725195,617.590659478334
700.0320000000065,620.3073966207979,617.590659478334
700.375,620.3065423049354,617.590659478334
700.719000000041,620.3009319497396,617.590659478334
701.0470000000205,620.3013520056475,617.590659478334
701.3910000000615,620.3040388101649,617.590659478334
701.75,620.3001926388389,617.590659478334
702.0779999999795,620.301717170403,617.590659478334
702.469000000041,620.3021678001905,617.590659478334
702.8129999999655,620.3038583048069,617.590659478334
703.1410000000615,620.3016916006895,617.590659478334
703.5,620.3065131253359,617.590659478334
703.8279999999795,620.3080836044462,617.590659478334
704.1720000000205,620.3058576398265,617.590659478334
704.5160000000615,620.2979931109046,617.590659478334
704.859999999986,620.30188956513,617.590659478334
705.2029999999795,620.306614672439,617.590659478334
705.5320000000065,620.302964415651,617.590659478334
705.875,620.2980914431228,617.590659478334
706.219000000041,620.306032128704,617.590659478334
706.5629999999655,620.2993788520918,617.590659478334
706.9220000000205,620.3118696077994,617.590659478334
707.25,620.3017223123654,617.590659478334
707.594000000041,620.3048613784173,617.590659478334
707.9529999999795,620.3086056594258,617.590659478334
708.2820000000065,620.304604636532,617.590659478334
708.625,620.3064980746243,617.590659478334
708.969000000041,620.299769737903,617.590659478334
709.3129999999655,620.2987151091355,617.590659478334
709.6570000000065,620.2941219010545,617.590659478334
710.0,620.3037339996955,617.590659478334
710.344000000041,620.3064979331739,617.590659478334
710.6720000000205,620.2916617138669,617.590659478334
711.0160000000615,620.3038985569901,617.590659478334
711.359999999986,620.3004697982842,617.590659478334
711.6879999999655,620.3064219553709,617.590659478334
712.0470000000205,620.3074055092487,617.590659478334
712.3910000000615,620.2949866457793,617.590659478334
712.734999999986,620.3096540604851,617.590659478334
713.0779999999795,620.2958730765364,617.590659478334
713.4070000000065,620.299886293535,617.590659478334
713.7660000000615,620.2982081825278,617.590659478334
714.109999999986,620.3050145784841,617.590659478334
714.484999999986,620.3048855221728,617.590659478334
714.8129999999655,620.2967336396572,617.590659478334
715.1720000000205,620.303953192361,617.590659478334
715.5,620.3002017906934,617.590659478334
715.844000000041,620.3022897834718,617.590659478334
716.2029999999795,620.3038579212549,617.590659478334
716.5470000000205,620.298736251787,617.590659478334
716.8910000000615,620.2942523106806,617.590659478334
717.234999999986,620.3055251824744,617.590659478334
717.5779999999795,620.3033369012925,617.590659478334
717.9220000000205,620.2985833424784,617.590659478334
718.2660000000615,620.2977707334663,617.590659478334
718.609999999986,620.3083017910745,617.590659478334
718.9529999999795,620.2950601746086,617.590659478334
719.2820000000065,620.2981378134485,617.590659478334
719.625,620.3019207975931,617.590659478334
719.969000000041,620.2902794697536,617.590659478334
720.3129999999655,620.2948633686946,617.590659478334
720.6570000000065,620.310072383819,617.590659478334
720.984999999986,620.300065523862,617.590659478334
721.3279999999795,620.290236550356,617.590659478334
721.6720000000205,620.2980960739039,617.590659478334
722.0160000000615,620.2985441812699,617.590659478334
722.359999999986,620.2963956018034,617.590659478334
722.7029999999795,620.3023639720931,617.590659478334
723.0320000000065,620.3002316911725,617.590659478334
723.3910000000615,620.2998463217483,617.590659478334
723.719000000041,620.2979975903793,617.590659478334
724.0779999999795,620.2943066077354,617.590659478334
724.4220000000205,620.306697379971,617.590659478334
724.75,620.2974756858044,617.590659478334
725.094000000041,620.2932191403643,617.590659478334
725.4379999999655,620.2999671473344,617.590659478334
725.7820000000065,620.2974483558027,617.590659478334
726.125,620.2980194095661,617.590659478334
726.5320000000065,620.2998488201797,617.590659478334
726.875,620.2997041107578,617.590659478334
727.219000000041,620.2975197988898,617.590659478334
727.5629999999655,620.300971340764,617.590659478334
727.9070000000065,620.3021924891144,617.590659478334
728.234999999986,620.2933690093585,617.590659478334
728.5779999999795,620.2939891189022,617.590659478334
728.9220000000205,620.2999911657015,617.590659478334
729.2660000000615,620.2978905616596,617.590659478334
729.609999999986,620.3004285933386,617.590659478334
729.9529999999795,620.2969310871088,617.590659478334
730.2820000000065,620.2970009997692,617.590659478334
730.625,620.2937550585989,617.590659478334
730.969000000041,620.2915744917675,617.590659478334
731.3129999999655,620.3028701519535,617.590659478334
731.6570000000065,620.2937821307883,617.590659478334
731.984999999986,620.2901750777394,617.590659478334
732.3279999999795,620.295576584441,617.590659478334
732.6879999999655,620.2933477224492,617.590659478334
733.0160000000615,620.2950338837247,617.590659478334
733.4070000000065,620.2959473086978,617.590659478334
733.7660000000615,620.2992582416498,617.590659478334
734.125,620.2965610454745,617.590659478334
734.469000000041,620.288476799975,617.590659478334
734.8279999999795,620.2966180367675,617.590659478334
735.2029999999795,620.3046462310117,617.590659478334
735.594000000041,620.2999175809795,617.590659478334
735.969000000041,620.3035185495096,617.590659478334
736.344000000041,620.2902043714967,617.590659478334
736.75,620.296935687749,617.590659478334
737.125,620.2954849659045,617.590659478334
737.5160000000615,620.2925421647876,617.590659478334
737.8910000000615,620.305389030904,617.590659478334
738.2660000000615,620.3037530774009,617.590659478334
738.6570000000065,620.2897097415096,617.590659478334
739.0470000000205,620.3007877168667,617.590659478334
739.4220000000205,620.2936991865788,617.590659478334
739.8279999999795,620.2972270640104,617.590659478334
740.2029999999795,620.2928410864598,617.590659478334
740.594000000041,620.29684047412,617.590659478334
740.984999999986,620.2930281385145,617.590659478334
741.359999999986,620.291592406515,617.590659478334
741.6879999999655,620.2945973927618,617.590659478334
742.0779999999795,620.2888103247994,617.590659478334
742.4379999999655,620.2977296543766,617.590659478334
742.844000000041,620.2984752500657,617.590659478334
743.219000000041,620.2922263859687,617.590659478334
743.5629999999655,620.2938438616737,617.590659478334
743.9379999999655,620.2900189382578,617.590659478334
744.3279999999795,620.2952246120295,617.590659478334
744.719000000041,620.298283238844,617.590659478334
745.094000000041,620.2911121444009,617.590659478334
745.469000000041,620.2952521016867,617.590659478334
745.8279999999795,620.2917117697687,617.590659478334
746.2029999999795,620.3076462942556,617.590659478334
746.5779999999795,620.2970486892385,617.590659478334
746.9220000000205,620.298823691438,617.590659478334
747.25,620.2970383784022,617.590659478334
747.609999999986,620.2965918402635,617.590659478334
747.9529999999795,620.2974499783662,617.590659478334
748.2970000000205,620.2935261718886,617.590659478334
748.625,620.2936946280224,617.590659478334
748.969000000041,620.2938541776944,617.590659478334
749.3129999999655,620.2901008865371,617.590659478334
749.6570000000065,620.2817939900359,617.590659478334
749.984999999986,620.2990170258115,617.590659478334
750.3279999999795,620.3010134932778,617.590659478334
750.6879999999655,620.291481322222,617.590659478334
751.0160000000615,620.2903244295846,617.590659478334
751.375,620.2976316264666,617.590659478334
751.719000000041,620.2919342607361,617.590659478334
752.0470000000205,620.2916859325636,617.590659478334
752.3910000000615,620.2957262768352,617.590659478334
752.734999999986,620.2978930814298,617.590659478334
753.0779999999795,620.2939868512481,617.590659478334
753.4220000000205,620.2926335461756,617.590659478334
753.7820000000065,620.2870053867466,617.590659478334
754.125,620.2964458452309,617.590659478334
754.469000000041,620.2994669421263,617.590659478334
754.7970000000205,620.2897197880189,617.590659478334
755.1570000000065,620.2932460667001,617.590659478334
755.484999999986,620.2917937556524,617.590659478334
755.8279999999795,620.2959946049941,617.590659478334
756.1879999999655,620.2890050309862,617.590659478334
756.5160000000615,620.2940465975743,617.590659478334
756.859999999986,620.2886306113634,617.590659478334
757.2029999999795,620.2921390786346,617.590659478334
757.5470000000205,620.2980292512964,617.590659478334
757.8910000000615,620.2947766576234,617.590659478334
758.234999999986,620.29328545218,617.590659478334
758.5779999999795,620.2933428034764,617.590659478334
758.9220000000205,620.30031914775,617.590659478334
759.2660000000615,620.289548135528,617.590659478334
759.594000000041,620.2946745167203,617.590659478334
759.9379999999655,620.2967003868575,617.590659478334
760.2820000000065,620.2946435208241,617.590659478334
760.625,620.2958347166131,617.590659478334
760.969000000041,620.2978633348587,617.590659478334
761.3129999999655,620.2996100292523,617.590659478334
761.6570000000065,620.291067842447,617.590659478334
761.984999999986,620.2959832357986,617.590659478334
762.344000000041,620.2897787680658,617.590659478334
762.719000000041,620.2960060179637,617.590659478334
763.0470000000205,620.2877081357483,617.590659478334
763.3910000000615,620.2963079634288,617.590659478334
763.734999999986,620.3009850840965,617.590659478334
764.0779999999795,620.2868729609994,617.590659478334
764.4220000000205,620.288281609921,617.590659478334
764.7660000000615,620.2995027881997,617.590659478334
765.109999999986,620.2965414469998,617.590659478334
765.4529999999795,620.2902917003971,617.590659478334
765.7970000000205,620.2896512644262,617.590659478334
766.1410000000615,620.2893278122252,617.590659478334
766.484999999986,620.2942889305795,617.590659478334
766.8279999999795,620.2927081898389,617.590659478334
767.1720000000205,620.2918988460414,617.590659478334
767.5,620.2935741068115,617.590659478334
767.859999999986,620.2921228346881,617.590659478334
768.2029999999795,620.2956876822799,617.590659478334
768.5470000000205,620.2877254145654,617.590659478334
768.8910000000615,620.2876901141001,617.590659478334
769.25,620.2891398891992,617.590659478334
769.594000000041,620.2878039764303,617.590659478334
769.9379999999655,620.2904936640302,617.590659478334
770.2820000000065,620.2937986309403,617.590659478334
770.6410000000615,620.286023127279,617.590659478334
770.984999999986,620.295289735359,617.590659478334
771.3279999999795,620.2898291455722,617.590659478334
771.6720000000205,620.2859309806249,617.590659478334
772.0320000000065,620.2920125791078,617.590659478334
772.375,620.2898474600743,617.590659478334
772.734999999986,620.2879446717342,617.590659478334
773.0779999999795,620.2862688820729,617.590659478334
773.4379999999655,620.2911604073105,617.590659478334
773.7970000000205,620.2841070617192,617.590659478334
774.1410000000615,620.2913035058937,617.590659478334
774.484999999986,620.2895176193019,617.590659478334
774.844000000041,620.2893626482952,617.590659478334
775.1879999999655,620.2984791827018,617.590659478334
775.5320000000065,620.2929750534461,617.590659478334
775.875,620.287814216399,617.590659478334
776.2029999999795,620.2818134877546,617.590659478334
776.5629999999655,620.2904306596364,617.590659478334
776.9070000000065,620.2866686727075,617.590659478334
777.234999999986,620.2842669419136,617.590659478334
777.594000000041,620.2874853010817,617.590659478334
777.9379999999655,620.2947425035427,617.590659478334
778.2660000000615,620.2901074874745,617.590659478334
778.609999999986,620.2931851467315,617.590659478334
778.969000000041,620.2981949473995,617.590659478334
779.3129999999655,620.2950023704075,617.590659478334
779.6570000000065,620.2924214078282,617.590659478334
780.0,620.2947290390491,617.590659478334
780.344000000041,620.2895322582873,617.590659478334
780.7029999999795,620.2887927780433,617.590659478334
781.0470000000205,620.2819241729068,617.590659478334
781.3910000000615,620.2927141033211,617.590659478334
781.734999999986,620.2915526188086,617.590659478334
782.0779999999795,620.2952440421856,617.590659478334
782.4379999999655,620.2887251459131,617.590659478334
782.7820000000065,620.2938861682043,617.590659478334
783.125,620.2947440824703,617.590659478334
783.469000000041,620.2945184848221,617.590659478334
783.8129999999655,620.2894345732136,617.590659478334
784.1570000000065,620.2901479342119,617.590659478334
784.5160000000615,620.294138711362,617.590659478334
784.875,620.2907279481949,617.590659478334
785.219000000041,620.2888335959284,617.590659478334
785.5779999999795,620.2918004638394,617.590659478334
785.9220000000205,620.2855603257423,617.590659478334
786.2660000000615,620.2914161534479,617.590659478334
786.625,620.2921406004734,617.590659478334
786.969000000041,620.2900761035646,617.590659478334
787.2970000000205,620.2925278979642,617.590659478334
787.6410000000615,620.2856678353517,617.590659478334
788.0,620.2887382703112,617.590659478334
788.3279999999795,620.2912914992071,617.590659478334
788.6879999999655,620.2893136013066,617.590659478334
789.0320000000065,620.2874795624667,617.590659478334
789.375,620.2866301859414,617.590659478334
789.734999999986,620.2930414351199,617.590659478334
790.0629999999655,620.2927801713714,617.590659478334
790.4220000000205,620.2884287809276,617.590659478334
790.75,620.2897392804907,617.590659478334
791.094000000041,620.2956697270507,617.590659478334
791.4379999999655,620.2952061962278,617.590659478334
791.7970000000205,620.2885552037432,617.590659478334
792.1410000000615,620.2887310185396,617.590659478334
792.484999999986,620.287230919002,617.590659478334
792.8279999999795,620.2875306654032,617.590659478334
793.1720000000205,620.2823514629259,617.590659478334
793.5160000000615,620.2921068250424,617.590659478334
793.859999999986,620.2845504215533,617.590659478334
794.219000000041,620.290363374675,617.590659478334
794.5779999999795,620.2863291219343,617.590659478334
794.9220000000205,620.2859300583123,617.590659478334
795.2820000000065,620.2861369612713,617.590659478334
795.625,620.2862511879139,617.590659478334
795.984999999986,620.2952732242451,617.590659478334
796.344000000041,620.2883838601815,617.590659478334
796.6879999999655,620.2990684141856,617.590659478334
797.0470000000205,620.2941992459497,617.590659478334
797.3910000000615,620.2951039621327,617.590659478334
797.75,620.293567232298,617.590659478334
798.094000000041,620.288121330447,617.590659478334
798.484999999986,620.289127029943,617.590659478334
798.8279999999795,620.294970155731,617.590659478334
799.1879999999655,620.2919652313142,617.590659478334
799.5160000000615,620.2898624406979,617.590659478334
799.875,620.2864969879729,617.590659478334
800.219000000041,620.2890196382825,617.590659478334
800.5629999999655,620.282677772798,617.590659478334
800.9070000000065,620.2859785994768,617.590659478334
801.2660000000615,620.2861773581243,617.590659478334
801.609999999986,620.2904496339231,617.590659478334
801.9529999999795,620.2894666660233,617.590659478334
802.2970000000205,620.2875588630285,617.590659478334
802.6410000000615,620.293727942751,617.590659478334
802.984999999986,620.2908131547724,617.590659478334
803.3279999999795,620.2912528940477,617.590659478334
803.6720000000205,620.2876712992839,617.590659478334
804.0160000000615,620.2889411474647,617.590659478334
804.359999999986,620.2932077781379,617.590659478334
804.7029999999795,620.2893118646558,617.590659478334
805.0629999999655,620.2888472190032,617.590659478334
805.4070000000065,620.2761652845934,617.590659478334
805.75,620.2948506932273,617.590659478334
806.109999999986,620.288206464669,617.590659478334
806.469000000041,620.288390517404,617.590659478334
806.7970000000205,620.2796034455528,617.590659478334
807.1570000000065,620.2899074880528,617.590659478334
807.5160000000615,620.2915477091129,617.590659478334
807.875,620.2951511395175,617.590659478334
808.219000000041,620.2930511381596,617.590659478334
808.5779999999795,620.2858455543266,617.590659478334
808.9379999999655,620.2896971430611,617.590659478334
809.2820000000065,620.2905702087766,617.590659478334
809.6410000000615,620.2895315573383,617.590659478334
810.0,620.2952200509171,617.590659478334
810.344000000041,620.2918190158563,617.590659478334
810.6879999999655,620.2893211674681,617.590659478334
811.0470000000205,620.288034502359,617.590659478334
811.3910000000615,620.2894264104577,617.590659478334
811.734999999986,620.2874753071894,617.590659478334
812.0779999999795,620.2892304946826,617.590659478334
812.4220000000205,620.2878195475014,617.590659478334
812.7660000000615,620.2949814352452,617.590659478334
813.109999999986,620.2880281196791,617.590659478334
813.4529999999795,620.2819863078054,617.590659478334
813.7970000000205,620.2807340687567,617.590659478334
814.1410000000615,620.2891567175493,617.590659478334
814.484999999986,620.2952803410121,617.590659478334
814.8279999999795,620.2893523621208,617.590659478334
815.1879999999655,620.2856755436478,617.590659478334
815.5320000000065,620.2921772401066,617.590659478334
815.875,620.2949305326254,617.590659478334
816.219000000041,620.2874569994054,617.590659478334
816.5629999999655,620.2907401831591,617.590659478334
816.9220000000205,620.2922324366995,617.590659478334
817.25,620.2925284285335,617.590659478334
817.609999999986,620.2867557647862,617.590659478334
817.9529999999795,620.2931887068323,617.590659478334
818.2970000000205,620.2902145916105,617.590659478334
818.6410000000615,620.2986585892228,617.590659478334
818.984999999986,620.2958938048928,617.590659478334
819.3279999999795,620.2833902767167,617.590659478334
819.6879999999655,620.2906925014817,617.590659478334
820.0320000000065,620.2895468298457,617.590659478334
820.375,620.2879533010156,617.590659478334
820.719000000041,620.2840604836501,617.590659478334
821.0779999999795,620.2807379245021,617.590659478334
821.4220000000205,620.2821003401583,617.590659478334
821.7660000000615,620.2833486472236,617.590659478334
822.109999999986,620.2896445245979,617.590659478334
822.469000000041,620.2888553049105,617.590659478334
822.8279999999795,620.2887739174906,617.590659478334
823.1570000000065,620.2890221329717,617.590659478334
823.5160000000615,620.2930588364474,617.590659478334
823.859999999986,620.2894914100567,617.590659478334
824.2029999999795,620.2863455692956,617.590659478334
824.5629999999655,620.2846874254099,617.590659478334
824.9070000000065,620.2873643403585,617.590659478334
825.25,620.2959638346962,617.590659478334
825.594000000041,620.2842688342434,617.590659478334
825.9379999999655,620.2942602845675,617.590659478334
826.2970000000205,620.2892212317794,617.590659478334
826.6410000000615,620.293569546158,617.590659478334
826.984999999986,620.2861909435151,617.590659478334
827.3279999999795,620.2898783525878,617.590659478334
827.6879999999655,620.2806212690571,617.590659478334
828.0320000000065,620.296998906094,617.590659478334
828.3910000000615,620.2865152984134,617.590659478334
828.734999999986,620.2798074654426,617.590659478334
829.094000000041,620.281142559867,617.590659478334
829.4529999999795,620.2910350600206,617.590659478334
829.7970000000205,620.2847886583927,617.590659478334
830.1570000000065,620.2875102912338,617.590659478334
830.5160000000615,620.2896812334702,617.590659478334
830.859999999986,620.2918579051645,617.590659478334
831.219000000041,620.282517223366,617.590659478334
831.5629999999655,620.2873474260363,617.590659478334
831.9220000000205,620.2886173145085,617.590659478334
832.2660000000615,620.285672231169,617.590659478334
832.609999999986,620.2890427935153,617.590659478334
832.9529999999795,620.285225084755,617.590659478334
833.3129999999655,620.2836691510796,617.590659478334
833.6570000000065,620.2878251173572,617.590659478334
834.0160000000615,620.2873073818423,617.590659478334
834.375,620.2877533597423,617.590659478334
834.719000000041,620.2827309932281,617.590659478334
835.0779999999795,620.2783231465113,617.590659478334
835.4220000000205,620.2850738502676,617.590659478334
835.75,620.2835488056589,617.590659478334
836.094000000041,620.2823625920335,617.590659478334
836.4379999999655,620.2836589980017,617.590659478334
836.7970000000205,620.2858044534967,617.590659478334
837.125,620.2840486568208,617.590659478334
837.469000000041,620.2844631623234,617.590659478334
837.8129999999655,620.2867035745169,617.590659478334
838.1570000000065,620.2879822278051,617.590659478334
838.5,620.2927739316624,617.590659478334
838.844000000041,620.2892230864845,617.590659478334
839.1879999999655,620.2860376569943,617.590659478334
839.5320000000065,620.295573655966,617.590659478334
839.875,620.2893272135456,617.590659478334
840.2029999999795,620.2864644044021,617.590659478334
840.5629999999655,620.2870517120697,617.590659478334
840.8910000000615,620.2824053097321,617.590659478334
841.234999999986,620.2935519134265,617.590659478334
841.5779999999795,620.2848098673628,617.590659478334
841.9220000000205,620.2888854140048,617.590659478334
842.2660000000615,620.290642465673,617.590659478334
842.609999999986,620.2895578947782,617.590659478334
842.9529999999795,620.2849156880061,617.590659478334
843.2970000000205,620.285329712597,617.590659478334
843.6410000000615,620.2885336215766,617.590659478334
843.984999999986,620.2777019456863,617.590659478334
844.3279999999795,620.2880662189928,617.590659478334
844.6720000000205,620.2834247940958,617.590659478334
845.0,620.2790011516547,617.590659478334
845.344000000041,620.2790077186531,617.590659478334
845.6879999999655,620.2907020665225,617.590659478334
846.0160000000615,620.2820091859239,617.590659478334
846.375,620.2915662370868,617.590659478334
846.719000000041,620.3159546256325,617.590659478334
847.0629999999655,620.3157351974448,617.590659478334
847.4070000000065,620.3163666773792,617.590659478334
847.75,620.3091506823539,617.590659478334
848.094000000041,620.3098887347819,617.590659478334
848.4379999999655,620.3009412486882,617.590659478334
848.7820000000065,620.3134059923397,617.590659478334
849.109999999986,620.3121582129661,617.590659478334
849.4529999999795,620.3165526963456,617.590659478334
849.7970000000205,620.3176034652785,617.590659478334
850.1410000000615,620.3101224388697,617.590659478334
850.484999999986,620.3155921777314,617.590659478334
850.8279999999795,620.3156532142419,617.590659478334
851.1720000000205,620.3123122581301,617.590659478334
851.5160000000615,620.3165883268288,617.590659478334
851.844000000041,620.3095172921326,617.590659478334
852.1879999999655,620.3191179368935,617.590659478334
852.5320000000065,620.3216241007495,617.590659478334
852.8910000000615,620.3226997531855,617.590659478334
853.219000000041,620.3146614410173,617.590659478334
853.5779999999795,620.3203431870928,617.590659478334
853.9379999999655,620.3195002775095,617.590659478334
854.2660000000615,620.3209069726823,617.590659478334
854.625,620.3252356933787,617.590659478334
854.969000000041,620.3202244391686,617.590659478334
855.3129999999655,620.3206621320003,617.590659478334
855.6720000000205,620.334383827727,617.590659478334
856.0160000000615,620.3248755085963,617.590659478334
856.359999999986,620.3268296996683,617.590659478334
856.7029999999795,620.3188153468781,617.590659478334
857.0629999999655,620.3168975124988,617.590659478334
857.4070000000065,620.3274364303771,617.590659478334
857.7660000000615,620.3290353129157,617.590659478334
858.109999999986,620.322099839625,617.590659478334
858.4529999999795,620.3345047760839,617.590659478334
858.8129999999655,620.3316690576833,617.590659478334
859.1570000000065,620.35372037139,617.590659478334
859.5,620.3546597082808,617.590659478334
859.859999999986,620.3590046405369,617.590659478334
860.2029999999795,620.3630458423995,617.590659478334
860.5470000000205,620.3455024158604,617.590659478334
860.9070000000065,620.3576247574392,617.590659478334
861.25,620.3530820748962,617.590659478334
861.594000000041,620.3474679237725,617.590659478334
861.9529999999795,620.3479024813067,617.590659478334
862.2970000000205,620.3423049210178,617.590659478334
862.6410000000615,620.3392089276941,617.590659478334
862.984999999986,620.338731850264,617.590659478334
863.3279999999795,620.3376666682224,617.590659478334
863.6720000000205,620.3371544221449,617.590659478334
864.0160000000615,620.3354782544823,617.590659478334
864.375,620.3341088110278,617.590659478334
864.719000000041,620.3319893006176,617.590659478334
865.0779999999795,620.3350203263511,617.590659478334
865.4070000000065,620.3280817872103,617.590659478334
865.7660000000615,620.3255362167632,617.590659478334
866.109999999986,620.330792268927,617.590659478334
866.4529999999795,620.3275016239013,617.590659478334
866.7970000000205,620.3268809129593,617.590659478334
867.1570000000065,620.3161227136835,617.590659478334
867.5,620.3342943210112,617.590659478334
867.844000000041,620.3333606924448,617.590659478334
868.1879999999655,620.3213299637015,617.590659478334
868.5320000000065,620.3276448627923,617.590659478334
868.8910000000615,620.3258885920051,617.590659478334
869.219000000041,620.3266222005755,617.590659478334
869.5779999999795,620.3257600421399,617.590659478334
869.9220000000205,620.328336809713,617.590659478334
870.2820000000065,620.3270355689169,617.590659478334
870.609999999986,620.3289078495544,617.590659478334
870.9529999999795,620.33260203509,617.590659478334
871.2820000000065,620.3229191904707,617.590659478334
871.625,620.3290045775186,617.590659478334
871.9529999999795,620.3311989982824,617.590659478334
872.2970000000205,620.3364402853992,617.590659478334
872.6570000000065,620.3363188371376,617.590659478334
872.984999999986,620.3359294763856,617.590659478334
873.344000000041,620.3586379711242,617.590659478334
873.6879999999655,620.3728114741291,617.590659478334
874.0160000000615,620.3653008784202,617.590659478334
874.359999999986,620.3620839131655,617.590659478334
874.7029999999795,620.3668822984769,617.590659478334
875.0629999999655,620.356960333314,617.590659478334
875.4070000000065,620.3462275834809,617.590659478334
875.75,620.3347007258735,617.590659478334
876.094000000041,620.3386347228338,617.590659478334
876.4529999999795,620.3372890060368,617.590659478334
876.8129999999655,620.335041245947,617.590659478334
877.1570000000065,620.3332579349636,617.590659478334
877.5,620.3354429667988,617.590659478334
877.844000000041,620.3359137788772,617.590659478334
878.1879999999655,620.3310437205657,617.590659478334
878.5320000000065,620.3293355787573,617.590659478334
878.875,620.3286340195514,617.590659478334
879.219000000041,620.3257021195907,617.590659478334
879.5629999999655,620.335652026859,617.590659478334
879.9220000000205,620.333225755792,617.590659478334
880.2820000000065,620.3341228045745,617.590659478334
880.625,620.3331116831735,617.590659478334
880.969000000041,620.3242149390702,617.590659478334
881.3279999999795,620.3308952355685,617.590659478334
881.6570000000065,620.3266228737737,617.590659478334
882.0,620.3270341791475,617.590659478334
882.344000000041,620.3202958720381,617.590659478334
882.6879999999655,620.3208286522973,617.590659478334
883.0320000000065,620.3231447692957,617.590659478334
883.359999999986,620.3179192881737,617.590659478334
883.7029999999795,620.3229764904677,617.590659478334
884.0470000000205,620.325122356135,617.590659478334
884.3910000000615,620.3206568634001,617.590659478334
884.734999999986,620.317753983382,617.590659478334
885.0629999999655,620.3184431983071,617.590659478334
885.4220000000205,620.343302091338,617.590659478334
885.7660000000615,620.3399573795107,617.590659478334
886.109999999986,620.325703951947,617.590659478334
886.4529999999795,620.3254760099063,617.590659478334
886.7970000000205,620.3171370161174,617.590659478334
887.1410000000615,620.3096439407318,617.590659478334
887.484999999986,620.3061177277278,617.590659478334
887.844000000041,620.3020770254548,617.590659478334
888.1879999999655,620.3050143593196,617.590659478334
888.5470000000205,620.3085158568407,617.590659478334
888.8910000000615,620.3039412063354,617.590659478334
889.25,620.2989477384217,617.590659478334
889.594000000041,620.2986599799982,617.590659478334
889.9529999999795,620.2957450125648,617.590659478334
890.2970000000205,620.3003348875269,617.590659478334
890.6570000000065,620.2994239717314,617.590659478334
891.0160000000615,620.3009646600088,617.590659478334
891.359999999986,620.3050258082664,617.590659478334
891.7029999999795,620.2995341015841,617.590659478334
892.0470000000205,620.2928671508919,617.590659478334
892.3910000000615,620.3003038746123,617.590659478334
892.734999999986,620.3000301988614,617.590659478334
893.094000000041,620.3046295039456,617.590659478334
893.4379999999655,620.2967558078983,617.590659478334
893.7970000000205,620.296918697962,617.590659478334
894.1570000000065,620.2962238714209,617.590659478334
894.484999999986,620.2937521177269,617.590659478334
894.8279999999795,620.2988099487415,617.590659478334
895.1720000000205,620.2972436948589,617.590659478334
895.5160000000615,620.3031216362391,617.590659478334
895.859999999986,620.2946707991374,617.590659478334
896.2029999999795,620.3040608736895,617.590659478334
896.5470000000205,620.2995638966456,617.590659478334
896.8910000000615,620.2986451701299,617.590659478334
897.234999999986,620.2908921300618,617.590659478334
897.5629999999655,620.3036730189726,617.590659478334
897.9070000000065,620.3043071237054,617.590659478334
898.25,620.3266260229722,617.590659478334
898.594000000041,620.3532159326942,617.590659478334
898.9379999999655,620.3710094087132,617.590659478334
899.2820000000065,620.3826515866392,617.590659478334
899.625,620.3777560008733,617.590659478334
899.969000000041,620.3683772574801,617.590659478334
900.3129999999655,620.356651175324,617.590659478334
900.6570000000065,620.355257751292,617.590659478334
901.0160000000615,620.3516591559938,617.590659478334
901.359999999986,620.3545032239549,617.590659478334
901.719000000041,620.3450317526807,617.590659478334
902.0779999999795,620.340155912547,617.590659478334
902.4220000000205,620.3439359167041,617.590659478334
902.7820000000065,620.3428834689328,617.590659478334
903.125,620.3312853835691,617.590659478334
903.484999999986,620.3388877301559,617.590659478334
903.8279999999795,620.3351818959205,617.590659478334
904.1720000000205,620.337821007304,617.590659478334
904.5320000000065,620.3343901579941,617.590659478334
904.875,620.332167038177,617.590659478334
905.234999999986,620.3272598998396,617.590659478334
905.5779999999795,620.3354643759019,617.590659478334
905.9379999999655,620.3336239562003,617.590659478334
906.2820000000065,620.3398390553702,617.590659478334
906.6410000000615,620.33719450459,617.590659478334
906.984999999986,620.3252682107595,617.590659478334
907.3279999999795,620.3331440083866,617.590659478334
907.6720000000205,620.329505714387,617.590659478334
908.0320000000065,620.3313902676019,617.590659478334
908.375,620.3258349008809,617.590659478334
908.719000000041,620.3293723401521,617.590659478334
909.0779999999795,620.3342870825044,617.590659478334
909.4070000000065,620.3341988777984,617.590659478334
909.7660000000615,620.3311348985362,617.590659478334
910.109999999986,620.3284332521665,617.590659478334
910.4529999999795,620.3491436363314,617.590659478334
910.7970000000205,620.3496847446054,617.590659478334
911.1570000000065,620.3314802339922,617.590659478334
911.5,620.3367996026395,617.590659478334
911.844000000041,620.335687556791,617.590659478334
912.2029999999795,620.3205626258941,617.590659478334
912.5470000000205,620.3116723791142,617.590659478334
912.9070000000065,620.3187653514658,617.590659478334
913.2660000000615,620.3094734978879,617.590659478334
913.625,620.3048133520344,617.590659478334
913.984999999986,620.3022101361632,617.590659478334
914.3279999999795,620.3016437702167,617.590659478334
914.6879999999655,620.3087786694207,617.590659478334
915.0320000000065,620.3114661387115,617.590659478334
915.3910000000615,620.3039900322843,617.590659478334
915.734999999986,620.3068084706885,617.590659478334
916.094000000041,620.3043505944926,617.590659478334
916.4379999999655,620.303776572421,617.590659478334
916.8129999999655,620.3117211291386,617.590659478334
917.1570000000065,620.3107716357946,617.590659478334
917.5160000000615,620.3322236093338,617.590659478334
917.859999999986,620.3246690086174,617.590659478334
918.219000000041,620.3298263336596,617.590659478334
918.5629999999655,620.3224604542878,617.590659478334
918.9220000000205,620.318400387908,617.590659478334
919.2660000000615,620.3147727846867,617.590659478334
919.609999999986,620.3204512341395,617.590659478334
919.969000000041,620.3070346166755,617.590659478334
920.3129999999655,620.3066011088841,617.590659478334
920.6570000000065,620.3054446820479,617.590659478334
921.0,620.3119557545632,617.590659478334
921.344000000041,620.3126502019446,617.590659478334
921.6879999999655,620.3058830527858,617.590659478334
922.0470000000205,620.3042219562057,617.590659478334
922.3910000000615,620.3043685805294,617.590659478334
922.734999999986,620.3015165989711,617.590659478334
923.0779999999795,620.3001905790688,617.590659478334
923.4220000000205,620.300034798747,617.590659478334
923.7820000000065,620.3024075339125,617.590659478334
924.125,620.302501064633,617.590659478334
924.484999999986,620.297595843803,617.590659478334
924.8279999999795,620.2970119607768,617.590659478334
925.1570000000065,620.3028965425402,617.590659478334
925.5160000000615,620.3023543964272,617.590659478334
925.859999999986,620.299328876822,617.590659478334
926.2029999999795,620.3017234475734,617.590659478334
926.5629999999655,620.3051001865534,617.590659478334
926.9070000000065,620.2976850659643,617.590659478334
927.25,620.3044498711389,617.590659478334
927.594000000041,620.3037994817252,617.590659478334
927.9379999999655,620.3040918148433,617.590659478334
928.2820000000065,620.2974985998562,617.590659478334
928.625,620.2998461526707,617.590659478334
928.969000000041,620.3029470315809,617.590659478334
929.3279999999795,620.2874433062194,617.590659478334
929.6720000000205,620.2992693207299,617.590659478334
930.0320000000065,620.3042404010107,617.590659478334
930.4379999999655,620.3211995129166,617.590659478334
930.7970000000205,620.3221222501543,617.590659478334
931.125,620.3331117457853,617.590659478334
931.469000000041,620.3236796688054,617.590659478334
931.8129999999655,620.3318848097302,617.590659478334
932.1570000000065,620.3202691459965,617.590659478334
932.5,620.3299930605255,617.590659478334
932.844000000041,620.3242201268715,617.590659478334
933.1879999999655,620.3262177303169,617.590659478334
933.5320000000065,620.3234575022299,617.590659478334
933.8910000000615,620.3297751350593,617.590659478334
934.219000000041,620.3194537242047,617.590659478334
934.5629999999655,620.3292692006389,617.590659478334
934.9220000000205,620.3244644323213,617.590659478334
935.2660000000615,620.3283164504594,617.590659478334
935.609999999986,620.3331060196244,617.590659478334
935.9529999999795,620.3306201698591,617.590659478334
936.2970000000205,620.3303762924652,617.590659478334
936.625,620.3392468296911,617.590659478334
936.984999999986,620.3349457066809,617.590659478334
937.3279999999795,620.3349448268627,617.590659478334
937.6720000000205,620.3417161580463,617.590659478334
938.0160000000615,620.3371665173295,617.590659478334
938.359999999986,620.3390355457,617.590659478334
938.7029999999795,620.3389527972782,617.590659478334
939.0470000000205,620.3459617753247,617.590659478334
939.3910000000615,620.3400153300225,617.590659478334
939.734999999986,620.3428819728404,617.590659478334
940.0779999999795,620.3373426286217,617.590659478334
940.4379999999655,620.3420647080272,617.590659478334
940.7660000000615,620.3423032025559,617.590659478334
941.125,620.3430716615433,617.590659478334
941.469000000041,620.338227531862,617.590659478334
941.8129999999655,620.3478627484187,617.590659478334
942.1570000000065,620.3491166607597,617.590659478334
942.5,620.3491410316349,617.590659478334
942.859999999986,620.348624858883,617.590659478334
943.2029999999795,620.3425306319682,617.590659478334
943.5470000000205,620.3413775187731,617.590659478334
943.8910000000615,620.3566536782549,617.590659478334
944.234999999986,620.3430698449192,617.590659478334
944.594000000041,620.3505625970535,617.590659478334
944.9379999999655,620.3520128476098,617.590659478334
945.2820000000065,620.3483748845982,617.590659478334
945.625,620.3512809394963,617.590659478334
945.969000000041,620.3465140982378,617.590659478334
946.3129999999655,620.3463312818445,617.590659478334
946.6570000000065,620.3558217701141,617.590659478334
947.0,620.3486888003157,617.590659478334
947.359999999986,620.3430213053617,617.590659478334
947.7029999999795,620.3576324423851,617.590659478334
948.0470000000205,620.3507930063926,617.590659478334
948.3910000000615,620.3505312243678,617.590659478334
948.734999999986,620.3565648979015,617.590659478334
949.0779999999795,620.3542449187601,617.590659478334
949.4220000000205,620.3549418894572,617.590659478334
949.7660000000615,620.3515108964347,617.590659478334
950.109999999986,620.3591035596259,617.590659478334
950.469000000041,620.3606792651066,617.590659478334
950.8129999999655,620.3629176839544,617.590659478334
951.1720000000205,620.3593937026706,617.590659478334
951.5160000000615,620.353173744512,617.590659478334
951.875,620.3548524805343,617.590659478334
952.219000000041,620.347824090533,617.590659478334
952.5779999999795,620.350608407359,617.590659478334
952.9220000000205,620.3477239574393,617.590659478334
953.2660000000615,620.3503015038154,617.590659478334
953.625,620.3498645436338,617.590659478334
953.969000000041,620.3540540939882,617.590659478334
954.3279999999795,620.3563470746183,617.590659478334
954.6570000000065,620.3620936119084,617.590659478334
955.0160000000615,620.364255515443,617.590659478334
955.359999999986,620.3609718068695,617.590659478334
955.7029999999795,620.3556247094804,617.590659478334
956.0470000000205,620.3647127987387,617.590659478334
956.3910000000615,620.3532987099418,617.590659478334
956.734999999986,620.3664333008356,617.590659478334
957.0779999999795,620.3601006998457,617.590659478334
957.4220000000205,620.3614301398941,617.590659478334
957.7660000000615,620.3574046825626,617.590659478334
958.109999999986,620.3631271002904,617.590659478334
958.469000000041,620.3699096834775,617.590659478334
958.8129999999655,620.3644834082218,617.590659478334
959.1410000000615,620.3632205599723,617.590659478334
959.484999999986,620.3606802589118,617.590659478334
959.8279999999795,620.367862605,617.590659478334
960.1720000000205,620.3688002006929,617.590659478334
960.5320000000065,620.3650858827272,617.590659478334
960.875,620.3697059512639,617.590659478334
961.219000000041,620.3716038519772,617.590659478334
961.5779999999795,620.3655979676361,617.590659478334
961.9220000000205,620.3746896328984,617.590659478334
962.2660000000615,620.363432088372,617.590659478334
962.609999999986,620.3662440231708,617.590659478334
962.9529999999795,620.3737919647616,617.590659478334
963.2970000000205,620.3736488401369,617.590659478334
963.6410000000615,620.3657541977084,617.590659478334
963.984999999986,620.3721912457175,617.590659478334
964.3279999999795,620.3656123109345,617.590659478334
964.6879999999655,620.3685988225336,617.590659478334
965.0320000000065,620.3745182873448,617.590659478334
965.375,620.36833489302,617.590659478334
965.719000000041,620.3725342895045,617.590659478334
966.0629999999655,620.3691012735588,617.590659478334
966.5,620.3768393566605,617.590659478334
966.844000000041,620.3800941883495,617.590659478334
967.1879999999655,620.3683266224184,617.590659478334
967.5320000000065,620.3684525033949,617.590659478334
967.875,620.3749199105772,617.590659478334
968.219000000041,620.3709532980804,617.590659478334
968.5629999999655,620.3750464331902,617.590659478334
968.9070000000065,620.376129874913,617.590659478334
969.25,620.3764078967546,617.590659478334
969.609999999986,620.3753819652324,617.590659478334
969.9529999999795,620.3816199871645,617.590659478334
970.2970000000205,620.3648299600939,617.590659478334
970.6410000000615,620.3735218576792,617.590659478334
970.984999999986,620.3730914965788,617.590659478334
971.344000000041,620.3771568563877,617.590659478334
971.6879999999655,620.3752696560628,617.590659478334
972.0470000000205,620.377655692961,617.590659478334
972.3910000000615,620.3728026855098,617.590659478334
972.75,620.3717588874969,617.590659478334
973.094000000041,620.3803684113146,617.590659478334
973.4529999999795,620.3703129813931,617.590659478334
973.8129999999655,620.3814159330575,617.590659478334
974.1570000000065,620.3865794825435,617.590659478334
974.5,620.3729187181904,617.590659478334
974.859999999986,620.3785325358252,617.590659478334
975.2029999999795,620.390383204513,617.590659478334
975.5629999999655,620.3848431093674,617.590659478334
975.9070000000065,620.3797255396443,617.590659478334
976.25,620.3839696432137,617.590659478334
976.594000000041,620.3805912461452,617.590659478334
976.969000000041,620.3866689241659,617.590659478334
977.2970000000205,620.3774977014278,617.590659478334
977.6410000000615,620.3783137921043,617.590659478334
978.0,620.385684740666,617.590659478334
978.344000000041,620.373613145313,617.590659478334
978.6879999999655,620.3823384691372,617.590659478334
979.0320000000065,620.3839486826076,617.590659478334
979.375,620.3836546186119,617.590659478334
979.719000000041,620.3809809226148,617.590659478334
980.0629999999655,620.3824666982708,617.590659478334
980.4070000000065,620.3868508339033,617.590659478334
980.75,620.3870535246966,617.590659478334
981.094000000041,620.3894205797374,617.590659478334
981.4220000000205,620.3908466869905,617.590659478334
981.7660000000615,620.386123553038,617.590659478334
982.125,620.3856385981727,617.590659478334
982.4529999999795,620.3907898241514,617.590659478334
982.7970000000205,620.378786897563,617.590659478334
983.1570000000065,620.3830213941433,617.590659478334
983.484999999986,620.3917189042475,617.590659478334
983.8279999999795,620.3812953920968,617.590659478334
984.1720000000205,620.3855134412954,617.590659478334
984.5160000000615,620.3840945792559,617.590659478334
984.859999999986,620.3869220504877,617.590659478334
985.2029999999795,620.3844280727665,617.590659478334
985.5629999999655,620.3876255754897,617.590659478334
985.9070000000065,620.3842122289659,617.590659478334
986.25,620.383531720331,617.590659478334
986.594000000041,620.3803272156904,617.590659478334
986.9379999999655,620.3830687919631,617.590659478334
987.2970000000205,620.3936931940528,617.590659478334
987.625,620.3875616310022,617.590659478334
987.969000000041,620.3781697871474,617.590659478334
988.3129999999655,620.3986475745728,617.590659478334
988.6570000000065,620.3851303016893,617.590659478334
989.0,620.3904844074083,617.590659478334
989.344000000041,620.3970382692669,617.590659478334
989.6879999999655,620.3846505815419,617.590659478334
990.0320000000065,620.395155440006,617.590659478334
990.4379999999655,620.3901756843793,617.590659478334
990.7820000000065,620.3870730835691,617.590659478334
991.1410000000615,620.3898678413032,617.590659478334
991.484999999986,620.3936969352878,617.590659478334
991.8279999999795,620.3911490416274,617.590659478334
992.1879999999655,620.3909462768859,617.590659478334
992.5320000000065,620.3921272417912,617.590659478334
992.859999999986,620.3918801622549,617.590659478334
993.219000000041,620.3928465055403,617.590659478334
993.5629999999655,620.3904369346639,617.590659478334
993.9070000000065,620.3969005091571,617.590659478334
994.25,620.3903345089503,617.590659478334
994.594000000041,620.3898946289548,617.590659478334
994.9379999999655,620.3985253199978,617.590659478334
995.2970000000205,620.3915183910602,617.590659478334
995.625,620.3949867145916,617.590659478334
995.984999999986,620.3885026782157,617.590659478334
996.3279999999795,620.391242939224,617.590659478334
996.6720000000205,620.3865104704105,617.590659478334
997.0,620.4023391759074,617.590659478334
997.344000000041,620.3923122410367,617.590659478334
997.7029999999795,620.38510155231,617.590659478334
998.0629999999655,620.3963321492374,617.590659478334
998.4220000000205,620.4168279884851,617.590659478334
998.75,620.4207099179745,617.590659478334
999.094000000041,620.4267672674945,617.590659478334
999.4379999999655,620.4309577637414,617.590659478334
999.7820000000065,620.4156231039525,617.590659478334
1000.125,620.4225092733058,617.590659478334
1000.469000000041,620.4256711317183,617.590659478334
1000.8129999999655,620.4160366155858,617.590659478334
1001.1570000000065,620.4086581397896,617.590659478334
1001.484999999986,620.4055839790253,617.590659478334
1001.844000000041,620.4046993295444,617.590659478334
1002.1879999999655,620.3985699621719,617.590659478334
1002.5320000000065,620.40804936807,617.590659478334
1002.875,620.3934813574975,617.590659478334
1003.219000000041,620.3963298319107,617.590659478334
1003.5629999999655,620.401000401512,617.590659478334
1003.9070000000065,620.396952649357,617.590659478334
1004.25,620.393708910584,617.590659478334
1004.594000000041,620.3904804204162,617.590659478334
1004.9379999999655,620.3918973950222,617.590659478334
1005.2970000000205,620.3894155234294,617.590659478334
1005.625,620.3907250381045,617.590659478334
1005.984999999986,620.3966842451134,617.590659478334
1006.3279999999795,620.3907152793271,617.590659478334
1006.6720000000205,620.4016797199055,617.590659478334
1007.0160000000615,620.3962595570107,617.590659478334
1007.375,620.3922870818104,617.590659478334
1007.719000000041,620.3858911582192,617.590659478334
1008.0779999999795,620.3853115680034,617.590659478334
1008.4220000000205,620.3941717422927,617.590659478334
1008.7660000000615,620.397096443532,617.590659478334
1009.094000000041,620.3882417353984,617.590659478334
1009.4529999999795,620.3922848379341,617.590659478334
1009.7970000000205,620.3833016539274,617.590659478334
1010.1410000000615,620.3978135222801,617.590659478334
1010.469000000041,620.386118781549,617.590659478334
1010.8279999999795,620.3915360970643,617.590659478334
1011.1720000000205,620.395051718724,617.590659478334
1011.5160000000615,620.3914598174249,617.590659478334
1011.875,620.3903498779696,617.590659478334
1012.219000000041,620.3927893999555,617.590659478334
1012.5779999999795,620.3868045346046,617.590659478334
1012.9379999999655,620.3937529953723,617.590659478334
1013.2820000000065,620.3904067582954,617.590659478334
1013.625,620.3902167312982,617.590659478334
1013.984999999986,620.3839946656269,617.590659478334
1014.3279999999795,620.3975265166051,617.590659478334
1014.6720000000205,620.3934299383591,617.590659478334
1015.0160000000615,620.3996706398373,617.590659478334
1015.359999999986,620.3882194043537,617.590659478334
1015.7029999999795,620.3926829863863,617.590659478334
1016.0470000000205,620.38892683588,617.590659478334
1016.3910000000615,620.3907133474731,617.590659478334
1016.734999999986,620.3913931104917,617.590659478334
1017.0779999999795,620.3872787314039,617.590659478334
1017.4220000000205,620.3927285484103,617.590659478334
1017.7660000000615,620.3888461994898,617.590659478334
1018.109999999986,620.392932358479,617.590659478334
1018.4529999999795,620.3878626648283,617.590659478334
1018.7970000000205,620.3897733805068,617.590659478334
1019.1410000000615,620.3874617111651,617.590659478334
1019.484999999986,620.3846084218617,617.590659478334
1019.844000000041,620.3952537795315,617.590659478334
1020.2029999999795,620.3876678224166,617.590659478334
1020.5470000000205,620.3881404288948,617.590659478334
1020.8910000000615,620.3966405697983,617.590659478334
1021.25,620.3902793656389,617.590659478334
1021.594000000041,620.3910324866979,617.590659478334
1021.9529999999795,620.395710372681,617.590659478334
1022.2970000000205,620.3961643721666,617.590659478334
1022.6410000000615,620.3907025228463,617.590659478334
1023.0,620.3893581639218,617.590659478334
1023.344000000041,620.3921838726669,617.590659478334
1023.7029999999795,620.3845172893377,617.590659478334
1024.0470000000205,620.3861896759727,617.590659478334
1024.4070000000065,620.3914686941141,617.590659478334
1024.75,620.3857313211349,617.590659478334
1025.094000000041,620.3924181079299,617.590659478334
1025.4379999999655,620.3872920442002,617.590659478334
1025.7970000000205,620.3873648836395,617.590659478334
1026.125,620.384039393597,617.590659478334
1026.484999999986,620.3950505586624,617.590659478334
1026.8279999999795,620.3946238914209,617.590659478334
1027.1720000000205,620.385507844117,617.590659478334
1027.5160000000615,620.3963927046084,617.590659478334
1027.844000000041,620.3870454770122,617.590659478334
1028.1879999999655,620.3845042703642,617.590659478334
1028.5470000000205,620.3869124176761,617.590659478334
1028.8910000000615,620.3864802063322,617.590659478334
1029.234999999986,620.3908248775334,617.590659478334
1029.5779999999795,620.3917271617379,617.590659478334
1029.9220000000205,620.3848791856132,617.590659478334
1030.2660000000615,620.3975117761776,617.590659478334
1030.609999999986,620.3894378374035,617.590659478334
1030.9529999999795,620.3904074849131,617.590659478334
1031.2970000000205,620.3806598798386,617.590659478334
1031.6410000000615,620.3915263912681,617.590659478334
1031.984999999986,620.3885043407307,617.590659478334
1032.3279999999795,620.3891076787897,617.590659478334
1032.6879999999655,620.38438310836,617.590659478334
1033.0320000000065,620.3885773407752,617.590659478334
1033.3910000000615,620.3994123207245,617.590659478334
1033.75,620.389406499732,617.590659478334
1034.109999999986,620.3878531680083,617.590659478334
1034.4529999999795,620.38760544415,617.590659478334
1034.7970000000205,620.3813168286824,617.590659478334
1035.1570000000065,620.3950846732902,617.590659478334
1035.5,620.3903459306401,617.590659478334
1035.859999999986,620.3823188975992,617.590659478334
1036.2029999999795,620.3861465085297,617.590659478334
1036.5470000000205,620.3865923439761,617.590659478334
1036.9070000000065,620.3859112843064,617.590659478334
1037.2660000000615,620.384803488635,617.590659478334
1037.609999999986,620.3839971652969,617.590659478334
1037.9529999999795,620.3928344515335,617.590659478334
1038.2970000000205,620.3897185658427,617.590659478334
1038.6570000000065,620.3875588433272,617.590659478334
1039.0,620.3836384856479,617.590659478334
1039.359999999986,620.3834636501088,617.590659478334
1039.7029999999795,620.3862681273446,617.590659478334
1040.0320000000065,620.3836584022602,617.590659478334
1040.3910000000615,620.3851541554152,617.590659478334
1040.734999999986,620.3888059228882,617.590659478334
1041.0779999999795,620.3884511680557,617.590659478334
1041.4220000000205,620.3860523614559,617.590659478334
1041.7660000000615,620.3808575832884,617.590659478334
1042.125,620.3855332876649,617.590659478334
1042.4529999999795,620.3888478967978,617.590659478334
1042.8129999999655,620.3797960209682,617.590659478334
1043.1570000000065,620.3853481946778,617.590659478334
1043.484999999986,620.384164447845,617.590659478334
1043.8279999999795,620.3838554413844,617.590659478334
1044.1720000000205,620.387087836105,617.590659478334
1044.5160000000615,620.3885995757779,617.590659478334
1044.859999999986,620.3940623427404,617.590659478334
1045.219000000041,620.384824703839,617.590659478334
1045.5629999999655,620.3818208573658,617.590659478334
1045.9220000000205,620.3855694130787,617.590659478334
1046.2660000000615,620.3926474541122,617.590659478334
1046.609999999986,620.3837359399082,617.590659478334
1046.969000000041,620.3906841646991,617.590659478334
1047.3129999999655,620.3831519833707,617.590659478334
1047.6720000000205,620.3894051983019,617.590659478334
1048.0160000000615,620.3838294541467,617.590659478334
1048.359999999986,620.384851274242,617.590659478334
1048.719000000041,620.3974821289011,617.590659478334
1049.0629999999655,620.3826962769294,617.590659478334
1049.4220000000205,620.3862696031274,617.590659478334
1049.7820000000065,620.386593158187,617.590659478334
1050.1410000000615,620.3919228019347,617.590659478334
1050.469000000041,620.3885831494393,617.590659478334
1050.8279999999795,620.3869344764084,617.590659478334
1051.1720000000205,620.3824830403253,617.590659478334
1051.5160000000615,620.3824876547089,617.590659478334
1051.859999999986,620.3841229687247,617.590659478334
1052.2029999999795,620.3943506777161,617.590659478334
1052.5470000000205,620.3871068057824,617.590659478334
1052.8910000000615,620.3912029128443,617.590659478334
1053.234999999986,620.3894519157027,617.590659478334
1053.594000000041,620.3908460283487,617.590659478334
1053.9379999999655,620.3877695371872,617.590659478334
1054.2660000000615,620.3889901656742,617.590659478334
1054.625,620.3946545401085,617.590659478334
1054.9529999999795,620.3847295913835,617.590659478334
1055.3129999999655,620.393621121102,617.590659478334
1055.6570000000065,620.3839847705715,617.590659478334
1056.0,620.3885727407893,617.590659478334
1056.359999999986,620.390247457663,617.590659478334
1056.7029999999795,620.3827702977308,617.590659478334
1057.0470000000205,620.3934481079732,617.590659478334
1057.3910000000615,620.3905330204207,617.590659478334
1057.734999999986,620.3854957625665,617.590659478334
1058.0629999999655,620.3861137808453,617.590659478334
1058.4220000000205,620.3828631869509,617.590659478334
1058.7660000000615,620.3875722804901,617.590659478334
1059.109999999986,620.3876019581085,617.590659478334
1059.4529999999795,620.3836631885338,617.590659478334
1059.8129999999655,620.3877677454437,617.590659478334
1060.1570000000065,620.385072823319,617.590659478334
1060.5,620.4035854286034,617.590659478334
1060.844000000041,620.4145377182681,617.590659478334
1061.2029999999795,620.419058255997,617.590659478334
1061.5470000000205,620.3990165676478,617.590659478334
1061.875,620.4011724785199,617.590659478334
1062.234999999986,620.3836174273921,617.590659478334
1062.594000000041,620.3647547797527,617.590659478334
1062.9529999999795,620.3623233226002,617.590659478334
1063.2970000000205,620.3599857115568,617.590659478334
1063.625,620.3506468609197,617.590659478334
1063.984999999986,620.3523185324772,617.590659478334
1064.3279999999795,620.3528488875221,617.590659478334
1064.6720000000205,620.3509971076961,617.590659478334
1065.0160000000615,620.3401340648679,617.590659478334
1065.375,620.3423835196381,617.590659478334
1065.719000000041,620.3363940919124,617.590659478334
1066.0629999999655,620.3371052455376,617.590659478334
1066.4070000000065,620.3371313092986,617.590659478334
1066.75,620.338227382886,617.590659478334
1067.094000000041,620.338206408852,617.590659478334
1067.4379999999655,620.3324613160082,617.590659478334
1067.7820000000065,620.3340083689251,617.590659478334
1068.125,620.3280563327099,617.590659478334
1068.484999999986,620.3300824870403,617.590659478334
1068.8279999999795,620.323945300497,617.590659478334
1069.1879999999655,620.323054470926,617.590659478334
1069.5320000000065,620.3328956715565,617.590659478334
1069.875,620.3266593659081,617.590659478334
1070.234999999986,620.3235613905529,617.590659478334
1070.594000000041,620.3303556410225,617.590659478334
1070.9379999999655,620.3238093784745,617.590659478334
1071.2970000000205,620.3314167750431,617.590659478334
1071.6570000000065,620.3260747647367,617.590659478334
1072.0,620.3295802334599,617.590659478334
1072.344000000041,620.3350828848777,617.590659478334
1072.7029999999795,620.3353582496188,617.590659478334
1073.0629999999655,620.3424958943848,617.590659478334
1073.4070000000065,620.333982681832,617.590659478334
1073.75,620.3274930395618,617.590659478334
1074.094000000041,620.3346951435899,617.590659478334
1074.469000000041,620.3276440568295,617.590659478334
1074.8129999999655,620.3187014461491,617.590659478334
1075.1570000000065,620.3140165378242,617.590659478334
1075.5,620.3115287792184,617.590659478334
1075.844000000041,620.3127894626437,617.590659478334
1076.2029999999795,620.3143730315643,617.590659478334
1076.5470000000205,620.3119336452153,617.590659478334
1076.8910000000615,620.3119668535588,617.590659478334
1077.234999999986,620.3052244518715,617.590659478334
1077.594000000041,620.3027181915505,617.590659478334
1077.9379999999655,620.3007160158324,617.590659478334
1078.2820000000065,620.3136229414664,617.590659478334
1078.625,620.3015520716434,617.590659478334
1078.969000000041,620.3060115823121,617.590659478334
1079.3129999999655,620.3022785206488,617.590659478334
1079.6570000000065,620.3059254400998,617.590659478334
1080.0160000000615,620.3068921335292,617.590659478334
1080.359999999986,620.3054965665166,617.590659478334
1080.719000000041,620.3030068303178,617.590659478334
1081.0779999999795,620.3087231242338,617.590659478334
1081.4379999999655,620.3027324033636,617.590659478334
1081.7820000000065,620.300334220919,617.590659478334
1082.1410000000615,620.3043071897097,617.590659478334
1082.484999999986,620.3121411688958,617.590659478334
1082.8279999999795,620.3080998950452,617.590659478334
1083.1879999999655,620.3017142820911,617.590659478334
1083.5320000000065,620.3113307755425,617.590659478334
1083.859999999986,620.3019168197166,617.590659478334
1084.2029999999795,620.301144473004,617.590659478334
1084.5470000000205,620.2996221515859,617.590659478334
1084.8910000000615,620.3041528474331,617.590659478334
1085.234999999986,620.3077899833378,617.590659478334
1085.5779999999795,620.3111303759441,617.590659478334
1085.9070000000065,620.344215783571,617.590659478334
1086.2660000000615,620.3591018698708,617.590659478334
1086.609999999986,620.3739232545806,617.590659478334
1086.9529999999795,620.3747962549324,617.590659478334
1087.2970000000205,620.3781858686975,617.590659478334
1087.625,620.3625179499494,617.590659478334
1087.984999999986,620.3558158468837,617.590659478334
1088.3279999999795,620.349045287991,617.590659478334
1088.6879999999655,620.3546790776744,617.590659478334
1089.0160000000615,620.3464032415297,617.590659478334
1089.375,620.3500086654116,617.590659478334
1089.719000000041,620.3479481168229,617.590659478334
1090.0629999999655,620.3379771452505,617.590659478334
1090.4070000000065,620.3422375168176,617.590659478334
1090.75,620.3405141765912,617.590659478334
1091.094000000041,620.3411157926909,617.590659478334
1091.4379999999655,620.3391851136332,617.590659478334
1091.7820000000065,620.3400205467046,617.590659478334
1092.125,620.3396303597042,617.590659478334
1092.469000000041,620.3468164315092,617.590659478334
1092.8129999999655,620.3279085235247,617.590659478334
1093.1570000000065,620.3423721336669,617.590659478334
1093.5,620.3461080165998,617.590659478334
1093.844000000041,620.3357993479643,617.590659478334
1094.1879999999655,620.3404851257897,617.590659478334
1094.5320000000065,620.333634445389,617.590659478334
1094.875,620.3371933044423,617.590659478334
1095.219000000041,620.3285212466859,617.590659478334
1095.5629999999655,620.3382259971081,617.590659478334
1095.9220000000205,620.3324392763047,617.590659478334
1096.2660000000615,620.3335015796588,617.590659478334
1096.609999999986,620.3272419416519,617.590659478334
1096.9379999999655,620.3294373921999,617.590659478334
1097.2970000000205,620.330755607494,617.590659478334
1097.6410000000615,620.3365127761199,617.590659478334
1097.984999999986,620.3436965667565,617.590659478334
1098.3279999999795,620.3354278682987,617.590659478334
1098.6570000000065,620.3343786623045,617.590659478334
1099.0,620.3352300253192,617.590659478334
1099.344000000041,620.3283981864222,617.590659478334
1099.6879999999655,620.3232845664647,617.590659478334
1100.0160000000615,620.3230432321667,617.590659478334
1100.359999999986,620.3084544198449,617.590659478334
1100.719000000041,620.3113449357746,617.590659478334
1101.0629999999655,620.3128264483524,617.590659478334
1101.4070000000065,620.3064451502546,617.590659478334
1101.75,620.3068465792816,617.590659478334
1102.094000000041,620.3125940928968,617.590659478334
1102.4379999999655,620.302678372606,617.590659478334
1102.7820000000065,620.3064553281143,617.590659478334
1103.125,620.3141465385874,617.590659478334
1103.484999999986,620.3046418171954,617.590659478334
1103.8279999999795,620.3026271160522,617.590659478334
1104.1570000000065,620.3159308153776,617.590659478334
1104.5160000000615,620.3198289567495,617.590659478334
1104.859999999986,620.3320363917095,617.590659478334
1105.219000000041,620.330366478647,617.590659478334
1105.5629999999655,620.335174586718,617.590659478334
1105.9220000000205,620.325489863422,617.590659478334
1106.2660000000615,620.315064401309,617.590659478334
1106.625,620.3144406128371,617.590659478334
1106.984999999986,620.3077658244238,617.590659478334
1107.344000000041,620.3138113548183,617.590659478334
1107.7029999999795,620.3104117118843,617.590659478334
1108.0320000000065,620.3111028803676,617.590659478334
1108.3910000000615,620.3057175479775,617.590659478334
1108.75,620.3083752191819,617.590659478334
1109.094000000041,620.311312740156,617.590659478334
1109.4529999999795,620.3112505777834,617.590659478334
1109.7970000000205,620.3121918971165,617.590659478334
1110.1570000000065,620.308144242619,617.590659478334
1110.5,620.2976544776316,617.590659478334
1110.844000000041,620.3084991397835,617.590659478334
1111.2029999999795,620.3056878088535,617.590659478334
1111.5320000000065,620.3071276663992,617.590659478334
1111.8910000000615,620.3091605616323,617.590659478334
1112.234999999986,620.308261520675,617.590659478334
1112.5629999999655,620.301157611942,617.590659478334
1112.9220000000205,620.3006324975297,617.590659478334
1113.2660000000615,620.314166307342,617.590659478334
1113.625,620.2981631632827,617.590659478334
1113.9529999999795,620.3028641181826,617.590659478334
1114.2970000000205,620.3085968793453,617.590659478334
1114.6570000000065,620.3035647764366,617.590659478334
1114.984999999986,620.3071344472955,617.590659478334
1115.3279999999795,620.3030767583073,617.590659478334
1115.6720000000205,620.3062451783298,617.590659478334
1116.0160000000615,620.3024943603818,617.590659478334
1116.375,620.3016848830905,617.590659478334
1116.7029999999795,620.3087080019552,617.590659478334
1117.0470000000205,620.3044573679464,617.590659478334
1117.3910000000615,620.3049048693881,617.590659478334
1117.734999999986,620.3245300418521,617.590659478334
1118.0779999999795,620.3277876765457,617.590659478334
1118.4220000000205,620.3365716207056,617.590659478334
1118.7660000000615,620.3244312586583,617.590659478334
1119.109999999986,620.3246144997527,617.590659478334
1119.4379999999655,620.3267685127206,617.590659478334
1119.7970000000205,620.3346362849594,617.590659478334
1120.1410000000615,620.3298193551109,617.590659478334
1120.469000000041,620.3286777247306,617.590659478334
1120.8129999999655,620.3240515364105,617.590659478334
1121.1570000000065,620.336783811686,617.590659478334
1121.5,620.3334680711943,617.590659478334
1121.844000000041,620.3264856122285,617.590659478334
1122.1879999999655,620.3344301091525,617.590659478334
1122.5320000000065,620.3377393233527,617.590659478334
1122.8910000000615,620.334893600567,617.590659478334
1123.25,620.3284045986443,617.590659478334
1123.594000000041,620.336465662111,617.590659478334
1123.9379999999655,620.3423037915118,617.590659478334
1124.2660000000615,620.3391917805452,617.590659478334
1124.609999999986,620.3412157269005,617.590659478334
1124.9529999999795,620.3462734675081,617.590659478334
1125.2970000000205,620.3442534772447,617.590659478334
1125.6410000000615,620.3419116103119,617.590659478334
1125.984999999986,620.3453093415507,617.590659478334
1126.3279999999795,620.3410230388193,617.590659478334
1126.6720000000205,620.3467410237191,617.590659478334
1127.0160000000615,620.344475557454,617.590659478334
1127.359999999986,620.3451896177243,617.590659478334
1127.7029999999795,620.3407664591562,617.590659478334
1128.0320000000065,620.3458931457787,617.590659478334
1128.3910000000615,620.3407416846975,617.590659478334
1128.734999999986,620.3524668498941,617.590659478334
1129.0629999999655,620.3576520917482,617.590659478334
1129.4070000000065,620.3458618615073,617.590659478334
1129.75,620.3386360858499,617.590659478334
1130.094000000041,620.3496505353858,617.590659478334
1130.4379999999655,620.3489505002796,617.590659478334
1130.7820000000065,620.3598858537399,617.590659478334
1131.125,620.3612372262819,617.590659478334
1131.469000000041,620.354308984211,617.590659478334
1131.8129999999655,620.3561263147049,617.590659478334
1132.1570000000065,620.3574013073795,617.590659478334
1132.5,620.3492702024929,617.590659478334
1132.859999999986,620.3470329623372,617.590659478334
1133.2029999999795,620.3496942184761,617.590659478334
1133.5470000000205,620.3553291968896,617.590659478334
1133.8910000000615,620.3569730718816,617.590659478334
1134.234999999986,620.3512252738963,617.590659478334
1134.5779999999795,620.3505979464827,617.590659478334
1134.9220000000205,620.3553954456414,617.590659478334
1135.2660000000615,620.3531179109584,617.590659478334
1135.609999999986,620.3612509975053,617.590659478334
1135.9529999999795,620.3554729296732,617.590659478334
1136.2820000000065,620.35738460209,617.590659478334
1136.625,620.3622023109941,617.590659478334
1136.969000000041,620.3570886019526,617.590659478334
1137.3279999999795,620.3488354262201,617.590659478334
1137.6570000000065,620.3518024747814,617.590659478334
1138.0,620.3612024903813,617.590659478334
1138.344000000041,620.3542465089776,617.590659478334
1138.6879999999655,620.358896327195,617.590659478334
1139.0320000000065,620.3575768019489,617.590659478334
1139.375,620.3599553866237,617.590659478334
1139.719000000041,620.3569263299454,617.590659478334
1140.0779999999795,620.365271432238,617.590659478334
1140.4220000000205,620.3588312927342,617.590659478334
1140.7660000000615,620.3558778652532,617.590659478334
1141.109999999986,620.3612076204851,617.590659478334
1141.4529999999795,620.3545991235326,617.590659478334
1141.8129999999655,620.366943884099,617.590659478334
1142.1570000000065,620.3708444549753,617.590659478334
1142.5,620.3672066195381,617.590659478334
1142.844000000041,620.3642763697833,617.590659478334
1143.1879999999655,620.3699278266982,617.590659478334
1143.5160000000615,620.3669743410871,617.590659478334
1143.875,620.3713105368182,617.590659478334
1144.219000000041,620.3728614711794,617.590659478334
1144.5629999999655,620.3632514263704,617.590659478334
1144.9070000000065,620.3649471405405,617.590659478334
1145.25,620.3670665324171,617.590659478334
1145.594000000041,620.3636303198248,617.590659478334
1145.9379999999655,620.3693702131718,617.590659478334
1146.2820000000065,620.3730773047042,617.590659478334
1146.625,620.3677122581759,617.590659478334
1146.984999999986,620.3753088291215,617.590659478334
1147.3129999999655,620.3727297611995,617.590659478334
1147.6720000000205,620.3714592411958,617.590659478334
1148.0160000000615,620.3709471726028,617.590659478334
1148.344000000041,620.372627773763,617.590659478334
1148.7029999999795,620.3799980464792,617.590659478334
1149.0470000000205,620.3767146151166,617.590659478334
1149.375,620.3801157289153,617.590659478334
1149.719000000041,620.3750637257963,617.590659478334
1150.0629999999655,620.3732522716681,617.590659478334
1150.4070000000065,620.3712539684072,617.590659478334
1150.734999999986,620.3796393080479,617.590659478334
1151.094000000041,620.3698893095084,617.590659478334
1151.4379999999655,620.3665614821012,617.590659478334
1151.7660000000615,620.3715566376281,617.590659478334
1152.125,620.3741489243172,617.590659478334
1152.469000000041,620.3755882755883,617.590659478334
1152.8129999999655,620.3747083875126,617.590659478334
1153.1570000000065,620.3741606660963,617.590659478334
1153.5160000000615,620.3688839407324,617.590659478334
1153.859999999986,620.3839552387337,617.590659478334
1154.2029999999795,620.374983059266,617.590659478334
1154.5470000000205,620.3745860319939,617.590659478334
1154.8910000000615,620.3808542257404,617.590659478334
1155.234999999986,620.3764221703819,617.590659478334
1155.5779999999795,620.3752138392117,617.590659478334
1155.9220000000205,620.3863278646232,617.590659478334
1156.2660000000615,620.3802037015854,617.590659478334
1156.625,620.3774141490057,617.590659478334
1156.969000000041,620.3744869009323,617.590659478334
1157.3129999999655,620.3743395543441,617.590659478334
1157.6570000000065,620.3788669231448,617.590659478334
1158.0,620.3839105624912,617.590659478334
1158.344000000041,620.3822824059808,617.590659478334
1158.7029999999795,620.3791825502038,617.590659478334
1159.0320000000065,620.3858270884917,617.590659478334
1159.3910000000615,620.3712219358762,617.590659478334
1159.734999999986,620.383880663051,617.590659478334
1160.0779999999795,620.3812460440071,617.590659478334
1160.4220000000205,620.3843533933914,617.590659478334
1160.7660000000615,620.3807882226918,617.590659478334
1161.109999999986,620.3837584431723,617.590659478334
1161.4529999999795,620.3780262748722,617.590659478334
1161.7970000000205,620.3811880245084,617.590659478334
1162.1410000000615,620.3822545229539,617.590659478334
1162.5,620.3933900648431,617.590659478334
1162.844000000041,620.3823977440246,617.590659478334
1163.1879999999655,620.3815941369907,617.590659478334
1163.5320000000065,620.3866549146708,617.590659478334
1163.8910000000615,620.3849839492217,617.590659478334
1164.234999999986,620.380369482737,617.590659478334
1164.5779999999795,620.3804558529813,617.590659478334
1164.9379999999655,620.3798535447597,617.590659478334
1165.2820000000065,620.3799778966388,617.590659478334
1165.6410000000615,620.3909427025964,617.590659478334
1165.984999999986,620.3781236433731,617.590659478334
1166.3279999999795,620.388989001367,617.590659478334
1166.6720000000205,620.3882855126215,617.590659478334
1167.0320000000065,620.3933332134641,617.590659478334
1167.375,620.3927545793557,617.590659478334
1167.734999999986,620.3899649648813,617.590659478334
1168.0779999999795,620.3913054698153,617.590659478334
1168.4379999999655,620.3863537463004,617.590659478334
1168.7970000000205,620.3783972434775,617.590659478334
1169.125,620.392457960156,617.590659478334
1169.469000000041,620.3881661745431,617.590659478334
1169.8129999999655,620.3832781806606,617.590659478334
1170.1720000000205,620.3882840414974,617.590659478334
1170.5320000000065,620.3876261056791,617.590659478334
1170.875,620.3937489793254,617.590659478334
1171.2029999999795,620.385901388816,617.590659478334
1171.5470000000205,620.3969769184622,617.590659478334
1171.8910000000615,620.3977900548991,617.590659478334
1172.234999999986,620.3907296124228,617.590659478334
1172.5779999999795,620.3942939975955,617.590659478334
1172.9220000000205,620.3870078129962,617.590659478334
1173.2660000000615,620.3943868693441,617.590659478334
1173.609999999986,620.3941529308595,617.590659478334
1173.9529999999795,620.3929634452661,617.590659478334
1174.2970000000205,620.3849370125139,617.590659478334
1174.6570000000065,620.3962618413143,617.590659478334
1175.0,620.3864758623051,617.590659478334
1175.344000000041,620.3922651481672,617.590659478334
1175.6879999999655,620.3861486762124,617.590659478334
1176.0320000000065,620.3972393035284,617.590659478334
1176.3910000000615,620.3997366382681,617.590659478334
1176.734999999986,620.3943685402558,617.590659478334
1177.0779999999795,620.3907961565629,617.590659478334
1177.4379999999655,620.4011928317358,617.590659478334
1177.7820000000065,620.4016894539039,617.590659478334
1178.125,620.3968018552266,617.590659478334
1178.469000000041,620.3946144638713,617.590659478334
1178.8129999999655,620.395960828583,617.590659478334
1179.1720000000205,620.3878831272913,617.590659478334
1179.5160000000615,620.4028085019422,617.590659478334
1179.859999999986,620.3979437019957,617.590659478334
1180.219000000041,620.3956964039814,617.590659478334
1180.5629999999655,620.3901458555771,617.590659478334
1180.9070000000065,620.3953299227858,617.590659478334
1181.25,620.3960165917355,617.590659478334
1181.594000000041,620.3977379299512,617.590659478334
1181.9379999999655,620.4011653905593,617.590659478334
1182.2820000000065,620.4041537336649,617.590659478334
1182.6410000000615,620.3906407914233,617.590659478334
1182.984999999986,620.4012959892885,617.590659478334
1183.3129999999655,620.4021652307592,617.590659478334
1183.6720000000205,620.389419947527,617.590659478334
1184.0160000000615,620.3978204872445,617.590659478334
1184.359999999986,620.3946864511641,617.590659478334
1184.719000000041,620.3973031027493,617.590659478334
1185.0470000000205,620.3988944625066,617.590659478334
1185.4070000000065,620.4119736790599,617.590659478334
1185.75,620.4205309305652,617.590659478334
1186.094000000041,620.4255678698185,617.590659478334
1186.4379999999655,620.4285180510781,617.590659478334
1186.7820000000065,620.431204241994,617.590659478334
1187.125,620.4308638363007,617.590659478334
1187.469000000041,620.4199715099442,617.590659478334
1187.8129999999655,620.4285935179989,617.590659478334
1188.1720000000205,620.4166186799619,617.590659478334
1188.5160000000615,620.4083262958037,617.590659478334
1188.859999999986,620.4101321465529,617.590659478334
1189.2029999999795,620.4037310829622,617.590659478334
1189.5470000000205,620.4104334048131,617.590659478334
1189.8910000000615,620.4074713639438,617.590659478334
1190.234999999986,620.3966716866884,617.590659478334
1190.5779999999795,620.3996784204928,617.590659478334
1190.9220000000205,620.40181968655,617.590659478334
1191.2660000000615,620.3966897089753,617.590659478334
1191.609999999986,620.3984517265267,617.590659478334
1191.9529999999795,620.3972517349347,617.590659478334
1192.2970000000205,620.4059321949932,617.590659478334
1192.625,620.4011525461428,617.590659478334
1192.984999999986,620.4003568353021,617.590659478334
1193.344000000041,620.3956694077792,617.590659478334
1193.6879999999655,620.3990979799408,617.590659478334
1194.0320000000065,620.3983517459312,617.590659478334
1194.4379999999655,620.3914304729332,617.590659478334
1194.8129999999655,620.3971105466738,617.590659478334
1195.1570000000065,620.3939840080983,617.590659478334
1195.5,620.3976976948135,617.590659478334
1195.844000000041,620.392148568563,617.590659478334
1196.1879999999655,620.4008589778555,617.590659478334
1196.5470000000205,620.3981431050966,617.590659478334
1196.8910000000615,620.3957331072187,617.590659478334
1197.219000000041,620.3978672761564,617.590659478334
1197.5779999999795,620.3998314338445,617.590659478334
1197.9220000000205,620.392260034765,617.590659478334
1198.2660000000615,620.3932610844694,617.590659478334
1198.609999999986,620.3934011773596,617.590659478334
1198.969000000041,620.3926194878591,617.590659478334
1199.3129999999655,620.3939229977691,617.590659478334
1199.6570000000065,620.3903173336383,617.590659478334
1200.0,620.3989050902596,617.590659478334
1200.359999999986,620.3946533268091,617.590659478334
1200.719000000041,620.3922194336841,617.590659478334
1201.0629999999655,620.3917824601051,617.590659478334
1201.4220000000205,620.3882311106203,617.590659478334
1201.7660000000615,620.3945756036139,617.590659478334
1202.125,620.3981664190989,617.590659478334
1202.484999999986,620.3933193686751,617.590659478334
1202.844000000041,620.3925074817025,617.590659478334
1203.1879999999655,620.398886284209,617.590659478334
1203.5470000000205,620.3982848735582,617.590659478334
1203.8910000000615,620.3998940264588,617.590659478334
1204.25,620.3936244326221,617.590659478334
1204.609999999986,620.392029990654,617.590659478334
1204.9529999999795,620.3918556392052,617.590659478334
1205.3129999999655,620.3841337589449,617.590659478334
1205.6570000000065,620.3916026242657,617.590659478334
1206.0160000000615,620.3947081947134,617.590659478334
1206.375,620.3946187001179,617.590659478334
1206.734999999986,620.394787406504,617.590659478334
1207.0779999999795,620.3869942824222,617.590659478334
1207.4220000000205,620.3961429879334,617.590659478334
1207.7660000000615,620.3994929633055,617.590659478334
1208.125,620.3911630729516,617.590659478334
1208.469000000041,620.4009405874212,617.590659478334
1208.8129999999655,620.3884480496416,617.590659478334
1209.1410000000615,620.3973790279733,617.590659478334
1209.484999999986,620.390809423651,617.590659478334
1209.8279999999795,620.3984782082399,617.590659478334
1210.1720000000205,620.393169498414,617.590659478334
1210.5320000000065,620.3967500071111,617.590659478334
1210.859999999986,620.3949112176407,617.590659478334
1211.219000000041,620.3857819639752,617.590659478334
1211.5470000000205,620.3894957584832,617.590659478334
1211.8910000000615,620.3829456841474,617.590659478334
1212.25,620.3940262141631,617.590659478334
1212.594000000041,620.3933244722417,617.590659478334
1212.9379999999655,620.3932245585363,617.590659478334
1213.2970000000205,620.3951095744712,617.590659478334
1213.6410000000615,620.3919691746327,617.590659478334
1213.984999999986,620.399887118851,617.590659478334
1214.3279999999795,620.3896725391786,617.590659478334
1214.6879999999655,620.3927694922726,617.590659478334
1215.0320000000065,620.3872210461174,617.590659478334
1215.3910000000615,620.3932825201261,617.590659478334
1215.734999999986,620.4007057348981,617.590659478334
1216.0779999999795,620.3858791315865,617.590659478334
1216.4379999999655,620.3891151017444,617.590659478334
1216.7820000000065,620.3944798865073,617.590659478334
1217.109999999986,620.3968851834367,617.590659478334
1217.4529999999795,620.4032403015888,617.590659478334
1217.8129999999655,620.3939291068872,617.590659478334
1218.1570000000065,620.3951186118561,617.590659478334
1218.5160000000615,620.3844365557577,617.590659478334
1218.859999999986,620.3937087053886,617.590659478334
1219.1879999999655,620.3934349575361,617.590659478334
1219.5470000000205,620.388378637275,617.590659478334
1219.875,620.389121217656,617.590659478334
1220.219000000041,620.3871113635448,617.590659478334
1220.5629999999655,620.3922435807686,617.590659478334
1220.9070000000065,620.3957743106453,617.590659478334
1221.2660000000615,620.3865588249398,617.590659478334
1221.594000000041,620.3908302310392,617.590659478334
1221.9379999999655,620.3937352143948,617.590659478334
1222.2820000000065,620.3924960368588,617.590659478334
1222.625,620.3908061795468,617.590659478334
1222.969000000041,620.3911441386509,617.590659478334
1223.3129999999655,620.3922205725092,617.590659478334
1223.6570000000065,620.4019239708526,617.590659478334
1224.0,620.3914280335239,617.590659478334
1224.344000000041,620.3927405737832,617.590659478334
1224.6879999999655,620.3980386967206,617.590659478334
1225.0320000000065,620.3911866817888,617.590659478334
1225.359999999986,620.3901672061669,617.590659478334
1225.719000000041,620.3903962694966,617.590659478334
1226.0779999999795,620.4000244371916,617.590659478334
1226.4220000000205,620.3941072969704,617.590659478334
1226.7820000000065,620.4024133197408,617.590659478334
1227.125,620.3932640515696,617.590659478334
1227.469000000041,620.392218382689,617.590659478334
1227.8279999999795,620.3922573572279,617.590659478334
1228.1720000000205,620.3865828310442,617.590659478334
1228.5320000000065,620.393335935468,617.590659478334
1228.875,620.39194158707,617.590659478334
1229.234999999986,620.3922203992959,617.590659478334
1229.5779999999795,620.3943151721049,617.590659478334
1229.9220000000205,620.3868804707402,617.590659478334
1230.2820000000065,620.3976312272853,617.590659478334
1230.609999999986,620.3954195471159,617.590659478334
1230.9529999999795,620.3914824841318,617.590659478334
1231.2970000000205,620.397861196163,617.590659478334
1231.625,620.3877161441013,617.590659478334
1231.969000000041,620.3888787306176,617.590659478334
1232.3129999999655,620.3916269296716,617.590659478334
1232.6570000000065,620.4010835376056,617.590659478334
1233.0160000000615,620.3921124512428,617.590659478334
1233.344000000041,620.3921523627897,617.590659478334
1233.6879999999655,620.3879833083671,617.590659478334
1234.0320000000065,620.3865248699573,617.590659478334
1234.3910000000615,620.3850709545391,617.590659478334
1234.719000000041,620.3949910281116,617.590659478334
1235.0629999999655,620.3896938651646,617.590659478334
1235.4070000000065,620.4002947349402,617.590659478334
1235.75,620.3837315670253,617.590659478334
1236.094000000041,620.3938132666789,617.590659478334
1236.4379999999655,620.3894390060628,617.590659478334
1236.7970000000205,620.3889708532959,617.590659478334
1237.1410000000615,620.4006299537317,617.590659478334
1237.484999999986,620.3958074393317,617.590659478334
1237.8279999999795,620.3852002764618,617.590659478334
1238.1720000000205,620.3912081223928,617.590659478334
1238.5160000000615,620.393695826233,617.590659478334
1238.844000000041,620.3929515050711,617.590659478334
1239.1879999999655,620.382979537461,617.590659478334
1239.5470000000205,620.3938153815025,617.590659478334
1239.875,620.3913511407033,617.590659478334
1240.219000000041,620.3883780217242,617.590659478334
1240.5629999999655,620.3896077228724,617.590659478334
1240.9070000000065,620.3865967381494,617.590659478334
1241.25,620.3999810718457,617.590659478334
1241.594000000041,620.3860251057982,617.590659478334
1241.9379999999655,620.3922600525135,617.590659478334
1242.2820000000065,620.3876404369732,617.590659478334
1242.625,620.391801724914,617.590659478334
1242.969000000041,620.3971999798433,617.590659478334
1243.3129999999655,620.3888644951887,617.590659478334
1243.6570000000065,620.3893096542586,617.590659478334
1244.0,620.3957977816199,617.590659478334
1244.3279999999795,620.3910634255524,617.590659478334
1244.6879999999655,620.3910915674232,617.590659478334
1245.0320000000065,620.4025912068429,617.590659478334
1245.375,620.4013796050666,617.590659478334
1245.719000000041,620.3975724656786,617.590659478334
1246.0629999999655,620.3990885494311,617.590659478334
1246.4070000000065,620.390563102762,617.590659478334
1246.75,620.3919486008244,617.590659478334
1247.094000000041,620.393938819372,617.590659478334
1247.4379999999655,620.390809996496,617.590659478334
1247.7660000000615,620.3989388079038,617.590659478334
1248.109999999986,620.4166953032259,617.590659478334
1248.4529999999795,620.4201844507768,617.590659478334
1248.7970000000205,620.4048335321454,617.590659478334
1249.125,620.4031372475667,617.590659478334
1249.469000000041,620.3909872995365,617.590659478334
1249.8279999999795,620.3820474232729,617.590659478334
1250.1720000000205,620.3642893630001,617.590659478334
1250.5160000000615,620.3597629593786,617.590659478334
1250.859999999986,620.3572482195559,617.590659478334
1251.2029999999795,620.3518536511244,617.590659478334
1251.5320000000065,620.350788327696,617.590659478334
1251.8910000000615,620.3405933283674,617.590659478334
1252.234999999986,620.3498929953176,617.590659478334
1252.594000000041,620.3423959898141,617.590659478334
1252.9379999999655,620.3460853555466,617.590659478334
1253.2660000000615,620.3418495396978,617.590659478334
1253.625,620.3389500238409,617.590659478334
1253.9529999999795,620.3374872669208,617.590659478334
1254.2970000000205,620.3298965282368,617.590659478334
1254.6570000000065,620.3388646778276,617.590659478334
1255.0,620.3340345999333,617.590659478334
1255.344000000041,620.3406221315496,617.590659478334
1255.6879999999655,620.3368569053254,617.590659478334
1256.0320000000065,620.3374364550235,617.590659478334
1256.359999999986,620.3353207859384,617.590659478334
1256.7029999999795,620.3367386535894,617.590659478334
1257.0779999999795,620.3326281039929,617.590659478334
1257.4070000000065,620.3319539435197,617.590659478334
1257.75,620.3297800611136,617.590659478334
1258.094000000041,620.3301645258206,617.590659478334
1258.4379999999655,620.3262406164124,617.590659478334
1258.7820000000065,620.3390319842994,617.590659478334
1259.1410000000615,620.3293942631839,617.590659478334
1259.469000000041,620.3269528049811,617.590659478334
1259.8279999999795,620.325476658696,617.590659478334
1260.1570000000065,620.3269671949046,617.590659478334
1260.5160000000615,620.3530456809835,617.590659478334
1260.859999999986,620.340990730966,617.590659478334
1261.219000000041,620.3328155723016,617.590659478334
1261.5779999999795,620.3290989089783,617.590659478334
1261.9379999999655,620.3337596098033,617.590659478334
1262.2820000000065,620.323636538817,617.590659478334
1262.6410000000615,620.3105108102973,617.590659478334
1262.984999999986,620.3153844581046,617.590659478334
1263.344000000041,620.3087483403708,617.590659478334
1263.6879999999655,620.3111833438815,617.590659478334
1264.0470000000205,620.3173111044289,617.590659478334
1264.3910000000615,620.3066690343562,617.590659478334
1264.75,620.3128262001661,617.590659478334
1265.0779999999795,620.3053524644919,617.590659478334
1265.4379999999655,620.3087773054916,617.590659478334
1265.7820000000065,620.3082191332192,617.590659478334
1266.125,620.3091429852859,617.590659478334
1266.5,620.3085794001425,617.590659478334
1266.844000000041,620.301640261163,617.590659478334
1267.1879999999655,620.3106950440969,617.590659478334
1267.5320000000065,620.3025492660264,617.590659478334
1267.859999999986,620.3115252167878,617.590659478334
1268.2029999999795,620.3064803121229,617.590659478334
1268.5470000000205,620.3074574577201,617.590659478334
1268.8910000000615,620.3092378441827,617.590659478334
1269.234999999986,620.3136423149932,617.590659478334
1269.5629999999655,620.3114972142006,617.590659478334
1269.9070000000065,620.2960335938557,617.590659478334
1270.2660000000615,620.3012302974639,617.590659478334
1270.609999999986,620.3083721408096,617.590659478334
1270.9529999999795,620.3067154477075,617.590659478334
1271.2970000000205,620.3068162117003,617.590659478334
1271.6410000000615,620.3004850534979,617.590659478334
1272.0,620.3117661246948,617.590659478334
1272.344000000041,620.3063310838916,617.590659478334
1272.6879999999655,620.3068640082138,617.590659478334
1273.0320000000065,620.3168135404925,617.590659478334
1273.3910000000615,620.3497114603899,617.590659478334
1273.734999999986,620.3675917287896,617.590659478334
1274.094000000041,620.3740522872992,617.590659478334
1274.4379999999655,620.3814737727658,617.590659478334
1274.7970000000205,620.3789927688929,617.590659478334
1275.1410000000615,620.3660222655518,617.590659478334
1275.5160000000615,620.3530210032219,617.590659478334
1275.859999999986,620.3478390409545,617.590659478334
1276.2029999999795,620.3535908560457,617.590659478334
1276.5629999999655,620.3423665029177,617.590659478334
1276.9220000000205,620.3487941958216,617.590659478334
1277.2660000000615,620.3528656543753,617.590659478334
1277.625,620.3499763146416,617.590659478334
1277.969000000041,620.349038283214,617.590659478334
1278.3279999999795,620.3484434116085,617.590659478334
1278.6720000000205,620.3401779166551,617.590659478334
1279.0160000000615,620.3353775402667,617.590659478334
1279.359999999986,620.342592254204,617.590659478334
1279.7029999999795,620.3383264798771,617.590659478334
1280.0470000000205,620.3405506478656,617.590659478334
1280.3910000000615,620.3326137722789,617.590659478334
1280.734999999986,620.3436009403679,617.590659478334
1281.0779999999795,620.3461080414148,617.590659478334
1281.4379999999655,620.3458069067326,617.590659478334
1281.7820000000065,620.3293734544787,617.590659478334
1282.125,620.336408810829,617.590659478334
1282.469000000041,620.3357593161988,617.590659478334
1282.8129999999655,620.3416331094155,617.590659478334
1283.1720000000205,620.3317011007181,617.590659478334
1283.5160000000615,620.3319323016663,617.590659478334
1283.875,620.336351140442,617.590659478334
1284.219000000041,620.3346827030133,617.590659478334
1284.5629999999655,620.3356119601285,617.590659478334
1284.9220000000205,620.3312610510699,617.590659478334
1285.2660000000615,620.346558969141,617.590659478334
1285.625,620.3606709799283,617.590659478334
1285.969000000041,620.3392360590191,617.590659478334
1286.3279999999795,620.3376144499418,617.590659478334
1286.6720000000205,620.3404921505952,617.590659478334
1287.0320000000065,620.3297955268089,617.590659478334
1287.3910000000615,620.3249756871728,617.590659478334
1287.734999999986,620.3267425524259,617.590659478334
1288.094000000041,620.3102511298372,617.590659478334
1288.4379999999655,620.3145836807317,617.590659478334
1288.8129999999655,620.3026371587845,617.590659478334
1289.1720000000205,620.3122395926639,617.590659478334
1289.5160000000615,620.3183910445077,617.590659478334
1289.859999999986,620.3081895524605,617.590659478334
1290.219000000041,620.3112002179932,617.590659478334
1290.5629999999655,620.3047063378541,617.590659478334
1290.9070000000065,620.311999401497,617.590659478334
1291.25,620.3041616420555,617.590659478334
1291.609999999986,620.3101287450177,617.590659478334
1291.9529999999795,620.3079442538761,617.590659478334
1292.2970000000205,620.3242845163345,617.590659478334
1292.6410000000615,620.3277395668584,617.590659478334
1292.984999999986,620.3308723981983,617.590659478334
1293.3279999999795,620.327424013528,617.590659478334
1293.6720000000205,620.3314116039043,617.590659478334
1294.0320000000065,620.3200892645642,617.590659478334
1294.375,620.3193494114233,617.590659478334
1294.719000000041,620.3135859260727,617.590659478334
1295.0629999999655,620.3197471444252,617.590659478334
1295.4070000000065,620.320737889329,617.590659478334
1295.75,620.3065043700847,617.590659478334
1296.109999999986,620.3137145516482,617.590659478334
1296.4529999999795,620.3215676797927,617.590659478334
1296.7970000000205,620.3065532960024,617.590659478334
1297.1410000000615,620.3146627239533,617.590659478334
1297.5,620.3062802635582,617.590659478334
1297.8279999999795,620.3138656079755,617.590659478334
1298.1879999999655,620.3128276066383,617.590659478334
1298.5320000000065,620.3043723782399,617.590659478334
1298.875,620.3056576852182,617.590659478334
1299.219000000041,620.3008510516736,617.590659478334
1299.5629999999655,620.2982759085003,617.590659478334
1299.9220000000205,620.3143298561589,617.590659478334
1300.2660000000615,620.2988854487292,617.590659478334
1300.609999999986,620.3093096791972,617.590659478334
1300.9529999999795,620.2982760849468,617.590659478334
1301.2970000000205,620.3100465297589,617.590659478334
1301.6410000000615,620.3114404773263,617.590659478334
1301.984999999986,620.3105391877915,617.590659478334
1302.3279999999795,620.3035852128079,617.590659478334
1302.7029999999795,620.3066331718,617.590659478334
1303.0470000000205,620.3065791456155,617.590659478334
1303.3910000000615,620.3074843460992,617.590659478334
1303.734999999986,620.3045999976694,617.590659478334
1304.0779999999795,620.2969479622271,617.590659478334
1304.4220000000205,620.3047965421907,617.590659478334
1304.7660000000615,620.3008059165553,617.590659478334
1305.109999999986,620.3070746719189,617.590659478334
1305.4529999999795,620.3052776426058,617.590659478334
1305.7970000000205,620.3130277230854,617.590659478334
1306.1410000000615,620.304560858284,617.590659478334
1306.5,620.3092001998182,617.590659478334
1306.844000000041,620.3106427269278,617.590659478334
1307.1879999999655,620.3040103346868,617.590659478334
1307.5320000000065,620.3136682074764,617.590659478334
1307.8910000000615,620.3021356841684,617.590659478334
1308.234999999986,620.3131248783512,617.590659478334
1308.594000000041,620.3101223976498,617.590659478334
1308.9529999999795,620.3053852882541,617.590659478334
1309.2970000000205,620.2987344448189,617.590659478334
1309.6410000000615,620.3043291101411,617.590659478334
1310.0,620.3013631750183,617.590659478334
1310.344000000041,620.3040700148633,617.590659478334
1310.7029999999795,620.3028237312934,617.590659478334
1311.0629999999655,620.2959583960169,617.590659478334
1311.4220000000205,620.298814362617,617.590659478334
1311.7660000000615,620.2945059678952,617.590659478334
1312.109999999986,620.2969269405478,617.590659478334
1312.469000000041,620.3067822770162,617.590659478334
1312.8279999999795,620.3004768888366,617.590659478334
1313.1570000000065,620.3072928934646,617.590659478334
1313.5160000000615,620.3068963390645,617.590659478334
1313.859999999986,620.303133951142,617.590659478334
1314.219000000041,620.3008137460422,617.590659478334
1314.5629999999655,620.3006925561637,617.590659478334
1314.9070000000065,620.3080729957371,617.590659478334
1315.25,620.3043605793442,617.590659478334
1315.594000000041,620.3047918196073,617.590659478334
1315.9379999999655,620.3020923903937,617.590659478334
1316.2820000000065,620.2959879433888,617.590659478334
1316.625,620.306978882953,617.590659478334
1316.969000000041,620.3071271467256,617.590659478334
1317.3129999999655,620.3060791391113,617.590659478334
1317.6570000000065,620.3120462334905,617.590659478334
1318.0,620.2991041123003,617.590659478334
1318.344000000041,620.2947033973959,617.590659478334
1318.6879999999655,620.2992928772794,617.590659478334
1319.0320000000065,620.3008885895945,617.590659478334
1319.375,620.2965966628617,617.590659478334
1319.734999999986,620.3016672207178,617.590659478334
1320.0779999999795,620.2951676144984,617.590659478334
1320.4070000000065,620.299946098379,617.590659478334
1320.7660000000615,620.3005749286286,617.590659478334
1321.109999999986,620.2992755217258,617.590659478334
1321.4529999999795,620.2955780824175,617.590659478334
1321.8129999999655,620.2958591637943,617.590659478334
1322.1570000000065,620.300432714414,617.590659478334
1322.5160000000615,620.3035133545992,617.590659478334
1322.875,620.2947668707158,617.590659478334
1323.219000000041,620.2989561903394,617.590659478334
1323.5779999999795,620.3033774059793,617.590659478334
1323.9220000000205,620.2982527466768,617.590659478334
1324.2820000000065,620.3045043259938,617.590659478334
1324.6410000000615,620.2974990418494,617.590659478334
1324.984999999986,620.3009877506059,617.590659478334
1325.3279999999795,620.2985945919867,617.590659478334
1325.6879999999655,620.304808734943,617.590659478334
1326.0320000000065,620.2961691042551,617.590659478334
1326.469000000041,620.3056718160298,617.590659478334
1326.8129999999655,620.2977310668467,617.590659478334
1327.1570000000065,620.3076640189227,617.590659478334
1327.5,620.3022638149597,617.590659478334
1327.844000000041,620.2961317592315,617.590659478334
1328.1879999999655,620.293824910845,617.590659478334
1328.5470000000205,620.2999572561555,617.590659478334
1328.875,620.2933109360542,617.590659478334
1329.234999999986,620.3027679331321,617.590659478334
1329.5629999999655,620.2985751027846,617.590659478334
1329.9220000000205,620.2961574169825,617.590659478334
1330.2660000000615,620.2920444588262,617.590659478334
1330.594000000041,620.3116591799057,617.590659478334
1330.9529999999795,620.2896439452957,617.590659478334
1331.2970000000205,620.2972484364558,617.590659478334
1331.6410000000615,620.3036198168084,617.590659478334
1331.984999999986,620.3011282249925,617.590659478334
1332.344000000041,620.2961402527436,617.590659478334
1332.6879999999655,620.3072865162883,617.590659478334
1333.0320000000065,620.3030200021105,617.590659478334
1333.375,620.3100422357802,617.590659478334
1333.734999999986,620.3017157938438,617.590659478334
1334.0779999999795,620.3027429481027,617.590659478334
1334.4220000000205,620.3018375820095,617.590659478334
1334.7820000000065,620.3002436513699,617.590659478334
1335.125,620.30188478288,617.590659478334
1335.484999999986,620.3055445434327,617.590659478334
1335.8279999999795,620.2918201284964,617.590659478334
1336.1720000000205,620.2939960280471,617.590659478334
1336.5320000000065,620.2979124482147,617.590659478334
1336.875,620.2966631515266,617.590659478334
1337.219000000041,620.2960359119983,617.590659478334
1337.5779999999795,620.3015598913821,617.590659478334
1337.9220000000205,620.2994446037985,617.590659478334
1338.2660000000615,620.2941879211331,617.590659478334
1338.625,620.2975249520947,617.590659478334
1338.969000000041,620.3032974812727,617.590659478334
1339.3129999999655,620.2940863371753,617.590659478334
1339.6570000000065,620.3009850199802,617.590659478334
1340.0,620.2964632668471,617.590659478334
1340.359999999986,620.2973937425021,617.590659478334
1340.7029999999795,620.3030172378586,617.590659478334
1341.0470000000205,620.3007137380771,617.590659478334
1341.3910000000615,620.2972044472897,617.590659478334
1341.734999999986,620.2894974445059,617.590659478334
1342.0629999999655,620.3018615990596,617.590659478334
1342.4070000000065,620.2959028273715,617.590659478334
1342.7970000000205,620.2918372603061,617.590659478334
1343.125,620.2996815104749,617.590659478334
1343.484999999986,620.2990004924046,617.590659478334
1343.8279999999795,620.2923524856436,617.590659478334
1344.1720000000205,620.2994719571236,617.590659478334
1344.5160000000615,620.3014106699619,617.590659478334
1344.859999999986,620.2892353012038,617.590659478334
1345.2029999999795,620.3037164775292,617.590659478334
1345.5470000000205,620.3014600174569,617.590659478334
1345.8910000000615,620.2965135445053,617.590659478334
1346.234999999986,620.2843675018011,617.590659478334
1346.5779999999795,620.3018918540919,617.590659478334
1346.9220000000205,620.2901728535751,617.590659478334
1347.2660000000615,620.2903044993851,617.590659478334
1347.609999999986,620.295973105042,617.590659478334
1347.9529999999795,620.2867309266784,617.590659478334
1348.2970000000205,620.2972655642243,617.590659478334
1348.6410000000615,620.2993712361044,617.590659478334
1348.969000000041,620.3018683440065,617.590659478334
1349.3279999999795,620.2943246853321,617.590659478334
1349.6570000000065,620.2924802868649,617.590659478334
1350.0,620.2876861165348,617.590659478334
1350.344000000041,620.2925721664244,617.590659478334
1350.7029999999795,620.2984438589385,617.590659478334
1351.0470000000205,620.2983730385872,617.590659478334
1351.3910000000615,620.2995408860307,617.590659478334
1351.734999999986,620.2965076203393,617.590659478334
1352.0629999999655,620.296514660002,617.590659478334
1352.4220000000205,620.2961271545608,617.590659478334
1352.75,620.2909944941462,617.590659478334
1353.094000000041,620.303189982461,617.590659478334
1353.4379999999655,620.2941657055446,617.590659478334
1353.7970000000205,620.3005276701123,617.590659478334
1354.1410000000615,620.304645511884,617.590659478334
1354.469000000041,620.2989315526333,617.590659478334
1354.8129999999655,620.2967249425064,617.590659478334
1355.1570000000065,620.2969500528,617.590659478334
1355.5,620.3009685616313,617.590659478334
1355.844000000041,620.3008117773691,617.590659478334
1356.1879999999655,620.299651855813,617.590659478334
1356.5320000000065,620.2890922784932,617.590659478334
1356.859999999986,620.2942418441445,617.590659478334
1357.219000000041,620.2894951159857,617.590659478334
1357.5629999999655,620.2937863268784,617.590659478334
1357.9070000000065,620.3037360458779,617.590659478334
1358.25,620.2956914404082,617.590659478334
1358.594000000041,620.2997542861909,617.590659478334
1358.9529999999795,620.3039754835572,617.590659478334
1359.2820000000065,620.2990346291048,617.590659478334
1359.625,620.296171914737,617.590659478334
1359.969000000041,620.2989308201368,617.590659478334
1360.3129999999655,620.3012373659415,617.590659478334
1360.6570000000065,620.2928955728041,617.590659478334
1361.0,620.2945749011341,617.590659478334
1361.344000000041,620.2955822789598,617.590659478334
1361.6879999999655,620.2951475558604,617.590659478334
1362.0320000000065,620.2891581709981,617.590659478334
1362.4529999999795,620.2930227089557,617.590659478334
1362.8129999999655,620.304660150277,617.590659478334
1363.1720000000205,620.2896273196562,617.590659478334
1363.5160000000615,620.2963540311642,617.590659478334
1363.859999999986,620.2984455014713,617.590659478334
1364.2029999999795,620.3014418110583,617.590659478334
1364.5629999999655,620.2911059841427,617.590659478334
1364.9070000000065,620.3029863887363,617.590659478334
1365.25,620.2965403483698,617.590659478334
1365.594000000041,620.2981611460805,617.590659478334
1365.9379999999655,620.2943228838824,617.590659478334
1366.2820000000065,620.296585601346,617.590659478334
1366.625,620.2933624125616,617.590659478334
1366.969000000041,620.2887328278116,617.590659478334
1367.3129999999655,620.285792412404,617.590659478334
1367.6570000000065,620.2988773048818,617.590659478334
1368.0160000000615,620.2990077736525,617.590659478334
1368.344000000041,620.2980673674325,617.590659478334
1368.7029999999795,620.2985163751412,617.590659478334
1369.0470000000205,620.2986309431393,617.590659478334
1369.375,620.292139533155,617.590659478334
1369.734999999986,620.2896148394898,617.590659478334
1370.094000000041,620.2964334177677,617.590659478334
1370.4529999999795,620.2934843392188,617.590659478334
1370.7970000000205,620.2914678685975,617.590659478334
1371.1410000000615,620.297067400926,617.590659478334
1371.484999999986,620.2935700025428,617.590659478334
1371.844000000041,620.3013900737825,617.590659478334
1372.2029999999795,620.2920521072937,617.590659478334
1372.5470000000205,620.2896469371296,617.590659478334
1372.8910000000615,620.2980253404777,617.590659478334
1373.25,620.2977049756022,617.590659478334
1373.5779999999795,620.2989297540465,617.590659478334
1373.9379999999655,620.2864010283683,617.590659478334
1374.2820000000065,620.2926210413892,617.590659478334
1374.625,620.2974064984415,617.590659478334
1374.984999999986,620.290615593803,617.590659478334
1375.3129999999655,620.294417937127,617.590659478334
1375.6570000000065,620.2941461086741,617.590659478334
1376.0,620.2986943953143,617.590659478334
1376.344000000041,620.2909422041736,617.590659478334
1376.6879999999655,620.2946671428361,617.590659478334
1377.0320000000065,620.2965431568726,617.590659478334
1377.375,620.2970969175682,617.590659478334
1377.7029999999795,620.2935190867812,617.590659478334
1378.0470000000205,620.2962367735124,617.590659478334
1378.3910000000615,620.2957586308801,617.590659478334
1378.734999999986,620.3006010491654,617.590659478334
1379.0779999999795,620.2924058760049,617.590659478334
1379.4220000000205,620.2936797414421,617.590659478334
1379.7820000000065,620.2964213058655,617.590659478334
1380.125,620.2941100718072,617.590659478334
1380.4529999999795,620.2923907389567,617.590659478334
1380.8129999999655,620.2888731306538,617.590659478334
1381.1570000000065,620.2966999351252,617.590659478334
1381.5160000000615,620.2919933483608,617.590659478334
1381.859999999986,620.2930939288326,617.590659478334
1382.219000000041,620.2960467204937,617.590659478334
1382.5629999999655,620.2893126716173,617.590659478334
1382.9220000000205,620.2910245576938,617.590659478334
1383.2660000000615,620.2956793042296,617.590659478334
1383.625,620.2940329907489,617.590659478334
1383.9529999999795,620.2956838156674,617.590659478334
1384.3129999999655,620.3002903377281,617.590659478334
1384.6570000000065,620.298109947482,617.590659478334
1385.0,620.2869481995584,617.590659478334
1385.344000000041,620.2992147777796,617.590659478334
1385.6879999999655,620.2985844528703,617.590659478334
1386.0320000000065,620.2937199857391,617.590659478334
1386.4070000000065,620.2890488846833,617.590659478334
1386.75,620.296259467934,617.590659478334
1387.094000000041,620.2946304463719,617.590659478334
1387.4379999999655,620.2959335996394,617.590659478334
1387.7970000000205,620.2899821869519,617.590659478334
1388.1570000000065,620.2997044749238,617.590659478334
1388.484999999986,620.2937213806354,617.590659478334
1388.8279999999795,620.2942193893213,617.590659478334
1389.1720000000205,620.2971775973115,617.590659478334
1389.5160000000615,620.292464321742,617.590659478334
1389.859999999986,620.2912147183173,617.590659478334
1390.2029999999795,620.296471717589,617.590659478334
1390.5320000000065,620.2924780988595,617.590659478334
1390.875,620.2986353203291,617.590659478334
1391.234999999986,620.3042817906424,617.590659478334
1391.5779999999795,620.295632416809,617.590659478334
1391.9220000000205,620.2973092576931,617.590659478334
1392.2660000000615,620.2937952095639,617.590659478334
1392.609999999986,620.292834171519,617.590659478334
1392.969000000041,620.3002819466615,617.590659478334
1393.3279999999795,620.2954929912923,617.590659478334
1393.6570000000065,620.2926799619402,617.590659478334
1394.0,620.2967564178713,617.590659478334
1394.344000000041,620.2885450007224,617.590659478334
1394.6879999999655,620.2981349591304,617.590659478334
1395.0320000000065,620.2993948997047,617.590659478334
1395.375,620.2954769333093,617.590659478334
1395.719000000041,620.2921384715133,617.590659478334
1396.0629999999655,620.2974012895789,617.590659478334
1396.4070000000065,620.2946661194067,617.590659478334
1396.75,620.2916330268841,617.590659478334
1397.094000000041,620.2835041161476,617.590659478334
1397.4379999999655,620.2881723444907,617.590659478334
1397.7970000000205,620.2910863751978,617.590659478334
1398.1410000000615,620.2895827180861,617.590659478334
1398.5,620.292719290268,617.590659478334
1398.844000000041,620.2910493345528,617.590659478334
1399.1879999999655,620.2906063289245,617.590659478334
1399.5320000000065,620.2890408570277,617.590659478334
1399.875,620.2959122276012,617.590659478334
1400.219000000041,620.2916814618784,617.590659478334
1400.5629999999655,620.292298445792,617.590659478334
1400.9070000000065,620.2864434709442,617.590659478334
1401.234999999986,620.2931003662031,617.590659478334
1401.5779999999795,620.2878605970261,617.590659478334
1401.9220000000205,620.2887295814238,617.590659478334
1402.2820000000065,620.3003014099534,617.590659478334
1402.609999999986,620.2967722080753,617.590659478334
1402.969000000041,620.28859163553,617.590659478334
1403.3129999999655,620.2855295392328,617.590659478334
1403.6570000000065,620.301527509156,617.590659478334
1404.0,620.2944054287344,617.590659478334
1404.344000000041,620.2941806807953,617.590659478334
1404.6879999999655,620.2905466686166,617.590659478334
1405.0320000000065,620.3027970869875,617.590659478334
1405.375,620.2921561629423,617.590659478334
1405.719000000041,620.2994564248842,617.590659478334
1406.0629999999655,620.2999684466137,617.590659478334
1406.4070000000065,620.2936442297755,617.590659478334
1406.75,620.2909945582954,617.590659478334
1407.094000000041,620.2862835453376,617.590659478334
1407.4220000000205,620.2940173797735,617.590659478334
1407.7820000000065,620.2930724501831,617.590659478334
1408.125,620.2864160153905,617.590659478334
1408.484999999986,620.2953884081861,617.590659478334
1408.8279999999795,620.2857210182962,617.590659478334
1409.1720000000205,620.2913934572681,617.590659478334
1409.5320000000065,620.2901761261334,617.590659478334
1409.875,620.2937459727302,617.590659478334
1410.234999999986,620.298938404675,617.590659478334
1410.594000000041,620.2896218726787,617.590659478334
1410.9379999999655,620.2954751528474,617.590659478334
1411.2820000000065,620.3048087543848,617.590659478334
1411.625,620.288744759898,617.590659478334
1411.969000000041,620.2830922774978,617.590659478334
1412.3129999999655,620.2946490165515,617.590659478334
1412.6410000000615,620.2944380588837,617.590659478334
1412.984999999986,620.2937658034839,617.590659478334
1413.3279999999795,620.2962049891287,617.590659478334
1413.6720000000205,620.2956537169576,617.590659478334
1414.0320000000065,620.2916111336633,617.590659478334
1414.375,620.2963434405953,617.590659478334
1414.719000000041,620.2907802679034,617.590659478334
1415.0629999999655,620.292215447406,617.590659478334
1415.3910000000615,620.2937238284958,617.590659478334
1415.734999999986,620.29502462607,617.590659478334
1416.094000000041,620.2929919954868,617.590659478334
1416.4529999999795,620.2968583004442,617.590659478334
1416.7970000000205,620.286803416803,617.590659478334
1417.1410000000615,620.289341951367,617.590659478334
1417.484999999986,620.2990429742935,617.590659478334
1417.8279999999795,620.2955195126483,617.590659478334
1418.1720000000205,620.2929658256124,617.590659478334
1418.5320000000065,620.2845475727061,617.590659478334
1418.859999999986,620.2889263294777,617.590659478334
1419.219000000041,620.2947056715067,617.590659478334
1419.5629999999655,620.29255801239,617.590659478334
1419.9070000000065,620.2951561163679,617.590659478334
1420.25,620.2914563264655,617.590659478334
1420.594000000041,620.2943218082953,617.590659478334
1420.9379999999655,620.2865011018674,617.590659478334
1421.2820000000065,620.284137525238,617.590659478334
1421.6410000000615,620.2850489735729,617.590659478334
1421.984999999986,620.2957808523716,617.590659478334
1422.344000000041,620.289576985827,617.590659478334
1422.6879999999655,620.2925030668778,617.590659478334
1423.0320000000065,620.2914124505287,617.590659478334
1423.375,620.2872486227224,617.590659478334
1423.719000000041,620.2925355072991,617.590659478334
1424.0470000000205,620.2933655723642,617.590659478334
1424.4070000000065,620.2957882368232,617.590659478334
1424.75,620.2938302918699,617.590659478334
1425.094000000041,620.292567836462,617.590659478334
1425.4379999999655,620.2933004722557,617.590659478334
1425.7820000000065,620.2909807255271,617.590659478334
1426.125,620.2891451682332,617.590659478334
1426.469000000041,620.2942016905199,617.590659478334
1426.8279999999795,620.2898312307245,617.590659478334
1427.1720000000205,620.300246125801,617.590659478334
1427.5160000000615,620.2915999257374,617.590659478334
1427.875,620.2884573298028,617.590659478334
1428.219000000041,620.2919119524275,617.590659478334
1428.5779999999795,620.2935069843948,617.590659478334
1428.9379999999655,620.2831822442122,617.590659478334
1429.2970000000205,620.2848876383493,617.590659478334
1429.6410000000615,620.2905881460041,617.590659478334
1429.984999999986,620.2938144457994,617.590659478334
1430.344000000041,620.2844459041961,617.590659478334
1430.6879999999655,620.2903282424638,617.590659478334
1431.0470000000205,620.296546703318,617.590659478334
1431.3910000000615,620.2934675706553,617.590659478334
1431.75,620.2889381485711,617.590659478334
1432.109999999986,620.2972210235948,617.590659478334
1432.4529999999795,620.2949041384355,617.590659478334
1432.7970000000205,620.2841849329616,617.590659478334
1433.1410000000615,620.2890849912033,617.590659478334
1433.5,620.2959228826705,617.590659478334
1433.859999999986,620.2963896432616,617.590659478334
1434.2029999999795,620.3023235687127,617.590659478334
1434.5629999999655,620.2919089405488,617.590659478334
1434.9220000000205,620.2931124526633,617.590659478334
1435.2660000000615,620.2940344506637,617.590659478334
1435.609999999986,620.292214887657,617.590659478334
1435.969000000041,620.2920682948264,617.590659478334
1436.3129999999655,620.2875793748244,617.590659478334
1436.6570000000065,620.2894281898415,617.590659478334
1437.0,620.2907458255286,617.590659478334
1437.359999999986,620.2940113279926,617.590659478334
1437.7029999999795,620.2881358625452,617.590659478334
1438.0779999999795,620.2906905469108,617.590659478334
1438.4220000000205,620.2983872177149,617.590659478334
1438.7660000000615,620.2996448460394,617.590659478334
1439.125,620.2894094821439,617.590659478334
1439.484999999986,620.2922123070246,617.590659478334
1439.8279999999795,620.2914276594215,617.590659478334
1440.1720000000205,620.2941989671428,617.590659478334
1440.5320000000065,620.30258266296,617.590659478334
1440.875,620.2926619603737,617.590659478334
1441.234999999986,620.2945651447046,617.590659478334
1441.5629999999655,620.2907753737187,617.590659478334
1441.9220000000205,620.2944261097894,617.590659478334
1442.2820000000065,620.2923345438571,617.590659478334
1442.625,620.2894779556971,617.590659478334
1442.984999999986,620.2943141229083,617.590659478334
1443.3279999999795,620.2961052775676,617.590659478334
1443.6720000000205,620.2898265071383,617.590659478334
1444.0320000000065,620.2949051603275,617.590659478334
1444.375,620.2865718415613,617.590659478334
1444.734999999986,620.2985194429958,617.590659478334
1445.0779999999795,620.2895667581996,617.590659478334
1445.4379999999655,620.2869975147075,617.590659478334
1445.7820000000065,620.2864075589267,617.590659478334
1446.1410000000615,620.2936992729825,617.590659478334
1446.5160000000615,620.289472681644,617.590659478334
1446.859999999986,620.2927260526211,617.590659478334
1447.2029999999795,620.2871851349117,617.590659478334
1447.5470000000205,620.3000745942345,617.590659478334
1447.9070000000065,620.2926669565792,617.590659478334
1448.25,620.2977768833396,617.590659478334
1448.594000000041,620.28997113326,617.590659478334
1448.9379999999655,620.2872550291079,617.590659478334
1449.2820000000065,620.2876200242048,617.590659478334
1449.625,620.3052785583266,617.590659478334
1449.969000000041,620.312863399038,617.590659478334
1450.3129999999655,620.326724036707,617.590659478334
1450.6570000000065,620.3224453239848,617.590659478334
1450.984999999986,620.3329008034897,617.590659478334
1451.3279999999795,620.3409503918459,617.590659478334
1451.6720000000205,620.3459272625415,617.590659478334
1452.0320000000065,620.349432120801,617.590659478334
1452.375,620.3627431810218,617.590659478334
1452.719000000041,620.3544061622407,617.590659478334
1453.0629999999655,620.3670754883685,617.590659478334
1453.4220000000205,620.3778467969914,617.590659478334
1453.7660000000615,620.3712292245954,617.590659478334
1454.125,620.3740192241976,617.590659478334
1454.484999999986,620.3832307122027,617.590659478334
1454.8279999999795,620.3801717268673,617.590659478334
1455.1879999999655,620.3874599876742,617.590659478334
1455.5320000000065,620.3941361281549,617.590659478334
1455.875,620.3978350401501,617.590659478334
1456.234999999986,620.3996407469089,617.590659478334
1456.594000000041,620.402356858098,617.590659478334
1456.9220000000205,620.4121346924801,617.590659478334
1457.2820000000065,620.4071205846108,617.590659478334
1457.625,620.4095375027136,617.590659478334
1457.984999999986,620.4184521451502,617.590659478334
1458.3279999999795,620.4186446734653,617.590659478334
1458.6720000000205,620.4254634811697,617.590659478334
1459.0160000000615,620.4189964818785,617.590659478334
1459.344000000041,620.4341961194226,617.590659478334
1459.6879999999655,620.4234683815139,617.590659478334
1460.0470000000205,620.4338861039014,617.590659478334
1460.3910000000615,620.4387744126327,617.590659478334
1460.734999999986,620.4393825323647,617.590659478334
1461.0779999999795,620.440939464879,617.590659478334
1461.4220000000205,620.4481883163817,617.590659478334
1461.7660000000615,620.4411695119479,617.590659478334
1462.109999999986,620.4595985705976,617.590659478334
1462.4529999999795,620.4705359885728,617.590659478334
1462.7820000000065,620.4776632632418,617.590659478334
1463.1410000000615,620.4814492799845,617.590659478334
1463.484999999986,620.4823842562905,617.590659478334
1463.8279999999795,620.4753945914841,617.590659478334
1464.1720000000205,620.4721042643284,617.590659478334
1464.5,620.488536920296,617.590659478334
1464.844000000041,620.4729388876192,617.590659478334
1465.1879999999655,620.4650629090462,617.590659478334
1465.5160000000615,620.4663547988688,617.590659478334
1465.875,620.4557920891987,617.590659478334
1466.219000000041,620.4534295749191,617.590659478334
1466.5779999999795,620.4524450120193,617.590659478334
1466.9220000000205,620.4604547221167,617.590659478334
1467.2660000000615,620.4605524034541,617.590659478334
1467.625,620.4476856673884,617.590659478334
1467.984999999986,620.446533411185,617.590659478334
1468.3279999999795,620.4619222659525,617.590659478334
1468.6879999999655,620.4529890047617,617.590659478334
1469.0320000000065,620.4549639730283,617.590659478334
1469.375,620.448462836537,617.590659478334
1469.734999999986,620.4473944224451,617.590659478334
1470.0779999999795,620.4477636448623,617.590659478334
1470.469000000041,620.4556713658494,617.590659478334
1470.8279999999795,620.4526246860031,617.590659478334
1471.1570000000065,620.4561188931606,617.590659478334
1471.5,620.448991717643,617.590659478334
1471.844000000041,620.4550526546385,617.590659478334
1472.1879999999655,620.4454378135589,617.590659478334
1472.5320000000065,620.4497980358002,617.590659478334
1472.8910000000615,620.4518572604607,617.590659478334
1473.234999999986,620.4467855185176,617.590659478334
1473.5629999999655,620.4515467159173,617.590659478334
1473.9070000000065,620.4601680431188,617.590659478334
1474.25,620.4447710571026,617.590659478334
1474.594000000041,620.451643955962,617.590659478334
1474.9379999999655,620.4460464722622,617.590659478334
1475.2820000000065,620.4507585791774,617.590659478334
1475.625,620.4529236423663,617.590659478334
1475.969000000041,620.4575261917812,617.590659478334
1476.3129999999655,620.4707925239497,617.590659478334
1476.6570000000065,620.4696721254284,617.590659478334
1477.0,620.4279151149908,617.590659478334
1477.344000000041,620.407449858241,617.590659478334
1477.6879999999655,620.4039331429708,617.590659478334
1478.0320000000065,620.3943861010824,617.590659478334
1478.375,620.371240411975,617.590659478334
1478.734999999986,620.3664027840026,617.590659478334
1479.0629999999655,620.3604755246195,617.590659478334
1479.4220000000205,620.3508317715618,617.590659478334
1479.7660000000615,620.3570078728713,617.590659478334
1480.109999999986,620.3515574183394,617.590659478334
1480.4379999999655,620.349057323079,617.590659478334
1480.7820000000065,620.3448450903081,617.590659478334
1481.1410000000615,620.3454196277729,617.590659478334
1481.469000000041,620.3354785431832,617.590659478334
1481.8279999999795,620.3401970613606,617.590659478334
1482.1720000000205,620.3428165600308,617.590659478334
1482.5,620.3380142498306,617.590659478334
1482.859999999986,620.3390621956767,617.590659478334
1483.2029999999795,620.3339863161605,617.590659478334
1483.5470000000205,620.3331164139713,617.590659478334
1483.875,620.3358986333274,617.590659478334
1484.234999999986,620.3292320999633,617.590659478334
1484.5629999999655,620.3345715126612,617.590659478334
1484.9070000000065,620.3361718754778,617.590659478334
1485.2660000000615,620.3357055980221,617.590659478334
1485.594000000041,620.3319133397545,617.590659478334
1485.9379999999655,620.3331385809435,617.590659478334
1486.2820000000065,620.3323411648098,617.590659478334
1486.625,620.3328378905485,617.590659478334
1486.969000000041,620.3402764448623,617.590659478334
1487.3129999999655,620.3297225017565,617.590659478334
1487.6570000000065,620.3323926002299,617.590659478334
1488.0,620.3317430865067,617.590659478334
1488.344000000041,620.3313741494749,617.590659478334
1488.6879999999655,620.3571307744011,617.590659478334
1489.0320000000065,620.3333810460906,617.590659478334
1489.375,620.3326639765259,617.590659478334
1489.719000000041,620.3362611298454,617.590659478334
1490.0470000000205,620.3363650453176,617.590659478334
1490.3910000000615,620.3302022338155,617.590659478334
1490.734999999986,620.324017676361,617.590659478334
1491.0779999999795,620.3178489214217,617.590659478334
1491.4220000000205,620.3150566752258,617.590659478334
1491.7660000000615,620.3023632192743,617.590659478334
1492.109999999986,620.3109334017527,617.590659478334
1492.4529999999795,620.3114930269107,617.590659478334
1492.7970000000205,620.308161996244,617.590659478334
1493.1570000000065,620.3030424324127,617.590659478334
1493.5,620.3069592062736,617.590659478334
1493.844000000041,620.3079774101765,617.590659478334
1494.2029999999795,620.3084505427715,617.590659478334
1494.5470000000205,620.303993924688,617.590659478334
1494.9070000000065,620.310459735523,617.590659478334
1495.234999999986,620.3065382937743,617.590659478334
1495.594000000041,620.3053562322515,617.590659478334
1495.9379999999655,620.3068664122618,617.590659478334
1496.2660000000615,620.3031956988254,617.590659478334
1496.609999999986,620.315856277769,617.590659478334
1496.969000000041,620.3090100048443,617.590659478334
1497.3129999999655,620.3046373294579,617.590659478334
1497.6570000000065,620.3088671454233,617.590659478334
1498.0,620.3048660342796,617.590659478334
1498.344000000041,620.3071625021482,617.590659478334
1498.6879999999655,620.3135384905294,617.590659478334
1499.0160000000615,620.3140713777705,617.590659478334
1499.375,620.3120961432644,617.590659478334
1499.719000000041,620.3081137415952,617.590659478334
1500.0629999999655,620.3103425251021,617.590659478334
1500.4070000000065,620.3054780422408,617.590659478334
1500.734999999986,620.3072862179099,617.590659478334
1501.0779999999795,620.3142803172084,617.590659478334
1501.4220000000205,620.3349377468599,617.590659478334
1501.7660000000615,620.3592432385279,617.590659478334
1502.109999999986,620.3744297805154,617.590659478334
1502.4379999999655,620.377084823182,617.590659478334
1502.7820000000065,620.3848211771898,617.590659478334
1503.125,620.3690491784856,617.590659478334
1503.469000000041,620.3720725265931,617.590659478334
1503.8129999999655,620.3570919478395,617.590659478334
1504.1570000000065,620.3509073127003,617.590659478334
1504.5,620.348015412279,617.590659478334
1504.844000000041,620.3494363145554,617.590659478334
1505.1879999999655,620.3511126103745,617.590659478334
1505.5320000000065,620.3492300125805,617.590659478334
1505.875,620.3476985216438,617.590659478334
1506.219000000041,620.3470192882713,617.590659478334
1506.5629999999655,620.3465339800138,617.590659478334
1506.9220000000205,620.3438474851698,617.590659478334
1507.2660000000615,620.33531526434,617.590659478334
1507.609999999986,620.3384027112666,617.590659478334
1507.9529999999795,620.3438623333886,617.590659478334
1508.2820000000065,620.3371926499759,617.590659478334
1508.625,620.3506563793121,617.590659478334
1508.969000000041,620.3365103062827,617.590659478334
1509.3129999999655,620.3419650737777,617.590659478334
1509.6410000000615,620.3309339537857,617.590659478334
1510.0,620.3406095670941,617.590659478334
1510.3279999999795,620.3286001893146,617.590659478334
1510.6720000000205,620.3419408879421,617.590659478334
1511.0160000000615,620.3325311188863,617.590659478334
1511.359999999986,620.3330180443631,617.590659478334
1511.7029999999795,620.3438154477108,617.590659478334
1512.0470000000205,620.3371759285868,617.590659478334
1512.3910000000615,620.3316749747238,617.590659478334
1512.734999999986,620.3356825917248,617.590659478334
1513.0629999999655,620.3340991053774,617.590659478334
1513.4070000000065,620.3457631102904,617.590659478334
1513.75,620.3575765061995,617.590659478334
1514.094000000041,620.3365115403109,617.590659478334
1514.4529999999795,620.3297115878423,617.590659478334
1514.7970000000205,620.3404573681067,617.590659478334
1515.1410000000615,620.3387988384259,617.590659478334
1515.5,620.3218973082645,617.590659478334
1515.844000000041,620.3254904317399,617.590659478334
1516.1879999999655,620.3181020394633,617.590659478334
1516.5629999999655,620.3223122813614,617.590659478334
1516.9070000000065,620.3033917421747,617.590659478334
1517.25,620.3157713538943,617.590659478334
1517.609999999986,620.3114090490257,617.590659478334
1517.969000000041,620.3153216928342,617.590659478334
1518.3129999999655,620.3010667200039,617.590659478334
1518.6720000000205,620.3102030529036,617.590659478334
1519.0320000000065,620.3106776150265,617.590659478334
1519.375,620.3149063073577,617.590659478334
1519.719000000041,620.3106789957783,617.590659478334
1520.0629999999655,620.315817989546,617.590659478334
1520.4070000000065,620.3214649249005,617.590659478334
1520.75,620.3399807709555,617.590659478334
1521.094000000041,620.3352464484127,617.590659478334
1521.4379999999655,620.3387325728785,617.590659478334
1521.7970000000205,620.3331116104937,617.590659478334
1522.1410000000615,620.3205598135723,617.590659478334
1522.484999999986,620.3244306365696,617.590659478334
1522.8129999999655,620.3174509916104,617.590659478334
1523.1570000000065,620.3223480192805,617.590659478334
1523.5160000000615,620.31862278007,617.590659478334
1523.859999999986,620.3163717345637,617.590659478334
1524.2029999999795,620.3139623165669,617.590659478334
1524.5470000000205,620.3104096774197,617.590659478334
1524.9070000000065,620.3134568861858,617.590659478334
1525.25,620.3152565469647,617.590659478334
1525.609999999986,620.3185411359711,617.590659478334
1525.9529999999795,620.3067431052483,617.590659478334
1526.3129999999655,620.3103181434939,617.590659478334
1526.6570000000065,620.3153433647296,617.590659478334
1527.0160000000615,620.3084621206829,617.590659478334
1527.359999999986,620.3060057865412,617.590659478334
1527.719000000041,620.3075608539301,617.590659478334
1528.0629999999655,620.3058486952448,617.590659478334
1528.4220000000205,620.3156859776252,617.590659478334
1528.7820000000065,620.310088175668,617.590659478334
1529.125,620.3065034653752,617.590659478334
1529.484999999986,620.3099801887204,617.590659478334
1529.8279999999795,620.3097579872693,617.590659478334
1530.1720000000205,620.3103061758407,617.590659478334
1530.5160000000615,620.3042783529401,617.590659478334
1530.859999999986,620.3133536290342,617.590659478334
1531.2029999999795,620.2988130254571,617.590659478334
1531.5470000000205,620.3032479351942,617.590659478334
1531.9070000000065,620.3087095034439,617.590659478334
1532.234999999986,620.3105299544242,617.590659478334
1532.594000000041,620.3032085622257,617.590659478334
1532.9379999999655,620.3096928188303,617.590659478334
1533.2820000000065,620.3154882414049,617.590659478334
1533.625,620.3175558567401,617.590659478334
1533.969000000041,620.3360960960026,617.590659478334
1534.3129999999655,620.3477066599023,617.590659478334
1534.6720000000205,620.3639078554796,617.590659478334
1535.0160000000615,620.3565402586433,617.590659478334
1535.344000000041,620.3725671041427,617.590659478334
1535.7029999999795,620.3802851802573,617.590659478334
1536.0470000000205,620.3875071054155,617.590659478334
1536.4070000000065,620.3871461800325,617.590659478334
1536.734999999986,620.3937286078121,617.590659478334
1537.094000000041,620.3971941644356,617.590659478334
1537.4379999999655,620.3967296936344,617.590659478334
1537.7820000000065,620.4064340110006,617.590659478334
1538.125,620.4085521248445,617.590659478334
1538.469000000041,620.416764665657,617.590659478334
1538.8279999999795,620.4210850253176,617.590659478334
1539.1720000000205,620.4298329942693,617.590659478334
1539.5160000000615,620.4245496129812,617.590659478334
1539.859999999986,620.4332808518384,617.590659478334
1540.2029999999795,620.4333824302284,617.590659478334
1540.5470000000205,620.4359918743904,617.590659478334
1540.8910000000615,620.4351068612847,617.590659478334
1541.234999999986,620.4458204460165,617.590659478334
1541.5779999999795,620.4468009687623,617.590659478334
1541.9379999999655,620.4552231918678,617.590659478334
1542.2660000000615,620.4487118448,617.590659478334
1542.609999999986,620.4519163922007,617.590659478334
1542.9529999999795,620.4553828548462,617.590659478334
1543.2970000000205,620.4549802245388,617.590659478334
1543.6410000000615,620.4607182823931,617.590659478334
1543.984999999986,620.4727302234432,617.590659478334
1544.3279999999795,620.4695996574804,617.590659478334
1544.6720000000205,620.4652124512843,617.590659478334
1545.0160000000615,620.4708207396221,617.590659478334
1545.359999999986,620.4723167873578,617.590659478334
1545.7029999999795,620.4868223834126,617.590659478334
1546.0470000000205,620.4855424397858,617.590659478334
1546.4070000000065,620.4853004517896,617.590659478334
1546.734999999986,620.4965969021001,617.590659478334
1547.0779999999795,620.4916160518093,617.590659478334
1547.4379999999655,620.4872828201841,617.590659478334
1547.7820000000065,620.4925485757776,617.590659478334
1548.125,620.4958306862037,617.590659478334
1548.469000000041,620.4985480848977,617.590659478334
1548.8279999999795,620.4978234102422,617.590659478334
1549.1720000000205,620.5102309380125,617.590659478334
1549.5160000000615,620.5031572119448,617.590659478334
1549.859999999986,620.5017756370138,617.590659478334
1550.2029999999795,620.5098468904986,617.590659478334
1550.5470000000205,620.5073171246096,617.590659478334
1550.8910000000615,620.5131128940973,617.590659478334
1551.25,620.5097087143796,617.590659478334
1551.594000000041,620.514753371425,617.590659478334
1551.9379999999655,620.5143827898155,617.590659478334
1552.2820000000065,620.5268342544904,617.590659478334
1552.625,620.5216832358551,617.590659478334
1552.984999999986,620.5196655905258,617.590659478334
1553.3279999999795,620.5299401521893,617.590659478334
1553.6879999999655,620.5231962253893,617.590659478334
1554.0320000000065,620.5275932286245,617.590659478334
1554.4529999999795,620.5313391660475,617.590659478334
1554.8129999999655,620.5310902809755,617.590659478334
1555.1570000000065,620.5309069923569,617.590659478334
1555.5,620.5338968730666,617.590659478334
1555.844000000041,620.5392248099616,617.590659478334
1556.1879999999655,620.537729657208,617.590659478334
1556.5320000000065,620.5379069333238,617.590659478334
1556.8910000000615,620.5428484976743,617.590659478334
1557.234999999986,620.5432048693281,617.590659478334
1557.5629999999655,620.5515037791555,617.590659478334
1557.9220000000205,620.5451832398799,617.590659478334
1558.2660000000615,620.5456224985452,617.590659478334
1558.609999999986,620.5478346052316,617.590659478334
1558.969000000041,620.5515266477986,617.590659478334
1559.3129999999655,620.5569198145394,617.590659478334
1559.6570000000065,620.5571200590691,617.590659478334
1560.0160000000615,620.5519639706683,617.590659478334
1560.359999999986,620.5630243235383,617.590659478334
1560.719000000041,620.5635386267223,617.590659478334
1561.0629999999655,620.5623254670759,617.590659478334
1561.4220000000205,620.5633577388679,617.590659478334
1561.7660000000615,620.5547379239812,617.590659478334
1562.125,620.5646296198713,617.590659478334
1562.469000000041,620.5713678960011,617.590659478334
1562.8279999999795,620.5694242576722,617.590659478334
1563.1720000000205,620.5769481425061,617.590659478334
1563.5320000000065,620.5776347148089,617.590659478334
1563.875,620.5777871571894,617.590659478334
1564.234999999986,620.5802188733485,617.590659478334
1564.5779999999795,620.5728703089183,617.590659478334
1564.9220000000205,620.5791727409951,617.590659478334
1565.2660000000615,620.5720264898887,617.590659478334
1565.625,620.5783733509005,617.590659478334
1565.969000000041,620.5805021577854,617.590659478334
1566.3129999999655,620.5730726423474,617.590659478334
1566.6720000000205,620.5773950844074,617.590659478334
1567.0160000000615,620.590861821156,617.590659478334
1567.359999999986,620.5865455936238,617.590659478334
1567.7029999999795,620.592944068367,617.590659478334
1568.0629999999655,620.5895094240998,617.590659478334
1568.4070000000065,620.5974212422487,617.590659478334
1568.75,620.5911860409468,617.590659478334
1569.109999999986,620.601946799248,617.590659478334
1569.4529999999795,620.5950180399611,617.590659478334
1569.8129999999655,620.6016959731529,617.590659478334
1570.1570000000065,620.6024034167293,617.590659478334
1570.5,620.596936626569,617.590659478334
1570.859999999986,620.6009244326559,617.590659478334
1571.1879999999655,620.6022030145481,617.590659478334
1571.5320000000065,620.5967337893434,617.590659478334
1571.8910000000615,620.6099728011542,617.590659478334
1572.234999999986,620.6031281679715,617.590659478334
1572.594000000041,620.6078118273394,617.590659478334
1572.9529999999795,620.6097845140519,617.590659478334
1573.2970000000205,620.6112026449429,617.590659478334
1573.6570000000065,620.6076226858602,617.590659478334
1574.0,620.6155689374716,617.590659478334
1574.359999999986,620.6161136099558,617.590659478334
1574.7029999999795,620.615404807159,617.590659478334
1575.0629999999655,620.6179782825186,617.590659478334
1575.4070000000065,620.6142362049901,617.590659478334
1575.75,620.6249386406661,617.590659478334
1576.109999999986,620.6193466678319,617.590659478334
1576.4529999999795,620.6109589202547,617.590659478334
1576.7970000000205,620.6291429900641,617.590659478334
1577.1570000000065,620.6309071176623,617.590659478334
1577.5,620.6163785968698,617.590659478334
1577.844000000041,620.6276995261899,617.590659478334
1578.2029999999795,620.6189172526507,617.590659478334
1578.5320000000065,620.6240435343577,617.590659478334
1578.875,620.6309647196027,617.590659478334
1579.219000000041,620.6342241670417,617.590659478334
1579.5629999999655,620.6293523861896,617.590659478334
1579.8910000000615,620.6430860241587,617.590659478334
1580.234999999986,620.6289457516048,617.590659478334
1580.5779999999795,620.6287699465032,617.590659478334
1580.9220000000205,620.6358180542471,617.590659478334
1581.2660000000615,620.6393968831447,617.590659478334
1581.609999999986,620.6397482698825,617.590659478334
1581.9529999999795,620.6365213461756,617.590659478334
1582.2970000000205,620.6408536028017,617.590659478334
1582.625,620.6338676816243,617.590659478334
1582.969000000041,620.6361287906072,617.590659478334
1583.3129999999655,620.6426230608112,617.590659478334
1583.6570000000065,620.6397415570204,617.590659478334
1584.0160000000615,620.6486512888405,617.590659478334
1584.375,620.6438494133885,617.590659478334
1584.719000000041,620.6411971711832,617.590659478334
1585.0629999999655,620.6468285695031,617.590659478334
1585.4070000000065,620.6505795285982,617.590659478334
1585.734999999986,620.6455418389652,617.590659478334
1586.0779999999795,620.6371979575478,617.590659478334
1586.4220000000205,620.647594064504,617.590659478334
1586.7660000000615,620.6501659265224,617.590659478334
1587.109999999986,620.6476228958744,617.590659478334
1587.4529999999795,620.6607998430425,617.590659478334
1587.8129999999655,620.6513596444761,617.590659478334
1588.1410000000615,620.6507562765019,617.590659478334
1588.484999999986,620.6607734793206,617.590659478334
1588.8279999999795,620.6581145027625,617.590659478334
1589.1879999999655,620.6497235699404,617.590659478334
1589.5160000000615,620.65868892493,617.590659478334
1589.859999999986,620.6520552993717,617.590659478334
1590.219000000041,620.6614109703143,617.590659478334
1590.5629999999655,620.6552799356793,617.590659478334
1590.9070000000065,620.659998367582,617.590659478334
1591.25,620.6600894823471,617.590659478334
1591.594000000041,620.661631907865,617.590659478334
1591.9379999999655,620.6516586296534,617.590659478334
1592.2820000000065,620.66560164921,617.590659478334
1592.625,620.6680052595038,617.590659478334
1592.969000000041,620.656703241569,617.590659478334
1593.2970000000205,620.6704465835165,617.590659478334
1593.6570000000065,620.6651518286333,617.590659478334
1594.0,620.6771126227387,617.590659478334
1594.344000000041,620.6734514408873,617.590659478334
1594.6720000000205,620.6690404769643,617.590659478334
1595.0160000000615,620.6788349999806,617.590659478334
1595.359999999986,620.6639287565636,617.590659478334
1595.7029999999795,620.6702752239578,617.590659478334
1596.0470000000205,620.6688766588941,617.590659478334
1596.3910000000615,620.6686852230949,617.590659478334
1596.734999999986,620.6750015066543,617.590659478334
1597.0779999999795,620.6799480718047,617.590659478334
1597.4220000000205,620.6765481878784,617.590659478334
1597.7660000000615,620.67587029592,617.590659478334
1598.109999999986,620.6724757182235,617.590659478334
1598.4529999999795,620.6831819504952,617.590659478334
1598.7970000000205,620.6762847188501,617.590659478334
1599.1410000000615,620.6763406903867,617.590659478334
1599.484999999986,620.6834790732331,617.590659478334
1599.8279999999795,620.68102892343,617.590659478334
1600.1720000000205,620.6828001784402,617.590659478334
1600.5,620.6883836853831,617.590659478334
1600.859999999986,620.6863986126749,617.590659478334
1601.2029999999795,620.693460109507,617.590659478334
1601.5470000000205,620.7116090247933,617.590659478334
1601.8910000000615,620.7125756628766,617.590659478334
1602.234999999986,620.7061873612543,617.590659478334
1602.594000000041,620.7176201520201,617.590659478334
1602.9529999999795,620.7191000970896,617.590659478334
1603.2970000000205,620.7142665512515,617.590659478334
1603.6410000000615,620.7061075219381,617.590659478334
1603.969000000041,620.7053164995648,617.590659478334
1604.3279999999795,620.6932695567867,617.590659478334
1604.6720000000205,620.696335747972,617.590659478334
1605.0160000000615,620.6911534890148,617.590659478334
1605.344000000041,620.6884336461634,617.590659478334
1605.6879999999655,620.6907684406659,617.590659478334
1606.0470000000205,620.6873725060393,617.590659478334
1606.3910000000615,620.6889735860603,617.590659478334
1606.734999999986,620.6850796743352,617.590659478334
1607.0779999999795,620.6843282622661,617.590659478334
1607.4070000000065,620.6815671939804,617.590659478334
1607.75,620.6740412472908,617.590659478334
1608.094000000041,620.6852126556578,617.590659478334
1608.4529999999795,620.6757012670396,617.590659478334
1608.8129999999655,620.6798301987614,617.590659478334
1609.1570000000065,620.6791996011768,617.590659478334
1609.5160000000615,620.6897361677931,617.590659478334
1609.859999999986,620.6753612227204,617.590659478334
1610.2029999999795,620.6827853635621,617.590659478334
1610.5629999999655,620.6788014932772,617.590659478334
1610.9070000000065,620.6883186247783,617.590659478334
1611.2660000000615,620.684151227041,617.590659478334
1611.594000000041,620.6810513870244,617.590659478334
1611.9529999999795,620.6779868217297,617.590659478334
1612.3129999999655,620.6930011299348,617.590659478334
1612.6570000000065,620.6871436078854,617.590659478334
1613.0,620.6816899902527,617.590659478334
1613.344000000041,620.6874961896202,617.590659478334
1613.6879999999655,620.681940454464,617.590659478334
1614.0320000000065,620.6818555401745,617.590659478334
1614.4529999999795,620.6831508859192,617.590659478334
1614.7970000000205,620.6853762375027,617.590659478334
1615.1410000000615,620.6785241189287,617.590659478334
1615.469000000041,620.6829493777919,617.590659478334
1615.8279999999795,620.6821592049281,617.590659478334
1616.1570000000065,620.6826435401658,617.590659478334
1616.5,620.6786828023311,617.590659478334
1616.844000000041,620.6781918896229,617.590659478334
1617.1720000000205,620.6782667828247,617.590659478334
1617.5320000000065,620.6839470984075,617.590659478334
1617.875,620.6861506571346,617.590659478334
1618.219000000041,620.685091670711,617.590659478334
1618.5470000000205,620.6808375170574,617.590659478334
1618.8910000000615,620.6811241273141,617.590659478334
1619.234999999986,620.6778868152974,617.590659478334
1619.5779999999795,620.6770281047272,617.590659478334
1619.9220000000205,620.6719910999467,617.590659478334
1620.2660000000615,620.6768669899488,617.590659478334
1620.609999999986,620.6813595671256,617.590659478334
1620.9529999999795,620.679217290257,617.590659478334
1621.2970000000205,620.6780348658718,617.590659478334
1621.6410000000615,620.6729055756063,617.590659478334
1622.0,620.6820641358694,617.590659478334
1622.344000000041,620.6761725085619,617.590659478334
1622.6879999999655,620.6816137629183,617.590659478334
1623.0320000000065,620.6761609584693,617.590659478334
1623.375,620.678559434149,617.590659478334
1623.7029999999795,620.6842090642509,617.590659478334
1624.0470000000205,620.6751920062713,617.590659478334
1624.3910000000615,620.6789766136425,617.590659478334
1624.734999999986,620.6785528727419,617.590659478334
1625.094000000041,620.6742922864806,617.590659478334
1625.4220000000205,620.6884475001461,617.590659478334
1625.7660000000615,620.6773783412256,617.590659478334
1626.109999999986,620.6770968616433,617.590659478334
1626.5,620.6720037322982,617.590659478334
1626.859999999986,620.6711055583241,617.590659478334
1627.2029999999795,620.674610804672,617.590659478334
1627.5470000000205,620.6860448338857,617.590659478334
1627.9070000000065,620.6793654089478,617.590659478334
1628.25,620.6705951820277,617.590659478334
1628.594000000041,620.6764013940356,617.590659478334
1628.9379999999655,620.6728382132129,617.590659478334
1629.2820000000065,620.6787203030209,617.590659478334
1629.625,620.6751185180148,617.590659478334
1629.984999999986,620.6834881002854,617.590659478334
1630.3279999999795,620.6823133145758,617.590659478334
1630.6720000000205,620.682135255259,617.590659478334
1631.0160000000615,620.673495617141,617.590659478334
1631.359999999986,620.6788176645629,617.590659478334
1631.7029999999795,620.6792044227876,617.590659478334
1632.0470000000205,620.680208730644,617.590659478334
1632.4070000000065,620.684521917719,617.590659478334
1632.75,620.6809387191332,617.590659478334
1633.109999999986,620.6780407462156,617.590659478334
1633.4529999999795,620.676064645992,617.590659478334
1633.7970000000205,620.6697974532722,617.590659478334
1634.1570000000065,620.6701132614638,617.590659478334
1634.5,620.6800373895013,617.590659478334
1634.859999999986,620.6803489477506,617.590659478334
1635.2029999999795,620.6772427058892,617.590659478334
1635.5629999999655,620.6814419017195,617.590659478334
1635.9070000000065,620.6769294989151,617.590659478334
1636.25,620.67330443397,617.590659478334
1636.594000000041,620.6786279249857,617.590659478334
1636.9529999999795,620.6725827978693,617.590659478334
1637.3129999999655,620.6781757887912,617.590659478334
1637.6570000000065,620.6715140214191,617.590659478334
1638.0,620.6694236139133,617.590659478334
1638.4070000000065,620.6744001078539,617.590659478334
1638.75,620.6740941394078,617.590659478334
1639.109999999986,620.6768419094715,617.590659478334
1639.4529999999795,620.6871739996363,617.590659478334
1639.7970000000205,620.6835759427858,617.590659478334
1640.1410000000615,620.6793210241342,617.590659478334
1640.484999999986,620.6884348588078,617.590659478334
1640.8279999999795,620.682699647507,617.590659478334
1641.1720000000205,620.672414825568,617.590659478334
1641.5320000000065,620.675238201918,617.590659478334
1641.875,620.6784497335897,617.590659478334
1642.2029999999795,620.6829402810926,617.590659478334
1642.5629999999655,620.6797711387402,617.590659478334
1642.9070000000065,620.6699097363713,617.590659478334
1643.25,620.6725364588661,617.590659478334
1643.609999999986,620.6813893674107,617.590659478334
1643.9379999999655,620.6777310882195,617.590659478334
1644.2820000000065,620.6740240693638,617.590659478334
1644.6410000000615,620.6824334257606,617.590659478334
1644.984999999986,620.6710944172003,617.590659478334
1645.3279999999795,620.6757022559672,617.590659478334
1645.6879999999655,620.6629647132785,617.590659478334
1646.0470000000205,620.676335267162,617.590659478334
1646.3910000000615,620.6782922468692,617.590659478334
1646.734999999986,620.6738044655648,617.590659478334
1647.094000000041,620.6737736019406,617.590659478334
1647.4529999999795,620.6822546218731,617.590659478334
1647.8279999999795,620.6757215005626,617.590659478334
1648.1720000000205,620.6797785173292,617.590659478334
1648.5320000000065,620.6785157898058,617.590659478334
1648.8910000000615,620.6740402399233,617.590659478334
1649.25,620.6777490833327,617.590659478334
1649.594000000041,620.6832778886518,617.590659478334
1649.9379999999655,620.6720204523122,617.590659478334
1650.2970000000205,620.6777929019244,617.590659478334
1650.6410000000615,620.6772368573825,617.590659478334
1651.0,620.6749672027288,617.590659478334
1651.359999999986,620.6731759540631,617.590659478334
1651.7029999999795,620.6706583839442,617.590659478334
1652.0470000000205,620.6750245876108,617.590659478334
1652.4070000000065,620.6730127149843,617.590659478334
1652.734999999986,620.6720990312222,617.590659478334
1653.094000000041,620.6778464233544,617.590659478334
1653.4379999999655,620.6709057484129,617.590659478334
1653.8129999999655,620.6793575262116,617.590659478334
1654.1410000000615,620.6712967525309,617.590659478334
1654.5,620.6743657908884,617.590659478334
1654.844000000041,620.6846543088438,617.590659478334
1655.1879999999655,620.6731165963724,617.590659478334
1655.5470000000205,620.673466058951,617.590659478334
1655.8910000000615,620.6772281638722,617.590659478334
1656.234999999986,620.6697491951253,617.590659478334
1656.594000000041,620.6704156371948,617.590659478334
1656.9379999999655,620.6722333332021,617.590659478334
1657.2970000000205,620.6704023865487,617.590659478334
1657.6410000000615,620.6839697909066,617.590659478334
1658.0,620.682070174725,617.590659478334
1658.344000000041,620.6782454014893,617.590659478334
1658.6879999999655,620.6736102027104,617.590659478334
1659.0470000000205,620.6749731675146,617.590659478334
1659.3910000000615,620.6741449060013,617.590659478334
1659.734999999986,620.6760725484746,617.590659478334
1660.094000000041,620.6778813665836,617.590659478334
1660.4379999999655,620.6812268868764,617.590659478334
1660.7820000000065,620.6718778313033,617.590659478334
1661.109999999986,620.6717896764343,617.590659478334
1661.4529999999795,620.6732757151944,617.590659478334
1661.8129999999655,620.6766005116439,617.590659478334
1662.1570000000065,620.6770093830172,617.590659478334
1662.484999999986,620.6774519727275,617.590659478334
1662.8279999999795,620.6852207154022,617.590659478334
1663.1720000000205,620.6789424662297,617.590659478334
1663.5160000000615,620.6926407968117,617.590659478334
1663.875,620.6981715313805,617.590659478334
1664.219000000041,620.599742540997,617.590659478334
1664.5629999999655,620.4915083261557,617.590659478334
1664.9070000000065,620.4522954683728,617.590659478334
1665.25,620.4219664744871,617.590659478334
1665.594000000041,620.4135113144227,617.590659478334
1665.9379999999655,620.3951737596508,617.590659478334
1666.2820000000065,620.3931950325965,617.590659478334
1666.6410000000615,620.3824371037884,617.590659478334
1666.969000000041,620.3784582383173,617.590659478334
1667.3279999999795,620.370028348253,617.590659478334
1667.6720000000205,620.3670873445708,617.590659478334
1668.0320000000065,620.3602838145893,617.590659478334
1668.375,620.3610584667545,617.590659478334
1668.719000000041,620.3534654195483,617.590659478334
1669.0470000000205,620.3510028098542,617.590659478334
1669.4070000000065,620.3508545086681,617.590659478334
1669.734999999986,620.3470315979787,617.590659478334
1670.094000000041,620.3496854354197,617.590659478334
1670.4379999999655,620.345937335639,617.590659478334
1670.7820000000065,620.3507120594243,617.590659478334
1671.125,620.3452418206575,617.590659478334
1671.469000000041,620.3481582096954,617.590659478334
1671.8129999999655,620.3412531019964,617.590659478334
1672.1570000000065,620.3351194740112,617.590659478334
1672.5,620.3431705963426,617.590659478334
1672.844000000041,620.3369829095465,617.590659478334
1673.1879999999655,620.3371830189307,617.590659478334
1673.5320000000065,620.348253104536,617.590659478334
1673.875,620.3377034442946,617.590659478334
1674.234999999986,620.3355975063223,617.590659478334
1674.5779999999795,620.334462793904,617.590659478334
1674.9379999999655,620.3430844105147,617.590659478334
1675.2820000000065,620.3278913825328,617.590659478334
1675.625,620.3326504283922,617.590659478334
1675.969000000041,620.3417379833685,617.590659478334
1676.3129999999655,620.3590912706985,617.590659478334
1676.6570000000065,620.3418398990941,617.590659478334
1677.0,620.3417225095965,617.590659478334
1677.344000000041,620.337267329542,617.590659478334
1677.6879999999655,620.3384996451595,617.590659478334
1678.0470000000205,620.3274336226594,617.590659478334
1678.3910000000615,620.3209665827162,617.590659478334
1678.734999999986,620.3274441233515,617.590659478334
1679.0629999999655,620.3178375130744,617.590659478334
1679.4070000000065,620.3141338635445,617.590659478334
1679.75,620.3157443114372,617.590659478334
1680.094000000041,620.3209410188009,617.590659478334
1680.4529999999795,620.3127384816796,617.590659478334
1680.7970000000205,620.3172250196081,617.590659478334
1681.1410000000615,620.3220154579308,617.590659478334
1681.484999999986,620.3130058972397,617.590659478334
1681.8279999999795,620.3176614140274,617.590659478334
1682.1720000000205,620.316430541189,617.590659478334
1682.5160000000615,620.3173623582766,617.590659478334
1682.859999999986,620.3110025320332,617.590659478334
1683.2029999999795,620.3131045620577,617.590659478334
1683.5470000000205,620.3114178002762,617.590659478334
1683.8910000000615,620.3148334634385,617.590659478334
1684.234999999986,620.3154605341522,617.590659478334
1684.594000000041,620.3283984245325,617.590659478334
1684.9379999999655,620.310703851191,617.590659478334
1685.2820000000065,620.3159839513171,617.590659478334
1685.625,620.3139524186852,617.590659478334
1685.969000000041,620.31618260853,617.590659478334
1686.3279999999795,620.3165055895571,617.590659478334
1686.6720000000205,620.3061220711837,617.590659478334
1687.0160000000615,620.3081244856785,617.590659478334
1687.359999999986,620.3110175356829,617.590659478334
1687.7029999999795,620.3208885290011,617.590659478334
1688.0320000000065,620.3057079976026,617.590659478334
1688.375,620.3149303166376,617.590659478334
1688.734999999986,620.3185403846949,617.590659478334
1689.0779999999795,620.3445047898933,617.590659478334
1689.4220000000205,620.3722383879496,617.590659478334
1689.7660000000615,620.3796324763978,617.590659478334
1690.109999999986,620.3761918722421,617.590659478334
1690.4529999999795,620.375744342821,617.590659478334
1690.7970000000205,620.3685202531748,617.590659478334
1691.1410000000615,620.3683827112338,617.590659478334
1691.484999999986,620.3593797009711,617.590659478334
1691.8279999999795,620.3623579170031,617.590659478334
1692.1720000000205,620.3487242339411,617.590659478334
1692.5160000000615,620.3511429297442,617.590659478334
1692.859999999986,620.3608643080132,617.590659478334
1693.219000000041,620.3450606461137,617.590659478334
1693.5470000000205,620.3511686165198,617.590659478334
1693.9070000000065,620.3428096280807,617.590659478334
1694.2660000000615,620.3489371219342,617.590659478334
1694.625,620.3451087485653,617.590659478334
1694.984999999986,620.3517324126133,617.590659478334
1695.3279999999795,620.3476835502413,617.590659478334
1695.6879999999655,620.3389244278957,617.590659478334
1696.0470000000205,620.337667601081,617.590659478334
1696.3910000000615,620.3462098595618,617.590659478334
1696.75,620.3371917445482,617.590659478334
1697.094000000041,620.3375171095629,617.590659478334
1697.4529999999795,620.3370703306031,617.590659478334
1697.7970000000205,620.3379288710729,617.590659478334
1698.1410000000615,620.3348477855177,617.590659478334
1698.484999999986,620.3358650346144,617.590659478334
1698.8279999999795,620.3436975346626,617.590659478334
1699.1720000000205,620.3421589053601,617.590659478334
1699.5160000000615,620.3314484321519,617.590659478334
1699.875,620.338421536166,617.590659478334
1700.219000000041,620.3405145287827,617.590659478334
1700.5629999999655,620.337616009218,617.590659478334
1700.9070000000065,620.3340316537278,617.590659478334
1701.25,620.3624662835734,617.590659478334
1701.594000000041,620.351987682058,617.590659478334
1701.9379999999655,620.3372353439222,617.590659478334
1702.2820000000065,620.3305066457498,617.590659478334
1702.625,620.3479106141616,617.590659478334
1702.969000000041,620.3320975758925,617.590659478334
1703.3129999999655,620.3187605176557,617.590659478334
1703.6570000000065,620.3143013067773,617.590659478334
1703.984999999986,620.3255446999565,617.590659478334
1704.3279999999795,620.3224595599024,617.590659478334
1704.6720000000205,620.3137806226944,617.590659478334
1705.0320000000065,620.3154829469026,617.590659478334
1705.359999999986,620.3112732487973,617.590659478334
1705.719000000041,620.3206180452413,617.590659478334
1706.0629999999655,620.3141318400279,617.590659478334
1706.4070000000065,620.3174367731806,617.590659478334
1706.75,620.316481257113,617.590659478334
1707.0779999999795,620.3143221992771,617.590659478334
1707.4379999999655,620.3162767154279,617.590659478334
1707.7820000000065,620.3323612610161,617.590659478334
1708.125,620.3319610321913,617.590659478334
1708.469000000041,620.3338654199489,617.590659478334
1708.7970000000205,620.3366176312666,617.590659478334
1709.1720000000205,620.3386204364419,617.590659478334
1709.5160000000615,620.3334518666161,617.590659478334
1709.859999999986,620.3255585947467,617.590659478334
1710.2029999999795,620.3256785078839,617.590659478334
1710.5629999999655,620.3126479112614,617.590659478334
1710.9070000000065,620.321166662694,617.590659478334
1711.2660000000615,620.3172091085954,617.590659478334
1711.625,620.3149159698822,617.590659478334
1711.969000000041,620.317334054433,617.590659478334
1712.3129999999655,620.3155863373366,617.590659478334
1712.6720000000205,620.3109161872067,617.590659478334
1713.0160000000615,620.3184427555619,617.590659478334
1713.344000000041,620.3187021970665,617.590659478334
1713.6879999999655,620.3153251310248,617.590659478334
1714.0320000000065,620.3090059508944,617.590659478334
1714.375,620.3178286026629,617.590659478334
1714.719000000041,620.3170871604971,617.590659478334
1715.0779999999795,620.3143401782402,617.590659478334
1715.4220000000205,620.3125282687969,617.590659478334
1715.7660000000615,620.3117495260861,617.590659478334
1716.109999999986,620.3157943434821,617.590659478334
1716.4529999999795,620.3191999981512,617.590659478334
1716.7970000000205,620.3083427492627,617.590659478334
1717.1410000000615,620.3098733215348,617.590659478334
1717.484999999986,620.3128311704357,617.590659478334
1717.8279999999795,620.3137848386694,617.590659478334
1718.1720000000205,620.3142247694921,617.590659478334
1718.5160000000615,620.3029777434192,617.590659478334
1718.859999999986,620.3217725049753,617.590659478334
1719.2029999999795,620.3200655427651,617.590659478334
1719.5320000000065,620.321512647161,617.590659478334
1719.8910000000615,620.3064156111401,617.590659478334
1720.219000000041,620.307750636305,617.590659478334
1720.5779999999795,620.3061107840149,617.590659478334
1720.9220000000205,620.3256600019319,617.590659478334
1721.2660000000615,620.3326236581728,617.590659478334
1721.609999999986,620.3463880821221,617.590659478334
1721.9379999999655,620.3544958408642,617.590659478334
1722.2820000000065,620.3610399627484,617.590659478334
1722.6410000000615,620.3723526049407,617.590659478334
1722.969000000041,620.3758361336038,617.590659478334
1723.3129999999655,620.3750355650976,617.590659478334
1723.6570000000065,620.3770408709695,617.590659478334
1724.0,620.3948460533207,617.590659478334
1724.344000000041,620.4005665428114,617.590659478334
1724.6879999999655,620.4060059695641,617.590659478334
1725.0160000000615,620.3987557841713,617.590659478334
1725.359999999986,620.4186228052886,617.590659478334
1725.7029999999795,620.4110035542634,617.590659478334
1726.0470000000205,620.4212103521195,617.590659478334
1726.375,620.4190062643004,617.590659478334
1726.734999999986,620.4290004977013,617.590659478334
1727.0779999999795,620.4355434359225,617.590659478334
1727.4220000000205,620.4340904469816,617.590659478334
1727.7660000000615,620.4425493472459,617.590659478334
1728.109999999986,620.4419191096064,617.590659478334
1728.4379999999655,620.4423126751041,617.590659478334
1728.7970000000205,620.4457679059796,617.590659478334
1729.125,620.4485345714855,617.590659478334
1729.469000000041,620.4508474780791,617.590659478334
1729.8129999999655,620.4529747240291,617.590659478334
1730.1570000000065,620.4617322821674,617.590659478334
1730.5,620.4661265374322,617.590659478334
1730.844000000041,620.4670628376799,617.590659478334
1731.1879999999655,620.460259204455,617.590659478334
1731.5320000000065,620.4629046079035,617.590659478334
1731.875,620.4805533047322,617.590659478334
1732.219000000041,620.4794033567385,617.590659478334
1732.5629999999655,620.4777933992887,617.590659478334
1732.9070000000065,620.4800937201178,617.590659478334
1733.2660000000615,620.4794613992835,617.590659478334
1733.594000000041,620.4896942941073,617.590659478334
1733.9379999999655,620.4911278822528,617.590659478334
1734.2820000000065,620.4918387182478,617.590659478334
1734.6410000000615,620.500695192472,617.590659478334
1734.984999999986,620.4922628640207,617.590659478334
1735.3279999999795,620.4912822434584,617.590659478334
1735.6570000000065,620.4958278114161,617.590659478334
1736.0,620.4980883640249,617.590659478334
1736.3279999999795,620.5033152576183,617.590659478334
1736.6720000000205,620.5124339260373,617.590659478334
1737.0160000000615,620.504730422243,617.590659478334
1737.359999999986,620.5054421345498,617.590659478334
1737.7029999999795,620.5066167713095,617.590659478334
1738.0470000000205,620.5192070377637,617.590659478334
1738.3910000000615,620.5133454465545,617.590659478334
1738.719000000041,620.525029124015,617.590659478334
1739.0779999999795,620.5197509014716,617.590659478334
1739.4070000000065,620.515544622193,617.590659478334
1739.75,620.5141431307708,617.590659478334
1740.109999999986,620.5310285838964,617.590659478334
1740.4529999999795,620.5266762220546,617.590659478334
1740.8279999999795,620.5326718616509,617.590659478334
1741.1570000000065,620.5267303398498,617.590659478334
1741.5,620.5273505938508,617.590659478334
1741.859999999986,620.5324146449035,617.590659478334
1742.2029999999795,620.5326675494123,617.590659478334
1742.5470000000205,620.5368059562816,617.590659478334
1742.8910000000615,620.5385817562689,617.590659478334
1743.234999999986,620.5421892815825,617.590659478334
1743.5779999999795,620.5395020304882,617.590659478334
1743.9220000000205,620.5453327491477,617.590659478334
1744.2660000000615,620.546000670212,617.590659478334
1744.609999999986,620.5461483578554,617.590659478334
1744.9529999999795,620.5511045552681,617.590659478334
1745.2970000000205,620.5485961547023,617.590659478334
1745.6410000000615,620.5543269811114,617.590659478334
1746.0,620.554277080807,617.590659478334
1746.3279999999795,620.5600212256379,617.590659478334
1746.6879999999655,620.555974124674,617.590659478334
1747.0320000000065,620.5520654902235,617.590659478334
1747.375,620.5567211474918,617.590659478334
1747.7029999999795,620.5537600669609,617.590659478334
1748.0629999999655,620.5676556994463,617.590659478334
1748.4070000000065,620.5625323386603,617.590659478334
1748.75,620.564595950287,617.590659478334
1749.094000000041,620.5652883849335,617.590659478334
1749.4529999999795,620.571092536331,617.590659478334
1749.7970000000205,620.5715824890357,617.590659478334
1750.1410000000615,620.5763074764503,617.590659478334
1750.484999999986,620.5702087212054,617.590659478334
1750.8279999999795,620.5750621362662,617.590659478334
1751.1879999999655,620.5769521269962,617.590659478334
1751.5320000000065,620.578288678538,617.590659478334
1751.875,620.5799087934079,617.590659478334
1752.234999999986,620.5898406649417,617.590659478334
1752.5629999999655,620.580552212642,617.590659478334
1752.9220000000205,620.5854424500266,617.590659478334
1753.2820000000065,620.5848235701708,617.590659478334
1753.625,620.5858856633453,617.590659478334
1753.984999999986,620.581652090539,617.590659478334
1754.3279999999795,620.5865736207031,617.590659478334
1754.6720000000205,620.5910867674969,617.590659478334
1755.0320000000065,620.5921011491695,617.590659478334
1755.3910000000615,620.5922099081084,617.590659478334
1755.734999999986,620.5990317496842,617.590659478334
1756.0779999999795,620.5958596236496,617.590659478334
1756.4379999999655,620.5944983084273,617.590659478334
1756.8129999999655,620.5931136622263,617.590659478334
1757.1720000000205,620.5998112307653,617.590659478334
1757.5160000000615,620.5964395952553,617.590659478334
1757.859999999986,620.6024967523193,617.590659478334
1758.2029999999795,620.6040312767896,617.590659478334
1758.5629999999655,620.6048195144143,617.590659478334
1758.9220000000205,620.6068252409452,617.590659478334
1759.2660000000615,620.6101456002965,617.590659478334
1759.609999999986,620.6069922453169,617.590659478334
1759.9529999999795,620.6098412282641,617.590659478334
1760.3129999999655,620.6135497985964,617.590659478334
1760.6570000000065,620.6118124275655,617.590659478334
1761.0,620.6073335263301,617.590659478334
1761.344000000041,620.6141755228037,617.590659478334
1761.6879999999655,620.6199067060884,617.590659478334
1762.0470000000205,620.6186760601754,617.590659478334
1762.3910000000615,620.6155033948639,617.590659478334
1762.734999999986,620.616878257722,617.590659478334
1763.0779999999795,620.6226453436826,617.590659478334
1763.4220000000205,620.6215688640422,617.590659478334
1763.7660000000615,620.6268470046947,617.590659478334
1764.109999999986,620.618052263911,617.590659478334
1764.4529999999795,620.6211600762745,617.590659478334
1764.7970000000205,620.6231056655731,617.590659478334
1765.1570000000065,620.6297544684755,617.590659478334
1765.5,620.6275811258718,617.590659478334
1765.859999999986,620.6222116129887,617.590659478334
1766.2029999999795,620.6336483860679,617.590659478334
1766.5629999999655,620.6310806576945,617.590659478334
1766.9070000000065,620.6314224574473,617.590659478334
1767.25,620.6306063525903,617.590659478334
1767.594000000041,620.630146696217,617.590659478334
1767.9529999999795,620.6257041135168,617.590659478334
1768.2970000000205,620.6311134026577,617.590659478334
1768.6410000000615,620.6301169484565,617.590659478334
1768.984999999986,620.6363709188117,617.590659478334
1769.344000000041,620.638530891348,617.590659478334
1769.7029999999795,620.6456098046673,617.590659478334
1770.0470000000205,620.6398027821235,617.590659478334
1770.484999999986,620.6458020377069,617.590659478334
1770.844000000041,620.6456228471814,617.590659478334
1771.1879999999655,620.63946269117,617.590659478334
1771.5320000000065,620.6474360066062,617.590659478334
1771.875,620.6451025800303,617.590659478334
1772.219000000041,620.6400358012113,617.590659478334
1772.5629999999655,620.647180155788,617.590659478334
1772.9070000000065,620.644556620308,617.590659478334
1773.25,620.6595273359435,617.590659478334
1773.594000000041,620.6452438977868,617.590659478334
1773.9379999999655,620.6514507429364,617.590659478334
1774.2820000000065,620.6496516471764,617.590659478334
1774.625,620.6545389764844,617.590659478334
1774.969000000041,620.6581882758974,617.590659478334
1775.3129999999655,620.6525515223724,617.590659478334
1775.6720000000205,620.6557529748081,617.590659478334
1776.0160000000615,620.662753230721,617.590659478334
1776.375,620.6502535118765,617.590659478334
1776.719000000041,620.6581680749794,617.590659478334
1777.0779999999795,620.653641196296,617.590659478334
1777.4220000000205,620.6582074253449,617.590659478334
1777.7820000000065,620.6646013698393,617.590659478334
1778.125,620.6697577716128,617.590659478334
1778.469000000041,620.6704118840931,617.590659478334
1778.8129999999655,620.6666646457677,617.590659478334
1779.1570000000065,620.6591026643108,617.590659478334
1779.5,620.6589242080807,617.590659478334
1779.844000000041,620.6661911678659,617.590659478334
1780.1879999999655,620.6635397577935,617.590659478334
1780.5320000000065,620.6674305452814,617.590659478334
1780.875,620.6681178749451,617.590659478334
1781.219000000041,620.6740172525977,617.590659478334
1781.5629999999655,620.6743904214694,617.590659478334
1781.9070000000065,620.6778726348947,617.590659478334
1782.25,620.6736332362786,617.590659478334
1782.594000000041,620.6784879852407,617.590659478334
1782.9529999999795,620.6715679186794,617.590659478334
1783.2970000000205,620.6828035726793,617.590659478334
1783.6410000000615,620.6770553809995,617.590659478334
1783.984999999986,620.6787435703885,617.590659478334
1784.3129999999655,620.6839135593643,617.590659478334
1784.6720000000205,620.6756979146779,617.590659478334
1785.0,620.6757496889122,617.590659478334
1785.359999999986,620.6815974674704,617.590659478334
1785.7029999999795,620.6758183684088,617.590659478334
1786.0470000000205,620.6810082158814,617.590659478334
1786.3910000000615,620.6827547162912,617.590659478334
1786.734999999986,620.6853444945717,617.590659478334
1787.0779999999795,620.6856500364507,617.590659478334
1787.4220000000205,620.6892177811314,617.590659478334
1787.7660000000615,620.6882620012442,617.590659478334
1788.109999999986,620.6863421522802,617.590659478334
1788.4529999999795,620.6847831986698,617.590659478334
1788.7970000000205,620.704928659005,617.590659478334
1789.1410000000615,620.7204115298198,617.590659478334
1789.484999999986,620.7077667047901,617.590659478334
1789.844000000041,620.7204085098803,617.590659478334
1790.1720000000205,620.7233784405705,617.590659478334
1790.5320000000065,620.7151330456235,617.590659478334
1790.875,620.7226563186479,617.590659478334
1791.219000000041,620.7150455484741,617.590659478334
1791.5629999999655,620.7152337978168,617.590659478334
1791.9070000000065,620.6972260882212,617.590659478334
1792.25,620.703043196526,617.590659478334
1792.594000000041,620.7023473991478,617.590659478334
1792.9529999999795,620.691846584774,617.590659478334
1793.2970000000205,620.6896082082064,617.590659478334
1793.6570000000065,620.6919932565744,617.590659478334
1794.0,620.6938951864236,617.590659478334
1794.359999999986,620.691608641221,617.590659478334
1794.6879999999655,620.6950346837789,617.590659478334
1795.0470000000205,620.6875995244286,617.590659478334
1795.3910000000615,620.688057031313,617.590659478334
1795.734999999986,620.6865432702494,617.590659478334
1796.0779999999795,620.6856419736506,617.590659478334
1796.4220000000205,620.694164423213,617.590659478334
1796.7660000000615,620.6804480260859,617.590659478334
1797.109999999986,620.6842389180551,617.590659478334
1797.469000000041,620.6869796908665,617.590659478334
1797.7970000000205,620.6700051207814,617.590659478334
1798.1570000000065,620.6973147846106,617.590659478334
1798.5,620.6918217722249,617.590659478334
1798.844000000041,620.6790613790554,617.590659478334
1799.1879999999655,620.6801481425223,617.590659478334
1799.5320000000065,620.6749347983102,617.590659478334
1799.875,620.6950502302908,617.590659478334
1800.219000000041,620.6859532244667,617.590659478334
1800.5779999999795,620.6812417636222,617.590659478334
1800.9379999999655,620.6850281335753,617.590659478334
1801.2970000000205,620.6850008419136,617.590659478334
1801.6410000000615,620.6833900318869,617.590659478334
1802.0,620.6892423090487,617.590659478334
1802.344000000041,620.6898693819306,617.590659478334
1802.7029999999795,620.6845578457705,617.590659478334
1803.0470000000205,620.6848571580409,617.590659478334
1803.4070000000065,620.6838163267809,617.590659478334
1803.75,620.6787130499605,617.590659478334
1804.109999999986,620.6878288565321,617.590659478334
1804.4529999999795,620.6824187790496,617.590659478334
1804.7970000000205,620.6859902819292,617.590659478334
1805.1570000000065,620.6769956984657,617.590659478334
1805.5,620.6781878709629,617.590659478334
1805.859999999986,620.6771786393925,617.590659478334
1806.2029999999795,620.6906629115144,617.590659478334
1806.5629999999655,620.6800970013954,617.590659478334
1806.9070000000065,620.683784756204,617.590659478334
1807.25,620.6870467528751,617.590659478334
1807.594000000041,620.6787019986195,617.590659478334
1807.9379999999655,620.6874352780269,617.590659478334
1808.2820000000065,620.6772124678616,617.590659478334
1808.609999999986,620.690057770167,617.590659478334
1808.969000000041,620.6837809777235,617.590659478334
1809.3129999999655,620.6908189310354,617.590659478334
1809.6570000000065,620.682570494071,617.590659478334
1810.0160000000615,620.684549349863,617.590659478334
1810.359999999986,620.6874900405244,617.590659478334
1810.7029999999795,620.6809564090053,617.590659478334
1811.0470000000205,620.6805290115976,617.590659478334
1811.3910000000615,620.6769591794828,617.590659478334
1811.75,620.6793427451622,617.590659478334
1812.0779999999795,620.6742555159232,617.590659478334
1812.4379999999655,620.6835531333635,617.590659478334
1812.7820000000065,620.6809287594156,617.590659478334
1813.1410000000615,620.6830901295583,617.590659478334
1813.484999999986,620.6793459132307,617.590659478334
1813.8129999999655,620.6772769078825,617.590659478334
1814.1720000000205,620.6806576980774,617.590659478334
1814.5160000000615,620.6786647640992,617.590659478334
1814.859999999986,620.6808996533632,617.590659478334
1815.2029999999795,620.6812467566315,617.590659478334
1815.5470000000205,620.6731224328245,617.590659478334
1815.9070000000065,620.6845417542017,617.590659478334
1816.25,620.6833224477477,617.590659478334
1816.609999999986,620.6803529867617,617.590659478334
1816.9529999999795,620.6753664856727,617.590659478334
1817.2970000000205,620.6794619127445,617.590659478334
1817.6570000000065,620.6825944468181,617.590659478334
1818.0160000000615,620.6829962520324,617.590659478334
1818.359999999986,620.68305559786,617.590659478334
1818.7029999999795,620.6787494457625,617.590659478334
1819.0470000000205,620.6812898748236,617.590659478334
1819.3910000000615,620.6718512514672,617.590659478334
1819.734999999986,620.6819281617853,617.590659478334
1820.0779999999795,620.6825891846897,617.590659478334
1820.4379999999655,620.6781267117467,617.590659478334
1820.7820000000065,620.6764984956733,617.590659478334
1821.125,620.6802079576313,617.590659478334
1821.484999999986,620.6888938720041,617.590659478334
1821.8279999999795,620.6776191386056,617.590659478334
1822.1720000000205,620.6804191373908,617.590659478334
1822.5160000000615,620.6732795009341,617.590659478334
1822.844000000041,620.6792548998135,617.590659478334
1823.2029999999795,620.6855114138029,617.590659478334
1823.5470000000205,620.673518381022,617.590659478334
1823.8910000000615,620.6797457878849,617.590659478334
1824.234999999986,620.6866216859189,617.590659478334
1824.5779999999795,620.6735052261553,617.590659478334
1824.9379999999655,620.6705064267258,617.590659478334
1825.2820000000065,620.6728016592729,617.590659478334
1825.625,620.6826612462147,617.590659478334
1825.984999999986,620.6771079137549,617.590659478334
1826.3279999999795,620.6787652083715,617.590659478334
1826.6879999999655,620.685787203343,617.590659478334
1827.0320000000065,620.6746636502186,617.590659478334
1827.3910000000615,620.676493112201,617.590659478334
1827.734999999986,620.6768239853748,617.590659478334
1828.094000000041,620.6774312792312,617.590659478334
1828.4379999999655,620.6866199945049,617.590659478334
1828.7970000000205,620.6836392984983,617.590659478334
1829.1570000000065,620.6790651915995,617.590659478334
1829.5160000000615,620.682059576677,617.590659478334
1829.844000000041,620.6818147287527,617.590659478334
1830.2029999999795,620.6730050699894,617.590659478334
1830.5470000000205,620.6792002856022,617.590659478334
1830.8910000000615,620.6791204480213,617.590659478334
1831.234999999986,620.6811614973765,617.590659478334
1831.5779999999795,620.6788616798143,617.590659478334
1831.9220000000205,620.6773843341447,617.590659478334
1832.2820000000065,620.669725406961,617.590659478334
1832.625,620.6752950868474,617.590659478334
1832.969000000041,620.6715002839745,617.590659478334
1833.3129999999655,620.6747285689812,617.590659478334
1833.6570000000065,620.6657275757104,617.590659478334
1834.0,620.6859465233329,617.590659478334
1834.344000000041,620.6773596856126,617.590659478334
1834.6879999999655,620.6805236404135,617.590659478334
1835.0320000000065,620.6800157173415,617.590659478334
1835.375,620.6865663127807,617.590659478334
1835.7029999999795,620.6737388253897,617.590659478334
1836.0629999999655,620.6728678943203,617.590659478334
1836.4070000000065,620.6726960101541,617.590659478334
1836.75,620.6818426797372,617.590659478334
1837.109999999986,620.6769683480419,617.590659478334
1837.4529999999795,620.6846482061019,617.590659478334
1837.7970000000205,620.6780141311103,617.590659478334
1838.1410000000615,620.6762806416003,617.590659478334
1838.5,620.6805892224427,617.590659478334
1838.844000000041,620.6812367010559,617.590659478334
1839.1879999999655,620.6791418816454,617.590659478334
1839.5470000000205,620.670006309222,617.590659478334
1839.9070000000065,620.680615426609,617.590659478334
1840.25,620.6735715697972,617.590659478334
1840.594000000041,620.6781841271694,617.590659478334
1840.9379999999655,620.6831987651383,617.590659478334
1841.2970000000205,620.6751869827079,617.590659478334
1841.6410000000615,620.6753990885152,617.590659478334
1841.984999999986,620.6775425296236,617.590659478334
1842.344000000041,620.6919722106123,617.590659478334
1842.6879999999655,620.6671166113009,617.590659478334
1843.0320000000065,620.6819784373951,617.590659478334
1843.375,620.6794412025525,617.590659478334
1843.719000000041,620.675162695071,617.590659478334
1844.0779999999795,620.6750837497235,617.590659478334
1844.4070000000065,620.6855010752834,617.590659478334
1844.7660000000615,620.6767646135136,617.590659478334
1845.109999999986,620.6830626890869,617.590659478334
1845.4529999999795,620.6735824214602,617.590659478334
1845.7970000000205,620.6826619855134,617.590659478334
1846.1410000000615,620.6818695096276,617.590659478334
1846.484999999986,620.6781284043017,617.590659478334
1846.8279999999795,620.6743606895229,617.590659478334
1847.1720000000205,620.6785422127696,617.590659478334
1847.5160000000615,620.6756601905556,617.590659478334
1847.859999999986,620.6756266417345,617.590659478334
1848.219000000041,620.6769961011614,617.590659478334
1848.5629999999655,620.6769878716161,617.590659478334
1848.8910000000615,620.6767513498366,617.590659478334
1849.234999999986,620.6740476745673,617.590659478334
1849.5779999999795,620.6763948793391,617.590659478334
1849.9220000000205,620.6809860334713,617.590659478334
1850.2660000000615,620.6740674398329,617.590659478334
1850.625,620.6825333519523,617.590659478334
1850.969000000041,620.6721349905259,617.590659478334
1851.3279999999795,620.6818984184906,617.590659478334
1851.6720000000205,620.6972896386509,617.590659478334
1852.0160000000615,620.6050404531459,617.590659478334
1852.359999999986,620.4924398784855,617.590659478334
1852.719000000041,620.447973426749,617.590659478334
1853.0629999999655,620.4261441610406,617.590659478334
1853.4070000000065,620.4059668110386,617.590659478334
1853.7660000000615,620.3964059563259,617.590659478334
1854.125,620.3742579513817,617.590659478334
1854.469000000041,620.3808483268833,617.590659478334
1854.8129999999655,620.3669779993143,617.590659478334
1855.1570000000065,620.3602265342578,617.590659478334
1855.5,620.3549564251225,617.590659478334
1855.844000000041,620.3540072888966,617.590659478334
1856.1879999999655,620.3540762594321,617.590659478334
1856.5320000000065,620.3524349033729,617.590659478334
1856.875,620.3506560692716,617.590659478334
1857.2029999999795,620.3531280651437,617.590659478334
1857.5470000000205,620.3430869811618,617.590659478334
1857.8910000000615,620.3501867183098,617.590659478334
1858.234999999986,620.3505530435403,617.590659478334
1858.5629999999655,620.3493659750393,617.590659478334
1858.9220000000205,620.3461149148097,617.590659478334
1859.2660000000615,620.3514019447132,617.590659478334
1859.594000000041,620.3478687358477,617.590659478334
1859.9529999999795,620.3430710710763,617.590659478334
1860.2970000000205,620.3430336565875,617.590659478334
1860.6410000000615,620.3356094943375,617.590659478334
1861.0,620.331676667892,617.590659478334
1861.344000000041,620.3357529543616,617.590659478334
1861.6879999999655,620.3416735504121,617.590659478334
1862.0320000000065,620.3390380203455,617.590659478334
1862.375,620.3353315690537,617.590659478334
1862.719000000041,620.3431739042784,617.590659478334
1863.0629999999655,620.3329851728996,617.590659478334
1863.4070000000065,620.3299236397704,617.590659478334
1863.75,620.3385495105402,617.590659478334
1864.094000000041,620.3615231518376,617.590659478334
1864.4379999999655,620.3306884022518,617.590659478334
1864.7820000000065,620.3344316151704,617.590659478334
1865.125,620.3355236869963,617.590659478334
1865.4529999999795,620.338875860868,617.590659478334
1865.8279999999795,620.3322896390736,617.590659478334
1866.1720000000205,620.3213151167399,617.590659478334
1866.5320000000065,620.3222814032964,617.590659478334
1866.875,620.3261881921346,617.590659478334
1867.219000000041,620.319613356898,617.590659478334
1867.5629999999655,620.3212609917082,617.590659478334
1867.9070000000065,620.3168891675217,617.590659478334
1868.25,620.3224011030001,617.590659478334
1868.594000000041,620.3101589671624,617.590659478334
1868.9379999999655,620.316967316356,617.590659478334
1869.2820000000065,620.3212589462482,617.590659478334
1869.625,620.3227226058114,617.590659478334
1869.969000000041,620.3162303875181,617.590659478334
1870.3129999999655,620.3221123363518,617.590659478334
1870.6570000000065,620.313715946203,617.590659478334
1871.0,620.3210545612274,617.590659478334
1871.344000000041,620.3093994086172,617.590659478334
1871.6879999999655,620.3122201584277,617.590659478334
1872.0320000000065,620.318232269022,617.590659478334
1872.375,620.3087253782579,617.590659478334
1872.734999999986,620.3211841939634,617.590659478334
1873.0779999999795,620.3183000394963,617.590659478334
1873.4379999999655,620.3140410608179,617.590659478334
1873.7820000000065,620.3130316381605,617.590659478334
1874.125,620.3108383649186,617.590659478334
1874.484999999986,620.3214752804392,617.590659478334
1874.8279999999795,620.3092152751553,617.590659478334
1875.1720000000205,620.3066071138181,617.590659478334
1875.5320000000065,620.3136602262911,617.590659478334
1875.875,620.3226450997835,617.590659478334
1876.234999999986,620.3117795249035,617.590659478334
1876.5779999999795,620.3273942037226,617.590659478334
1876.9379999999655,620.3607147799711,617.590659478334
1877.2820000000065,620.3710460839525,617.590659478334
1877.625,620.3719734504433,617.590659478334
1877.984999999986,620.3816468144973,617.590659478334
1878.3279999999795,620.374907932845,617.590659478334
1878.6570000000065,620.3656164957916,617.590659478334
1879.0160000000615,620.3623752293312,617.590659478334
1879.344000000041,620.3565056479398,617.590659478334
1879.6879999999655,620.351452062844,617.590659478334
1880.0320000000065,620.3530233821174,617.590659478334
1880.375,620.3449488204204,617.590659478334
1880.719000000041,620.3472251595794,617.590659478334
1881.0629999999655,620.3540860565113,617.590659478334
1881.4070000000065,620.3481508945539,617.590659478334
1881.75,620.3446355441644,617.590659478334
1882.094000000041,620.3484432682488,617.590659478334
1882.4379999999655,620.352690547869,617.590659478334
1882.7820000000065,620.3481085021863,617.590659478334
1883.125,620.3483035585339,617.590659478334
1883.469000000041,620.3413010598891,617.590659478334
1883.8129999999655,620.3441697269587,617.590659478334
1884.1570000000065,620.3376229921719,617.590659478334
1884.5160000000615,620.3405977713381,617.590659478334
1884.875,620.3470223982384,617.590659478334
1885.234999999986,620.3383888873268,617.590659478334
1885.5779999999795,620.3369926374043,617.590659478334
1885.9379999999655,620.3402213660627,617.590659478334
1886.2820000000065,620.3350320005305,617.590659478334
1886.6410000000615,620.334337230766,617.590659478334
1886.984999999986,620.3437047108036,617.590659478334
1887.344000000041,620.331889095014,617.590659478334
1887.6879999999655,620.3399308063053,617.590659478334
1888.0320000000065,620.3291861429481,617.590659478334
1888.3910000000615,620.3370117308607,617.590659478334
1888.734999999986,620.3486675653146,617.590659478334
1889.094000000041,620.3603428558644,617.590659478334
1889.4379999999655,620.3427445184865,617.590659478334
1889.7970000000205,620.3388602480738,617.590659478334
1890.1410000000615,620.345447046905,617.590659478334
1890.484999999986,620.3356497184766,617.590659478334
1890.8279999999795,620.3275180622608,617.590659478334
1891.1720000000205,620.3290117388641,617.590659478334
1891.5320000000065,620.3207094385847,617.590659478334
1891.859999999986,620.3189701242402,617.590659478334
1892.219000000041,620.3084881704481,617.590659478334
1892.5629999999655,620.3094014812726,617.590659478334
1892.9070000000065,620.3089454899656,617.590659478334
1893.25,620.3101803034359,617.590659478334
1893.594000000041,620.3161560227051,617.590659478334
1893.9220000000205,620.3094388761997,617.590659478334
1894.2820000000065,620.3164263991636,617.590659478334
1894.625,620.3080962964892,617.590659478334
1894.969000000041,620.3144773971777,617.590659478334
1895.3129999999655,620.3239722486685,617.590659478334
1895.6720000000205,620.3192447053435,617.590659478334
1896.0160000000615,620.3382822236639,617.590659478334
1896.344000000041,620.3400890125506,617.590659478334
1896.6879999999655,620.3480945362938,617.590659478334
1897.0470000000205,620.3382115305989,617.590659478334
1897.3910000000615,620.3318541853689,617.590659478334
1897.719000000041,620.3208912373354,617.590659478334
1898.0629999999655,620.3298842119053,617.590659478334
1898.4070000000065,620.3229700419353,617.590659478334
1898.75,620.3141142020565,617.590659478334
1899.109999999986,620.3203501827893,617.590659478334
1899.4529999999795,620.3166191838274,617.590659478334
1899.7970000000205,620.3134247848204,617.590659478334
1900.1410000000615,620.3131055827727,617.590659478334
1900.484999999986,620.3135220554648,617.590659478334
1900.8279999999795,620.3168843461397,617.590659478334
1901.1720000000205,620.3089235310674,617.590659478334
1901.5160000000615,620.306635842858,617.590659478334
1901.859999999986,620.31759221805,617.590659478334
1902.2029999999795,620.3130124803199,617.590659478334
1902.5629999999655,620.3124549335056,617.590659478334
1902.9070000000065,620.3097591695409,617.590659478334
1903.25,620.3202752249239,617.590659478334
1903.609999999986,620.3142134416352,617.590659478334
1903.9529999999795,620.3105053701137,617.590659478334
1904.2970000000205,620.3073435250094,617.590659478334
1904.6410000000615,620.318655717597,617.590659478334
1904.984999999986,620.3080461161265,617.590659478334
1905.344000000041,620.2981730479809,617.590659478334
1905.6879999999655,620.3096965101522,617.590659478334
1906.0320000000065,620.3117791764707,617.590659478334
1906.359999999986,620.3086356364793,617.590659478334
1906.719000000041,620.3132000791346,617.590659478334
1907.0629999999655,620.309622844213,617.590659478334
1907.4070000000065,620.3145177475467,617.590659478334
1907.75,620.3086425431459,617.590659478334
1908.094000000041,620.3011295075166,617.590659478334
1908.4529999999795,620.304647795053,617.590659478334
1908.7970000000205,620.3019138926301,617.590659478334
1909.1570000000065,620.3115668390695,617.590659478334
1909.5160000000615,620.312524619702,617.590659478334
1909.875,620.3119129873179,617.590659478334
1910.219000000041,620.3003121534549,617.590659478334
1910.5779999999795,620.3094565721357,617.590659478334
1910.9220000000205,620.310779547774,617.590659478334
1911.2660000000615,620.3069484746052,617.590659478334
1911.609999999986,620.313908339298,617.590659478334
1911.9529999999795,620.3114968408472,617.590659478334
1912.3129999999655,620.3106381592467,617.590659478334
1912.6570000000065,620.3068584065337,617.590659478334
1913.0160000000615,620.3053692089945,617.590659478334
1913.359999999986,620.3076248413649,617.590659478334
1913.719000000041,620.3052661758799,617.590659478334
1914.0629999999655,620.3110406674319,617.590659478334
1914.469000000041,620.3015970494765,617.590659478334
1914.8129999999655,620.3081207412582,617.590659478334
1915.1720000000205,620.3068172630885,617.590659478334
1915.5160000000615,620.3135545992101,617.590659478334
1915.859999999986,620.3048630016814,617.590659478334
1916.219000000041,620.3083194496929,617.590659478334
1916.5629999999655,620.302548506416,617.590659478334
1916.9070000000065,620.3174473051346,617.590659478334
1917.25,620.3033942525,617.590659478334
1917.594000000041,620.3080965330589,617.590659478334
1917.9529999999795,620.3087911736583,617.590659478334
1918.2970000000205,620.3019249695145,617.590659478334
1918.6410000000615,620.3113903521229,617.590659478334
1918.984999999986,620.3065732717922,617.590659478334
1919.344000000041,620.3037533487491,617.590659478334
1919.6879999999655,620.3046475385821,617.590659478334
1920.0320000000065,620.3079937918629,617.590659478334
1920.375,620.3021568481429,617.590659478334
1920.734999999986,620.3125798762384,617.590659478334
1921.0779999999795,620.3088936212564,617.590659478334
1921.4379999999655,620.2968574460349,617.590659478334
1921.7970000000205,620.3076137925516,617.590659478334
1922.1570000000065,620.303620073713,617.590659478334
1922.5,620.3072919077264,617.590659478334
1922.859999999986,620.3004600774902,617.590659478334
1923.219000000041,620.2984216608374,617.590659478334
1923.5629999999655,620.3077912951624,617.590659478334
1923.9220000000205,620.3022223432403,617.590659478334
1924.2820000000065,620.3014310936802,617.590659478334
1924.6410000000615,620.3064314250989,617.590659478334
1924.984999999986,620.3074192379748,617.590659478334
1925.344000000041,620.3070850669692,617.590659478334
1925.6879999999655,620.3033305453154,617.590659478334
1926.0470000000205,620.3075286261186,617.590659478334
1926.469000000041,620.3116734261483,617.590659478334
1926.8279999999795,620.29753093109,617.590659478334
1927.1720000000205,620.3029995959095,617.590659478334
1927.5160000000615,620.3036735096038,617.590659478334
1927.875,620.3023505227338,617.590659478334
1928.2029999999795,620.3156662733826,617.590659478334
1928.5629999999655,620.3032679475835,617.590659478334
1928.9070000000065,620.3071329675795,617.590659478334
1929.2660000000615,620.3051319002042,617.590659478334
1929.609999999986,620.3000973056568,617.590659478334
1929.9529999999795,620.3034247276405,617.590659478334
1930.2970000000205,620.3088465066218,617.590659478334
1930.6410000000615,620.3098799052257,617.590659478334
1931.0,620.3053731118011,617.590659478334
1931.344000000041,620.3040227764913,617.590659478334
1931.6879999999655,620.3123540580129,617.590659478334
1932.0320000000065,620.3082526977736,617.590659478334
1932.375,620.3019132658313,617.590659478334
1932.719000000041,620.3016306784322,617.590659478334
1933.0629999999655,620.2950413062887,617.590659478334
1933.4070000000065,620.310088728809,617.590659478334
1933.75,620.30301068941,617.590659478334
1934.094000000041,620.3090795684903,617.590659478334
1934.4529999999795,620.3042033567458,617.590659478334
1934.7970000000205,620.2975466254343,617.590659478334
1935.1570000000065,620.3040804574078,617.590659478334
1935.5,620.303972502974,617.590659478334
1935.844000000041,620.3034707224945,617.590659478334
1936.1879999999655,620.3039107071952,617.590659478334
1936.5320000000065,620.2957068166694,617.590659478334
1936.875,620.3060846191847,617.590659478334
1937.234999999986,620.307380518141,617.590659478334
1937.5779999999795,620.2995974726834,617.590659478334
1937.9220000000205,620.2992347318768,617.590659478334
1938.2660000000615,620.294946389515,617.590659478334
1938.625,620.2953035893738,617.590659478334
1938.9529999999795,620.2992748321503,617.590659478334
1939.2970000000205,620.3019836834025,617.590659478334
1939.6410000000615,620.3094425243655,617.590659478334
1939.984999999986,620.3128498428994,617.590659478334
1940.344000000041,620.3057937611256,617.590659478334
1940.6879999999655,620.3007639960998,617.590659478334
1941.0320000000065,620.2977326494304,617.590659478334
1941.375,620.3042525200432,617.590659478334
1941.7029999999795,620.2993403593592,617.590659478334
1942.0629999999655,620.2978275178434,617.590659478334
1942.4070000000065,620.2967887945206,617.590659478334
1942.8129999999655,620.3004166199108,617.590659478334
1943.1410000000615,620.2943122928823,617.590659478334
1943.484999999986,620.302628884762,617.590659478334
1943.844000000041,620.2992681632848,617.590659478334
1944.1879999999655,620.30004028236,617.590659478334
1944.5160000000615,620.2977231257448,617.590659478334
1944.859999999986,620.3062626992395,617.590659478334
1945.2029999999795,620.2984688487156,617.590659478334
1945.5470000000205,620.3016271051506,617.590659478334
1945.8910000000615,620.2984262778417,617.590659478334
1946.234999999986,620.3005969019445,617.590659478334
1946.5779999999795,620.3047572804068,617.590659478334
1946.9220000000205,620.3040044437727,617.590659478334
1947.2660000000615,620.3051981651829,617.590659478334
1947.609999999986,620.3067483744061,617.590659478334
1947.9529999999795,620.3042782629964,617.590659478334
1948.2970000000205,620.2935587658759,617.590659478334
1948.6410000000615,620.3006807019076,617.590659478334
1948.984999999986,620.2980234505546,617.590659478334
1949.3279999999795,620.2996384546851,617.590659478334
1949.6570000000065,620.2976671223206,617.590659478334
1950.0,620.3071805632524,617.590659478334
1950.344000000041,620.297518860471,617.590659478334
1950.6879999999655,620.3046531109011,617.590659478334
1951.0320000000065,620.3028574797672,617.590659478334
1951.375,620.301724262014,617.590659478334
1951.719000000041,620.3048289928264,617.590659478334
1952.0629999999655,620.2956341576033,617.590659478334
1952.3910000000615,620.2946079233341,617.590659478334
1952.734999999986,620.292392571305,617.590659478334
1953.0779999999795,620.302805613279,617.590659478334
1953.4220000000205,620.2984907956812,617.590659478334
1953.7660000000615,620.3015709066347,617.590659478334
1954.094000000041,620.3009466053031,617.590659478334
1954.4379999999655,620.3014901204061,617.590659478334
1954.7820000000065,620.3025128157279,617.590659478334
1955.125,620.3090706963758,617.590659478334
1955.469000000041,620.300463670174,617.590659478334
1955.8129999999655,620.3048190503528,617.590659478334
1956.1570000000065,620.3031458585406,617.590659478334
1956.5,620.2955246809286,617.590659478334
1956.844000000041,620.2998739945211,617.590659478334
1957.1720000000205,620.2980150438726,617.590659478334
1957.5160000000615,620.3002083536021,617.590659478334
1957.859999999986,620.3082029013731,617.590659478334
1958.2029999999795,620.2991415083135,617.590659478334
1958.5470000000205,620.2948819213177,617.590659478334
1958.8910000000615,620.2956990528761,617.590659478334
1959.234999999986,620.2954074431325,617.590659478334
1959.5779999999795,620.3017837652452,617.590659478334
1959.9220000000205,620.3086982650377,617.590659478334
1960.2660000000615,620.3012617960554,617.590659478334
1960.609999999986,620.2994714107149,617.590659478334
1960.9529999999795,620.3016134620603,617.590659478334
1961.2970000000205,620.3001082433607,617.590659478334
1961.6410000000615,620.3066967320844,617.590659478334
1961.984999999986,620.3039696874903,617.590659478334
1962.3279999999795,620.2993001145192,617.590659478334
1962.6879999999655,620.3056264393235,617.590659478334
1963.0160000000615,620.2899562121144,617.590659478334
1963.359999999986,620.3037639736838,617.590659478334
1963.7029999999795,620.3004098268365,617.590659478334
1964.0470000000205,620.2975828758665,617.590659478334
1964.3910000000615,620.2954324404537,617.590659478334
1964.734999999986,620.3003647911326,617.590659478334
1965.0779999999795,620.2995500923886,617.590659478334
1965.4220000000205,620.298306231441,617.590659478334
1965.7660000000615,620.3022112757885,617.590659478334
1966.109999999986,620.2958074237678,617.590659478334
1966.4529999999795,620.3022147547922,617.590659478334
1966.7970000000205,620.296608718983,617.590659478334
1967.1410000000615,620.2903303125518,617.590659478334
1967.484999999986,620.3004766566485,617.590659478334
1967.8279999999795,620.2946310734907,617.590659478334
1968.1570000000065,620.307000562379,617.590659478334
1968.5,620.2995413965796,617.590659478334
1968.844000000041,620.306446811126,617.590659478334
1969.1879999999655,620.3019497487654,617.590659478334
1969.5320000000065,620.2932821932048,617.590659478334
1969.875,620.2922142532533,617.590659478334
1970.219000000041,620.3020873277335,617.590659478334
1970.5629999999655,620.3037419303216,617.590659478334
1970.9070000000065,620.2958179283432,617.590659478334
1971.234999999986,620.3025678429129,617.590659478334
1971.5779999999795,620.3025274923054,617.590659478334
1971.9220000000205,620.2970775761752,617.590659478334
1972.2660000000615,620.3033430861525,617.590659478334
1972.609999999986,620.3033318749635,617.590659478334
1972.9529999999795,620.2966145733957,617.590659478334
1973.2970000000205,620.297882899042,617.590659478334
1973.6410000000615,620.3034603908673,617.590659478334
1973.984999999986,620.2968360551052,617.590659478334
1974.3279999999795,620.2884842961668,617.590659478334
1974.6720000000205,620.2988624002122,617.590659478334
1975.0320000000065,620.3059877788899,617.590659478334
1975.359999999986,620.2945604671585,617.590659478334
1975.719000000041,620.3033325647618,617.590659478334
1976.0629999999655,620.3000071112838,617.590659478334
1976.3910000000615,620.3067307419161,617.590659478334
1976.734999999986,620.292108674618,617.590659478334
1977.094000000041,620.2930837606893,617.590659478334
1977.4220000000205,620.2990913068884,617.590659478334
1977.7820000000065,620.2993317444239,617.590659478334
1978.109999999986,620.2991838182644,617.590659478334
1978.4529999999795,620.2970957559135,617.590659478334
1978.7970000000205,620.2951418300255,617.590659478334
1979.1410000000615,620.2981666698392,617.590659478334
1979.484999999986,620.2993877926662,617.590659478334
1979.8279999999795,620.2923816035717,617.590659478334
1980.1720000000205,620.3004720615031,617.590659478334
1980.5160000000615,620.3006000586771,617.590659478334
1980.859999999986,620.3022840775766,617.590659478334
1981.2029999999795,620.3029432264948,617.590659478334
1981.5470000000205,620.2879232287092,617.590659478334
1981.8910000000615,620.2924117738178,617.590659478334
1982.234999999986,620.2919299848504,617.590659478334
1982.5629999999655,620.3011516588743,617.590659478334
1982.9070000000065,620.294677402543,617.590659478334
1983.25,620.2915267330909,617.590659478334
1983.594000000041,620.295973541451,617.590659478334
1983.9379999999655,620.2974728214497,617.590659478334
1984.2820000000065,620.304820141491,617.590659478334
1984.625,620.2985807154167,617.590659478334
1984.969000000041,620.2938622448288,617.590659478334
1985.3129999999655,620.2922519667907,617.590659478334
1985.6720000000205,620.2965428998235,617.590659478334
1986.0160000000615,620.3010562028627,617.590659478334
1986.359999999986,620.2924941448548,617.590659478334
1986.6879999999655,620.2984301808152,617.590659478334
1987.0470000000205,620.3015699033624,617.590659478334
1987.3910000000615,620.3032048240647,617.590659478334
1987.734999999986,620.2958736456128,617.590659478334
1988.0779999999795,620.2972631744653,617.590659478334
1988.4220000000205,620.297931087077,617.590659478334
1988.7660000000615,620.2967491927008,617.590659478334
1989.109999999986,620.2971830513659,617.590659478334
1989.469000000041,620.2952146632707,617.590659478334
1989.8129999999655,620.2981892540308,617.590659478334
1990.1570000000065,620.2992633290514,617.590659478334
1990.5,620.2993465790987,617.590659478334
1990.844000000041,620.2938699992982,617.590659478334
1991.1879999999655,620.3030740293189,617.590659478334
1991.5470000000205,620.299175483878,617.590659478334
1991.875,620.2986854712191,617.590659478334
1992.234999999986,620.2924190897519,617.590659478334
1992.5779999999795,620.2979087374677,617.590659478334
1992.9220000000205,620.3000552757616,617.590659478334
1993.2660000000615,620.3059232787207,617.590659478334
1993.594000000041,620.3174578675598,617.590659478334
1993.9529999999795,620.3324154977346,617.590659478334
1994.2820000000065,620.3479913384697,617.590659478334
1994.6410000000615,620.3732249056694,617.590659478334
1994.984999999986,620.381446499456,617.590659478334
1995.3279999999795,620.3886877386575,617.590659478334
1995.6720000000205,620.4017796085552,617.590659478334
1996.0320000000065,620.4062957693455,617.590659478334
1996.375,620.4139803306958,617.590659478334
1996.719000000041,620.4216392626802,617.590659478334
1997.0629999999655,620.4333211932333,617.590659478334
1997.4070000000065,620.4481178798629,617.590659478334
1997.75,620.4530548921492,617.590659478334
1998.094000000041,620.4671612375275,617.590659478334
1998.4529999999795,620.4621801436658,617.590659478334
1998.8129999999655,620.471326645073,617.590659478334
1999.1570000000065,620.4886715402868,617.590659478334
1999.5,620.4864940782383,617.590659478334
1999.844000000041,620.4961846409905,617.590659478334
2000.1879999999655,620.49651970911,617.590659478334
2000.5320000000065,620.5037606187171,617.590659478334
2000.859999999986,620.511339640706,617.590659478334
2001.2029999999795,620.5121467431936,617.590659478334
2001.5470000000205,620.520906049193,617.590659478334
2001.8910000000615,620.5255914675886,617.590659478334
2002.234999999986,620.5320292473181,617.590659478334
2002.5779999999795,620.5352319442314,617.590659478334
2002.9220000000205,620.5370882580079,617.590659478334
2003.2660000000615,620.5441815030939,617.590659478334
2003.609999999986,620.5518824097479,617.590659478334
2003.9529999999795,620.55061311198,617.590659478334
2004.2970000000205,620.5595512118139,617.590659478334
2004.6410000000615,620.5613055349777,617.590659478334
2004.984999999986,620.561966329787,617.590659478334
2005.3279999999795,620.5756796232259,617.590659478334
2005.6720000000205,620.5888456145568,617.590659478334
2006.0,620.5996794815991,617.590659478334
2006.344000000041,620.6051151414683,617.590659478334
2006.6879999999655,620.6019286394395,617.590659478334
2007.0320000000065,620.6125651950147,617.590659478334
2007.375,620.6043986200273,617.590659478334
2007.719000000041,620.6031011755156,617.590659478334
2008.0629999999655,620.6017360345195,617.590659478334
2008.4070000000065,620.5977938095377,617.590659478334
2008.75,620.5891793561622,617.590659478334
2009.094000000041,620.5893081255945,617.590659478334
2009.4379999999655,620.5893727164305,617.590659478334
2009.7970000000205,620.5896855835153,617.590659478334
2010.1410000000615,620.5796876524346,617.590659478334
2010.484999999986,620.5811441629356,617.590659478334
2010.8129999999655,620.5829614645907,617.590659478334
2011.1570000000065,620.5818004589447,617.590659478334
2011.5,620.5872260429962,617.590659478334
2011.844000000041,620.5781457202891,617.590659478334
2012.1879999999655,620.579181007377,617.590659478334
2012.5320000000065,620.5780985385771,617.590659478334
2012.8910000000615,620.5814359493793,617.590659478334
2013.234999999986,620.585381134613,617.590659478334
2013.5779999999795,620.5861536494936,617.590659478334
2013.9220000000205,620.5813493054092,617.590659478334
2014.2660000000615,620.5786491951808,617.590659478334
2014.625,620.5805186693066,617.590659478334
2014.9529999999795,620.5788677776471,617.590659478334
2015.3129999999655,620.572055466393,617.590659478334
2015.6570000000065,620.5778726607907,617.590659478334
2016.0,620.5647825743125,617.590659478334
2016.359999999986,620.5840825107954,617.590659478334
2016.719000000041,620.5781230913581,617.590659478334
2017.0470000000205,620.576715924784,617.590659478334
2017.3910000000615,620.5767175133044,617.590659478334
2017.75,620.5805983214516,617.590659478334
2018.094000000041,620.5836721238841,617.590659478334
2018.4379999999655,620.5783603091069,617.590659478334
2018.7970000000205,620.5759721680204,617.590659478334
2019.125,620.579645104625,617.590659478334
2019.484999999986,620.5885829167011,617.590659478334
2019.8279999999795,620.553599162304,617.590659478334
2020.1879999999655,620.4695260455853,617.590659478334
2020.5320000000065,620.4276073906462,617.590659478334
2020.875,620.4126235541806,617.590659478334
2021.219000000041,620.3951462400133,617.590659478334
2021.5629999999655,620.3835077182757,617.590659478334
2021.9070000000065,620.3741289239937,617.590659478334
2022.25,620.3704656178976,617.590659478334
2022.609999999986,620.3611862727284,617.590659478334
2022.9529999999795,620.3669316275937,617.590659478334
2023.2970000000205,620.3574807177082,617.590659478334
2023.6410000000615,620.3549123176947,617.590659478334
2023.984999999986,620.3530931441815,617.590659478334
2024.3279999999795,620.344148267531,617.590659478334
2024.6720000000205,620.3438894902896,617.590659478334
2025.0160000000615,620.3528638373144,617.590659478334
2025.359999999986,620.3511404635466,617.590659478334
2025.7029999999795,620.3414017995909,617.590659478334
2026.0629999999655,620.338002593679,617.590659478334
2026.4070000000065,620.3484180165585,617.590659478334
2026.75,620.3454681956341,617.590659478334
2027.109999999986,620.3453634433919,617.590659478334
2027.4529999999795,620.3325862090974,617.590659478334
2027.7970000000205,620.3318660255765,617.590659478334
2028.1570000000065,620.3346729252252,617.590659478334
2028.5,620.3333069247251,617.590659478334
2028.844000000041,620.3374359722585,617.590659478334
2029.2029999999795,620.3380443147867,617.590659478334
2029.5629999999655,620.3327766958289,617.590659478334
2029.9070000000065,620.3379545657436,617.590659478334
2030.2660000000615,620.3373717284709,617.590659478334
2030.625,620.330022962127,617.590659478334
2030.984999999986,620.3288467899686,617.590659478334
2031.3279999999795,620.344553489435,617.590659478334
2031.6879999999655,620.3526097789467,617.590659478334
2032.0470000000205,620.3544864003425,617.590659478334
2032.3910000000615,620.3345592796504,617.590659478334
2032.75,620.3264122581643,617.590659478334
2033.109999999986,620.3420609898083,617.590659478334
2033.4529999999795,620.3330271054414,617.590659478334
2033.8129999999655,620.3323384264022,617.590659478334
2034.1720000000205,620.3251876583624,617.590659478334
2034.5160000000615,620.3227363793287,617.590659478334
2034.875,620.3143483197852,617.590659478334
2035.219000000041,620.3171847490504,617.590659478334
2035.5629999999655,620.3164040502741,617.590659478334
2035.9070000000065,620.3132997307061,617.590659478334
2036.25,620.3090170673019,617.590659478334
2036.609999999986,620.3133106653595,617.590659478334
2036.9529999999795,620.3184768220001,617.590659478334
2037.2970000000205,620.3154135351704,617.590659478334
2037.6410000000615,620.3124947054195,617.590659478334
2037.984999999986,620.3130238481709,617.590659478334
2038.3279999999795,620.3140402372115,617.590659478334
2038.6720000000205,620.3149135124456,617.590659478334
2039.0160000000615,620.3162655470001,617.590659478334
2039.359999999986,620.3149361503349,617.590659478334
2039.7029999999795,620.309332443381,617.590659478334
2040.0470000000205,620.3110189879555,617.590659478334
2040.3910000000615,620.3128080449812,617.590659478334
2040.75,620.3125679843894,617.590659478334
2041.109999999986,620.3082909422371,617.590659478334
2041.4529999999795,620.3148241186641,617.590659478334
2041.8129999999655,620.3207292562755,617.590659478334
2042.1570000000065,620.3048922988895,617.590659478334
2042.5160000000615,620.3122969115603,617.590659478334
2042.844000000041,620.3104297825672,617.590659478334
2043.2029999999795,620.3055270380765,617.590659478334
2043.5470000000205,620.3145645395142,617.590659478334
2043.8910000000615,620.3144731809203,617.590659478334
2044.25,620.3162924773155,617.590659478334
2044.594000000041,620.3428505522922,617.590659478334
2044.9379999999655,620.3619652094221,617.590659478334
2045.2970000000205,620.3770538825435,617.590659478334
2045.6410000000615,620.3871636716498,617.590659478334
2046.0,620.3687517196279,617.590659478334
2046.344000000041,620.3664105222101,617.590659478334
2046.6879999999655,620.3547845759828,617.590659478334
2047.0470000000205,620.3532823225279,617.590659478334
2047.3910000000615,620.3496031422114,617.590659478334
2047.734999999986,620.3472721403716,617.590659478334
2048.0779999999795,620.3526131405706,617.590659478334
2048.4220000000205,620.3484012311538,617.590659478334
2048.7660000000615,620.3507868481485,617.590659478334
2049.094000000041,620.3466491891505,617.590659478334
2049.4529999999795,620.340543917966,617.590659478334
2049.7970000000205,620.3449548312797,617.590659478334
2050.1570000000065,620.3487902274363,617.590659478334
2050.484999999986,620.3462559407213,617.590659478334
2050.8279999999795,620.3397863328828,617.590659478334
2051.1879999999655,620.3402357318055,617.590659478334
2051.5320000000065,620.3395885143519,617.590659478334
2051.875,620.3425725283146,617.590659478334
2052.219000000041,620.3360699322083,617.590659478334
2052.5779999999795,620.3475127982331,617.590659478334
2052.9379999999655,620.3351459030315,617.590659478334
2053.2820000000065,620.3381729067077,617.590659478334
2053.625,620.3342679314161,617.590659478334
2053.969000000041,620.3391583342357,617.590659478334
2054.3279999999795,620.3383768178826,617.590659478334
2054.6570000000065,620.3321769799305,617.590659478334
2055.0160000000615,620.3300383165969,617.590659478334
2055.375,620.3292725220464,617.590659478334
2055.719000000041,620.3323361276299,617.590659478334
2056.0629999999655,620.3349998924082,617.590659478334
2056.4070000000065,620.3333341877319,617.590659478334
2056.75,620.3535125046684,617.590659478334
2057.094000000041,620.3548672942633,617.590659478334
2057.4529999999795,620.3356956443085,617.590659478334
2057.8279999999795,620.3434580064526,617.590659478334
2058.1720000000205,620.3350082451572,617.590659478334
2058.5470000000205,620.3260010004767,617.590659478334
2058.8910000000615,620.3193546987768,617.590659478334
2059.25,620.3129999619612,617.590659478334
2059.594000000041,620.3188792576856,617.590659478334
2059.9379999999655,620.3076447877663,617.590659478334
2060.2820000000065,620.3154012652768,617.590659478334
2060.625,620.3108572331766,617.590659478334
2060.969000000041,620.3159030707664,617.590659478334
2061.3129999999655,620.3027657665131,617.590659478334
2061.6570000000065,620.306902776069,617.590659478334
2062.0,620.3149559890512,617.590659478334
2062.344000000041,620.309743753281,617.590659478334
2062.6879999999655,620.3024443173649,617.590659478334
2063.0320000000065,620.3094342619416,617.590659478334
2063.375,620.3237347980091,617.590659478334
2063.7029999999795,620.3297255629873,617.590659478334
2064.0470000000205,620.3359915251517,617.590659478334
2064.3910000000615,620.3368680636833,617.590659478334
2064.719000000041,620.3412797021671,617.590659478334
2065.0779999999795,620.3339773954526,617.590659478334
2065.4220000000205,620.3281978996001,617.590659478334
2065.75,620.3207263454967,617.590659478334
2066.109999999986,620.3215333197974,617.590659478334
2066.469000000041,620.3172352704543,617.590659478334
2066.7970000000205,620.3245900957078,617.590659478334
2067.1410000000615,620.3266010040381,617.590659478334
2067.484999999986,620.3072277096439,617.590659478334
2067.8279999999795,620.3146309647241,617.590659478334
2068.1720000000205,620.3167599502423,617.590659478334
2068.5160000000615,620.3212479072125,617.590659478334
2068.875,620.3169012885367,617.590659478334
2069.2029999999795,620.3098333318702,617.590659478334
2069.5470000000205,620.3165558820821,617.590659478334
2069.9070000000065,620.3131657495101,617.590659478334
2070.234999999986,620.312750963798,617.590659478334
2070.594000000041,620.3154463616263,617.590659478334
2070.9220000000205,620.3111303785731,617.590659478334
2071.2660000000615,620.3123415220875,617.590659478334
2071.625,620.3080477705885,617.590659478334
2071.9529999999795,620.3112131064507,617.590659478334
2072.2970000000205,620.314240839478,617.590659478334
2072.6410000000615,620.3123622338594,617.590659478334
2072.984999999986,620.3093850431509,617.590659478334
2073.3279999999795,620.3071577173796,617.590659478334
2073.6570000000065,620.3026918028908,617.590659478334
2074.0,620.3055776117474,617.590659478334
2074.344000000041,620.3047018316726,617.590659478334
2074.6879999999655,620.3187709415813,617.590659478334
2075.0320000000065,620.3071586874574,617.590659478334
2075.375,620.3056760885202,617.590659478334
2075.7029999999795,620.3117344480229,617.590659478334
2076.0470000000205,620.3114901707156,617.590659478334
2076.4070000000065,620.3055691109395,617.590659478334
2076.75,620.3184303331034,617.590659478334
2077.0779999999795,620.330684299744,617.590659478334
2077.4379999999655,620.3564072610668,617.590659478334
2077.7660000000615,620.3888963808789,617.590659478334
2078.109999999986,620.3992748399769,617.590659478334
2078.4529999999795,620.4140906116992,617.590659478334
2078.8129999999655,620.432113375229,617.590659478334
2079.1570000000065,620.4373218518009,617.590659478334
2079.5,620.4572704847858,617.590659478334
2079.844000000041,620.4653025177427,617.590659478334
2080.1879999999655,620.4667596499024,617.590659478334
2080.5320000000065,620.4756678525481,617.590659478334
2080.875,620.4877246344118,617.590659478334
2081.2029999999795,620.4899422036157,617.590659478334
2081.5629999999655,620.5052809266587,617.590659478334
2081.9070000000065,620.5081158927593,617.590659478334
2082.25,620.5164923964343,617.590659478334
2082.609999999986,620.5154814906282,617.590659478334
2082.9529999999795,620.5268623731158,617.590659478334
2083.2970000000205,620.5375006965569,617.590659478334
2083.6410000000615,620.5438750183781,617.590659478334
2083.984999999986,620.5480439543638,617.590659478334
2084.3129999999655,620.5457967645877,617.590659478334
2084.6570000000065,620.5502602909422,617.590659478334
2085.0,620.5661767780678,617.590659478334
2085.344000000041,620.5772289392978,617.590659478334
2085.6879999999655,620.5754122270399,617.590659478334
2086.0320000000065,620.584578338677,617.590659478334
2086.375,620.5881138331545,617.590659478334
2086.719000000041,620.590068000635,617.590659478334
2087.0470000000205,620.5923290892118,617.590659478334
2087.3910000000615,620.5857995538403,617.590659478334
2087.734999999986,620.6079925815404,617.590659478334
2088.094000000041,620.6132610224847,617.590659478334
2088.4529999999795,620.6097867488006,617.590659478334
2088.8279999999795,620.6208055920463,617.590659478334
2089.1720000000205,620.611546258091,617.590659478334
2089.5320000000065,620.628914992712,617.590659478334
2089.875,620.6259311542215,617.590659478334
2090.234999999986,620.6356095079024,617.590659478334
2090.5779999999795,620.6376625820252,617.590659478334
2090.9220000000205,620.6397749483057,617.590659478334
2091.2820000000065,620.6374377236177,617.590659478334
2091.625,620.6428232625449,617.590659478334
2091.984999999986,620.6485656567451,617.590659478334
2092.3279999999795,620.6532470285862,617.590659478334
2092.6720000000205,620.6557123409406,617.590659478334
2093.0320000000065,620.6691380573661,617.590659478334
2093.375,620.6593686804363,617.590659478334
2093.719000000041,620.6658720360867,617.590659478334
2094.0779999999795,620.6666663718298,617.590659478334
2094.469000000041,620.6792591854255,617.590659478334
2094.8129999999655,620.6836605975855,617.590659478334
2095.1570000000065,620.6716567720092,617.590659478334
2095.5,620.6853176468729,617.590659478334
2095.844000000041,620.6857351218234,617.590659478334
2096.1720000000205,620.6889336190712,617.590659478334
2096.5160000000615,620.6915044081653,617.590659478334
2096.859999999986,620.697728429702,617.590659478334
2097.2029999999795,620.6928567237333,617.590659478334
2097.5629999999655,620.7043141186313,617.590659478334
2097.8910000000615,620.692103579404,617.590659478334
2098.234999999986,620.6993905158698,617.590659478334
2098.5779999999795,620.7047371282679,617.590659478334
2098.9220000000205,620.7053371489235,617.590659478334
2099.2660000000615,620.717188349969,617.590659478334
2099.609999999986,620.7104481594683,617.590659478334
2099.969000000041,620.7154734307225,617.590659478334
2100.3129999999655,620.7196393876031,617.590659478334
2100.6570000000065,620.7218805020668,617.590659478334
2101.0,620.7244042982123,617.590659478334
2101.344000000041,620.7183010293841,617.590659478334
2101.6879999999655,620.7270046024187,617.590659478334
2102.0470000000205,620.7339919078395,617.590659478334
2102.375,620.7296504495413,617.590659478334
2102.734999999986,620.7326623374665,617.590659478334
2103.0779999999795,620.7398810873937,617.590659478334
2103.4220000000205,620.7346922930067,617.590659478334
2103.7820000000065,620.7449491119396,617.590659478334
2104.125,620.744945411831,617.590659478334
2104.469000000041,620.749885097089,617.590659478334
2104.8129999999655,620.7416849451911,617.590659478334
2105.1720000000205,620.7516465612516,617.590659478334
2105.5160000000615,620.7476538896922,617.590659478334
2105.859999999986,620.7494925689867,617.590659478334
2106.219000000041,620.7571612907466,617.590659478334
2106.5629999999655,620.7539301424961,617.590659478334
2106.9220000000205,620.7501285954067,617.590659478334
2107.25,620.7553138520647,617.590659478334
2107.609999999986,620.7589212728742,617.590659478334
2107.9529999999795,620.7616899308513,617.590659478334
2108.2970000000205,620.7547105710688,617.590659478334
2108.6410000000615,620.7658427991803,617.590659478334
2108.984999999986,620.7622623648051,617.590659478334
2109.3279999999795,620.7704312002929,617.590659478334
2109.6879999999655,620.7583572712798,617.590659478334
2110.0320000000065,620.7751860776933,617.590659478334
2110.375,620.772667186112,617.590659478334
2110.719000000041,620.7776532693186,617.590659478334
2111.0629999999655,620.775039618477,617.590659478334
2111.4070000000065,620.7792317472541,617.590659478334
2111.75,620.7860471694601,617.590659478334
2112.094000000041,620.7910014595201,617.590659478334
2112.4379999999655,620.7822333804806,617.590659478334
2112.7820000000065,620.7769751383086,617.590659478334
2113.125,620.7907628821337,617.590659478334
2113.469000000041,620.7891971727867,617.590659478334
2113.8129999999655,620.7900607103116,617.590659478334
2114.1720000000205,620.7881825276406,617.590659478334
2114.5160000000615,620.7910577345516,617.590659478334
2114.859999999986,620.7920267757057,617.590659478334
2115.2029999999795,620.7898354906771,617.590659478334
2115.5470000000205,620.7874832004919,617.590659478334
2115.8910000000615,620.8029356771757,617.590659478334
2116.234999999986,620.7975752208029,617.590659478334
2116.5779999999795,620.8039177904494,617.590659478334
2116.9220000000205,620.801697822835,617.590659478334
2117.2660000000615,620.8049917404986,617.590659478334
2117.609999999986,620.798220141389,617.590659478334
2117.9529999999795,620.8051516923638,617.590659478334
2118.2970000000205,620.8047050327356,617.590659478334
2118.625,620.8089898318516,617.590659478334
2118.969000000041,620.8126510530509,617.590659478334
2119.3279999999795,620.8164314869764,617.590659478334
2119.6720000000205,620.8075508232096,617.590659478334
2120.0320000000065,620.811941483084,617.590659478334
2120.375,620.8149721252861,617.590659478334
2120.719000000041,620.8166202064223,617.590659478334
2121.0629999999655,620.812699978162,617.590659478334
2121.4070000000065,620.819088106605,617.590659478334
2121.7660000000615,620.8140196955827,617.590659478334
2122.109999999986,620.8264735468204,617.590659478334
2122.4379999999655,620.8185213013737,617.590659478334
2122.7970000000205,620.8297272425149,617.590659478334
2123.1410000000615,620.8270724944284,617.590659478334
2123.484999999986,620.8242109301272,617.590659478334
2123.844000000041,620.834504285766,617.590659478334
2124.1879999999655,620.8198443483433,617.590659478334
2124.5320000000065,620.8339362055353,617.590659478334
2124.875,620.8281546720323,617.590659478334
2125.234999999986,620.8302287738845,617.590659478334
2125.5779999999795,620.8280101330906,617.590659478334
2125.9379999999655,620.8324416049062,617.590659478334
2126.2820000000065,620.834685337833,617.590659478334
2126.625,620.8279838448942,617.590659478334
2126.984999999986,620.8332930882978,617.590659478334
2127.344000000041,620.8370235767262,617.590659478334
2127.6879999999655,620.8410987613505,617.590659478334
2128.0320000000065,620.8309463933623,617.590659478334
2128.4070000000065,620.8364745002236,617.590659478334
2128.75,620.8378691731747,617.590659478334
2129.109999999986,620.8385477043437,617.590659478334
2129.4529999999795,620.8416661712224,617.590659478334
2129.7970000000205,620.8401844674261,617.590659478334
2130.1570000000065,620.8497738020238,617.590659478334
2130.5,620.8425153706384,617.590659478334
2130.844000000041,620.8459495998493,617.590659478334
2131.1879999999655,620.8468265641015,617.590659478334
2131.5320000000065,620.8455842222381,617.590659478334
2131.859999999986,620.8467177448231,617.590659478334
2132.219000000041,620.8401191759176,617.590659478334
2132.5629999999655,620.8393136286547,617.590659478334
2132.9070000000065,620.8482786660198,617.590659478334
2133.25,620.8503469942767,617.590659478334
2133.5779999999795,620.851142453191,617.590659478334
2133.9220000000205,620.8457123708804,617.590659478334
2134.2660000000615,620.8526770521222,617.590659478334
2134.609999999986,620.8561937448735,617.590659478334
2134.9529999999795,620.8545792973947,617.590659478334
2135.2970000000205,620.8560980472089,617.590659478334
2135.6410000000615,620.860923950803,617.590659478334
2135.984999999986,620.8640600587376,617.590659478334
2136.344000000041,620.8586988848601,617.590659478334
2136.6879999999655,620.8501266135528,617.590659478334
2137.0320000000065,620.8556569930705,617.590659478334
2137.375,620.8576276120397,617.590659478334
2137.7029999999795,620.8550183402866,617.590659478334
2138.0470000000205,620.8655145704257,617.590659478334
2138.3910000000615,620.8642977110094,617.590659478334
2138.734999999986,620.8679642084951,617.590659478334
2139.0779999999795,620.8611656177111,617.590659478334
2139.4220000000205,620.857487207343,617.590659478334
2139.7820000000065,620.868940670111,617.590659478334
2140.125,620.8625375848882,617.590659478334
2140.469000000041,620.8663132745997,617.590659478334
2140.8279999999795,620.8606102833913,617.590659478334
2141.1720000000205,620.8765986877779,617.590659478334
2141.5160000000615,620.8712857415721,617.590659478334
2141.859999999986,620.8623231573558,617.590659478334
2142.1879999999655,620.8599131771957,617.590659478334
2142.5470000000205,620.8747198240217,617.590659478334
2142.875,620.8725038971259,617.590659478334
2143.234999999986,620.8714741764882,617.590659478334
2143.5779999999795,620.8784331821798,617.590659478334
2143.9070000000065,620.87529260057,617.590659478334
2144.2660000000615,620.8845866258465,617.590659478334
2144.609999999986,620.8894328584053,617.590659478334
2144.9379999999655,620.8989872794543,617.590659478334
2145.2820000000065,620.9034919799016,617.590659478334
2145.6410000000615,620.9029670647548,617.590659478334
2145.984999999986,620.8942493665539,617.590659478334
2146.3279999999795,620.8951051013058,617.590659478334
2146.6720000000205,620.8960479546546,617.590659478334
2147.0160000000615,620.8948518894769,617.590659478334
2147.359999999986,620.8862580678505,617.590659478334
2147.7029999999795,620.8839102753575,617.590659478334
2148.0470000000205,620.8769494807814,617.590659478334
2148.3910000000615,620.8700662102593,617.590659478334
2148.734999999986,620.8792920603623,617.590659478334
2149.0629999999655,620.877389319761,617.590659478334
2149.4220000000205,620.8716166528123,617.590659478334
2149.75,620.8706915501609,617.590659478334
2150.094000000041,620.8656173341597,617.590659478334
2150.4379999999655,620.8742095108336,617.590659478334
2150.7820000000065,620.8629659920686,617.590659478334
2151.1410000000615,620.8747107804058,617.590659478334
2151.484999999986,620.861391360533,617.590659478334
2151.8279999999795,620.8546473069997,617.590659478334
2152.1879999999655,620.8627073541544,617.590659478334
2152.5320000000065,620.8675980926887,617.590659478334
2152.875,620.8623282373509,617.590659478334
2153.234999999986,620.8631920356561,617.590659478334
2153.5629999999655,620.8655736659866,617.590659478334
2153.9220000000205,620.8674961089589,617.590659478334
2154.2820000000065,620.8573533176865,617.590659478334
2154.625,620.8580137746184,617.590659478334
2154.969000000041,620.8651699407665,617.590659478334
2155.3129999999655,620.8621031628433,617.590659478334
2155.6570000000065,620.8629119577475,617.590659478334
2156.0,620.8572258667148,617.590659478334
2156.359999999986,620.8575108324624,617.590659478334
2156.7029999999795,620.8573633743512,617.590659478334
2157.0320000000065,620.8623428626915,617.590659478334
2157.375,620.8594500471356,617.590659478334
2157.734999999986,620.8617451388569,617.590659478334
2158.0779999999795,620.8624314666945,617.590659478334
2158.4220000000205,620.8547276856326,617.590659478334
2158.7660000000615,620.8577379560204,617.590659478334
2159.109999999986,620.862363633928,617.590659478334
2159.4379999999655,620.8625723475492,617.590659478334
2159.7820000000065,620.8615814804789,617.590659478334
2160.1410000000615,620.853848661156,617.590659478334
2160.484999999986,620.8587635510415,617.590659478334
2160.8279999999795,620.8551326463447,617.590659478334
2161.1879999999655,620.8538726142914,617.590659478334
2161.5470000000205,620.8617361807126,617.590659478334
2161.875,620.8619854530347,617.590659478334
2162.219000000041,620.8628611081223,617.590659478334
2162.5779999999795,620.8552585723828,617.590659478334
2162.9379999999655,620.8569866640833,617.590659478334
2163.2820000000065,620.8587119183035,617.590659478334
2163.625,620.854191125292,617.590659478334
2163.969000000041,620.8517740288758,617.590659478334
2164.3279999999795,620.8547255368185,617.590659478334
2164.6720000000205,620.8593913381555,617.590659478334
2165.0160000000615,620.8604431642126,617.590659478334
2165.375,620.8464823208308,617.590659478334
2165.734999999986,620.8539893941532,617.590659478334
2166.0779999999795,620.8543771029074,617.590659478334
2166.5320000000065,620.8528180803194,617.590659478334
2166.859999999986,620.8581227130636,617.590659478334
2167.2029999999795,620.854792842627,617.590659478334
2167.5470000000205,620.8532120177138,617.590659478334
2167.8910000000615,620.8470745501292,617.590659478334
2168.234999999986,620.8568712316867,617.590659478334
2168.594000000041,620.8550899265573,617.590659478334
2168.9379999999655,620.8461356121792,617.590659478334
2169.2820000000065,620.8593877274395,617.590659478334
2169.625,620.8582647042479,617.590659478334
2169.969000000041,620.8451768509602,617.590659478334
2170.3129999999655,620.8514078437361,617.590659478334
2170.6570000000065,620.8688148914965,617.590659478334
2171.0,620.8502222959064,617.590659478334
2171.359999999986,620.846709080967,617.590659478334
2171.7029999999795,620.8545597128845,617.590659478334
2172.0470000000205,620.848471096143,617.590659478334
2172.4070000000065,620.8497895247461,617.590659478334
2172.75,620.8482379943479,617.590659478334
2173.094000000041,620.8522930013305,617.590659478334
2173.4379999999655,620.8596488093712,617.590659478334
2173.7820000000065,620.8465410163218,617.590659478334
2174.125,620.8544001275668,617.590659478334
2174.469000000041,620.8576716209753,617.590659478334
2174.8279999999795,620.8551602328159,617.590659478334
2175.1879999999655,620.8525568678947,617.590659478334
2175.5320000000065,620.8553461237015,617.590659478334
2175.8910000000615,620.8570246150109,617.590659478334
2176.234999999986,620.8524760088221,617.590659478334
2176.5779999999795,620.8497274758138,617.590659478334
2176.9379999999655,620.8507980562739,617.590659478334
2177.2820000000065,620.8455098820571,617.590659478334
2177.625,620.8533491083218,617.590659478334
2177.984999999986,620.8523009597048,617.590659478334
2178.3129999999655,620.8414627692246,617.590659478334
2178.6879999999655,620.8482943970013,617.590659478334
2179.0320000000065,620.84578293618,617.590659478334
2179.375,620.8462867101193,617.590659478334
2179.734999999986,620.850081290298,617.590659478334
2180.0779999999795,620.8474662852238,617.590659478334
2180.4220000000205,620.8523168223797,617.590659478334
2180.7660000000615,620.8463604389203,617.590659478334
2181.109999999986,620.859569991793,617.590659478334
2181.4529999999795,620.859007711281,617.590659478334
2181.7970000000205,620.8504873886005,617.590659478334
2182.1570000000065,620.8549675604847,617.590659478334
2182.5,620.8512952013931,617.590659478334
2182.844000000041,620.8498415226928,617.590659478334
2183.1879999999655,620.8427360325285,617.590659478334
2183.5470000000205,620.8542911734818,617.590659478334
2183.8910000000615,620.8510734129168,617.590659478334
2184.234999999986,620.8471174147386,617.590659478334
2184.5779999999795,620.8465067667464,617.590659478334
2184.9379999999655,620.8500585871959,617.590659478334
2185.2820000000065,620.848331407245,617.590659478334
2185.6410000000615,620.8608914196541,617.590659478334
2185.984999999986,620.8447521505367,617.590659478334
2186.3279999999795,620.8517005242725,617.590659478334
2186.6879999999655,620.846359487067,617.590659478334
2187.0470000000205,620.8476402433757,617.590659478334
2187.375,620.8540670444243,617.590659478334
2187.734999999986,620.8380934618355,617.590659478334
2188.094000000041,620.8490870104155,617.590659478334
2188.4379999999655,620.8453703905776,617.590659478334
2188.7970000000205,620.8562737732668,617.590659478334
2189.1570000000065,620.8539036754999,617.590659478334
2189.484999999986,620.8532274536474,617.590659478334
2189.844000000041,620.8540602678517,617.590659478334
2190.2029999999795,620.8432699724898,617.590659478334
2190.5629999999655,620.8566139372108,617.590659478334
2190.9220000000205,620.8464334304106,617.590659478334
2191.2660000000615,620.845236036121,617.590659478334
2191.625,620.8514509341757,617.590659478334
2191.969000000041,620.847659395508,617.590659478334
2192.3129999999655,620.847536897499,617.590659478334
2192.6570000000065,620.8524831529055,617.590659478334
2193.0,620.8434873185636,617.590659478334
2193.359999999986,620.8563884834284,617.590659478334
2193.7029999999795,620.8461619714038,617.590659478334
2194.0470000000205,620.8471474056659,617.590659478334
2194.3910000000615,620.8419695299286,617.590659478334
2194.734999999986,620.8509058148559,617.590659478334
2195.0779999999795,620.8480289118768,617.590659478334
2195.4220000000205,620.8511919800051,617.590659478334
2195.7660000000615,620.8429788427999,617.590659478334
2196.109999999986,620.8455382253893,617.590659478334
2196.4379999999655,620.8474512282455,617.590659478334
2196.7970000000205,620.8478600474359,617.590659478334
2197.1570000000065,620.8495272701393,617.590659478334
2197.5,620.8510246278544,617.590659478334
2197.844000000041,620.8458533255042,617.590659478334
2198.1879999999655,620.8491203908267,617.590659478334
2198.5320000000065,620.8480721262919,617.590659478334
2198.875,620.8438957916082,617.590659478334
2199.219000000041,620.844021155057,617.590659478334
2199.5629999999655,620.8432224847113,617.590659478334
2199.9070000000065,620.8460245213714,617.590659478334
2200.25,620.855594047502,617.590659478334
2200.594000000041,620.8486774859683,617.590659478334
2200.9379999999655,620.8483184371216,617.590659478334
2201.2970000000205,620.8380863543572,617.590659478334
2201.6410000000615,620.8469455739881,617.590659478334
2201.969000000041,620.8519729842981,617.590659478334
2202.3129999999655,620.8509265695359,617.590659478334
2202.6720000000205,620.8491628483471,617.590659478334
2203.0160000000615,620.8490076006402,617.590659478334
2203.359999999986,620.8461174667794,617.590659478334
2203.7029999999795,620.8441649684181,617.590659478334
2204.0629999999655,620.8466605014765,617.590659478334
2204.4070000000065,620.842338312787,617.590659478334
2204.75,620.8489669181388,617.590659478334
2205.094000000041,620.8481113636196,617.590659478334
2205.4379999999655,620.845413414295,617.590659478334
2205.7820000000065,620.8423044629659,617.590659478334
2206.125,620.8450500546492,617.590659478334
2206.484999999986,620.8443203523174,617.590659478334
2206.8279999999795,620.8603350405806,617.590659478334
2207.1570000000065,620.8634879035465,617.590659478334
2207.5160000000615,620.6804195515676,617.590659478334
2207.844000000041,620.5170524402466,617.590659478334
2208.2029999999795,620.470824507196,617.590659478334
2208.5470000000205,620.4325838685482,617.590659478334
2208.8910000000615,620.4130812181049,617.590659478334
2209.2660000000615,620.3873578514743,617.590659478334
2209.609999999986,620.3829473794717,617.590659478334
2209.9529999999795,620.3796556864088,617.590659478334
2210.2970000000205,620.3704208326003,617.590659478334
2210.6570000000065,620.3637249235785,617.590659478334
2211.0,620.3677058360267,617.590659478334
2211.359999999986,620.3561677736479,617.590659478334
2211.7029999999795,620.360100319046,617.590659478334
2212.0470000000205,620.3519208571319,617.590659478334
2212.4070000000065,620.3427355482653,617.590659478334
2212.75,620.3481403865112,617.590659478334
2213.109999999986,620.344494357469,617.590659478334
2213.4529999999795,620.3413917068833,617.590659478334
2213.8279999999795,620.3382996110739,617.590659478334
2214.1720000000205,620.354895979844,617.590659478334
2214.5160000000615,620.3422981472529,617.590659478334
2214.844000000041,620.347167394725,617.590659478334
2215.1879999999655,620.3401726869082,617.590659478334
2215.5320000000065,620.344091617573,617.590659478334
2215.875,620.3414451187716,617.590659478334
2216.219000000041,620.341601910165,617.590659478334
2216.5629999999655,620.3293989551094,617.590659478334
2216.9220000000205,620.3429886918698,617.590659478334
2217.2660000000615,620.3413271240195,617.590659478334
2217.609999999986,620.3327996119518,617.590659478334
2217.9529999999795,620.3369400503462,617.590659478334
2218.2970000000205,620.3321033600921,617.590659478334
2218.6410000000615,620.3350712136466,617.590659478334
2218.984999999986,620.3305757312634,617.590659478334
2219.3279999999795,620.3508179573781,617.590659478334
2219.6720000000205,620.3542647542168,617.590659478334
2220.0160000000615,620.3395522852913,617.590659478334
2220.375,620.3388773288715,617.590659478334
2220.719000000041,620.3357631359387,617.590659478334
2221.0470000000205,620.3365297984926,617.590659478334
2221.3910000000615,620.3385574612569,617.590659478334
2221.734999999986,620.3230725253422,617.590659478334
2222.0779999999795,620.3261695331116,617.590659478334
2222.4220000000205,620.3146391469826,617.590659478334
2222.75,620.317335477298,617.590659478334
2223.109999999986,620.3242392499077,617.590659478334
2223.4529999999795,620.3174608209955,617.590659478334
2223.7970000000205,620.3236662733663,617.590659478334
2224.125,620.3133447559893,617.590659478334
2224.484999999986,620.3195863788698,617.590659478334
2224.844000000041,620.3189264381547,617.590659478334
2225.1879999999655,620.3201942090566,617.590659478334
2225.5320000000065,620.3207412478087,617.590659478334
2225.8910000000615,620.3113393675669,617.590659478334
2226.234999999986,620.3105243157402,617.590659478334
2226.5629999999655,620.3140527027913,617.590659478334
2226.9070000000065,620.3161701951005,617.590659478334
2227.25,620.3169679632488,617.590659478334
2227.594000000041,620.315794866585,617.590659478334
2227.9220000000205,620.3137756279052,617.590659478334
2228.2820000000065,620.315456379653,617.590659478334
2228.609999999986,620.3127344531445,617.590659478334
2228.9529999999795,620.3174807184306,617.590659478334
2229.3129999999655,620.3222023059343,617.590659478334
2229.6570000000065,620.3153862232017,617.590659478334
2230.0,620.3100629217072,617.590659478334
2230.344000000041,620.3104335398785,617.590659478334
2230.6879999999655,620.3079081109347,617.590659478334
2231.0160000000615,620.315935604359,617.590659478334
2231.359999999986,620.3157232065387,617.590659478334
2231.7029999999795,620.3177601140189,617.590659478334
2232.0470000000205,620.3186668545583,617.590659478334
2232.3910000000615,620.3475756624898,617.590659478334
2232.719000000041,620.363130545069,617.590659478334
2233.0779999999795,620.3717010005994,617.590659478334
2233.4220000000205,620.3718220814935,617.590659478334
2233.7820000000065,620.3774926946811,617.590659478334
2234.125,620.3674247476904,617.590659478334
2234.484999999986,620.36238843782,617.590659478334
2234.8279999999795,620.3544850802747,617.590659478334
2235.1879999999655,620.3561674792699,617.590659478334
2235.5320000000065,620.359876943608,617.590659478334
2235.875,620.347976428827,617.590659478334
2236.219000000041,620.344460464318,617.590659478334
2236.5629999999655,620.3428309726618,617.590659478334
2236.9070000000065,620.3380630105104,617.590659478334
2237.2660000000615,620.3402163935607,617.590659478334
2237.625,620.3386519327677,617.590659478334
2237.969000000041,620.3386809383936,617.590659478334
2238.3279999999795,620.3381890044992,617.590659478334
2238.6720000000205,620.3411416722292,617.590659478334
2239.0160000000615,620.3453227105822,617.590659478334
2239.344000000041,620.3335495810625,617.590659478334
2239.6879999999655,620.3351340881492,617.590659478334
2240.0320000000065,620.3344600869128,617.590659478334
2240.375,620.33844055202,617.590659478334
2240.7029999999795,620.3403795365347,617.590659478334
2241.0629999999655,620.3328046660221,617.590659478334
2241.4070000000065,620.3326986443205,617.590659478334
2241.734999999986,620.3312692234061,617.590659478334
2242.094000000041,620.3358084947014,617.590659478334
2242.4379999999655,620.3385871910261,617.590659478334
2242.7660000000615,620.3306818188413,617.590659478334
2243.109999999986,620.3292803417874,617.590659478334
2243.4529999999795,620.3321656123459,617.590659478334
2243.7970000000205,620.326369352573,617.590659478334
2244.1570000000065,620.3370265284893,617.590659478334
2244.484999999986,620.3541915092738,617.590659478334
2244.844000000041,620.3290031011965,617.590659478334
2245.1879999999655,620.3403206330047,617.590659478334
2245.5320000000065,620.334819957137,617.590659478334
2245.875,620.3271836340125,617.590659478334
2246.234999999986,620.3253480424916,617.590659478334
2246.5629999999655,620.3122876288054,617.590659478334
2246.9220000000205,620.3205265598463,617.590659478334
2247.2660000000615,620.3156343765718,617.590659478334
2247.625,620.3139878666061,617.590659478334
2247.969000000041,620.3166769374542,617.590659478334
2248.3129999999655,620.315195478041,617.590659478334
2248.6720000000205,620.3160975754275,617.590659478334
2249.0160000000615,620.3122987184464,617.590659478334
2249.359999999986,620.3068847763989,617.590659478334
2249.7029999999795,620.3069046477455,617.590659478334
2250.0629999999655,620.3103699521715,617.590659478334
2250.4529999999795,620.3199530095486,617.590659478334
2250.8129999999655,620.3118273174068,617.590659478334
2251.1570000000065,620.3254447164453,617.590659478334
2251.484999999986,620.3309353359198,617.590659478334
2251.8279999999795,620.3413519796361,617.590659478334
2252.1879999999655,620.3427259440315,617.590659478334
2252.5320000000065,620.3362040519038,617.590659478334
2252.875,620.3318203886586,617.590659478334
2253.2029999999795,620.3267597808535,617.590659478334
2253.5470000000205,620.3237602893066,617.590659478334
2253.8910000000615,620.3284213396703,617.590659478334
2254.234999999986,620.3145761259916,617.590659478334
2254.5779999999795,620.3121641390899,617.590659478334
2254.9220000000205,620.3081316872632,617.590659478334
2255.2660000000615,620.3260401199119,617.590659478334
2255.625,620.3137691348235,617.590659478334
2255.984999999986,620.3126415656569,617.590659478334
2256.3279999999795,620.3068110374891,617.590659478334
2256.6720000000205,620.3105685178567,617.590659478334
2257.0320000000065,620.316487893343,617.590659478334
2257.375,620.3113660663238,617.590659478334
2257.719000000041,620.3077727501852,617.590659478334
2258.0629999999655,620.3168792361386,617.590659478334
2258.4070000000065,620.3117083141199,617.590659478334
2258.734999999986,620.3150023327164,617.590659478334
2259.0779999999795,620.3002063620129,617.590659478334
2259.4220000000205,620.308605313197,617.590659478334
2259.7660000000615,620.3065084437767,617.590659478334
2260.109999999986,620.3167652280938,617.590659478334
2260.4529999999795,620.3161213536099,617.590659478334
2260.8279999999795,620.3108079420698,617.590659478334
2261.1720000000205,620.3119169513819,617.590659478334
2261.5160000000615,620.3044513245427,617.590659478334
2261.859999999986,620.3147685333201,617.590659478334
2262.2029999999795,620.303082556298,617.590659478334
2262.5629999999655,620.3129765208234,617.590659478334
2262.9070000000065,620.3097138623585,617.590659478334
2263.25,620.3055120516824,617.590659478334
2263.5779999999795,620.301760435375,617.590659478334
2263.9220000000205,620.3079683516462,617.590659478334
2264.2660000000615,620.3220602125265,617.590659478334
2264.609999999986,620.3321762255547,617.590659478334
2264.9529999999795,620.354360585527,617.590659478334
2265.2970000000205,620.3724048301619,617.590659478334
2265.6410000000615,620.3938713951369,617.590659478334
2266.0,620.4122537966141,617.590659478334
2266.3279999999795,620.4233701607593,617.590659478334
2266.6720000000205,620.437578735737,617.590659478334
2267.0160000000615,620.4486588445191,617.590659478334
2267.375,620.4571803102932,617.590659478334
2267.719000000041,620.4619952251339,617.590659478334
2268.0629999999655,620.4704375234495,617.590659478334
2268.4220000000205,620.4865224628336,617.590659478334
2268.7660000000615,620.4959234896701,617.590659478334
2269.109999999986,620.4977027103457,617.590659478334
2269.4529999999795,620.5043046841324,617.590659478334
2269.7970000000205,620.5140018097427,617.590659478334
2270.1410000000615,620.5211242283209,617.590659478334
2270.484999999986,620.5288882538623,617.590659478334
2270.8129999999655,620.5353731747322,617.590659478334
2271.1720000000205,620.5467947645374,617.590659478334
2271.5160000000615,620.55278836675,617.590659478334
2271.875,620.5545062807244,617.590659478334
2272.219000000041,620.559513863557,617.590659478334
2272.5779999999795,620.5750677502892,617.590659478334
2272.9220000000205,620.5713041671706,617.590659478334
2273.2660000000615,620.5750262989726,617.590659478334
2273.625,620.5846108998073,617.590659478334
2273.969000000041,620.5897406147895,617.590659478334
2274.3129999999655,620.589568324176,617.590659478334
2274.6720000000205,620.5899035701077,617.590659478334
2275.0160000000615,620.5943329375065,617.590659478334
2275.359999999986,620.6010389104639,617.590659478334
2275.7029999999795,620.6083614274122,617.590659478334
2276.0470000000205,620.6211199595983,617.590659478334
2276.3910000000615,620.6010932528534,617.590659478334
2276.734999999986,620.6203265574477,617.590659478334
2277.0779999999795,620.6314414948305,617.590659478334
2277.4220000000205,620.6250653274211,617.590659478334
2277.7660000000615,620.6274547712918,617.590659478334
2278.109999999986,620.6333876178476,617.590659478334
2278.4529999999795,620.6244501090015,617.590659478334
2278.7970000000205,620.6429124402396,617.590659478334
2279.1410000000615,620.6402749977893,617.590659478334
2279.484999999986,620.6418860377896,617.590659478334
2279.844000000041,620.6533633438761,617.590659478334
2280.1879999999655,620.6572118193964,617.590659478334
2280.5470000000205,620.6594458682179,617.590659478334
2280.8910000000615,620.6614314687863,617.590659478334
2281.25,620.6668608527933,617.590659478334
2281.594000000041,620.6697650502523,617.590659478334
2281.9529999999795,620.6702649973085,617.590659478334
2282.2970000000205,620.6664378094557,617.590659478334
2282.6410000000615,620.6712325481132,617.590659478334
2282.984999999986,620.6874322465285,617.590659478334
2283.3279999999795,620.675164955771,617.590659478334
2283.6720000000205,620.6913868475256,617.590659478334
2284.0320000000065,620.6910712621,617.590659478334
2284.375,620.6874398848734,617.590659478334
2284.7029999999795,620.6977368077017,617.590659478334
2285.0629999999655,620.6959012517078,617.590659478334
2285.4070000000065,620.6934561730682,617.590659478334
2285.75,620.7052077299276,617.590659478334
2286.109999999986,620.6973766287493,617.590659478334
2286.484999999986,620.7014977135393,617.590659478334
2286.8129999999655,620.700760055949,617.590659478334
2287.1720000000205,620.711024484075,617.590659478334
2287.5160000000615,620.7105523350107,617.590659478334
2287.859999999986,620.7230396034427,617.590659478334
2288.2029999999795,620.7203321828147,617.590659478334
2288.5470000000205,620.7153361420787,617.590659478334
2288.9070000000065,620.7256688264115,617.590659478334
2289.234999999986,620.7244525058369,617.590659478334
2289.594000000041,620.7333063483297,617.590659478334
2289.9379999999655,620.7339264540923,617.590659478334
2290.2820000000065,620.7242825194611,617.590659478334
2290.625,620.734698846126,617.590659478334
2290.969000000041,620.731968653078,617.590659478334
2291.3279999999795,620.7442570735336,617.590659478334
2291.6720000000205,620.7389323881537,617.590659478334
2292.0160000000615,620.7430282279455,617.590659478334
2292.359999999986,620.7410844634499,617.590659478334
2292.719000000041,620.7453489116842,617.590659478334
2293.0629999999655,620.745493222901,617.590659478334
2293.4220000000205,620.750431529256,617.590659478334
2293.7820000000065,620.7463906195945,617.590659478334
2294.1410000000615,620.7500249085183,617.590659478334
2294.484999999986,620.7555267176156,617.590659478334
2294.844000000041,620.7608293671167,617.590659478334
2295.2029999999795,620.7591458480907,617.590659478334
2295.5629999999655,620.7517192084524,617.590659478334
2295.9070000000065,620.7552704236988,617.590659478334
2296.2660000000615,620.760773318469,617.590659478334
2296.609999999986,620.759322756108,617.590659478334
2296.9529999999795,620.7666179444375,617.590659478334
2297.3129999999655,620.7673527631896,617.590659478334
2297.6570000000065,620.7740737584037,617.590659478334
2298.0160000000615,620.7733862699378,617.590659478334
2298.4379999999655,620.7614165790754,617.590659478334
2298.8129999999655,620.781187886918,617.590659478334
2299.1570000000065,620.7807404711936,617.590659478334
2299.5,620.7748276195819,617.590659478334
2299.844000000041,620.776095723665,617.590659478334
2300.2029999999795,620.7810754835488,617.590659478334
2300.5470000000205,620.7866043468924,617.590659478334
2300.8910000000615,620.7902376258085,617.590659478334
2301.234999999986,620.7899470216671,617.590659478334
2301.594000000041,620.7848000557468,617.590659478334
2301.9379999999655,620.7942406819022,617.590659478334
2302.2820000000065,620.7927506352474,617.590659478334
2302.625,620.7970605166311,617.590659478334
2302.984999999986,620.7967314227959,617.590659478334
2303.3279999999795,620.7990136838134,617.590659478334
2303.6720000000205,620.8008838621876,617.590659478334
2304.0160000000615,620.7905161661334,617.590659478334
2304.375,620.8013835952462,617.590659478334
2304.719000000041,620.8078687407922,617.590659478334
2305.0779999999795,620.79942796113,617.590659478334
2305.4220000000205,620.8047791897164,617.590659478334
2305.7820000000065,620.8025610231667,617.590659478334
2306.1410000000615,620.8132442025648,617.590659478334
2306.484999999986,620.8002267648186,617.590659478334
2306.8279999999795,620.8040543244155,617.590659478334
2307.1879999999655,620.8182881843692,617.590659478334
2307.5470000000205,620.8131235981042,617.590659478334
2307.9070000000065,620.8092192552051,617.590659478334
2308.2660000000615,620.8090015138708,617.590659478334
2308.609999999986,620.8213815293258,617.590659478334
2308.9529999999795,620.8163628271035,617.590659478334
2309.3129999999655,620.8135903245676,617.590659478334
2309.6570000000065,620.8105343352194,617.590659478334
2310.0160000000615,620.8169675237551,617.590659478334
2310.4379999999655,620.8219276894562,617.590659478334
2310.7970000000205,620.8275814205048,617.590659478334
2311.1570000000065,620.8306626869784,617.590659478334
2311.5,620.8273656134651,617.590659478334
2311.844000000041,620.8259694972901,617.590659478334
2312.1879999999655,620.8251387461489,617.590659478334
2312.5320000000065,620.8257443278038,617.590659478334
2312.875,620.8174141463234,617.590659478334
2313.219000000041,620.8290444490248,617.590659478334
2313.5629999999655,620.8333776929446,617.590659478334
2313.9070000000065,620.8328208468149,617.590659478334
2314.25,620.8347601982483,617.590659478334
2314.594000000041,620.8363424420069,617.590659478334
2314.9379999999655,620.8392326230157,617.590659478334
2315.2660000000615,620.838588990568,617.590659478334
2315.625,620.826872826013,617.590659478334
2315.9529999999795,620.8347051001908,617.590659478334
2316.2970000000205,620.8350019168718,617.590659478334
2316.6410000000615,620.8386708928767,617.590659478334
2317.0,620.8416285085104,617.590659478334
2317.3279999999795,620.8347066116692,617.590659478334
2317.6720000000205,620.8502095109731,617.590659478334
2318.0320000000065,620.8431928990432,617.590659478334
2318.375,620.8453592321755,617.590659478334
2318.719000000041,620.8407226609991,617.590659478334
2319.0629999999655,620.8377180617427,617.590659478334
2319.4070000000065,620.8438581014739,617.590659478334
2319.734999999986,620.8471394672348,617.590659478334
2320.0779999999795,620.8491084010195,617.590659478334
2320.4220000000205,620.8492174090784,617.590659478334
2320.7660000000615,620.8482780310429,617.590659478334
2321.109999999986,620.8533746580405,617.590659478334
2321.4379999999655,620.8477361304546,617.590659478334
2321.7970000000205,620.8510398872546,617.590659478334
2322.1410000000615,620.8563037981204,617.590659478334
2322.484999999986,620.8517587458048,617.590659478334
2322.8279999999795,620.8502246488576,617.590659478334
2323.1879999999655,620.855843641575,617.590659478334
2323.5320000000065,620.8544861455874,617.590659478334
2323.875,620.8618650509515,617.590659478334
2324.219000000041,620.8528943467097,617.590659478334
2324.5629999999655,620.8710535692525,617.590659478334
2324.8910000000615,620.8557760803371,617.590659478334
2325.234999999986,620.8562757103917,617.590659478334
2325.5779999999795,620.8696475922741,617.590659478334
2325.9220000000205,620.8683296564047,617.590659478334
2326.2660000000615,620.8733155851054,617.590659478334
2326.609999999986,620.8672879743876,617.590659478334
2326.9529999999795,620.8637645297298,617.590659478334
2327.2970000000205,620.8641627214685,617.590659478334
2327.6410000000615,620.8681674978983,617.590659478334
2327.984999999986,620.864615154408,617.590659478334
2328.3279999999795,620.8539444677125,617.590659478334
2328.6570000000065,620.8648794940196,617.590659478334
2329.0,620.8755514668654,617.590659478334
2329.344000000041,620.8742985660612,617.590659478334
2329.6879999999655,620.8632577891146,617.590659478334
2330.0320000000065,620.8730823993457,617.590659478334
2330.375,620.868469440725,617.590659478334
2330.719000000041,620.8730116541207,617.590659478334
2331.0629999999655,620.8755988960227,617.590659478334
2331.4070000000065,620.8758161366021,617.590659478334
2331.734999999986,620.8728270705193,617.590659478334
2332.0779999999795,620.8911396700869,617.590659478334
2332.4220000000205,620.8905835032282,617.590659478334
2332.7660000000615,620.896433027865,617.590659478334
2333.109999999986,620.8999988378873,617.590659478334
2333.4529999999795,620.9006707967285,617.590659478334
2333.8279999999795,620.9004145578622,617.590659478334
2334.1720000000205,620.8975921971522,617.590659478334
2334.5,620.9037657722623,617.590659478334
2334.859999999986,620.8953769832093,617.590659478334
2335.2029999999795,620.8814546635388,617.590659478334
2335.5470000000205,620.8800366276923,617.590659478334
2335.8910000000615,620.8768711601429,617.590659478334
2336.234999999986,620.8726477594478,617.590659478334
2336.5779999999795,620.8790792577997,617.590659478334
2336.9220000000205,620.8710812085704,617.590659478334
2337.2660000000615,620.8750448414075,617.590659478334
2337.594000000041,620.8731212242458,617.590659478334
2337.9379999999655,620.8725521417952,617.590659478334
2338.2820000000065,620.8705674026137,617.590659478334
2338.6410000000615,620.8754784862427,617.590659478334
2338.969000000041,620.8657619271821,617.590659478334
2339.3129999999655,620.8606210254803,617.590659478334
2339.6570000000065,620.8656803781637,617.590659478334
2340.0,620.86897514996,617.590659478334
2340.344000000041,620.8614224347272,617.590659478334
2340.6879999999655,620.8679051855468,617.590659478334
2341.0320000000065,620.8587131982808,617.590659478334
2341.375,620.8616299450321,617.590659478334
2341.734999999986,620.8627614617392,617.590659478334
2342.0779999999795,620.8596579204902,617.590659478334
2342.4220000000205,620.8556945566488,617.590659478334
2342.7660000000615,620.8543178302353,617.590659478334
2343.125,620.8634676163018,617.590659478334
2343.469000000041,620.8604421268946,617.590659478334
2343.8279999999795,620.8641711589119,617.590659478334
2344.1720000000205,620.8562404729132,617.590659478334
2344.5160000000615,620.864849564507,617.590659478334
2344.875,620.8529141324034,617.590659478334
2345.219000000041,620.8620564627249,617.590659478334
2345.5779999999795,620.8543833539292,617.590659478334
2345.9220000000205,620.8534752307055,617.590659478334
2346.2660000000615,620.8563126266156,617.590659478334
2346.609999999986,620.8626090040575,617.590659478334
2346.9529999999795,620.8604343336506,617.590659478334
2347.2970000000205,620.8640615976964,617.590659478334
2347.6410000000615,620.8604397234567,617.590659478334
2347.984999999986,620.8604944454345,617.590659478334
2348.3129999999655,620.8588619992706,617.590659478334
2348.6570000000065,620.855504532211,617.590659478334
2349.0160000000615,620.8616562412859,617.590659478334
2349.359999999986,620.8583317233762,617.590659478334
2349.6879999999655,620.857041386212,617.590659478334
2350.0470000000205,620.8590249416096,617.590659478334
2350.375,620.8540934298302,617.590659478334
2350.734999999986,620.8547952197783,617.590659478334
2351.0629999999655,620.8627849638993,617.590659478334
2351.4220000000205,620.8546984481288,617.590659478334
2351.7660000000615,620.8523657934704,617.590659478334
2352.109999999986,620.8593257462152,617.590659478334
2352.4529999999795,620.8562499422801,617.590659478334
2352.8129999999655,620.8577310039003,617.590659478334
2353.1570000000065,620.8566483636284,617.590659478334
2353.5,620.8466453289639,617.590659478334
2353.859999999986,620.8624824270445,617.590659478334
2354.2029999999795,620.851112860607,617.590659478334
2354.5470000000205,620.8573076662698,617.590659478334
2354.8910000000615,620.8486894073569,617.590659478334
2355.234999999986,620.8607830847767,617.590659478334
2355.5779999999795,620.8568007220009,617.590659478334
2355.9379999999655,620.8549824540922,617.590659478334
2356.2820000000065,620.8555384708527,617.590659478334
2356.625,620.8538541787248,617.590659478334
2356.969000000041,620.8496262412433,617.590659478334
2357.3279999999795,620.848685956501,617.590659478334
2357.6720000000205,620.8494011838471,617.590659478334
2358.0320000000065,620.8508412679811,617.590659478334
2358.4379999999655,620.85134125886,617.590659478334
2358.7970000000205,620.8487855782552,617.590659478334
2359.125,620.8508450474857,617.590659478334
2359.484999999986,620.8532898527423,617.590659478334
2359.8279999999795,620.8495541834693,617.590659478334
2360.1570000000065,620.8506020497614,617.590659478334
2360.5,620.862711404352,617.590659478334
2360.844000000041,620.8512803077082,617.590659478334
2361.1879999999655,620.8584559116741,617.590659478334
2361.5470000000205,620.8603018775933,617.590659478334
2361.8910000000615,620.8512273431145,617.590659478334
2362.234999999986,620.8537104648572,617.590659478334
2362.5629999999655,620.8630376380844,617.590659478334
2362.9070000000065,620.8526917564307,617.590659478334
2363.25,620.8527982974305,617.590659478334
2363.609999999986,620.8522040821648,617.590659478334
2363.9529999999795,620.8497263090097,617.590659478334
2364.2970000000205,620.8494455381812,617.590659478334
2364.6570000000065,620.8470204234417,617.590659478334
2364.984999999986,620.852374879553,617.590659478334
2365.3129999999655,620.8534592435042,617.590659478334
2365.6570000000065,620.8554303464427,617.590659478334
2366.0160000000615,620.8504073980021,617.590659478334
2366.359999999986,620.8486733212349,617.590659478334
2366.7029999999795,620.8509120591812,617.590659478334
2367.0470000000205,620.8482843763228,617.590659478334
2367.3910000000615,620.8505887471509,617.590659478334
2367.734999999986,620.8435266832429,617.590659478334
2368.0779999999795,620.843009147829,617.590659478334
2368.4220000000205,620.8532062200605,617.590659478334
2368.7820000000065,620.8523422038605,617.590659478334
2369.125,620.8513997599406,617.590659478334
2369.469000000041,620.8466278307214,617.590659478334
2369.8129999999655,620.8545665977406,617.590659478334
2370.1570000000065,620.8389907262574,617.590659478334
2370.5,620.8461627505502,617.590659478334
2370.844000000041,620.8446615563372,617.590659478334
2371.1879999999655,620.8487852158775,617.590659478334
2371.5320000000065,620.8472261600259,617.590659478334
2371.875,620.8446255155726,617.590659478334
2372.219000000041,620.8464200564991,617.590659478334
2372.5629999999655,620.8421482000837,617.590659478334
2372.9070000000065,620.8527776712788,617.590659478334
2373.2660000000615,620.8430669583663,617.590659478334
2373.609999999986,620.8414923445513,617.590659478334
2373.9379999999655,620.8397489135219,617.590659478334
2374.2970000000205,620.8459092632506,617.590659478334
2374.6410000000615,620.8518259103413,617.590659478334
2374.984999999986,620.8502338008161,617.590659478334
2375.3129999999655,620.8472327312909,617.590659478334
2375.6720000000205,620.8407441851949,617.590659478334
2376.0320000000065,620.847383335279,617.590659478334
2376.3910000000615,620.8568271190837,617.590659478334
2376.75,620.8540390394463,617.590659478334
2377.094000000041,620.842435649573,617.590659478334
2377.4529999999795,620.84999709211,617.590659478334
2377.8129999999655,620.8498387746123,617.590659478334
2378.1570000000065,620.85236756661,617.590659478334
2378.5160000000615,620.8479032207383,617.590659478334
2378.859999999986,620.8510563706571,617.590659478334
2379.219000000041,620.858015832418,617.590659478334
2379.5629999999655,620.8403161645667,617.590659478334
2379.9070000000065,620.8470995255257,617.590659478334
2380.2660000000615,620.8443420340564,617.590659478334
2380.609999999986,620.8410376669613,617.590659478334
2380.969000000041,620.8438283898618,617.590659478334
2381.3279999999795,620.8460889418515,617.590659478334
2381.6879999999655,620.8522191302256,617.590659478334
2382.0320000000065,620.8461920410963,617.590659478334
2382.4529999999795,620.8514496880165,617.590659478334
2382.8129999999655,620.8458304253523,617.590659478334
2383.1570000000065,620.8397296797016,617.590659478334
2383.5160000000615,620.8467673306161,617.590659478334
2383.859999999986,620.8443286733963,617.590659478334
2384.2029999999795,620.8436734493603,617.590659478334
2384.5470000000205,620.8477347940192,617.590659478334
2384.8910000000615,620.8488049122446,617.590659478334
2385.234999999986,620.8492395268958,617.590659478334
2385.594000000041,620.843050534506,617.590659478334
2385.9379999999655,620.845389671346,617.590659478334
2386.2820000000065,620.85024391493,617.590659478334
2386.625,620.8394457924473,617.590659478334
2386.969000000041,620.8484689556368,617.590659478334
2387.3129999999655,620.8412590697483,617.590659478334
2387.6570000000065,620.8456907318281,617.590659478334
2388.0160000000615,620.8495852449645,617.590659478334
2388.375,620.8491948512378,617.590659478334
2388.719000000041,620.8496715532359,617.590659478334
2389.0779999999795,620.8489932464677,617.590659478334
2389.4220000000205,620.8419826976765,617.590659478334
2389.7820000000065,620.8443510608244,617.590659478334
2390.1410000000615,620.8484582172612,617.590659478334
2390.5,620.8445388016161,617.590659478334
2390.8279999999795,620.8445074579988,617.590659478334
2391.1879999999655,620.8441433702823,617.590659478334
2391.5320000000065,620.8464697625693,617.590659478334
2391.8910000000615,620.8377375056397,617.590659478334
2392.234999999986,620.8413145912177,617.590659478334
2392.594000000041,620.8428774026721,617.590659478334
2392.9529999999795,620.8469581385064,617.590659478334
2393.3129999999655,620.8474786718158,617.590659478334
2393.6720000000205,620.8418237593503,617.590659478334
2394.0160000000615,620.8402839181665,617.590659478334
2394.4379999999655,620.8624705169068,617.590659478334
2394.7970000000205,620.8258721874195,617.590659478334
2395.1410000000615,620.5980783352614,617.590659478334
2395.484999999986,620.4850261288536,617.590659478334
2395.844000000041,620.4525769937145,617.590659478334
2396.1879999999655,620.4214467465188,617.590659478334
2396.5320000000065,620.4001036325838,617.590659478334
2396.875,620.389415628477,617.590659478334
2397.219000000041,620.3856775787768,617.590659478334
2397.5629999999655,620.3644176622415,617.590659478334
2397.9070000000065,620.3652403750831,617.590659478334
2398.2660000000615,620.3584544902689,617.590659478334
2398.594000000041,620.3656317986296,617.590659478334
2398.9529999999795,620.3604642671922,617.590659478334
2399.2970000000205,620.3591882565908,617.590659478334
2399.625,620.3400742867631,617.590659478334
2399.984999999986,620.3480747204508,617.590659478334
2400.344000000041,620.3469052211891,617.590659478334
2400.6879999999655,620.3518437600937,617.590659478334
2401.0320000000065,620.3407392066143,617.590659478334
2401.375,620.3393112506859,617.590659478334
2401.719000000041,620.3413698753687,617.590659478334
2402.0779999999795,620.3439628350417,617.590659478334
2402.4220000000205,620.3507096580418,617.590659478334
2402.7660000000615,620.3373280190792,617.590659478334
2403.109999999986,620.3473405943108,617.590659478334
2403.4529999999795,620.3375529656098,617.590659478334
2403.7970000000205,620.3392587641144,617.590659478334
2404.1410000000615,620.3376407475133,617.590659478334
2404.484999999986,620.3310406719718,617.590659478334
2404.8279999999795,620.3327769581621,617.590659478334
2405.1720000000205,620.331871941425,617.590659478334
2405.5160000000615,620.330935356641,617.590659478334
2405.875,620.3332907612743,617.590659478334
2406.219000000041,620.337374597153,617.590659478334
2406.5470000000205,620.3396452828844,617.590659478334
2406.9070000000065,620.357103840974,617.590659478334
2407.25,620.3500783184161,617.590659478334
2407.594000000041,620.3365983619775,617.590659478334
2407.9379999999655,620.342404641526,617.590659478334
2408.2820000000065,620.3466792440923,617.590659478334
2408.625,620.3273564862166,617.590659478334
2408.969000000041,620.3235427700287,617.590659478334
2409.3129999999655,620.3263348757685,617.590659478334
2409.6410000000615,620.3188582928915,617.590659478334
2409.984999999986,620.324215109947,617.590659478334
2410.3279999999795,620.3211992954542,617.590659478334
2410.6720000000205,620.3141005119633,617.590659478334
2411.0160000000615,620.3248514587598,617.590659478334
2411.359999999986,620.3118398969175,617.590659478334
2411.7029999999795,620.3179984882911,617.590659478334
2412.0470000000205,620.3185908305658,617.590659478334
2412.4070000000065,620.3182669888329,617.590659478334
2412.7660000000615,620.3192830120774,617.590659478334
2413.109999999986,620.3104932996247,617.590659478334
2413.4529999999795,620.3189305748916,617.590659478334
2413.8129999999655,620.3221846156778,617.590659478334
2414.1570000000065,620.3149284987956,617.590659478334
2414.5160000000615,620.3072740338279,617.590659478334
2414.859999999986,620.3160025083533,617.590659478334
2415.219000000041,620.3211637923705,617.590659478334
2415.5629999999655,620.3185893722385,617.590659478334
2415.9070000000065,620.3166400518347,617.590659478334
2416.2660000000615,620.3138759955343,617.590659478334
2416.609999999986,620.3157040456683,617.590659478334
2416.969000000041,620.3100062859746,617.590659478334
2417.3279999999795,620.3145196942003,617.590659478334
2417.6720000000205,620.3083171892206,617.590659478334
2418.0160000000615,620.316251912189,617.590659478334
2418.4379999999655,620.3025405700789,617.590659478334
2418.7820000000065,620.3076808776257,617.590659478334
2419.1410000000615,620.3093756529496,617.590659478334
2419.484999999986,620.3165866281745,617.590659478334
2419.8279999999795,620.3320559220308,617.590659478334
2420.1720000000205,620.3664303561692,617.590659478334
2420.5160000000615,620.3736815149902,617.590659478334
2420.859999999986,620.3748305854759,617.590659478334
2421.2029999999795,620.3669156436973,617.590659478334
2421.5470000000205,620.3647819052942,617.590659478334
2421.9070000000065,620.360288674115,617.590659478334
2422.25,620.3571596484181,617.590659478334
2422.594000000041,620.3530221425226,617.590659478334
2422.9379999999655,620.345646919026,617.590659478334
2423.2820000000065,620.3396554573936,617.590659478334
2423.625,620.3473808616002,617.590659478334
2423.969000000041,620.3418438415944,617.590659478334
2424.3129999999655,620.3333560117668,617.590659478334
2424.6720000000205,620.336143364992,617.590659478334
2425.0160000000615,620.3413462703198,617.590659478334
2425.375,620.3385274147242,617.590659478334
2425.7029999999795,620.3383410579844,617.590659478334
2426.0629999999655,620.3396857357582,617.590659478334
2426.4070000000065,620.3325040293386,617.590659478334
2426.75,620.3407551854975,617.590659478334
2427.125,620.3437496527289,617.590659478334
2427.469000000041,620.3362142614523,617.590659478334
2427.8279999999795,620.3325707686545,617.590659478334
2428.1720000000205,620.3354493556834,617.590659478334
2428.5320000000065,620.3280131003672,617.590659478334
2428.8910000000615,620.3347904662506,617.590659478334
2429.234999999986,620.3373823128517,617.590659478334
2429.5629999999655,620.3339125666076,617.590659478334
2429.9220000000205,620.335160140847,617.590659478334
2430.2660000000615,620.3290101615719,617.590659478334
2430.609999999986,620.3316200734238,617.590659478334
2430.9529999999795,620.3254793634547,617.590659478334
2431.3129999999655,620.3361162996003,617.590659478334
2431.6570000000065,620.3202389304893,617.590659478334
2432.0,620.3562464643624,617.590659478334
2432.344000000041,620.355162989952,617.590659478334
2432.6879999999655,620.3271786816731,617.590659478334
2433.0320000000065,620.3371685744318,617.590659478334
2433.375,620.3351743741412,617.590659478334
2433.719000000041,620.3206568129277,617.590659478334
2434.0629999999655,620.3240824968814,617.590659478334
2434.4070000000065,620.3145495544537,617.590659478334
2434.75,620.3109322433181,617.590659478334
2435.094000000041,620.3188188134982,617.590659478334
2435.4220000000205,620.3155693544902,617.590659478334
2435.7820000000065,620.3183108284363,617.590659478334
2436.125,620.3179678637601,617.590659478334
2436.469000000041,620.3165154031065,617.590659478334
2436.7970000000205,620.3094682428994,617.590659478334
2437.1410000000615,620.3076145606984,617.590659478334
2437.484999999986,620.3123036040546,617.590659478334
2437.8279999999795,620.3115469297079,617.590659478334
2438.1720000000205,620.3111061404753,617.590659478334
2438.5160000000615,620.3179624093648,617.590659478334
2438.859999999986,620.3281127369371,617.590659478334
2439.2029999999795,620.3369133623572,617.590659478334
2439.5470000000205,620.3367521962278,617.590659478334
2439.8910000000615,620.3313579510244,617.590659478334
2440.234999999986,620.3296803106095,617.590659478334
2440.5629999999655,620.3228784429042,617.590659478334
2440.9220000000205,620.3189060409067,617.590659478334
2441.2660000000615,620.317545397268,617.590659478334
2441.609999999986,620.3249311798982,617.590659478334
2441.9529999999795,620.3140618251972,617.590659478334
2442.2970000000205,620.319087974155,617.590659478334
2442.625,620.3178400826855,617.590659478334
2442.984999999986,620.3094874698027,617.590659478334
2443.3279999999795,620.3076528246712,617.590659478334
2443.6570000000065,620.308044011247,617.590659478334
2444.0160000000615,620.3097108080218,617.590659478334
2444.359999999986,620.3131169072243,617.590659478334
2444.7029999999795,620.305845234542,617.590659478334
2445.0470000000205,620.3103690580252,617.590659478334
2445.3910000000615,620.3051618136145,617.590659478334
2445.719000000041,620.3132727308637,617.590659478334
2446.0629999999655,620.3076136466456,617.590659478334
2446.4070000000065,620.3167827774478,617.590659478334
2446.75,620.3126900159535,617.590659478334
2447.094000000041,620.3165407652922,617.590659478334
2447.4220000000205,620.3144130663401,617.590659478334
2447.7970000000205,620.3150068736338,617.590659478334
2448.1410000000615,620.3072338138846,617.590659478334
2448.484999999986,620.3076455684164,617.590659478334
2448.8279999999795,620.3131876068232,617.590659478334
2449.1720000000205,620.3109023968308,617.590659478334
2449.5160000000615,620.3075374117745,617.590659478334
2449.859999999986,620.3010823786996,617.590659478334
2450.2029999999795,620.3055219083546,617.590659478334
2450.5470000000205,620.3039207814008,617.590659478334
2450.9070000000065,620.3121268478577,617.590659478334
2451.25,620.3092032994938,617.590659478334
2451.5779999999795,620.3056797945361,617.590659478334
2451.9220000000205,620.2941995748237,617.590659478334
2452.2660000000615,620.3056318349438,617.590659478334
2452.609999999986,620.3027296282411,617.590659478334
2452.9529999999795,620.3044924317618,617.590659478334
2453.2970000000205,620.3054058488297,617.590659478334
2453.6410000000615,620.3136267961007,617.590659478334
2453.984999999986,620.3077214857186,617.590659478334
2454.3279999999795,620.3065482118756,617.590659478334
2454.6879999999655,620.3066393647625,617.590659478334
2455.0160000000615,620.3028500241367,617.590659478334
2455.375,620.307227793902,617.590659478334
2455.7029999999795,620.3051998097365,617.590659478334
2456.0470000000205,620.3141869180004,617.590659478334
2456.3910000000615,620.3100288703561,617.590659478334
2456.734999999986,620.2974593706597,617.590659478334
2457.0779999999795,620.3000719162786,617.590659478334
2457.4220000000205,620.3075340841501,617.590659478334
2457.7660000000615,620.3053485862307,617.590659478334
2458.109999999986,620.3037463666925,617.590659478334
2458.4529999999795,620.305308041455,617.590659478334
2458.7970000000205,620.3040052490852,617.590659478334
2459.1410000000615,620.2986595678241,617.590659478334
2459.484999999986,620.3013832309925,617.590659478334
2459.8129999999655,620.3019239494798,617.590659478334
2460.1570000000065,620.3082579315686,617.590659478334
2460.5,620.3084633648804,617.590659478334
2460.844000000041,620.307094589783,617.590659478334
2461.1879999999655,620.2963458658828,617.590659478334
2461.5320000000065,620.2992856123025,617.590659478334
2461.875,620.2999520553573,617.590659478334
2462.219000000041,620.3123383540466,617.590659478334
2462.5470000000205,620.2972948650603,617.590659478334
2462.9070000000065,620.303538133173,617.590659478334
2463.234999999986,620.3052452485995,617.590659478334
2463.594000000041,620.3062880175478,617.590659478334
2463.9220000000205,620.3111856574839,617.590659478334
2464.2820000000065,620.3016125757155,617.590659478334
2464.625,620.3035991222928,617.590659478334
2464.969000000041,620.3052239442609,617.590659478334
2465.3129999999655,620.3029030259562,617.590659478334
2465.6570000000065,620.2964681498698,617.590659478334
2466.0,620.3021288195613,617.590659478334
2466.359999999986,620.2983516149794,617.590659478334
2466.7029999999795,620.302546266718,617.590659478334
2467.0629999999655,620.294906409768,617.590659478334
2467.4070000000065,620.3042572977442,617.590659478334
2467.734999999986,620.3032284598999,617.590659478334
2468.109999999986,620.3035215856349,617.590659478334
2468.4529999999795,620.3046851622563,617.590659478334
2468.7970000000205,620.3047254937305,617.590659478334
2469.1410000000615,620.2988328085085,617.590659478334
2469.484999999986,620.3061230344073,617.590659478334
2469.8279999999795,620.301470754734,617.590659478334
2470.1720000000205,620.3053875997518,617.590659478334
2470.5160000000615,620.3038251799497,617.590659478334
2470.859999999986,620.3023215923708,617.590659478334
2471.2029999999795,620.2984765704233,617.590659478334
2471.5470000000205,620.2995831423734,617.590659478334
2471.8910000000615,620.298298559725,617.590659478334
2472.234999999986,620.3031578185,617.590659478334
2472.5779999999795,620.2976841516358,617.590659478334
2472.9220000000205,620.2948349302811,617.590659478334
2473.2660000000615,620.3051473840809,617.590659478334
2473.609999999986,620.2956110362303,617.590659478334
2473.9529999999795,620.3026648115267,617.590659478334
2474.2970000000205,620.298149087006,617.590659478334
2474.6570000000065,620.307652779194,617.590659478334
2475.0,620.2977480042676,617.590659478334
2475.3279999999795,620.306812990231,617.590659478334
2475.6879999999655,620.2995094232331,617.590659478334
2476.0160000000615,620.3052924515446,617.590659478334
2476.375,620.2930558198339,617.590659478334
2476.719000000041,620.3023626017847,617.590659478334
2477.0629999999655,620.2984738554636,617.590659478334
2477.4220000000205,620.289670854673,617.590659478334
2477.7660000000615,620.3050370477324,617.590659478334
2478.125,620.297718406079,617.590659478334
2478.469000000041,620.3059418108462,617.590659478334
2478.8279999999795,620.2908247189808,617.590659478334
2479.1720000000205,620.2944672389452,617.590659478334
2479.5160000000615,620.3006206339261,617.590659478334
2479.875,620.3006278640486,617.590659478334
2480.219000000041,620.2968991576042,617.590659478334
2480.5629999999655,620.3011858870558,617.590659478334
2480.9070000000065,620.292523393181,617.590659478334
2481.2660000000615,620.2988198026883,617.590659478334
2481.609999999986,620.289371524023,617.590659478334
2481.9379999999655,620.298610123519,617.590659478334
2482.2970000000205,620.301570354683,617.590659478334
2482.625,620.2970760166079,617.590659478334
2482.969000000041,620.3051189676786,617.590659478334
2483.3129999999655,620.3011756137435,617.590659478334
2483.6570000000065,620.3012746210694,617.590659478334
2484.0,620.3031470967281,617.590659478334
2484.344000000041,620.3078839216583,617.590659478334
2484.6879999999655,620.298605216976,617.590659478334
2485.0320000000065,620.3017033912982,617.590659478334
2485.375,620.2891349698139,617.590659478334
2485.719000000041,620.29506176884,617.590659478334
2486.0470000000205,620.2959449464462,617.590659478334
2486.3910000000615,620.3002648075714,617.590659478334
2486.734999999986,620.3002055772563,617.590659478334
2487.0779999999795,620.2983571890506,617.590659478334
2487.4379999999655,620.3040567241591,617.590659478334
2487.7820000000065,620.2959364613026,617.590659478334
2488.125,620.297439446737,617.590659478334
2488.469000000041,620.3000066210346,617.590659478334
2488.8129999999655,620.3061365427145,617.590659478334
2489.1570000000065,620.2903414875616,617.590659478334
2489.5,620.2993091937832,617.590659478334
2489.844000000041,620.3012497179167,617.590659478334
2490.1879999999655,620.2958886150345,617.590659478334
2490.5320000000065,620.2964942114578,617.590659478334
2490.875,620.2949080568354,617.590659478334
2491.219000000041,620.2983745318887,617.590659478334
2491.5629999999655,620.2986183184046,617.590659478334
2491.9070000000065,620.296467954547,617.590659478334
2492.25,620.2949549133691,617.590659478334
2492.594000000041,620.3036488542898,617.590659478334
2492.9379999999655,620.2987622760485,617.590659478334
2493.2820000000065,620.298098630596,617.590659478334
2493.625,620.3010041025436,617.590659478334
2493.969000000041,620.2960630436631,617.590659478334
2494.3129999999655,620.3009141483475,617.590659478334
2494.6570000000065,620.3043905110018,617.590659478334
2495.0,620.295005560669,617.590659478334
2495.344000000041,620.2955873696741,617.590659478334
2495.6879999999655,620.2942974587863,617.590659478334
2496.0470000000205,620.2961050168418,617.590659478334
2496.3910000000615,620.2987916938783,617.590659478334
2496.734999999986,620.2874613106299,617.590659478334
2497.0779999999795,620.3049362595044,617.590659478334
2497.4379999999655,620.299625807156,617.590659478334
2497.7820000000065,620.3015585652702,617.590659478334
2498.109999999986,620.2977678490842,617.590659478334
2498.4529999999795,620.2981196557312,617.590659478334
2498.7970000000205,620.2971956731658,617.590659478334
2499.1410000000615,620.2862852683104,617.590659478334
2499.484999999986,620.3002600912191,617.590659478334
2499.8129999999655,620.3015109752308,617.590659478334
2500.1720000000205,620.3004808376793,617.590659478334
2500.5160000000615,620.2924376166862,617.590659478334
2500.859999999986,620.2946442057143,617.590659478334
2501.2029999999795,620.2999297912019,617.590659478334
2501.5470000000205,620.2960453058791,617.590659478334
2501.8910000000615,620.3013058348747,617.590659478334
2502.219000000041,620.3040438322503,617.590659478334
2502.5470000000205,620.305630808507,617.590659478334
2502.9070000000065,620.2929746242586,617.590659478334
2503.25,620.2975681507035,617.590659478334
2503.5779999999795,620.2935701739573,617.590659478334
2503.9379999999655,620.2973248112552,617.590659478334
2504.2660000000615,620.3036701545878,617.590659478334
2504.609999999986,620.29792722133,617.590659478334
2504.9529999999795,620.3047737795218,617.590659478334
2505.3129999999655,620.2973913209589,617.590659478334
2505.6570000000065,620.3003477756733,617.590659478334
2506.0,620.3039865626677,617.590659478334
2506.344000000041,620.2986052763523,617.590659478334
2506.6879999999655,620.3016162096335,617.590659478334
2507.0320000000065,620.2965050807749,617.590659478334
2507.375,620.297015425015,617.590659478334
2507.719000000041,620.2995890446809,617.590659478334
2508.0779999999795,620.2933264343674,617.590659478334
2508.4070000000065,620.2970453897641,617.590659478334
2508.75,620.2932783578882,617.590659478334
2509.094000000041,620.2966921865428,617.590659478334
2509.4379999999655,620.303458367991,617.590659478334
2509.8129999999655,620.3017200642192,617.590659478334
2510.1570000000065,620.2940471935559,617.590659478334
2510.5,620.2892637559119,617.590659478334
2510.844000000041,620.2887282884304,617.590659478334
2511.1879999999655,620.3039370907965,617.590659478334
2511.5320000000065,620.3060155545769,617.590659478334
2511.875,620.2991634802597,617.590659478334
2512.219000000041,620.3012840917705,617.590659478334
2512.5629999999655,620.3010050427256,617.590659478334
2512.9070000000065,620.302616037486,617.590659478334
2513.25,620.2910953516483,617.590659478334
2513.594000000041,620.2933195063307,617.590659478334
2513.9379999999655,620.2973778277998,617.590659478334
2514.2820000000065,620.2952383483366,617.590659478334
2514.6410000000615,620.3002557988575,617.590659478334
2514.984999999986,620.295130071788,617.590659478334
2515.3279999999795,620.2926381721538,617.590659478334
2515.6720000000205,620.2954383605256,617.590659478334
2516.0160000000615,620.2940826967838,617.590659478334
2516.359999999986,620.2989112041839,617.590659478334
2516.7029999999795,620.3118655390249,617.590659478334
2517.0470000000205,620.3011973160488,617.590659478334
2517.3910000000615,620.2862737124907,617.590659478334
2517.734999999986,620.2959274259838,617.590659478334
2518.0779999999795,620.2970643995494,617.590659478334
2518.4220000000205,620.2947438477366,617.590659478334
2518.7660000000615,620.298339523882,617.590659478334
2519.109999999986,620.296250487319,617.590659478334
2519.4529999999795,620.2933555569458,617.590659478334
2519.8279999999795,620.3000817897362,617.590659478334
2520.1570000000065,620.2941178999226,617.590659478334
2520.5,620.299625229736,617.590659478334
2520.844000000041,620.2925424367619,617.590659478334
2521.1879999999655,620.2964401018193,617.590659478334
2521.5160000000615,620.295962627513,617.590659478334
2521.875,620.2957048647454,617.590659478334
2522.219000000041,620.2985816693424,617.590659478334
2522.5629999999655,620.2987900362821,617.590659478334
2522.9070000000065,620.2935701010867,617.590659478334
2523.25,620.2814871561453,617.590659478334
2523.594000000041,620.2927430111644,617.590659478334
2523.9379999999655,620.2890872102487,617.590659478334
2524.2820000000065,620.2900673845305,617.590659478334
2524.625,620.2919139700475,617.590659478334
2524.984999999986,620.2935811596063,617.590659478334
2525.3279999999795,620.3008275519834,617.590659478334
2525.6720000000205,620.2878566726708,617.590659478334
2526.0320000000065,620.2922912763302,617.590659478334
2526.3910000000615,620.2977642110379,617.590659478334
2526.734999999986,620.2931809852832,617.590659478334
2527.094000000041,620.2862079040333,617.590659478334
2527.4220000000205,620.2978787392582,617.590659478334
2527.7660000000615,620.2928068602989,617.590659478334
2528.109999999986,620.2934237063157,617.590659478334
2528.469000000041,620.2958118647138,617.590659478334
2528.8129999999655,620.294646314151,617.590659478334
2529.1570000000065,620.294658637926,617.590659478334
2529.484999999986,620.3016804821564,617.590659478334
2529.8279999999795,620.2956812831087,617.590659478334
2530.1879999999655,620.2942595007037,617.590659478334
2530.5160000000615,620.2915944548997,617.590659478334
2530.875,620.2900883542877,617.590659478334
2531.219000000041,620.2932759790166,617.590659478334
2531.5629999999655,620.2937053071613,617.590659478334
2531.9070000000065,620.3065938568917,617.590659478334
2532.25,620.290470247772,617.590659478334
2532.594000000041,620.3007043353051,617.590659478334
2532.9379999999655,620.302807035484,617.590659478334
2533.2970000000205,620.2998798963711,617.590659478334
2533.6410000000615,620.2870351870667,617.590659478334
2534.0,620.2959713170299,617.590659478334
2534.344000000041,620.2992768340099,617.590659478334
2534.6879999999655,620.2942871271756,617.590659478334
2535.0320000000065,620.2997384032226,617.590659478334
2535.3910000000615,620.291080799527,617.590659478334
2535.734999999986,620.2916909853271,617.590659478334
2536.094000000041,620.3131224276104,617.590659478334
2536.4379999999655,620.3221860262105,617.590659478334
2536.7820000000065,620.3601619412589,617.590659478334
2537.125,620.3910638420407,617.590659478334
2537.469000000041,620.4220543659525,617.590659478334
2537.8129999999655,620.4567210421502,617.590659478334
2538.1570000000065,620.4736352586384,617.590659478334
2538.5,620.5150821731378,617.590659478334
2538.844000000041,620.5287048083181,617.590659478334
2539.1879999999655,620.5470924493452,617.590659478334
2539.5320000000065,620.5635828429841,617.590659478334
2539.875,620.5729843370951,617.590659478334
2540.2029999999795,620.5810504794109,617.590659478334
2540.5629999999655,620.6025943319545,617.590659478334
2540.8910000000615,620.6207800546616,617.590659478334
2541.234999999986,620.6305258539247,617.590659478334
2541.594000000041,620.645500723224,617.590659478334
2541.9379999999655,620.6478334922643,617.590659478334
2542.2820000000065,620.662744598718,617.590659478334
2542.625,620.673017929006,617.590659478334
2542.969000000041,620.6726063702233,617.590659478334
2543.3129999999655,620.6857100201994,617.590659478334
2543.6570000000065,620.684950144509,617.590659478334
2544.0,620.7063283988319,617.590659478334
2544.344000000041,620.7038931671779,617.590659478334
2544.6879999999655,620.7139993610937,617.590659478334
2545.0160000000615,620.7186177516867,617.590659478334
2545.359999999986,620.7312209114704,617.590659478334
2545.719000000041,620.7340858705554,617.590659478334
2546.0629999999655,620.7439675388879,617.590659478334
2546.4070000000065,620.7458294713105,617.590659478334
2546.734999999986,620.7470002609818,617.590659478334
2547.0779999999795,620.7584327573717,617.590659478334
2547.4379999999655,620.7718605321795,617.590659478334
2547.7970000000205,620.7699031579235,617.590659478334
2548.1410000000615,620.7721292409894,617.590659478334
2548.484999999986,620.7932338394743,617.590659478334
2548.8279999999795,620.8006133147164,617.590659478334
2549.1720000000205,620.8111031702387,617.590659478334
2549.5320000000065,620.8083042215729,617.590659478334
2549.875,620.8129828745681,617.590659478334
2550.219000000041,620.8190685912344,617.590659478334
2550.5470000000205,620.8095175884952,617.590659478334
2550.9070000000065,620.806009374887,617.590659478334
2551.25,620.8106655947754,617.590659478334
2551.594000000041,620.8024221104995,617.590659478334
2551.9220000000205,620.7925716467577,617.590659478334
2552.2660000000615,620.7811911888091,617.590659478334
2552.609999999986,620.7898490903568,617.590659478334
2552.969000000041,620.7833409441172,617.590659478334
2553.2970000000205,620.7867083201257,617.590659478334
2553.6570000000065,620.783369501513,617.590659478334
2553.984999999986,620.7873072015204,617.590659478334
2554.344000000041,620.7829541036607,617.590659478334
2554.6879999999655,620.7788526537624,617.590659478334
2555.0320000000065,620.7943242726075,617.590659478334
2555.375,620.7801734626961,617.590659478334
2555.7029999999795,620.7846228534045,617.590659478334
2556.0629999999655,620.7857425489738,617.590659478334
2556.4070000000065,620.7776717321196,617.590659478334
2556.75,620.7809401205096,617.590659478334
2557.094000000041,620.7778825000977,617.590659478334
2557.4379999999655,620.7729476290735,617.590659478334
2557.7820000000065,620.7814104370518,617.590659478334
2558.125,620.774682731272,617.590659478334
2558.484999999986,620.7752747261266,617.590659478334
2558.8279999999795,620.7731603040038,617.590659478334
2559.1570000000065,620.7696144998357,617.590659478334
2559.5160000000615,620.7805067811636,617.590659478334
2559.859999999986,620.7705299679733,617.590659478334
2560.2029999999795,620.7699126195619,617.590659478334
2560.5470000000205,620.7770895064311,617.590659478334
2560.9070000000065,620.7756691113285,617.590659478334
2561.234999999986,620.7792726122174,617.590659478334
2561.594000000041,620.779643807934,617.590659478334
2561.9220000000205,620.7851645729132,617.590659478334
2562.2660000000615,620.7785717615632,617.590659478334
2562.625,620.7872683744108,617.590659478334
2562.969000000041,620.6719099065895,617.590659478334
2563.3129999999655,620.4986311773213,617.590659478334
2563.6720000000205,620.4446953496293,617.590659478334
2564.0160000000615,620.4266610468152,617.590659478334
2564.359999999986,620.4038401353699,617.590659478334
2564.7029999999795,620.3921269158458,617.590659478334
2565.0320000000065,620.3723958147117,617.590659478334
2565.375,620.3715011458747,617.590659478334
2565.734999999986,620.3498614075045,617.590659478334
2566.0779999999795,620.3615023941193,617.590659478334
2566.4220000000205,620.3644233503712,617.590659478334
2566.75,620.3596325633366,617.590659478334
2567.109999999986,620.353510855906,617.590659478334
2567.4529999999795,620.3479178579502,617.590659478334
2567.7970000000205,620.3457851267053,617.590659478334
2568.1410000000615,620.3408841831942,617.590659478334
2568.5,620.3436045251526,617.590659478334
2568.844000000041,620.3443475519831,617.590659478334
2569.2029999999795,620.3322539696205,617.590659478334
2569.5629999999655,620.3369478685107,617.590659478334
2569.9070000000065,620.3297467069434,617.590659478334
2570.2660000000615,620.3407458531345,617.590659478334
2570.609999999986,620.3410392342627,617.590659478334
2570.9529999999795,620.3341491046045,617.590659478334
2571.3279999999795,620.3411080101636,617.590659478334
2571.6720000000205,620.3380984956929,617.590659478334
2572.0160000000615,620.3284200862045,617.590659478334
2572.375,620.3321591106624,617.590659478334
2572.719000000041,620.3338861194756,617.590659478334
2573.0629999999655,620.3299721169466,617.590659478334
2573.4220000000205,620.3315642765318,617.590659478334
2573.7820000000065,620.3389504400023,617.590659478334
2574.125,620.3340817414253,617.590659478334
2574.484999999986,620.3335402344404,617.590659478334
2574.844000000041,620.3486741994681,617.590659478334
2575.1879999999655,620.3605933296333,617.590659478334
2575.5320000000065,620.3350501125512,617.590659478334
2575.875,620.3420451351684,617.590659478334
2576.234999999986,620.345177083501,617.590659478334
2576.5629999999655,620.3382273821923,617.590659478334
2576.9220000000205,620.3306071347973,617.590659478334
2577.2820000000065,620.3273155847082,617.590659478334
2577.609999999986,620.3208944298692,617.590659478334
2577.969000000041,620.3190812575886,617.590659478334
2578.2970000000205,620.3164611030743,617.590659478334
2578.6410000000615,620.3259628734386,617.590659478334
2578.984999999986,620.3146753220293,617.590659478334
2579.3279999999795,620.3142355945278,617.590659478334
2579.6720000000205,620.3092764571452,617.590659478334
2580.0160000000615,620.3165024162846,617.590659478334
2580.375,620.3161078236034,617.590659478334
2580.7029999999795,620.3120441955886,617.590659478334
2581.0629999999655,620.3154036690051,617.590659478334
2581.4070000000065,620.3192685225077,617.590659478334
2581.75,620.3151928862425,617.590659478334
2582.094000000041,620.3128321923366,617.590659478334
2582.4379999999655,620.3144399482352,617.590659478334
2582.7820000000065,620.3160171904899,617.590659478334
2583.125,620.3144152562637,617.590659478334
2583.469000000041,620.32026493241,617.590659478334
2583.8129999999655,620.3028239339365,617.590659478334
2584.1570000000065,620.3053168932856,617.590659478334
2584.5,620.3216003588342,617.590659478334
2584.859999999986,620.3060439030152,617.590659478334
2585.1879999999655,620.3169544298004,617.590659478334
2585.5470000000205,620.3161693518527,617.590659478334
2585.8910000000615,620.3101579869455,617.590659478334
2586.234999999986,620.3184996245913,617.590659478334
2586.5629999999655,620.3086098971824,617.590659478334
2586.9070000000065,620.3156166298331,617.590659478334
2587.2660000000615,620.3154822174596,617.590659478334
2587.609999999986,620.3222440459932,617.590659478334
2587.9529999999795,620.3546084778424,617.590659478334
2588.2970000000205,620.3700662877027,617.590659478334
2588.6410000000615,620.3787532766856,617.590659478334
2588.984999999986,620.3673271293159,617.590659478334
2589.3279999999795,620.3618884344271,617.590659478334
2589.6720000000205,620.3555038440467,617.590659478334
2590.0,620.3499643086867,617.590659478334
2590.344000000041,620.3530082780306,617.590659478334
2590.6879999999655,620.3448006677457,617.590659478334
2591.0470000000205,620.3484273852263,617.590659478334
2591.3910000000615,620.3414238644374,617.590659478334
2591.734999999986,620.3462427657244,617.590659478334
2592.0779999999795,620.348105239138,617.590659478334
2592.4220000000205,620.3420290828082,617.590659478334
2592.7660000000615,620.3397891439162,617.590659478334
2593.109999999986,620.3445210186553,617.590659478334
2593.4529999999795,620.3293852973533,617.590659478334
2593.7970000000205,620.3363551813301,617.590659478334
2594.1410000000615,620.3350926705095,617.590659478334
2594.484999999986,620.3353364047103,617.590659478334
2594.8129999999655,620.3443626550064,617.590659478334
2595.1570000000065,620.3278102103243,617.590659478334
2595.5160000000615,620.3362632241091,617.590659478334
2595.844000000041,620.3338434426244,617.590659478334
2596.1879999999655,620.3333714706034,617.590659478334
2596.5320000000065,620.3286694100691,617.590659478334
2596.875,620.3345161837276,617.590659478334
2597.219000000041,620.3268200071857,617.590659478334
2597.5629999999655,620.3248463834735,617.590659478334
2597.9070000000065,620.3339574147825,617.590659478334
2598.234999999986,620.3370221412615,617.590659478334
2598.594000000041,620.3308636438787,617.590659478334
2598.9379999999655,620.3331097910769,617.590659478334
2599.2820000000065,620.3351409135213,617.590659478334
2599.625,620.3396547320433,617.590659478334
2599.969000000041,620.3525148673529,617.590659478334
2600.3279999999795,620.331414119719,617.590659478334
2600.6720000000205,620.335326393799,617.590659478334
2601.0,620.3286271514783,617.590659478334
2601.359999999986,620.3349141903365,617.590659478334
2601.6879999999655,620.3242850057846,617.590659478334
2602.0320000000065,620.3154498328931,617.590659478334
2602.375,620.3221094176502,617.590659478334
2602.719000000041,620.3208399919126,617.590659478334
2603.0629999999655,620.3161046871562,617.590659478334
2603.4070000000065,620.3079110913388,617.590659478334
2603.734999999986,620.3192426452272,617.590659478334
2604.094000000041,620.3038465820907,617.590659478334
2604.4220000000205,620.3082399871978,617.590659478334
2604.7660000000615,620.3189196812829,617.590659478334
2605.109999999986,620.3064918147885,617.590659478334
2605.4529999999795,620.3137278159235,617.590659478334
2605.7970000000205,620.3114520700323,617.590659478334
2606.1570000000065,620.318991498913,617.590659478334
2606.484999999986,620.3176965733693,617.590659478334
2606.8279999999795,620.3356726980721,617.590659478334
2607.1720000000205,620.3345370472808,617.590659478334
2607.5160000000615,620.3381686132153,617.590659478334
2607.859999999986,620.3379143653283,617.590659478334
2608.2029999999795,620.3357376131812,617.590659478334
2608.5470000000205,620.3211451414026,617.590659478334
2608.8910000000615,620.3201970285936,617.590659478334
2609.219000000041,620.313686696129,617.590659478334
2609.5779999999795,620.3202000447048,617.590659478334
2609.9220000000205,620.315347624546,617.590659478334
2610.2660000000615,620.3162250885374,617.590659478334
2610.609999999986,620.3143672398694,617.590659478334
2610.9529999999795,620.3082191032447,617.590659478334
2611.2970000000205,620.3109403494738,617.590659478334
2611.6410000000615,620.3103480754238,617.590659478334
2611.984999999986,620.3080933084898,617.590659478334
2612.3279999999795,620.3087456567033,617.590659478334
2612.6720000000205,620.313643398346,617.590659478334
2613.0,620.3121969165769,617.590659478334
2613.344000000041,620.3117052738088,617.590659478334
2613.6879999999655,620.3022863431389,617.590659478334
2614.0160000000615,620.307145049136,617.590659478334
2614.359999999986,620.30604402857,617.590659478334
2614.719000000041,620.3083397033669,617.590659478334
2615.0470000000205,620.3163581819919,617.590659478334
2615.3910000000615,620.3004374246203,617.590659478334
2615.75,620.3115909560589,617.590659478334
2616.094000000041,620.3072413337117,617.590659478334
2616.4379999999655,620.3101295173336,617.590659478334
2616.7820000000065,620.3115294550788,617.590659478334
2617.125,620.3051761444465,617.590659478334
2617.469000000041,620.3151263238603,617.590659478334
2617.8129999999655,620.3040616086632,617.590659478334
2618.1570000000065,620.2993327463432,617.590659478334
2618.5,620.3026071037089,617.590659478334
2618.844000000041,620.310024547142,617.590659478334
2619.1879999999655,620.300748043169,617.590659478334
2619.5320000000065,620.3145351291696,617.590659478334
2619.875,620.3271202452702,617.590659478334
2620.219000000041,620.3478554412164,617.590659478334
2620.5629999999655,620.3995683038659,617.590659478334
2620.9070000000065,620.4579131392868,617.590659478334
2621.25,620.4909015710574,617.590659478334
2621.594000000041,620.5164411997176,617.590659478334
2621.9379999999655,620.5448702350161,617.590659478334
2622.2660000000615,620.5641192957794,617.590659478334
2622.609999999986,620.5860633450798,617.590659478334
2622.9529999999795,620.6079126637637,617.590659478334
2623.2970000000205,620.6197937557439,617.590659478334
2623.6410000000615,620.6300710152894,617.590659478334
2623.984999999986,620.6477600390365,617.590659478334
2624.3279999999795,620.6678754021324,617.590659478334
2624.6720000000205,620.6680458547474,617.590659478334
2625.0160000000615,620.6837308753276,617.590659478334
2625.375,620.6996094643289,617.590659478334
2625.719000000041,620.7124871646829,617.590659478334
2626.0629999999655,620.7203823101393,617.590659478334
2626.4070000000065,620.7257212304816,617.590659478334
2626.7660000000615,620.738343430594,617.590659478334
2627.109999999986,620.7379611442491,617.590659478334
2627.4529999999795,620.7449735134626,617.590659478334
2627.7970000000205,620.7577183096208,617.590659478334
2628.1570000000065,620.7669190061406,617.590659478334
2628.5,620.7729876032087,617.590659478334
2628.844000000041,620.7782330077221,617.590659478334
2629.2029999999795,620.7910303129711,617.590659478334
2629.5470000000205,620.7865961010008,617.590659478334
2629.875,620.7948277157898,617.590659478334
2630.234999999986,620.8017408961646,617.590659478334
2630.5629999999655,620.8031056332647,617.590659478334
2630.9070000000065,620.8123814124879,617.590659478334
2631.25,620.8082992115648,617.590659478334
2631.594000000041,620.8150427468281,617.590659478334
2631.9529999999795,620.8149739346732,617.590659478334
2632.2970000000205,620.8265873810154,617.590659478334
2632.6410000000615,620.8364758802603,617.590659478334
2632.984999999986,620.8318794573112,617.590659478334
2633.3279999999795,620.8308458830697,617.590659478334
2633.6570000000065,620.8434638563563,617.590659478334
2634.0160000000615,620.8518416169213,617.590659478334
2634.359999999986,620.8497198570966,617.590659478334
2634.7029999999795,620.855861278765,617.590659478334
2635.0629999999655,620.8546862666981,617.590659478334
2635.4070000000065,620.8541319943357,617.590659478334
2635.75,620.8624616436733,617.590659478334
2636.094000000041,620.8601564334763,617.590659478334
2636.4529999999795,620.8704166434203,617.590659478334
2636.7820000000065,620.8673595608997,617.590659478334
2637.1410000000615,620.879964957183,617.590659478334
2637.484999999986,620.8739431697029,617.590659478334
2637.8279999999795,620.8765690202359,617.590659478334
2638.1720000000205,620.8839601271013,617.590659478334
2638.5160000000615,620.8838117626029,617.590659478334
2638.844000000041,620.8882317411575,617.590659478334
2639.1879999999655,620.8947408434494,617.590659478334
2639.5470000000205,620.8893561026713,617.590659478334
2639.8910000000615,620.8889797161223,617.590659478334
2640.234999999986,620.8968379792728,617.590659478334
2640.594000000041,620.8931477119484,617.590659478334
2640.9379999999655,620.8932990035689,617.590659478334
2641.2820000000065,620.9041715062159,617.590659478334
2641.625,620.9034684291796,617.590659478334
2641.984999999986,620.9074136283012,617.590659478334
2642.3129999999655,620.908697787335,617.590659478334
2642.6720000000205,620.9028378709672,617.590659478334
2643.0320000000065,620.9098264252829,617.590659478334
2643.375,620.9142160265916,617.590659478334
2643.734999999986,620.9112892992897,617.590659478334
2644.0629999999655,620.911865122604,617.590659478334
2644.4220000000205,620.9234773161037,617.590659478334
2644.7660000000615,620.91454421744,617.590659478334
2645.109999999986,620.9217038151656,617.590659478334
2645.4529999999795,620.9243365567739,617.590659478334
2645.7970000000205,620.9240879437375,617.590659478334
2646.1570000000065,620.9261313373227,617.590659478334
2646.5160000000615,620.927010851279,617.590659478334
2646.859999999986,620.9249916377736,617.590659478334
2647.2029999999795,620.9176567666271,617.590659478334
2647.5470000000205,620.9223122337157,617.590659478334
2647.8910000000615,620.9331241680879,617.590659478334
2648.234999999986,620.9427986709125,617.590659478334
2648.5779999999795,620.9339271232205,617.590659478334
2648.9220000000205,620.9317352241499,617.590659478334
2649.2660000000615,620.9361750608055,617.590659478334
2649.609999999986,620.933367673002,617.590659478334
2649.9529999999795,620.939151688135,617.590659478334
2650.2970000000205,620.9364987336436,617.590659478334
2650.6410000000615,620.948548830807,617.590659478334
2650.984999999986,620.940944496375,617.590659478334
2651.3279999999795,620.9485685792997,617.590659478334
2651.6879999999655,620.9529716901254,617.590659478334
2652.0320000000065,620.9491625284645,617.590659478334
2652.375,620.9419648142367,617.590659478334
2652.719000000041,620.9517508024377,617.590659478334
2653.0629999999655,620.9422902324951,617.590659478334
2653.4070000000065,620.950191311249,617.590659478334
2653.75,620.9535279200809,617.590659478334
2654.094000000041,620.954920542108,617.590659478334
2654.4379999999655,620.9566027215261,617.590659478334
2654.8129999999655,620.9614596568838,617.590659478334
2655.1570000000065,620.9566498733369,617.590659478334
2655.5,620.9629724103452,617.590659478334
2655.844000000041,620.9632708040058,617.590659478334
2656.2029999999795,620.9568981698853,617.590659478334
2656.5470000000205,620.9590201058033,617.590659478334
2656.9070000000065,620.9645717451134,617.590659478334
2657.25,620.9597256399601,617.590659478334
2657.609999999986,620.961388848431,617.590659478334
2657.969000000041,620.957798939713,617.590659478334
2658.3279999999795,620.965536822406,617.590659478334
2658.6720000000205,620.9669175223262,617.590659478334
2659.0160000000615,620.9702251625433,617.590659478334
2659.375,620.9689302244137,617.590659478334
2659.719000000041,620.9564708354095,617.590659478334
2660.0779999999795,620.9751329562393,617.590659478334
2660.4220000000205,620.9732394660823,617.590659478334
2660.7660000000615,620.9710323093415,617.590659478334
2661.109999999986,620.9768387754782,617.590659478334
2661.4529999999795,620.9739767120781,617.590659478334
2661.7970000000205,620.975172712737,617.590659478334
2662.1570000000065,620.9713005402458,617.590659478334
2662.5,620.9713561074275,617.590659478334
2662.844000000041,620.9758815781931,617.590659478334
2663.2029999999795,620.9747275742341,617.590659478334
2663.5470000000205,620.9780369441064,617.590659478334
2663.8910000000615,620.9785306108039,617.590659478334
2664.234999999986,620.9791789146885,617.590659478334
2664.5779999999795,620.9838025422428,617.590659478334
2664.9379999999655,620.9755506245813,617.590659478334
2665.2970000000205,620.9832050487354,617.590659478334
2665.6570000000065,620.9838284828052,617.590659478334
2666.0,620.9891544431298,617.590659478334
2666.359999999986,620.9869758349249,617.590659478334
2666.719000000041,620.9780446101589,617.590659478334
2667.0629999999655,620.978641665553,617.590659478334
2667.4220000000205,620.9917940164916,617.590659478334
2667.7660000000615,620.9868580321977,617.590659478334
2668.125,620.9813909949114,617.590659478334
2668.469000000041,620.9841696128019,617.590659478334
2668.8129999999655,620.9774897099538,617.590659478334
2669.1720000000205,620.9892166703895,617.590659478334
2669.5320000000065,620.9986308335023,617.590659478334
2669.875,620.9855629218549,617.590659478334
2670.234999999986,620.9924197232854,617.590659478334
2670.5779999999795,620.9910508035019,617.590659478334
2670.9220000000205,620.9827529741254,617.590659478334
2671.2660000000615,620.9959999911141,617.590659478334
2671.609999999986,620.9949032192019,617.590659478334
2671.9529999999795,620.987146802462,617.590659478334
2672.2970000000205,620.9969210138164,617.590659478334
2672.6570000000065,620.9997887950784,617.590659478334
2673.0,620.99504093896,617.590659478334
2673.344000000041,620.9956397342737,617.590659478334
2673.6879999999655,620.9941326746123,617.590659478334
2674.0320000000065,620.9965003319754,617.590659478334
2674.3910000000615,621.0007189848318,617.590659478334
2674.734999999986,621.0084181958011,617.590659478334
2675.0779999999795,620.98959372279,617.590659478334
2675.4220000000205,621.0069675352297,617.590659478334
2675.7970000000205,621.0001692070996,617.590659478334
2676.1570000000065,621.0050351625925,617.590659478334
2676.5,621.0014955580622,617.590659478334
2676.859999999986,621.007522574826,617.590659478334
2677.2029999999795,621.0032709366418,617.590659478334
2677.5629999999655,621.0005493148792,617.590659478334
2677.9070000000065,620.9995215635298,617.590659478334
2678.2660000000615,620.9989253042327,617.590659478334
2678.625,620.9986038731976,617.590659478334
2678.969000000041,621.007750834627,617.590659478334
2679.3279999999795,620.9986828283626,617.590659478334
2679.6879999999655,621.0020734633217,617.590659478334
2680.0320000000065,621.0016285616617,617.590659478334
2680.3910000000615,621.003904819039,617.590659478334
2680.75,621.0102808820399,617.590659478334
2681.109999999986,620.9958913618228,617.590659478334
2681.4529999999795,621.0001863031268,617.590659478334
2681.8129999999655,621.0121114506671,617.590659478334
2682.1570000000065,621.005459154425,617.590659478334
2682.5320000000065,621.0045948253697,617.590659478334
2682.8910000000615,621.0059546034141,617.590659478334
2683.234999999986,621.0155226846279,617.590659478334
2683.5779999999795,621.0105475838237,617.590659478334
2683.9379999999655,621.0073129137838,617.590659478334
2684.2660000000615,621.0111972522548,617.590659478334
2684.625,621.0037065746989,617.590659478334
2684.969000000041,621.014791815824,617.590659478334
2685.3129999999655,621.014312656873,617.590659478334
2685.6570000000065,621.0127683026448,617.590659478334
2686.0,621.0173337305197,617.590659478334
2686.344000000041,621.0146747331801,617.590659478334
2686.6879999999655,621.0148599984649,617.590659478334
2687.0320000000065,621.0154383592063,617.590659478334
2687.375,621.0093526165203,617.590659478334
2687.719000000041,621.0285431080185,617.590659478334
2688.0629999999655,621.0337401566455,617.590659478334
2688.4070000000065,621.024852795368,617.590659478334
2688.75,621.0446291113344,617.590659478334
2689.094000000041,621.0431834354251,617.590659478334
2689.4529999999795,621.030054806062,617.590659478334
2689.7970000000205,621.0344433105329,617.590659478334
2690.1410000000615,621.0337863347003,617.590659478334
2690.5,621.027900014573,617.590659478334
2690.859999999986,621.0176848605215,617.590659478334
2691.2029999999795,621.0189459379607,617.590659478334
2691.5470000000205,621.0136650712476,617.590659478334
2691.9070000000065,621.0069057780848,617.590659478334
2692.2660000000615,621.0146613059036,617.590659478334
2692.609999999986,621.0033486533779,617.590659478334
2692.9529999999795,621.0077991677429,617.590659478334
2693.3129999999655,621.0021815654464,617.590659478334
2693.6570000000065,621.0108997695602,617.590659478334
2694.0160000000615,620.9958671788407,617.590659478334
2694.344000000041,620.9955569470528,617.590659478334
2694.719000000041,620.9890710782039,617.590659478334
2695.0629999999655,621.0024381554479,617.590659478334
2695.4070000000065,620.9920713611843,617.590659478334
2695.75,620.9921749409538,617.590659478334
2696.094000000041,620.989407744182,617.590659478334
2696.4379999999655,620.9986457519688,617.590659478334
2696.8129999999655,621.0000227249668,617.590659478334
2697.1570000000065,620.9962707490481,617.590659478334
2697.5,620.9978004759298,617.590659478334
2697.844000000041,620.994526086234,617.590659478334
2698.1879999999655,620.9853245177782,617.590659478334
2698.5320000000065,620.9878938700317,617.590659478334
2698.875,620.9912536439525,617.590659478334
2699.2029999999795,621.0007369957118,617.590659478334
2699.5470000000205,620.9873055580034,617.590659478334
2699.8910000000615,620.9799788574696,617.590659478334
2700.25,620.9935870237457,617.590659478334
2700.5779999999795,620.9918849268748,617.590659478334
2700.9220000000205,620.9834409760003,617.590659478334
2701.2820000000065,620.9914325975168,617.590659478334
2701.625,620.9783138833004,617.590659478334
2701.984999999986,620.9893357036509,617.590659478334
2702.344000000041,620.9875831237689,617.590659478334
2702.6879999999655,620.9814813900905,617.590659478334
2703.0320000000065,620.9810299842852,617.590659478334
2703.3910000000615,620.9917976716459,617.590659478334
2703.734999999986,620.9891617524034,617.590659478334
2704.0779999999795,620.9821436039673,617.590659478334
2704.4379999999655,620.9921469475219,617.590659478334
2704.7820000000065,620.9843602708166,617.590659478334
2705.1410000000615,620.9889028658172,617.590659478334
2705.484999999986,620.9877109700992,617.590659478334
2705.844000000041,620.9890067318232,617.590659478334
2706.1879999999655,620.9779915910772,617.590659478334
2706.5470000000205,620.9882908699803,617.590659478334
2706.9070000000065,620.9867181186075,617.590659478334
2707.234999999986,620.9786614155216,617.590659478334
2707.5779999999795,620.9860869827302,617.590659478334
2707.9220000000205,620.981427354565,617.590659478334
2708.2660000000615,620.9845242242543,617.590659478334
2708.609999999986,620.9840460130345,617.590659478334
2708.9379999999655,620.9811123483903,617.590659478334
2709.2820000000065,620.9790711228968,617.590659478334
2709.625,620.9852327787929,617.590659478334
2709.969000000041,620.9866139254566,617.590659478334
2710.3129999999655,620.9841000514725,617.590659478334
2710.6570000000065,620.9704102678463,617.590659478334
2711.0,620.9785478593918,617.590659478334
2711.3279999999795,620.9738564897266,617.590659478334
2711.6720000000205,620.9849449203211,617.590659478334
2712.0160000000615,620.9755506723764,617.590659478334
2712.359999999986,620.9705521310152,617.590659478334
2712.7029999999795,620.9827084882613,617.590659478334
2713.0470000000205,620.9803811344664,617.590659478334
2713.3910000000615,620.9820051416882,617.590659478334
2713.734999999986,620.9783287067278,617.590659478334
2714.094000000041,620.9812544963386,617.590659478334
2714.4379999999655,620.9689195387361,617.590659478334
2714.7820000000065,620.9774188135293,617.590659478334
2715.125,620.9830504823261,617.590659478334
2715.469000000041,620.9798660378974,617.590659478334
2715.8129999999655,620.9719419149931,617.590659478334
2716.1720000000205,620.9769223411547,617.590659478334
2716.5320000000065,620.9710729798882,617.590659478334
2716.875,620.9751198834364,617.590659478334
2717.219000000041,620.9799792785483,617.590659478334
2717.5629999999655,620.9726804008479,617.590659478334
2717.9220000000205,620.9734514123445,617.590659478334
2718.2660000000615,620.9660782844937,617.590659478334
2718.625,620.9724278070431,617.590659478334
2718.969000000041,620.9791092023149,617.590659478334
2719.2970000000205,620.9825990049497,617.590659478334
2719.6570000000065,620.9711617868373,617.590659478334
2720.0,620.9738665709201,617.590659478334
2720.344000000041,620.9686379562036,617.590659478334
2720.6879999999655,620.9749506761602,617.590659478334
2721.0320000000065,620.9706399797816,617.590659478334
2721.375,620.962986551853,617.590659478334
2721.719000000041,620.9675630359188,617.590659478334
2722.0629999999655,620.9705210655085,617.590659478334
2722.4070000000065,620.9622293024665,617.590659478334
2722.75,620.9716589166645,617.590659478334
2723.094000000041,620.9776694483324,617.590659478334
2723.4379999999655,620.9668862798868,617.590659478334
2723.7970000000205,620.9734569867828,617.590659478334
2724.1410000000615,620.9664606661386,617.590659478334
2724.484999999986,620.970400230684,617.590659478334
2724.8279999999795,620.9754477864924,617.590659478334
2725.1720000000205,620.9750924162347,617.590659478334
2725.5320000000065,620.9757012735578,617.590659478334
2725.875,620.9754027408275,617.590659478334
2726.234999999986,620.9704453773732,617.590659478334
2726.5629999999655,620.972642728055,617.590659478334
2726.9220000000205,620.97005543983,617.590659478334
2727.2660000000615,620.9633188726712,617.590659478334
2727.625,620.961640310495,617.590659478334
2727.969000000041,620.9695773013308,617.590659478334
2728.3129999999655,620.9656015574766,617.590659478334
2728.6570000000065,620.9794398061322,617.590659478334
2729.0160000000615,620.9625833320681,617.590659478334
2729.375,620.9716021451482,617.590659478334
2729.719000000041,620.9673216534563,617.590659478334
2730.0629999999655,620.9646461586657,617.590659478334
2730.469000000041,620.9689315509537,617.590659478334
2730.8129999999655,620.9694589937542,617.590659478334
2731.1570000000065,620.9649570593637,617.590659478334
2731.5,620.9688130845619,617.590659478334
2731.844000000041,620.9650271700717,617.590659478334
2732.1879999999655,620.9670777011604,617.590659478334
2732.5320000000065,620.9613390578828,617.590659478334
2732.875,620.9789591778142,617.590659478334
2733.219000000041,620.9757760806796,617.590659478334
2733.5470000000205,620.9741667021066,617.590659478334
2733.9070000000065,620.9694103370942,617.590659478334
2734.234999999986,620.9676449740502,617.590659478334
2734.5779999999795,620.9646261060014,617.590659478334
2734.9220000000205,620.9651818312252,617.590659478334
2735.2660000000615,620.9579380724192,617.590659478334
2735.625,620.9662999671474,617.590659478334
2735.9529999999795,620.9666817090038,617.590659478334
2736.3129999999655,620.9668083368244,617.590659478334
2736.6570000000065,620.9671380174448,617.590659478334
2737.0,620.9636066950964,617.590659478334
2737.344000000041,620.9595634634176,617.590659478334
2737.6879999999655,620.9666247129387,617.590659478334
2738.0320000000065,620.9575381966015,617.590659478334
2738.3910000000615,620.9686256606149,617.590659478334
2738.734999999986,620.9631010512322,617.590659478334
2739.0779999999795,620.9600073351126,617.590659478334
2739.4220000000205,620.9680246168832,617.590659478334
2739.7660000000615,620.9628687753413,617.590659478334
2740.109999999986,620.9649520184119,617.590659478334
2740.4379999999655,620.9595854892708,617.590659478334
2740.7970000000205,620.9647215260422,617.590659478334
2741.1410000000615,620.9616357834848,617.590659478334
2741.484999999986,620.9561519457761,617.590659478334
2741.8279999999795,620.9636869560537,617.590659478334
2742.1570000000065,620.9599332588444,617.590659478334
2742.5,620.9554235017267,617.590659478334
2742.844000000041,620.9664337334879,617.590659478334
2743.1879999999655,620.965875532915,617.590659478334
2743.5320000000065,620.9626334737654,617.590659478334
2743.875,620.9621553248173,617.590659478334
2744.219000000041,620.9683494696069,617.590659478334
2744.5629999999655,620.9678146344932,617.590659478334
2744.9070000000065,620.9633041896288,617.590659478334
2745.25,620.9659241065217,617.590659478334
2745.594000000041,620.9590719362244,617.590659478334
2745.9220000000205,620.95747937395,617.590659478334
2746.2820000000065,620.9594428068953,617.590659478334
2746.625,620.9586771318477,617.590659478334
2746.969000000041,620.9681449864231,617.590659478334
2747.3279999999795,620.962110114597,617.590659478334
2747.6720000000205,620.9641727963864,617.590659478334
2748.0160000000615,620.9612377402747,617.590659478334
2748.359999999986,620.9615140257761,617.590659478334
2748.719000000041,620.9588562446872,617.590659478334
2749.0629999999655,620.9568580865799,617.590659478334
2749.4070000000065,620.9610060736667,617.590659478334
2749.75,620.9847750375593,617.590659478334
2750.094000000041,620.9670132868494,617.590659478334
2750.4379999999655,620.6850300138735,617.590659478334
2750.7970000000205,620.5079594314976,617.590659478334
2751.1410000000615,620.4598184082101,617.590659478334
2751.484999999986,620.4215210065058,617.590659478334
2751.8279999999795,620.3994993577943,617.590659478334
2752.1720000000205,620.3938893346219,617.590659478334
2752.5320000000065,620.3828402161249,617.590659478334
2752.859999999986,620.3637692647007,617.590659478334
2753.219000000041,620.3715435981279,617.590659478334
2753.5629999999655,620.3654514739277,617.590659478334
2753.9070000000065,620.3511683918181,617.590659478334
2754.25,620.3545055161969,617.590659478334
2754.594000000041,620.3433784758427,617.590659478334
2754.9379999999655,620.3512083139307,617.590659478334
2755.2820000000065,620.3421613253431,617.590659478334
2755.625,620.3440175214963,617.590659478334
2755.969000000041,620.342269238761,617.590659478334
2756.3129999999655,620.3395207205434,617.590659478334
2756.6570000000065,620.3429697544786,617.590659478334
2757.0,620.3376864263317,617.590659478334
2757.344000000041,620.3374463619308,617.590659478334
2757.6879999999655,620.3354653529431,617.590659478334
2758.0320000000065,620.3462154635109,617.590659478334
2758.375,620.3452497036733,617.590659478334
2758.734999999986,620.3300809528332,617.590659478334
2759.0629999999655,620.3340762393638,617.590659478334
2759.4070000000065,620.331516241772,617.590659478334
2759.75,620.3313877235222,617.590659478334
2760.094000000041,620.3341440854288,617.590659478334
2760.4529999999795,620.3304753056767,617.590659478334
2760.7970000000205,620.3334867460798,617.590659478334
2761.1410000000615,620.3320987073404,617.590659478334
2761.5,620.329665703556,617.590659478334
2761.8279999999795,620.3335453548594,617.590659478334
2762.1879999999655,620.3506849209435,617.590659478334
2762.5320000000065,620.3578671464916,617.590659478334
2762.8910000000615,620.3385206177126,617.590659478334
2763.234999999986,620.3407346210163,617.590659478334
2763.5779999999795,620.3421979350187,617.590659478334
2763.9220000000205,620.3277414995945,617.590659478334
2764.2820000000065,620.3253355970094,617.590659478334
2764.625,620.3231314626274,617.590659478334
2764.969000000041,620.3201274951159,617.590659478334
2765.3129999999655,620.3223308564192,617.590659478334
2765.6410000000615,620.3205544494328,617.590659478334
2766.0,620.3138830761518,617.590659478334
2766.344000000041,620.324145047539,617.590659478334
2766.6879999999655,620.3201448117717,617.590659478334
2767.0160000000615,620.3127426213962,617.590659478334
2767.375,620.3186356013803,617.590659478334
2767.7029999999795,620.312263241291,617.590659478334
2768.0629999999655,620.324440043088,617.590659478334
2768.4070000000065,620.3156674292882,617.590659478334
2768.7660000000615,620.3189129058411,617.590659478334
2769.109999999986,620.3113791575022,617.590659478334
2769.4529999999795,620.3074081258279,617.590659478334
2769.8129999999655,620.3125605082197,617.590659478334
2770.1570000000065,620.3148212887575,617.590659478334
2770.5,620.3130976791215,617.590659478334
2770.844000000041,620.3257215966944,617.590659478334
2771.1879999999655,620.3169955530356,617.590659478334
2771.5470000000205,620.3153087198758,617.590659478334
2771.8910000000615,620.3067460017047,617.590659478334
2772.219000000041,620.3120373457319,617.590659478334
2772.5779999999795,620.3197923511656,617.590659478334
2772.9220000000205,620.3131729825498,617.590659478334
2773.2660000000615,620.324085803493,617.590659478334
2773.625,620.3133600646348,617.590659478334
2773.969000000041,620.3141812659982,617.590659478334
2774.3129999999655,620.3122049735955,617.590659478334
2774.6570000000065,620.3206936188983,617.590659478334
2775.0160000000615,620.3337265167823,617.590659478334
2775.375,620.3659713908517,617.590659478334
2775.719000000041,620.3709428625389,617.590659478334
2776.0629999999655,620.3716907910585,617.590659478334
2776.4070000000065,620.3741276231598,617.590659478334
2776.7660000000615,620.3622575470781,617.590659478334
2777.109999999986,620.3631045160053,617.590659478334
2777.4529999999795,620.359296300446,617.590659478334
2777.7970000000205,620.3524696095158,617.590659478334
2778.1410000000615,620.3414520158304,617.590659478334
2778.484999999986,620.3358597370934,617.590659478334
2778.8279999999795,620.3390095491656,617.590659478334
2779.1720000000205,620.3474884273337,617.590659478334
2779.5160000000615,620.3477733311094,617.590659478334
2779.875,620.3479149515894,617.590659478334
2780.219000000041,620.3426792644655,617.590659478334
2780.5629999999655,620.3411159531248,617.590659478334
2780.9070000000065,620.3407722056573,617.590659478334
2781.25,620.3320844488005,617.590659478334
2781.594000000041,620.3272681041414,617.590659478334
2781.9379999999655,620.3377346193614,617.590659478334
2782.2820000000065,620.3337026955633,617.590659478334
2782.625,620.3353008753958,617.590659478334
2782.969000000041,620.3236728621798,617.590659478334
2783.3129999999655,620.3294481350027,617.590659478334
2783.6570000000065,620.3385297267041,617.590659478334
2784.0,620.3326931953999,617.590659478334
2784.344000000041,620.3323428657104,617.590659478334
2784.7029999999795,620.3301037369188,617.590659478334
2785.0470000000205,620.3265046872647,617.590659478334
2785.3910000000615,620.3286570876588,617.590659478334
2785.75,620.330946896239,617.590659478334
2786.109999999986,620.3261067006032,617.590659478334
2786.4379999999655,620.3337807736409,617.590659478334
2786.7970000000205,620.3368043998411,617.590659478334
2787.1410000000615,620.3536558575057,617.590659478334
2787.5,620.3528897468797,617.590659478334
2787.8279999999795,620.3351414736652,617.590659478334
2788.1720000000205,620.323381383975,617.590659478334
2788.5160000000615,620.3281596033031,617.590659478334
2788.859999999986,620.3231606319376,617.590659478334
2789.2029999999795,620.3237713185242,617.590659478334
2789.5470000000205,620.3311834769225,617.590659478334
2789.9070000000065,620.3219589141462,617.590659478334
2790.25,620.3144230573378,617.590659478334
2790.594000000041,620.3074016403693,617.590659478334
2790.9529999999795,620.3169876575356,617.590659478334
2791.2820000000065,620.3164132622826,617.590659478334
2791.6410000000615,620.3129350869511,617.590659478334
2791.984999999986,620.3102031755885,617.590659478334
2792.3279999999795,620.3108154243756,617.590659478334
2792.6720000000205,620.3134610552388,617.590659478334
2793.0160000000615,620.3046534725316,617.590659478334
2793.359999999986,620.3139031622889,617.590659478334
2793.719000000041,620.3122264555618,617.590659478334
2794.0629999999655,620.323794962667,617.590659478334
2794.4070000000065,620.3312895264377,617.590659478334
2794.75,620.3377645405791,617.590659478334
2795.109999999986,620.3427109944122,617.590659478334
2795.4529999999795,620.3274821356462,617.590659478334
2795.7820000000065,620.3240131457986,617.590659478334
2796.1410000000615,620.3217616610046,617.590659478334
2796.484999999986,620.3283140942526,617.590659478334
2796.8279999999795,620.3165954950584,617.590659478334
2797.1720000000205,620.3251958660098,617.590659478334
2797.5160000000615,620.3131299821405,617.590659478334
2797.875,620.309354392918,617.590659478334
2798.219000000041,620.3141026844152,617.590659478334
2798.5629999999655,620.3082084083359,617.590659478334
2798.9070000000065,620.3128075518215,617.590659478334
2799.25,620.3074317956748,617.590659478334
2799.594000000041,620.3096432950653,617.590659478334
2799.9379999999655,620.3123256401598,617.590659478334
2800.2820000000065,620.3120576382228,617.590659478334
2800.625,620.3155394574352,617.590659478334
2800.984999999986,620.3093259748031,617.590659478334
2801.344000000041,620.3072667441392,617.590659478334
2801.6879999999655,620.3110109802585,617.590659478334
2802.0470000000205,620.3076666453322,617.590659478334
2802.469000000041,620.3141154772095,617.590659478334
2802.8129999999655,620.304254638281,617.590659478334
2803.1570000000065,620.306411345842,617.590659478334
2803.5,620.3132507983479,617.590659478334
2803.844000000041,620.3048730160182,617.590659478334
2804.1879999999655,620.3080151332717,617.590659478334
2804.5160000000615,620.3159231365051,617.590659478334
2804.875,620.30778655672,617.590659478334
2805.219000000041,620.3023601107294,617.590659478334
2805.5629999999655,620.3112795575825,617.590659478334
2805.9070000000065,620.3102544612071,617.590659478334
2806.25,620.2946665647817,617.590659478334
2806.594000000041,620.3068015730288,617.590659478334
2806.9379999999655,620.3080007192087,617.590659478334
2807.2820000000065,620.3104625893075,617.590659478334
2807.625,620.3288806646768,617.590659478334
2807.969000000041,620.3485427402102,617.590659478334
2808.3129999999655,620.4113013585046,617.590659478334
2808.6570000000065,620.4587282078464,617.590659478334
2809.0,620.5005199082087,617.590659478334
2809.344000000041,620.5219233006039,617.590659478334
2809.6879999999655,620.5569094910315,617.590659478334
2810.0320000000065,620.5713334430989,617.590659478334
2810.375,620.5877079046509,617.590659478334
2810.719000000041,620.6234673872939,617.590659478334
2811.0779999999795,620.6296856605536,617.590659478334
2811.4220000000205,620.6404994578163,617.590659478334
2811.7660000000615,620.6590182987327,617.590659478334
2812.125,620.6648255227442,617.590659478334
2812.469000000041,620.6726888155457,617.590659478334
2812.8279999999795,620.6948349904507,617.590659478334
2813.1720000000205,620.7099564971655,617.590659478334
2813.5320000000065,620.7137554984283,617.590659478334
2813.875,620.7269263910747,617.590659478334
2814.219000000041,620.7330986897227,617.590659478334
2814.5629999999655,620.738919925333,617.590659478334
2814.9220000000205,620.7478446430896,617.590659478334
2815.2660000000615,620.7515588933495,617.590659478334
2815.609999999986,620.7559107041978,617.590659478334
2815.9529999999795,620.7667598328129,617.590659478334
2816.2970000000205,620.7681472519381,617.590659478334
2816.6410000000615,620.7760388606846,617.590659478334
2816.984999999986,620.7979294291697,617.590659478334
2817.3279999999795,620.7819686571341,617.590659478334
2817.6879999999655,620.8011433887594,617.590659478334
2818.0320000000065,620.7973629202178,617.590659478334
2818.375,620.8110727009561,617.590659478334
2818.7029999999795,620.8154680209011,617.590659478334
2819.0629999999655,620.8209263189648,617.590659478334
2819.3910000000615,620.8120348663329,617.590659478334
2819.734999999986,620.8228767293942,617.590659478334
2820.0779999999795,620.8287294585749,617.590659478334
2820.4379999999655,620.8375485355831,617.590659478334
2820.7820000000065,620.8431879252169,617.590659478334
2821.125,620.8265626207237,617.590659478334
2821.5,620.8417585716763,617.590659478334
2821.8279999999795,620.8442611206879,617.590659478334
2822.1879999999655,620.8449760376467,617.590659478334
2822.5160000000615,620.860819449875,617.590659478334
2822.875,620.8511241352556,617.590659478334
2823.219000000041,620.857206139372,617.590659478334
2823.5629999999655,620.852168009257,617.590659478334
2823.9220000000205,620.8634339723153,617.590659478334
2824.2660000000615,620.8648972147203,617.590659478334
2824.625,620.8690075491866,617.590659478334
2824.969000000041,620.8752856517528,617.590659478334
2825.2970000000205,620.8753533728179,617.590659478334
2825.6570000000065,620.8773763032605,617.590659478334
2826.0,620.8779892297646,617.590659478334
2826.359999999986,620.879865694208,617.590659478334
2826.7029999999795,620.8834584245312,617.590659478334
2827.0779999999795,620.8895957706849,617.590659478334
2827.4070000000065,620.8916099809542,617.590659478334
2827.7660000000615,620.8987645040514,617.590659478334
2828.094000000041,620.8971152647949,617.590659478334
2828.4379999999655,620.8926553795063,617.590659478334
2828.7820000000065,620.8953472994607,617.590659478334
2829.125,620.8990882661654,617.590659478334
2829.469000000041,620.8924749001811,617.590659478334
2829.8129999999655,620.9077264063161,617.590659478334
2830.1570000000065,620.9103073219064,617.590659478334
2830.484999999986,620.8995929778404,617.590659478334
2830.8279999999795,620.9054368567187,617.590659478334
2831.1720000000205,620.9060913275641,617.590659478334
2831.5320000000065,620.9169392350271,617.590659478334
2831.875,620.9210279086797,617.590659478334
2832.219000000041,620.905774927304,617.590659478334
2832.5629999999655,620.9140100920948,617.590659478334
2832.9220000000205,620.9213777175953,617.590659478334
2833.2660000000615,620.9173797733038,617.590659478334
2833.625,620.9245473414244,617.590659478334
2833.969000000041,620.918605099964,617.590659478334
2834.3129999999655,620.9233558576744,617.590659478334
2834.6720000000205,620.9359823805825,617.590659478334
2835.0160000000615,620.9343104928141,617.590659478334
2835.375,620.928774756904,617.590659478334
2835.719000000041,620.9335565370828,617.590659478334
2836.0629999999655,620.9354371358879,617.590659478334
2836.4070000000065,620.9362349555217,617.590659478334
2836.7660000000615,620.9380164520364,617.590659478334
2837.109999999986,620.9421405671654,617.590659478334
2837.469000000041,620.9316461263425,617.590659478334
2837.8129999999655,620.9387710213576,617.590659478334
2838.1570000000065,620.938468448974,617.590659478334
2838.5160000000615,620.9337435424519,617.590659478334
2838.875,620.9336332421433,617.590659478334
2839.219000000041,620.9440356597078,617.590659478334
2839.5629999999655,620.9476150636388,617.590659478334
2839.9070000000065,620.942621428539,617.590659478334
2840.25,620.9503904400402,617.590659478334
2840.594000000041,620.9386350436588,617.590659478334
2840.9529999999795,620.9593144402475,617.590659478334
2841.2970000000205,620.9517951684677,617.590659478334
2841.6410000000615,620.9531886030795,617.590659478334
2841.984999999986,620.9549112283628,617.590659478334
2842.344000000041,620.9556610154889,617.590659478334
2842.6720000000205,620.9571741945717,617.590659478334
2843.0160000000615,620.9541066857792,617.590659478334
2843.375,620.9509940072445,617.590659478334
2843.719000000041,620.9565321204316,617.590659478334
2844.0629999999655,620.9632853157208,617.590659478334
2844.3910000000615,620.9578630016131,617.590659478334
2844.734999999986,620.9612729548643,617.590659478334
2845.094000000041,620.9607789640637,617.590659478334
2845.4379999999655,620.9636188568105,617.590659478334
2845.7820000000065,620.9675488506361,617.590659478334
2846.125,620.9668766426448,617.590659478334
2846.469000000041,620.9651706068437,617.590659478334
2846.8129999999655,620.9766690681997,617.590659478334
2847.1570000000065,620.9678351754511,617.590659478334
2847.5160000000615,620.968543038681,617.590659478334
2847.844000000041,620.9696977465929,617.590659478334
2848.1879999999655,620.9650421093902,617.590659478334
2848.5320000000065,620.9731562053666,617.590659478334
2848.875,620.9745001267692,617.590659478334
2849.219000000041,620.9689593041737,617.590659478334
2849.5779999999795,620.9648468444631,617.590659478334
2849.9070000000065,620.9780365867141,617.590659478334
2850.2660000000615,620.9711713130289,617.590659478334
2850.609999999986,620.9789615890603,617.590659478334
2850.9529999999795,620.9778057845489,617.590659478334
2851.3129999999655,620.9797543269799,617.590659478334
2851.6570000000065,620.9742725485861,617.590659478334
2852.0,620.9792379073851,617.590659478334
2852.344000000041,620.972108894458,617.590659478334
2852.6879999999655,620.9841132961312,617.590659478334
2853.0320000000065,620.9815775636933,617.590659478334
2853.375,620.9775872423568,617.590659478334
2853.734999999986,620.9856899203521,617.590659478334
2854.0779999999795,620.9834231272459,617.590659478334
2854.4220000000205,620.9785612310396,617.590659478334
2854.7660000000615,620.9799910248651,617.590659478334
2855.109999999986,620.9781280053894,617.590659478334
2855.4529999999795,620.9775147397356,617.590659478334
2855.7970000000205,620.9835656241115,617.590659478334
2856.1570000000065,620.9964787706468,617.590659478334
2856.5,620.9802709667301,617.590659478334
2856.844000000041,620.9889326809507,617.590659478334
2857.2029999999795,620.9842208766004,617.590659478334
2857.5470000000205,621.0043400971881,617.590659478334
2857.9070000000065,620.983903990478,617.590659478334
2858.234999999986,620.9870218392252,617.590659478334
2858.5779999999795,620.9876913258544,617.590659478334
2858.9220000000205,620.9975226860813,617.590659478334
2859.2820000000065,620.9894045652699,617.590659478334
2859.625,620.998763577198,617.590659478334
2859.969000000041,620.9901930701672,617.590659478334
2860.3129999999655,620.9928427502048,617.590659478334
2860.6570000000065,620.9863841597254,617.590659478334
2861.0,620.9958668734827,617.590659478334
2861.359999999986,620.994287757547,617.590659478334
2861.7029999999795,621.0047094048845,617.590659478334
2862.0470000000205,620.9895610608096,617.590659478334
2862.4529999999795,620.993508909658,617.590659478334
2862.844000000041,620.9977447162759,617.590659478334
2863.1879999999655,620.9935065002012,617.590659478334
2863.5470000000205,621.0013476696976,617.590659478334
2863.8910000000615,621.0000044382953,617.590659478334
2864.234999999986,621.0050382870976,617.590659478334
2864.5779999999795,621.0004238684053,617.590659478334
2864.9220000000205,621.0096277543738,617.590659478334
2865.2660000000615,621.0005486323198,617.590659478334
2865.609999999986,621.0056750982834,617.590659478334
2865.969000000041,620.9968113206537,617.590659478334
2866.3129999999655,621.008970147929,617.590659478334
2866.6570000000065,621.0014755627217,617.590659478334
2867.0,620.9985015937832,617.590659478334
2867.359999999986,621.0008780735494,617.590659478334
2867.7029999999795,621.0008689164692,617.590659478334
2868.0320000000065,621.0116494696329,617.590659478334
2868.375,620.9994151975367,617.590659478334
2868.734999999986,621.0050406376989,617.590659478334
2869.094000000041,621.0138717353663,617.590659478334
2869.4529999999795,621.0082898787541,617.590659478334
2869.7970000000205,621.011249726894,617.590659478334
2870.1570000000065,621.0125480015787,617.590659478334
2870.5,621.0145562112343,617.590659478334
2870.844000000041,621.0069929998776,617.590659478334
2871.2029999999795,621.0077287048136,617.590659478334
2871.5629999999655,621.012158221121,617.590659478334
2871.9070000000065,621.003049190173,617.590659478334
2872.25,621.012728265468,617.590659478334
2872.609999999986,621.0085566579636,617.590659478334
2872.9529999999795,621.0065574810982,617.590659478334
2873.3129999999655,621.0160369579024,617.590659478334
2873.6570000000065,621.011453680656,617.590659478334
2874.0,621.0143663010158,617.590659478334
2874.3910000000615,621.0184271136831,617.590659478334
2874.734999999986,621.0171823632049,617.590659478334
2875.0779999999795,621.0144492293587,617.590659478334
2875.4220000000205,621.03906517757,617.590659478334
2875.7660000000615,621.035860972501,617.590659478334
2876.109999999986,621.0395228732463,617.590659478334
2876.4529999999795,621.0382174156326,617.590659478334
2876.7970000000205,621.0399465623984,617.590659478334
2877.1410000000615,621.0383450930373,617.590659478334
2877.484999999986,621.032108509492,617.590659478334
2877.8279999999795,621.0373717358747,617.590659478334
2878.1720000000205,621.0144270835287,617.590659478334
2878.5160000000615,621.0160532077031,617.590659478334
2878.859999999986,621.0160625964558,617.590659478334
2879.2029999999795,621.0053863409624,617.590659478334
2879.5470000000205,621.0004135546098,617.590659478334
2879.8910000000615,621.0114434293953,617.590659478334
2880.234999999986,621.0065159358022,617.590659478334
2880.5779999999795,621.0092447274344,617.590659478334
2880.9220000000205,621.0049590942264,617.590659478334
2881.25,620.9966649804828,617.590659478334
2881.594000000041,620.9980469854472,617.590659478334
2881.9529999999795,621.0049538454008,617.590659478334
2882.2970000000205,621.002060590302,617.590659478334
2882.6410000000615,620.9964538114989,617.590659478334
2882.984999999986,620.9931589297458,617.590659478334
2883.3279999999795,620.9974598293679,617.590659478334
2883.6720000000205,620.999987916388,617.590659478334
2884.0160000000615,620.9874460479032,617.590659478334
2884.344000000041,620.9952651243401,617.590659478334
2884.7029999999795,620.9918760792152,617.590659478334
2885.0470000000205,620.9949997690297,617.590659478334
2885.3910000000615,620.9921863980429,617.590659478334
2885.734999999986,620.9946373164177,617.590659478334
2886.0779999999795,620.9818353844516,617.590659478334
2886.5,620.9928151444674,617.590659478334
2886.844000000041,620.9845378875233,617.590659478334
2887.1879999999655,620.9903010574735,617.590659478334
2887.5320000000065,620.986715012175,617.590659478334
2887.875,620.9821317968994,617.590659478334
2888.219000000041,620.9856593332347,617.590659478334
2888.5470000000205,620.9870691991434,617.590659478334
2888.9220000000205,620.984437678279,617.590659478334
2889.25,620.989301921741,617.590659478334
2889.594000000041,620.9823995465425,617.590659478334
2889.9529999999795,620.9777248683737,617.590659478334
2890.2820000000065,620.9845426348754,617.590659478334
2890.625,620.983100539647,617.590659478334
2890.969000000041,620.9773432566104,617.590659478334
2891.3129999999655,620.9931779472294,617.590659478334
2891.6570000000065,620.976586547451,617.590659478334
2892.0160000000615,620.9799046788423,617.590659478334
2892.359999999986,620.9856590512376,617.590659478334
2892.6879999999655,620.9842363507294,617.590659478334
2893.0320000000065,620.9723574736033,617.590659478334
2893.375,620.9714121971264,617.590659478334
2893.719000000041,620.979638507542,617.590659478334
2894.0779999999795,620.9778385023208,617.590659478334
2894.4220000000205,620.9865722498072,617.590659478334
2894.7820000000065,620.9772134919023,617.590659478334
2895.125,620.980214273302,617.590659478334
2895.469000000041,620.9881849958555,617.590659478334
2895.8129999999655,620.9759989627315,617.590659478334
2896.1720000000205,620.9755910895963,617.590659478334
2896.5320000000065,620.9759028215467,617.590659478334
2896.875,620.9724684636114,617.590659478334
2897.234999999986,620.9780449956129,617.590659478334
2897.5779999999795,620.9762412340116,617.590659478334
2897.9220000000205,620.9864049311882,617.590659478334
2898.2820000000065,620.9749758265605,617.590659478334
2898.6410000000615,620.9722822919931,617.590659478334
2898.984999999986,620.9758786026773,617.590659478334
2899.3279999999795,620.986224625019,617.590659478334
2899.6720000000205,620.9694081213526,617.590659478334
2900.0320000000065,620.9786910711773,617.590659478334
2900.375,620.9778867685775,617.590659478334
2900.719000000041,620.9781767204867,617.590659478334
2901.0629999999655,620.9765566585925,617.590659478334
2901.4220000000205,620.9655862898089,617.590659478334
2901.7660000000615,620.982180898453,617.590659478334
2902.109999999986,620.9777562660016,617.590659478334
2902.4529999999795,620.9705180828008,617.590659478334
2902.7970000000205,620.9671917570787,617.590659478334
2903.1410000000615,620.9740613688734,617.590659478334
2903.484999999986,620.9799810120032,617.590659478334
2903.8279999999795,620.9759252329869,617.590659478334
2904.1720000000205,620.9754530958244,617.590659478334
2904.5160000000615,620.9767145626507,617.590659478334
2904.859999999986,620.9765721143585,617.590659478334
2905.2029999999795,620.9697996294501,617.590659478334
2905.5470000000205,620.9771342227127,617.590659478334
2905.8910000000615,620.979474561552,617.590659478334
2906.234999999986,620.9704383569532,617.590659478334
2906.5779999999795,620.9714306234481,617.590659478334
2906.9220000000205,620.9669146591493,617.590659478334
2907.2660000000615,620.9806887696589,617.590659478334
2907.609999999986,620.9705298810262,617.590659478334
2907.9529999999795,620.9783050616916,617.590659478334
2908.2820000000065,620.979281600774,617.590659478334
2908.625,620.9631248778418,617.590659478334
2908.984999999986,620.9752558616558,617.590659478334
2909.3279999999795,620.9703370822715,617.590659478334
2909.6720000000205,620.9677643115107,617.590659478334
2910.0320000000065,620.9681946734502,617.590659478334
2910.4379999999655,620.9654502836908,617.590659478334
2910.7820000000065,620.9653448158443,617.590659478334
2911.125,620.9579858285491,617.590659478334
2911.484999999986,620.9723618637313,617.590659478334
2911.8279999999795,620.967631827704,617.590659478334
2912.1720000000205,620.9769217452426,617.590659478334
2912.5320000000065,620.9688673920116,617.590659478334
2912.875,620.9730166854497,617.590659478334
2913.219000000041,620.9679068073845,617.590659478334
2913.5629999999655,620.9694884760752,617.590659478334
2913.9070000000065,620.9660005600937,617.590659478334
2914.2660000000615,620.9726582087851,617.590659478334
2914.609999999986,620.9649400178903,617.590659478334
2914.9529999999795,620.9680900823345,617.590659478334
2915.3129999999655,620.9665900055778,617.590659478334
2915.6410000000615,620.9697780080572,617.590659478334
2916.0,620.9716847223739,617.590659478334
2916.344000000041,620.9666111375789,617.590659478334
2916.7029999999795,620.9642574496888,617.590659478334
2917.0470000000205,620.9704239969066,617.590659478334
2917.4070000000065,620.9767870155728,617.590659478334
2917.7660000000615,620.9682628084661,617.590659478334
2918.109999999986,620.9668145253635,617.590659478334
2918.4529999999795,620.9585965972095,617.590659478334
2918.7970000000205,620.9654784664967,617.590659478334
2919.1570000000065,620.9665280127289,617.590659478334
2919.5,620.9664507428251,617.590659478334
2919.844000000041,620.9606300081199,617.590659478334
2920.2029999999795,620.9575478590741,617.590659478334
2920.5470000000205,620.9654301709028,617.590659478334
2920.9070000000065,620.9646294386282,617.590659478334
2921.2660000000615,620.9668925996692,617.590659478334
2921.609999999986,620.9594197142922,617.590659478334
2921.969000000041,620.9737949134405,617.590659478334
2922.3279999999795,620.9688898860304,617.590659478334
2922.6570000000065,620.9639993947003,617.590659478334
2923.0,620.9664127337783,617.590659478334
2923.344000000041,620.969709879462,617.590659478334
2923.6879999999655,620.9611823792465,617.590659478334
2924.0320000000065,620.9532657871845,617.590659478334
2924.3910000000615,620.9655623304559,617.590659478334
2924.734999999986,620.9570145689049,617.590659478334
2925.0779999999795,620.9652485108339,617.590659478334
2925.4220000000205,620.9669309019903,617.590659478334
2925.7660000000615,620.9704306111421,617.590659478334
2926.125,620.9707258768107,617.590659478334
2926.4529999999795,620.9653068443008,617.590659478334
2926.7970000000205,620.9552094196282,617.590659478334
2927.1410000000615,620.9679894298524,617.590659478334
2927.484999999986,620.9555419253207,617.590659478334
2927.8279999999795,620.9666311507254,617.590659478334
2928.1720000000205,620.9653296474178,617.590659478334
2928.5160000000615,620.9557755184678,617.590659478334
2928.844000000041,620.9631216191465,617.590659478334
2929.1879999999655,620.9622331367991,617.590659478334
2929.5470000000205,620.9633846061254,617.590659478334
2929.8910000000615,620.9646241522759,617.590659478334
2930.234999999986,620.9713503239445,617.590659478334
2930.5779999999795,620.9617507122474,617.590659478334
2930.9070000000065,620.9646828655397,617.590659478334
2931.25,620.9650390181303,617.590659478334
2931.609999999986,620.9583220537603,617.590659478334
2931.969000000041,620.9626580282595,617.590659478334
2932.3129999999655,620.9589682789384,617.590659478334
2932.6720000000205,620.9579658900896,617.590659478334
2933.0160000000615,620.9644230103046,617.590659478334
2933.375,620.9601999203264,617.590659478334
2933.734999999986,620.9594617054975,617.590659478334
2934.094000000041,620.961696418532,617.590659478334
2934.484999999986,620.9597726892813,617.590659478334
2934.8279999999795,620.9588965455877,617.590659478334
2935.1720000000205,620.9576758182218,617.590659478334
2935.5320000000065,620.9596884520328,617.590659478334
2935.859999999986,620.9609842896334,617.590659478334
2936.2029999999795,620.9565535125489,617.590659478334
2936.5470000000205,620.9589942170276,617.590659478334
2936.875,620.9597986224976,617.590659478334
2937.219000000041,620.9531305420202,617.590659478334
2937.5629999999655,620.9769988730031,617.590659478334
2937.9070000000065,620.9650176128924,617.590659478334
2938.25,620.671744045668,617.590659478334
2938.594000000041,620.5106162165177,617.590659478334
2938.9379999999655,620.4530006421695,617.590659478334
2939.2820000000065,620.4283820623912,617.590659478334
2939.625,620.404745325886,617.590659478334
2939.969000000041,620.3884072384819,617.590659478334
2940.3129999999655,620.3761149636525,617.590659478334
2940.6720000000205,620.3733785803796,617.590659478334
2941.0,620.3637043950009,617.590659478334
2941.344000000041,620.3564628117095,617.590659478334
2941.7029999999795,620.36065818569,617.590659478334
2942.0470000000205,620.35876067877,617.590659478334
2942.3910000000615,620.3459939314998,617.590659478334
2942.734999999986,620.3450488657323,617.590659478334
2943.0779999999795,620.3392814595094,617.590659478334
2943.4220000000205,620.3443660810043,617.590659478334
2943.7820000000065,620.3485774029385,617.590659478334
2944.125,620.3436601108368,617.590659478334
2944.469000000041,620.3409712406749,617.590659478334
2944.8129999999655,620.3467286665374,617.590659478334
2945.1570000000065,620.3400322755257,617.590659478334
2945.5,620.3476893515937,617.590659478334
2945.844000000041,620.3418525105329,617.590659478334
2946.2029999999795,620.3400666534305,617.590659478334
2946.5470000000205,620.3385659496146,617.590659478334
2946.875,620.3345695659131,617.590659478334
2947.234999999986,620.3249360108648,617.590659478334
2947.5779999999795,620.332155965163,617.590659478334
2947.9220000000205,620.3319612080084,617.590659478334
2948.2660000000615,620.330435998552,617.590659478334
2948.625,620.3366764854427,617.590659478334
2948.969000000041,620.3306539801013,617.590659478334
2949.3129999999655,620.3329730193043,617.590659478334
2949.6570000000065,620.3302589988982,617.590659478334
2949.984999999986,620.3486323926774,617.590659478334
2950.344000000041,620.3592938891563,617.590659478334
2950.6879999999655,620.3382859586253,617.590659478334
2951.0320000000065,620.3314779319891,617.590659478334
2951.375,620.3435864677268,617.590659478334
2951.734999999986,620.3358194768979,617.590659478334
2952.0779999999795,620.3261919669712,617.590659478334
2952.4220000000205,620.3144787372233,617.590659478334
2952.7660000000615,620.3194727692419,617.590659478334
2953.109999999986,620.3207849885601,617.590659478334
2953.4529999999795,620.3187128131142,617.590659478334
2953.7970000000205,620.3198694208614,617.590659478334
2954.1410000000615,620.3174193269208,617.590659478334
2954.5,620.3162401732051,617.590659478334
2954.844000000041,620.3232878968831,617.590659478334
2955.1879999999655,620.312331042707,617.590659478334
2955.5320000000065,620.3123304882879,617.590659478334
2955.875,620.3231251923319,617.590659478334
2956.219000000041,620.3198429112315,617.590659478334
2956.5470000000205,620.315380525936,617.590659478334
2956.8910000000615,620.3318130241021,617.590659478334
2957.25,620.3389451864969,617.590659478334
2957.594000000041,620.3480765922892,617.590659478334
2957.9379999999655,620.3450384202089,617.590659478334
2958.2820000000065,620.3437789674546,617.590659478334
2958.625,620.3246448710006,617.590659478334
2958.969000000041,620.3304788811014,617.590659478334
2959.3129999999655,620.3268327987284,617.590659478334
2959.6570000000065,620.3277936158436,617.590659478334
2960.0,620.3237175526527,617.590659478334
2960.344000000041,620.3221541310339,617.590659478334
2960.6879999999655,620.3161636197058,617.590659478334
2961.0470000000205,620.3206449712395,617.590659478334
2961.375,620.3185597867796,617.590659478334
2961.734999999986,620.3121600575384,617.590659478334
2962.0629999999655,620.3147154995321,617.590659478334
2962.4070000000065,620.3154682788953,617.590659478334
2962.75,620.3215558469051,617.590659478334
2963.094000000041,620.3110528781237,617.590659478334
2963.4379999999655,620.3138077849286,617.590659478334
2963.7970000000205,620.3159812448524,617.590659478334
2964.125,620.3127648977545,617.590659478334
2964.469000000041,620.3132602393473,617.590659478334
2964.7970000000205,620.3169218972332,617.590659478334
2965.1570000000065,620.315878929355,617.590659478334
2965.5,620.3207050637941,617.590659478334
2965.844000000041,620.3100726309008,617.590659478334
2966.1879999999655,620.3150302123685,617.590659478334
2966.5470000000205,620.3203162423953,617.590659478334
2966.8910000000615,620.3176030889808,617.590659478334
2967.25,620.3096463365946,617.590659478334
2967.594000000041,620.3151052416607,617.590659478334
2967.9379999999655,620.3079955292993,617.590659478334
2968.2820000000065,620.311181563372,617.590659478334
2968.625,620.3228677572347,617.590659478334
2968.969000000041,620.3117321999241,617.590659478334
2969.3129999999655,620.3124058243993,617.590659478334
2969.6570000000065,620.3046221696508,617.590659478334
2969.984999999986,620.3168502583965,617.590659478334
2970.3279999999795,620.3080586393888,617.590659478334
2970.6879999999655,620.3155105168019,617.590659478334
2971.0320000000065,620.3159194015353,617.590659478334
2971.359999999986,620.3218810909397,617.590659478334
2971.719000000041,620.3103815620605,617.590659478334
2972.0629999999655,620.3119243050071,617.590659478334
2972.4070000000065,620.3182859841089,617.590659478334
2972.75,620.3180624112216,617.590659478334
2973.0779999999795,620.3184461806555,617.590659478334
2973.4220000000205,620.3091245664467,617.590659478334
2973.7820000000065,620.3083860590756,617.590659478334
2974.125,620.3058553700574,617.590659478334
2974.469000000041,620.3073700690562,617.590659478334
2974.8129999999655,620.3073575295375,617.590659478334
2975.1570000000065,620.3065718494555,617.590659478334
2975.484999999986,620.3147792548249,617.590659478334
2975.8279999999795,620.3084092800934,617.590659478334
2976.1720000000205,620.3118933956525,617.590659478334
2976.5160000000615,620.3087375236204,617.590659478334
2976.859999999986,620.3172180472773,617.590659478334
2977.2029999999795,620.3171307152735,617.590659478334
2977.5470000000205,620.3141305352409,617.590659478334
2977.8910000000615,620.3141915364504,617.590659478334
2978.234999999986,620.3147206788111,617.590659478334
2978.5779999999795,620.3111010007343,617.590659478334
2978.9220000000205,620.3091520794528,617.590659478334
2979.2660000000615,620.3197313107981,617.590659478334
2979.594000000041,620.3082821703019,617.590659478334
2979.9529999999795,620.3094188835163,617.590659478334
2980.2820000000065,620.3173832109895,617.590659478334
2980.625,620.3147087521794,617.590659478334
2980.969000000041,620.3135950142487,617.590659478334
2981.3129999999655,620.3031214475652,617.590659478334
2981.6570000000065,620.306821658902,617.590659478334
2982.0,620.3123718482909,617.590659478334
2982.344000000041,620.3099991235167,617.590659478334
2982.7029999999795,620.3154975847806,617.590659478334
2983.0629999999655,620.3140665974635,617.590659478334
2983.4070000000065,620.3053214795541,617.590659478334
2983.75,620.3075271351131,617.590659478334
2984.094000000041,620.3172125568591,617.590659478334
2984.4220000000205,620.3128563459445,617.590659478334
2984.7820000000065,620.3093383940907,617.590659478334
2985.125,620.3157994013081,617.590659478334
2985.469000000041,620.30860661424,617.590659478334
2985.8129999999655,620.3165736583628,617.590659478334
2986.1570000000065,620.3137169110531,617.590659478334
2986.5,620.3132089223861,617.590659478334
2986.844000000041,620.3114326522342,617.590659478334
2987.1879999999655,620.31227894816,617.590659478334
2987.5320000000065,620.3164471305251,617.590659478334
2987.875,620.3153321121827,617.590659478334
2988.219000000041,620.3116585935627,617.590659478334
2988.5629999999655,620.3096984000493,617.590659478334
2988.9070000000065,620.3104289105243,617.590659478334
2989.25,620.3058339707194,617.590659478334
2989.594000000041,620.3129181226374,617.590659478334
2989.9379999999655,620.3151936099442,617.590659478334
2990.2660000000615,620.310257941035,617.590659478334
2990.609999999986,620.3121537430424,617.590659478334
2990.9529999999795,620.3113256257194,617.590659478334
2991.3129999999655,620.308607791171,617.590659478334
2991.6570000000065,620.3126813068814,617.590659478334
2991.984999999986,620.3064204668958,617.590659478334
2992.3279999999795,620.3106713977801,617.590659478334
2992.6720000000205,620.307162788498,617.590659478334
2993.0,620.3112255621805,617.590659478334
2993.359999999986,620.3112884639554,617.590659478334
2993.7029999999795,620.3174813185138,617.590659478334
2994.0470000000205,620.31377182998,617.590659478334
2994.469000000041,620.3064186339086,617.590659478334
2994.8279999999795,620.3129644184304,617.590659478334
2995.1720000000205,620.2981662228468,617.590659478334
2995.5160000000615,620.3122990484086,617.590659478334
2995.859999999986,620.3020187991432,617.590659478334
2996.2029999999795,620.3140085199323,617.590659478334
2996.5470000000205,620.3097609889928,617.590659478334
2996.8910000000615,620.3047037896412,617.590659478334
2997.234999999986,620.3114846747225,617.590659478334
2997.5779999999795,620.3069095808977,617.590659478334
2997.9379999999655,620.3130016139781,617.590659478334
2998.2820000000065,620.3055682326686,617.590659478334
2998.625,620.3093423522378,617.590659478334
2998.969000000041,620.3095557729278,617.590659478334
2999.3129999999655,620.3009325430224,617.590659478334
2999.6570000000065,620.3041231816968,617.590659478334
3000.0,620.3160068370854,617.590659478334
3000.344000000041,620.3104556617627,617.590659478334
3000.6879999999655,620.3092861575483,617.590659478334
3001.0320000000065,620.3116976210874,617.590659478334
3001.375,620.3071345820956,617.590659478334
3001.7029999999795,620.3174403771322,617.590659478334
3002.0470000000205,620.3066960401223,617.590659478334
3002.4070000000065,620.3056507178476,617.590659478334
3002.75,620.3054993694592,617.590659478334
3003.0779999999795,620.3145352484627,617.590659478334
3003.4379999999655,620.301449182544,617.590659478334
3003.7660000000615,620.3044771049804,617.590659478334
3004.109999999986,620.3125768468925,617.590659478334
3004.4529999999795,620.3042596757791,617.590659478334
3004.7970000000205,620.3091147377902,617.590659478334
3005.1410000000615,620.309963642086,617.590659478334
3005.484999999986,620.3088968977097,617.590659478334
3005.8279999999795,620.3100725610011,617.590659478334
3006.1570000000065,620.3075686191908,617.590659478334
3006.5160000000615,620.3105224293438,617.590659478334
3006.844000000041,620.3114429091244,617.590659478334
3007.2029999999795,620.3078938175363,617.590659478334
3007.5470000000205,620.3046053315682,617.590659478334
3007.9070000000065,620.3074281805024,617.590659478334
3008.25,620.3043405307862,617.590659478334
3008.594000000041,620.2979068076268,617.590659478334
3008.9379999999655,620.3023433289958,617.590659478334
3009.2820000000065,620.2999485477696,617.590659478334
3009.609999999986,620.3062325641603,617.590659478334
3009.9529999999795,620.3063409525824,617.590659478334
3010.2970000000205,620.2988474821316,617.590659478334
3010.6570000000065,620.3049734335466,617.590659478334
3011.0,620.3099819887486,617.590659478334
3011.344000000041,620.3102735973686,617.590659478334
3011.6879999999655,620.3026298310583,617.590659478334
3012.0320000000065,620.3078797565767,617.590659478334
3012.359999999986,620.3149323186603,617.590659478334
3012.719000000041,620.3084564134144,617.590659478334
3013.0779999999795,620.2987575095841,617.590659478334
3013.4220000000205,620.3001221923614,617.590659478334
3013.7660000000615,620.3030641697434,617.590659478334
3014.125,620.3034794266141,617.590659478334
3014.469000000041,620.3135650643349,617.590659478334
3014.8129999999655,620.3073284564593,617.590659478334
3015.1570000000065,620.3056891822441,617.590659478334
3015.5,620.2975613431199,617.590659478334
3015.844000000041,620.3075526005049,617.590659478334
3016.1879999999655,620.3038908104268,617.590659478334
3016.5320000000065,620.3046579775371,617.590659478334
3016.875,620.3129903885082,617.590659478334
3017.219000000041,620.3064285437532,617.590659478334
3017.5629999999655,620.3127249169828,617.590659478334
3017.9220000000205,620.31103304854,617.590659478334
3018.2660000000615,620.3065060912963,617.590659478334
3018.609999999986,620.3098946466852,617.590659478334
3018.969000000041,620.3162525573822,617.590659478334
3019.3129999999655,620.3046866460642,617.590659478334
3019.6570000000065,620.3057969822311,617.590659478334
3020.0,620.3125738369934,617.590659478334
3020.344000000041,620.3061134606628,617.590659478334
3020.6879999999655,620.3055563912446,617.590659478334
3021.0320000000065,620.3074192618575,617.590659478334
3021.375,620.305903923209,617.590659478334
3021.719000000041,620.3078140557216,617.590659478334
3022.0629999999655,620.3147753165309,617.590659478334
3022.4070000000065,620.3124318353059,617.590659478334
3022.75,620.3084745846187,617.590659478334
3023.109999999986,620.311141475822,617.590659478334
3023.4379999999655,620.3007379930802,617.590659478334
3023.8279999999795,620.3135516760019,617.590659478334
3024.1570000000065,620.3134822672619,617.590659478334
3024.5160000000615,620.3215739242038,617.590659478334
3024.844000000041,620.3107247573618,617.590659478334
3025.1879999999655,620.2987387483281,617.590659478334
3025.5320000000065,620.305662661718,617.590659478334
3025.875,620.3039461323675,617.590659478334
3026.219000000041,620.303479469462,617.590659478334
3026.5629999999655,620.3046880591023,617.590659478334
3026.9220000000205,620.300139853438,617.590659478334
3027.2660000000615,620.3054874973367,617.590659478334
3027.594000000041,620.3084748167475,617.590659478334
3027.9529999999795,620.3080029895851,617.590659478334
3028.2970000000205,620.3084899713691,617.590659478334
3028.6570000000065,620.304887107844,617.590659478334
3028.984999999986,620.3114220435947,617.590659478334
3029.344000000041,620.3096449459331,617.590659478334
3029.6879999999655,620.3028980746276,617.590659478334
3030.0320000000065,620.3068325716104,617.590659478334
3030.4529999999795,620.3075950162107,617.590659478334
3030.7970000000205,620.3099144841543,617.590659478334
3031.1410000000615,620.3093283914918,617.590659478334
3031.484999999986,620.3078048219858,617.590659478334
3031.844000000041,620.2959268434569,617.590659478334
3032.1879999999655,620.3069955481351,617.590659478334
3032.5320000000065,620.3059016570318,617.590659478334
3032.875,620.3059082851468,617.590659478334
3033.219000000041,620.2995860577724,617.590659478334
3033.5629999999655,620.3075482407605,617.590659478334
3033.9070000000065,620.3080632244644,617.590659478334
3034.25,620.3063797298452,617.590659478334
3034.609999999986,620.3049569446308,617.590659478334
3034.9379999999655,620.3048471554982,617.590659478334
3035.2820000000065,620.3048523833206,617.590659478334
3035.625,620.3018271790964,617.590659478334
3035.969000000041,620.3046509888868,617.590659478334
3036.3279999999795,620.3075528815182,617.590659478334
3036.6720000000205,620.3115117197243,617.590659478334
3037.0160000000615,620.3073574073742,617.590659478334
3037.344000000041,620.305989370367,617.590659478334
3037.7029999999795,620.300431289758,617.590659478334
3038.0470000000205,620.3068046311232,617.590659478334
3038.4070000000065,620.2972507587243,617.590659478334
3038.75,620.3049842807534,617.590659478334
3039.0779999999795,620.3134237069686,617.590659478334
3039.4379999999655,620.3055117367338,617.590659478334
3039.8129999999655,620.30373868521,617.590659478334
3040.1720000000205,620.3084952064686,617.590659478334
3040.5160000000615,620.30717487825,617.590659478334
3040.875,620.308464975858,617.590659478334
3041.219000000041,620.307247508185,617.590659478334
3041.5629999999655,620.3119126654228,617.590659478334
3041.9070000000065,620.303508235055,617.590659478334
3042.2660000000615,620.3066937438796,617.590659478334
3042.609999999986,620.2997378523804,617.590659478334
3042.9529999999795,620.3070175564535,617.590659478334
3043.2970000000205,620.3094058569117,617.590659478334
3043.6410000000615,620.3049791875818,617.590659478334
3043.984999999986,620.3031972776917,617.590659478334
3044.344000000041,620.3137999075549,617.590659478334
3044.6720000000205,620.3049232478072,617.590659478334
3045.0160000000615,620.301279726596,617.590659478334
3045.375,620.3031090743998,617.590659478334
3045.719000000041,620.2997114597891,617.590659478334
3046.0629999999655,620.313594527629,617.590659478334
3046.4070000000065,620.3066262375735,617.590659478334
3046.75,620.308009726349,617.590659478334
3047.109999999986,620.3005917316086,617.590659478334
3047.4529999999795,620.3127975024086,617.590659478334
3047.7970000000205,620.3021216829584,617.590659478334
3048.1570000000065,620.3106371045194,617.590659478334
3048.5,620.3016690187256,617.590659478334
3048.844000000041,620.3141358469276,617.590659478334
3049.2029999999795,620.3120677891939,617.590659478334
3049.5470000000205,620.3022683672076,617.590659478334
3049.8910000000615,620.3105146740319,617.590659478334
3050.25,620.3054023352794,617.590659478334
3050.594000000041,620.2990651608017,617.590659478334
3050.9379999999655,620.3027701297667,617.590659478334
3051.2820000000065,620.3042122958486,617.590659478334
3051.625,620.3066024643873,617.590659478334
3051.984999999986,620.3054758152259,617.590659478334
3052.3279999999795,620.3039277120071,617.590659478334
3052.6720000000205,620.30485428564,617.590659478334
3053.0320000000065,620.3045405404719,617.590659478334
3053.375,620.2961871083967,617.590659478334
3053.719000000041,620.3040321109366,617.590659478334
3054.0629999999655,620.3003821146002,617.590659478334
3054.469000000041,620.3053594100165,617.590659478334
3054.8129999999655,620.3221711409352,617.590659478334
3055.1570000000065,620.3560886267998,617.590659478334
3055.5,620.5057735547344,617.590659478334
3055.844000000041,620.6262119675375,617.590659478334
3056.1720000000205,620.7081075538417,617.590659478334
3056.5320000000065,620.7591103053614,617.590659478334
3056.859999999986,620.8010678791368,617.590659478334
3057.2029999999795,620.8323245251448,617.590659478334
3057.5470000000205,620.8545080511242,617.590659478334
3057.9070000000065,620.8784661059426,617.590659478334
3058.234999999986,620.8933631706719,617.590659478334
3058.5779999999795,620.919028555325,617.590659478334
3058.9220000000205,620.9201001059406,617.590659478334
3059.2660000000615,620.9355627334025,617.590659478334
3059.609999999986,620.9311208905978,617.590659478334
3059.9529999999795,620.9522557398727,617.590659478334
3060.2970000000205,620.9665755977175,617.590659478334
3060.6410000000615,620.9690403026112,617.590659478334
3060.969000000041,620.9756657191955,617.590659478334
3061.3129999999655,620.9771002015203,617.590659478334
3061.6570000000065,620.987495542474,617.590659478334
3062.0,620.9962839077009,617.590659478334
3062.344000000041,621.0023393753287,617.590659478334
3062.6879999999655,621.0037055160841,617.590659478334
3063.0320000000065,621.0154407566456,617.590659478334
3063.359999999986,621.0133613722469,617.590659478334
3063.7029999999795,621.0224784053695,617.590659478334
3064.0470000000205,621.0223832770333,617.590659478334
3064.3910000000615,621.0308897580205,617.590659478334
3064.734999999986,621.0257461389601,617.590659478334
3065.0779999999795,621.0324066329948,617.590659478334
3065.4220000000205,621.032071617018,617.590659478334
3065.7660000000615,621.0354350328116,617.590659478334
3066.1410000000615,621.0415502574781,617.590659478334
3066.5,621.0445782627947,617.590659478334
3066.859999999986,621.0457082688897,617.590659478334
3067.1879999999655,621.0669081465808,617.590659478334
3067.5320000000065,621.0723020877219,617.590659478334
3067.875,621.0611944556139,617.590659478334
3068.219000000041,621.0585897318686,617.590659478334
3068.5629999999655,621.0464990627383,617.590659478334
3068.8910000000615,621.0594298370451,617.590659478334
3069.25,621.0496878201291,617.590659478334
3069.594000000041,621.043507712665,617.590659478334
3069.9379999999655,621.0424975387482,617.590659478334
3070.2820000000065,621.033634152319,617.590659478334
3070.625,621.0272500656863,617.590659478334
3070.969000000041,621.0229204908051,617.590659478334
3071.2970000000205,621.0191765517166,617.590659478334
3071.6410000000615,621.0169823889084,617.590659478334
3071.984999999986,621.017432314555,617.590659478334
3072.3279999999795,621.0107453612443,617.590659478334
3072.6720000000205,621.0130110927578,617.590659478334
3073.0160000000615,621.0097329903545,617.590659478334
3073.344000000041,621.0142914181747,617.590659478334
3073.7029999999795,621.0134011333606,617.590659478334
3074.0470000000205,621.0032719348374,617.590659478334
3074.375,621.0094834253119,617.590659478334
3074.719000000041,621.0051283447399,617.590659478334
3075.0629999999655,621.0087846740544,617.590659478334
3075.4070000000065,621.0044154367129,617.590659478334
3075.7660000000615,620.9963456495458,617.590659478334
3076.109999999986,621.0000930186612,617.590659478334
3076.4529999999795,620.9975638771492,617.590659478334
3076.7970000000205,621.0069201669,617.590659478334
3077.1410000000615,621.0045348831521,617.590659478334
3077.469000000041,621.0004212271388,617.590659478334
3077.8129999999655,620.9994914262032,617.590659478334
3078.1570000000065,620.9966494882483,617.590659478334
3078.5,620.9859236691453,617.590659478334
3078.844000000041,620.9913048358311,617.590659478334
3079.1879999999655,620.9988089829296,617.590659478334
3079.5320000000065,620.994024208621,617.590659478334
3079.875,620.9978765066226,617.590659478334
3080.219000000041,620.9922530516521,617.590659478334
3080.5470000000205,620.9979151609473,617.590659478334
3080.9070000000065,620.995392011196,617.590659478334
3081.25,621.0195697140273,617.590659478334
3081.594000000041,620.7837967918152,617.590659478334
3081.9379999999655,620.5443836020889,617.590659478334
3082.2970000000205,620.4651355071289,617.590659478334
3082.625,620.4338526563364,617.590659478334
3082.969000000041,620.4152916069105,617.590659478334
3083.3129999999655,620.3902350533809,617.590659478334
3083.6570000000065,620.3722712980248,617.590659478334
3084.0,620.3744300738596,617.590659478334
3084.344000000041,620.367309834873,617.590659478334
3084.6879999999655,620.3622423979476,617.590659478334
3085.0320000000065,620.3598911115671,617.590659478334
3085.375,620.351102125855,617.590659478334
3085.719000000041,620.3490678990963,617.590659478334
3086.0470000000205,620.3493061662922,617.590659478334
3086.3910000000615,620.3553148355401,617.590659478334
3086.75,620.3456941448418,617.590659478334
3087.094000000041,620.3420727795368,617.590659478334
3087.4529999999795,620.3412473659637,617.590659478334
3087.7970000000205,620.3443489816517,617.590659478334
3088.1410000000615,620.3368001954171,617.590659478334
3088.5,620.3424702638409,617.590659478334
3088.844000000041,620.3460432908835,617.590659478334
3089.2029999999795,620.3378346444499,617.590659478334
3089.5470000000205,620.3417746696973,617.590659478334
3089.8910000000615,620.342854435508,617.590659478334
3090.25,620.33758787656,617.590659478334
3090.594000000041,620.3343009528447,617.590659478334
3090.9379999999655,620.3366885545414,617.590659478334
3091.2820000000065,620.3323616122941,617.590659478334
3091.6410000000615,620.3342210843269,617.590659478334
3091.984999999986,620.3338002926071,617.590659478334
3092.3279999999795,620.3316223792236,617.590659478334
3092.6720000000205,620.3347781031731,617.590659478334
3093.0160000000615,620.3280289339834,617.590659478334
3093.375,620.3452917233709,617.590659478334
3093.719000000041,620.3513679799618,617.590659478334
3094.0470000000205,620.3387003260817,617.590659478334
3094.4070000000065,620.3444103519655,617.590659478334
3094.734999999986,620.3454350942624,617.590659478334
3095.0779999999795,620.3424597131633,617.590659478334
3095.4379999999655,620.336181473579,617.590659478334
3095.7820000000065,620.3325798137616,617.590659478334
3096.109999999986,620.3340800761904,617.590659478334
3096.4529999999795,620.3147977655656,617.590659478334
3096.8279999999795,620.3241599867171,617.590659478334
3097.1720000000205,620.3192309351207,617.590659478334
3097.5160000000615,620.3171317802467,617.590659478334
3097.875,620.3311032797634,617.590659478334
3098.219000000041,620.3197086526548,617.590659478334
3098.5629999999655,620.3245261893002,617.590659478334
3098.9070000000065,620.320313961058,617.590659478334
3099.25,620.3142395543496,617.590659478334
3099.594000000041,620.3206503919466,617.590659478334
3099.9220000000205,620.3167272721766,617.590659478334
3100.2820000000065,620.3190312139391,617.590659478334
3100.625,620.3170415636232,617.590659478334
3100.969000000041,620.319823717406,617.590659478334
3101.3279999999795,620.3276428384534,617.590659478334
3101.6570000000065,620.3244744432642,617.590659478334
3102.0160000000615,620.3264074532187,617.590659478334
3102.344000000041,620.3147002718595,617.590659478334
3102.7029999999795,620.3189958761627,617.590659478334
3103.0470000000205,620.3163440447571,617.590659478334
3103.3910000000615,620.3146189060003,617.590659478334
3103.734999999986,620.3234827026687,617.590659478334
3104.0779999999795,620.3211571781603,617.590659478334
3104.4220000000205,620.3187881826051,617.590659478334
3104.75,620.3102572936937,617.590659478334
3105.094000000041,620.3186585752011,617.590659478334
3105.4379999999655,620.3240407207637,617.590659478334
3105.7820000000065,620.3150122306403,617.590659478334
3106.125,620.3281330709009,617.590659478334
3106.469000000041,620.353410638473,617.590659478334
3106.844000000041,620.3615852957571,617.590659478334
3107.1879999999655,620.3721525394541,617.590659478334
3107.5160000000615,620.3754971500422,617.590659478334
3107.859999999986,620.36784142011,617.590659478334
3108.2029999999795,620.355720178069,617.590659478334
3108.5470000000205,620.3526038748572,617.590659478334
3108.875,620.3541910886539,617.590659478334
3109.234999999986,620.3436306998815,617.590659478334
3109.5629999999655,620.3606868521255,617.590659478334
3109.9070000000065,620.3398150909051,617.590659478334
3110.25,620.3444838121482,617.590659478334
3110.594000000041,620.3449478375286,617.590659478334
3110.9379999999655,620.3392588567499,617.590659478334
3111.2820000000065,620.34287362838,617.590659478334
3111.625,620.3439435229141,617.590659478334
3111.984999999986,620.3436043333404,617.590659478334
3112.3279999999795,620.3354651076061,617.590659478334
3112.6570000000065,620.3442108502323,617.590659478334
3113.0,620.3343007789713,617.590659478334
3113.344000000041,620.3369325526753,617.590659478334
3113.6879999999655,620.33714229985,617.590659478334
3114.0320000000065,620.3313210661644,617.590659478334
3114.4529999999795,620.3404714853896,617.590659478334
3114.8129999999655,620.3304391021466,617.590659478334
3115.1410000000615,620.3337245566864,617.590659478334
3115.5,620.3387497911821,617.590659478334
3115.8279999999795,620.3422318827983,617.590659478334
3116.1720000000205,620.3322101238506,617.590659478334
3116.5160000000615,620.3359483718864,617.590659478334
3116.859999999986,620.3266210667521,617.590659478334
3117.2029999999795,620.3305740621107,617.590659478334
3117.5470000000205,620.3300022839653,617.590659478334
3117.8910000000615,620.3304531745367,617.590659478334
3118.219000000041,620.3197454297153,617.590659478334
3118.5629999999655,620.3503387345717,617.590659478334
3118.9070000000065,620.3459712422894,617.590659478334
3119.25,620.3395094504075,617.590659478334
3119.594000000041,620.3444529738608,617.590659478334
3119.9379999999655,620.3372754677081,617.590659478334
3120.2820000000065,620.3274663063995,617.590659478334
3120.625,620.323578521177,617.590659478334
3120.969000000041,620.3221649644013,617.590659478334
3121.3129999999655,620.309211307321,617.590659478334
3121.6570000000065,620.3200279614416,617.590659478334
3122.0,620.3110872997152,617.590659478334
3122.359999999986,620.3158038146786,617.590659478334
3122.7029999999795,620.3143976827527,617.590659478334
3123.0320000000065,620.3132483301616,617.590659478334
3123.375,620.3101377344278,617.590659478334
3123.734999999986,620.312422438321,617.590659478334
3124.0779999999795,620.3177908064956,617.590659478334
3124.4220000000205,620.313535456284,617.590659478334
3124.7660000000615,620.3094449858363,617.590659478334
3125.109999999986,620.3236883535633,617.590659478334
3125.4529999999795,620.3270076741869,617.590659478334
3125.7970000000205,620.3326663936964,617.590659478334
3126.1570000000065,620.3348168795778,617.590659478334
3126.5160000000615,620.3382123640741,617.590659478334
3126.859999999986,620.3355019476714,617.590659478334
3127.2029999999795,620.3253465351969,617.590659478334
3127.5470000000205,620.3189339864084,617.590659478334
3127.8910000000615,620.3178568244037,617.590659478334
3128.234999999986,620.3202310725038,617.590659478334
3128.5779999999795,620.3236329791325,617.590659478334
3128.9220000000205,620.3168485695253,617.590659478334
3129.2660000000615,620.3276266305797,617.590659478334
3129.609999999986,620.3248709934593,617.590659478334
3129.9529999999795,620.3189035134453,617.590659478334
3130.2970000000205,620.3086654066567,617.590659478334
3130.6410000000615,620.3147450722803,617.590659478334
3131.0,620.3134267427238,617.590659478334
3131.344000000041,620.3189132248029,617.590659478334
3131.6879999999655,620.3154610292204,617.590659478334
3132.0320000000065,620.3106775656513,617.590659478334
3132.375,620.3107720336775,617.590659478334
3132.719000000041,620.3105983720662,617.590659478334
3133.094000000041,620.3127399160987,617.590659478334
3133.4379999999655,620.3124482360689,617.590659478334
3133.7820000000065,620.3136772854411,617.590659478334
3134.125,620.3072374225824,617.590659478334
3134.469000000041,620.3109190064712,617.590659478334
3134.8129999999655,620.3053429013643,617.590659478334
3135.1570000000065,620.3048994980903,617.590659478334
3135.5,620.317875416957,617.590659478334
3135.844000000041,620.2978477247505,617.590659478334
3136.1879999999655,620.3174658696295,617.590659478334
3136.5320000000065,620.3065961806617,617.590659478334
3136.875,620.30909808836,617.590659478334
3137.234999999986,620.308624411623,617.590659478334
3137.5629999999655,620.3059593622761,617.590659478334
3137.9070000000065,620.3071698781441,617.590659478334
3138.2660000000615,620.32169383572,617.590659478334
3138.609999999986,620.3234497099506,617.590659478334
3138.9529999999795,620.3849890919089,617.590659478334
3139.2970000000205,620.5767225198932,617.590659478334
3139.6570000000065,620.7287275185623,617.590659478334
3140.0,620.8021657422008,617.590659478334
3140.344000000041,620.8515827929161,617.590659478334
3140.6879999999655,620.877219588088,617.590659478334
3141.0320000000065,620.9094808897515,617.590659478334
3141.375,620.9300269054041,617.590659478334
3141.719000000041,620.9417285622603,617.590659478334
3142.0779999999795,620.9619242450444,617.590659478334
3142.4220000000205,620.9701063835834,617.590659478334
3142.7820000000065,620.9783563322267,617.590659478334
3143.1410000000615,620.9938997717655,617.590659478334
3143.484999999986,620.9917298597443,617.590659478334
3143.8279999999795,620.9993404910792,617.590659478334
3144.1879999999655,621.0101811691545,617.590659478334
3144.5320000000065,621.0201944360133,617.590659478334
3144.875,621.0297485430676,617.590659478334
3145.219000000041,621.0226597579767,617.590659478334
3145.5629999999655,621.0343236129312,617.590659478334
3145.9220000000205,621.0354063789858,617.590659478334
3146.2660000000615,621.0465568313492,617.590659478334
3146.609999999986,621.050316573882,617.590659478334
3146.9529999999795,621.0434949646339,617.590659478334
3147.2970000000205,621.0543418983043,617.590659478334
3147.6570000000065,621.0681290542691,617.590659478334
3148.0,621.0629623912041,617.590659478334
3148.359999999986,621.0610909755402,617.590659478334
3148.7029999999795,621.0764228675132,617.590659478334
3149.0470000000205,621.071463662471,617.590659478334
3149.3910000000615,621.0760662838995,617.590659478334
3149.734999999986,621.0819252610531,617.590659478334
3150.0779999999795,621.0842547254093,617.590659478334
3150.484999999986,621.0794424810725,617.590659478334
3150.8279999999795,621.087452500237,617.590659478334
3151.1720000000205,621.0775877675507,617.590659478334
3151.5160000000615,621.0875263206,617.590659478334
3151.859999999986,621.0847577581635,617.590659478334
3152.2029999999795,621.0939035666753,617.590659478334
3152.5470000000205,621.0882114773909,617.590659478334
3152.8910000000615,621.0935579645218,617.590659478334
3153.234999999986,621.0948857106379,617.590659478334
3153.594000000041,621.1005896770749,617.590659478334
3153.9379999999655,621.1029604397291,617.590659478334
3154.2820000000065,621.1051710189713,617.590659478334
3154.625,621.1036747018836,617.590659478334
3154.9529999999795,621.1117595460436,617.590659478334
3155.2970000000205,621.1101192123298,617.590659478334
3155.6570000000065,621.1117059921493,617.590659478334
3156.0,621.1136841560531,617.590659478334
3156.344000000041,621.108450605126,617.590659478334
3156.6879999999655,621.1146605164175,617.590659478334
3157.0320000000065,621.1214133083214,617.590659478334
3157.375,621.1173053844371,617.590659478334
3157.719000000041,621.1135214689131,617.590659478334
3158.0629999999655,621.1203136546314,617.590659478334
3158.4070000000065,621.1154110766189,617.590659478334
3158.75,621.1248314165739,617.590659478334
3159.109999999986,621.125453191208,617.590659478334
3159.4529999999795,621.1330646935578,617.590659478334
3159.7970000000205,621.1302750356932,617.590659478334
3160.1410000000615,621.1277151249017,617.590659478334
3160.484999999986,621.1315835893254,617.590659478334
3160.8279999999795,621.1287868122351,617.590659478334
3161.1720000000205,621.1331439637439,617.590659478334
3161.5160000000615,621.1275922994853,617.590659478334
3161.859999999986,621.1297668758873,617.590659478334
3162.2029999999795,621.1257118723775,617.590659478334
3162.5470000000205,621.1346206458179,617.590659478334
3162.8910000000615,621.1323874347966,617.590659478334
3163.234999999986,621.1347487667683,617.590659478334
3163.5779999999795,621.1325185598135,617.590659478334
3163.9379999999655,621.130761689561,617.590659478334
3164.2820000000065,621.1381703173806,617.590659478334
3164.625,621.1432391527857,617.590659478334
3164.9529999999795,621.142635054199,617.590659478334
3165.3129999999655,621.1314854352513,617.590659478334
3165.6410000000615,621.1439333741507,617.590659478334
3165.984999999986,621.1353194488026,617.590659478334
3166.3279999999795,621.1480709828415,617.590659478334
3166.6720000000205,621.1489747979865,617.590659478334
3167.0160000000615,621.145998172363,617.590659478334
3167.359999999986,621.1495010845553,617.590659478334
3167.7029999999795,621.144806658165,617.590659478334
3168.0470000000205,621.1506897556192,617.590659478334
3168.3910000000615,621.1487236465539,617.590659478334
3168.734999999986,621.1490813147914,617.590659478334
3169.0779999999795,621.1472398210439,617.590659478334
3169.4220000000205,621.1530543516118,617.590659478334
3169.7660000000615,621.1542922903899,617.590659478334
3170.109999999986,621.153484007331,617.590659478334
3170.4529999999795,621.1545495571323,617.590659478334
3170.7970000000205,621.1569130185579,617.590659478334
3171.1410000000615,621.1526631514646,617.590659478334
3171.484999999986,621.1518364687546,617.590659478334
3171.8279999999795,621.161334778308,617.590659478334
3172.1720000000205,621.1570582623999,617.590659478334
3172.5160000000615,621.1559079414786,617.590659478334
3172.844000000041,621.1525922418891,617.590659478334
3173.1879999999655,621.1577100121526,617.590659478334
3173.5320000000065,621.1497329108436,617.590659478334
3173.8910000000615,621.15898886388,617.590659478334
3174.234999999986,621.1595461339836,617.590659478334
3174.5779999999795,621.1585604628148,617.590659478334
3174.9379999999655,621.1747982480705,617.590659478334
3175.2820000000065,621.1676985543073,617.590659478334
3175.625,621.1638897626652,617.590659478334
3175.969000000041,621.1589974353038,617.590659478334
3176.3129999999655,621.1673141535532,617.590659478334
3176.6570000000065,621.1667594239476,617.590659478334
3177.0,621.1655641461135,617.590659478334
3177.344000000041,621.1745502002539,617.590659478334
3177.6879999999655,621.1657413587648,617.590659478334
3178.0320000000065,621.1676086763393,617.590659478334
3178.375,621.1647983857264,617.590659478334
3178.719000000041,621.1624266848595,617.590659478334
3179.0779999999795,621.1657347298844,617.590659478334
3179.4220000000205,621.1743269686579,617.590659478334
3179.7970000000205,621.1669946432486,617.590659478334
3180.1570000000065,621.1695070411524,617.590659478334
3180.484999999986,621.1716447959038,617.590659478334
3180.8279999999795,621.1710223180974,617.590659478334
3181.1879999999655,621.1706378433455,617.590659478334
3181.5320000000065,621.16360082779,617.590659478334
3181.875,621.1662254341585,617.590659478334
3182.219000000041,621.1620850107425,617.590659478334
3182.5779999999795,621.1660059995052,617.590659478334
3182.9220000000205,621.1719660284454,617.590659478334
3183.2660000000615,621.1738116340622,617.590659478334
3183.625,621.1715488023412,617.590659478334
3183.969000000041,621.1730876728556,617.590659478334
3184.3129999999655,621.1711099894695,617.590659478334
3184.6570000000065,621.1633910082755,617.590659478334
3185.0160000000615,621.173339269156,617.590659478334
3185.375,621.1759062331496,617.590659478334
3185.719000000041,621.1719070038461,617.590659478334
3186.0629999999655,621.173771787124,617.590659478334
3186.5779999999795,621.1769075273926,617.590659478334
3186.9220000000205,621.1799870799481,617.590659478334
3187.2660000000615,621.183260287363,617.590659478334
3187.609999999986,621.1774971853594,617.590659478334
3187.9529999999795,621.181383276267,617.590659478334
3188.2820000000065,621.1770684581669,617.590659478334
3188.6410000000615,621.182816885986,617.590659478334
3188.969000000041,621.1823415052111,617.590659478334
3189.3129999999655,621.1768357522301,617.590659478334
3189.6570000000065,621.1805767941313,617.590659478334
3190.0160000000615,621.1817768392518,617.590659478334
3190.344000000041,621.1932362078686,617.590659478334
3190.6879999999655,621.1781042087615,617.590659478334
3191.0320000000065,621.1802253552554,617.590659478334
3191.375,621.1900128618964,617.590659478334
3191.719000000041,621.1786368787936,617.590659478334
3192.0629999999655,621.1759739189185,617.590659478334
3192.4070000000065,621.1827266184787,617.590659478334
3192.75,621.1819276444712,617.590659478334
3193.094000000041,621.1885033032795,617.590659478334
3193.4220000000205,621.1841325878174,617.590659478334
3193.7660000000615,621.189332985471,617.590659478334
3194.109999999986,621.1902389273308,617.590659478334
3194.4529999999795,621.1853992186609,617.590659478334
3194.8279999999795,621.1840251924552,617.590659478334
3195.1720000000205,621.1824653394744,617.590659478334
3195.5160000000615,621.1878837064646,617.590659478334
3195.859999999986,621.1869587311525,617.590659478334
3196.2029999999795,621.1875884583746,617.590659478334
3196.5470000000205,621.1838570284145,617.590659478334
3196.9070000000065,621.1864436910536,617.590659478334
3197.25,621.18700110799,617.590659478334
3197.5779999999795,621.1806738845403,617.590659478334
3197.9220000000205,621.1943227468955,617.590659478334
3198.2660000000615,621.1905632937693,617.590659478334
3198.609999999986,621.1869048529354,617.590659478334
3198.9529999999795,621.1786866204416,617.590659478334
3199.2970000000205,621.193437307305,617.590659478334
3199.6410000000615,621.187795493699,617.590659478334
3199.984999999986,621.1837963613979,617.590659478334
3200.3279999999795,621.1946469305591,617.590659478334
3200.6720000000205,621.1800647257038,617.590659478334
3201.0160000000615,621.1921327818736,617.590659478334
3201.359999999986,621.1976077537712,617.590659478334
3201.7029999999795,621.1920087342152,617.590659478334
3202.0470000000205,621.1919903229564,617.590659478334
3202.3910000000615,621.1986042752272,617.590659478334
3202.734999999986,621.1858100051508,617.590659478334
3203.0779999999795,621.2035421397788,617.590659478334
3203.4220000000205,621.1888953884812,617.590659478334
3203.7660000000615,621.1862115274137,617.590659478334
3204.094000000041,621.1915729310066,617.590659478334
3204.4529999999795,621.1889971239631,617.590659478334
3204.7970000000205,621.1896404457856,617.590659478334
3205.1410000000615,621.1949956266839,617.590659478334
3205.484999999986,621.1905923947348,617.590659478334
3205.844000000041,621.2036295749838,617.590659478334
3206.1720000000205,621.1976919806664,617.590659478334
3206.5320000000065,621.2102759398864,617.590659478334
3206.859999999986,621.2076359370458,617.590659478334
3207.2029999999795,621.1997614135067,617.590659478334
3207.5470000000205,621.1932393838238,617.590659478334
3207.9070000000065,621.1955054084792,617.590659478334
3208.234999999986,621.1997963243344,617.590659478334
3208.5779999999795,621.1809137135574,617.590659478334
3208.9220000000205,621.1848677083342,617.590659478334
3209.2660000000615,621.172592317888,617.590659478334
3209.594000000041,621.1612138666903,617.590659478334
3209.9529999999795,621.1659867152204,617.590659478334
3210.2820000000065,621.159594477254,617.590659478334
3210.625,621.1633489332634,617.590659478334
3210.984999999986,621.1608563213085,617.590659478334
3211.344000000041,621.1516917749541,617.590659478334
3211.6879999999655,621.1498933584961,617.590659478334
3212.0320000000065,621.1521529673375,617.590659478334
3212.375,621.1493154921395,617.590659478334
3212.7029999999795,621.1404282357448,617.590659478334
3213.0629999999655,621.1443271244297,617.590659478334
3213.4070000000065,621.1451360005692,617.590659478334
3213.75,621.1407034928073,617.590659478334
3214.094000000041,621.1385645431785,617.590659478334
3214.4379999999655,621.1422871575082,617.590659478334
3214.7970000000205,621.1457794141014,617.590659478334
3215.125,621.1481177704575,617.590659478334
3215.484999999986,621.1443684549308,617.590659478334
3215.8279999999795,621.1342917274914,617.590659478334
3216.1720000000205,621.1345304685418,617.590659478334
3216.5160000000615,621.1356103323972,617.590659478334
3216.859999999986,621.1361682223987,617.590659478334
3217.2029999999795,621.1455109843914,617.590659478334
3217.5470000000205,621.1363023942183,617.590659478334
3217.8910000000615,621.131834030934,617.590659478334
3218.234999999986,621.1353697057378,617.590659478334
3218.5779999999795,621.1404207994802,617.590659478334
3218.9220000000205,621.1346597804054,617.590659478334
3219.2660000000615,621.1242807700277,617.590659478334
3219.609999999986,621.1309831343253,617.590659478334
3219.9529999999795,621.1197513031668,617.590659478334
3220.2970000000205,621.1341950614913,617.590659478334
3220.6570000000065,621.1299734155269,617.590659478334
3220.984999999986,621.1295686090203,617.590659478334
3221.3279999999795,621.1242233077496,617.590659478334
3221.6879999999655,621.1304840426706,617.590659478334
3222.0160000000615,621.1263915285921,617.590659478334
3222.4379999999655,621.1224594841083,617.590659478334
3222.7820000000065,621.1300737726741,617.590659478334
3223.125,621.1216924659137,617.590659478334
3223.484999999986,621.1274320904884,617.590659478334
3223.8279999999795,621.1285715554922,617.590659478334
3224.1720000000205,621.1221642167206,617.590659478334
3224.5160000000615,621.1209544146349,617.590659478334
3224.859999999986,621.121263628856,617.590659478334
3225.2029999999795,621.1214265645413,617.590659478334
3225.5629999999655,621.1166404098066,617.590659478334
3225.9070000000065,621.1219034306756,617.590659478334
3226.25,621.1090990091368,617.590659478334
3226.594000000041,621.1130283170779,617.590659478334
3226.9379999999655,621.1197661748806,617.590659478334
3227.2820000000065,621.1163730402016,617.590659478334
3227.625,621.1256630985155,617.590659478334
3227.9529999999795,621.1178717372893,617.590659478334
3228.3129999999655,621.1237108580152,617.590659478334
3228.6720000000205,621.1130908886327,617.590659478334
3229.0160000000615,621.1122978792058,617.590659478334
3229.359999999986,621.1158178772803,617.590659478334
3229.7029999999795,621.1165415121415,617.590659478334
3230.0470000000205,621.1133662484995,617.590659478334
3230.4070000000065,621.1080514334677,617.590659478334
3230.734999999986,621.1180236929449,617.590659478334
3231.109999999986,621.1163049019641,617.590659478334
3231.4529999999795,621.10800018129,617.590659478334
3231.8129999999655,621.1068348669787,617.590659478334
3232.1570000000065,621.1101737850009,617.590659478334
3232.5160000000615,621.1113858769659,617.590659478334
3232.875,621.1072991071266,617.590659478334
3233.219000000041,621.1094809723245,617.590659478334
3233.5779999999795,621.1110349837772,617.590659478334
3233.9220000000205,621.1073283207188,617.590659478334
3234.2660000000615,621.1072938743728,617.590659478334
3234.609999999986,621.1158191849719,617.590659478334
3234.9529999999795,621.1195373818039,617.590659478334
3235.2970000000205,621.110490650949,617.590659478334
3235.6410000000615,621.1108804806519,617.590659478334
3235.984999999986,621.1135807488156,617.590659478334
3236.3279999999795,621.1133415166016,617.590659478334
3236.6570000000065,621.1148960934024,617.590659478334
3237.0160000000615,621.1124660149536,617.590659478334
3237.359999999986,621.1113705232447,617.590659478334
3237.7029999999795,621.1109752821268,617.590659478334
3238.0470000000205,621.1033130705846,617.590659478334
3238.3910000000615,621.1112320444284,617.590659478334
3238.734999999986,621.1060399974095,617.590659478334
3239.0629999999655,621.1121250980594,617.590659478334
3239.4220000000205,621.1069821984529,617.590659478334
3239.75,621.106896617879,617.590659478334
3240.109999999986,621.109149974753,617.590659478334
3240.4529999999795,621.099976995982,617.590659478334
3240.8129999999655,621.1036546505636,617.590659478334
3241.1410000000615,621.1009983401277,617.590659478334
3241.484999999986,621.101469997214,617.590659478334
3241.8279999999795,621.1065715969174,617.590659478334
3242.1720000000205,621.1035269083941,617.590659478334
3242.5160000000615,621.1036467182884,617.590659478334
3242.859999999986,621.1079017252637,617.590659478334
3243.219000000041,621.1022865186844,617.590659478334
3243.5629999999655,621.1067768362423,617.590659478334
3243.9070000000065,621.1022658804914,617.590659478334
3244.25,621.0992143479197,617.590659478334
3244.609999999986,621.1024467951486,617.590659478334
3244.969000000041,621.108833720136,617.590659478334
3245.3129999999655,621.0995389839195,617.590659478334
3245.6570000000065,621.0983250515335,617.590659478334
3246.0160000000615,621.1002934939206,617.590659478334
3246.4529999999795,621.0985321838446,617.590659478334
3246.8279999999795,621.1000774328916,617.590659478334
3247.1879999999655,621.0980051726634,617.590659478334
3247.5320000000065,621.1023085572793,617.590659478334
3247.875,621.0998475102067,617.590659478334
3248.219000000041,621.0953774916834,617.590659478334
3248.5629999999655,621.1003208411419,617.590659478334
3248.9070000000065,621.0975619654934,617.590659478334
3249.25,621.0969644963214,617.590659478334
3249.609999999986,621.0984283845039,617.590659478334
3249.9529999999795,621.0922831291718,617.590659478334
3250.2970000000205,621.1025979979499,617.590659478334
3250.625,621.0984273193653,617.590659478334
3250.984999999986,621.0949171961374,617.590659478334
3251.3129999999655,621.0966664956746,617.590659478334
3251.6570000000065,621.0880588736773,617.590659478334
3252.0160000000615,621.0928312693671,617.590659478334
3252.359999999986,621.0927550461644,617.590659478334
3252.7029999999795,621.0993335036703,617.590659478334
3253.0470000000205,621.0978001559832,617.590659478334
3253.3910000000615,621.0913071848469,617.590659478334
3253.734999999986,621.0928632962291,617.590659478334
3254.0779999999795,621.0945193625557,617.590659478334
3254.4220000000205,621.0982869680591,617.590659478334
3254.7660000000615,621.0955630488605,617.590659478334
3255.109999999986,621.0949380335679,617.590659478334
3255.4529999999795,621.0995669844351,617.590659478334
3255.7970000000205,621.0944803703829,617.590659478334
3256.1410000000615,621.0878033568216,617.590659478334
3256.484999999986,621.0860090563519,617.590659478334
3256.8279999999795,621.0787935088314,617.590659478334
3257.1720000000205,621.0888453700317,617.590659478334
3257.5160000000615,621.0921364806404,617.590659478334
3257.875,621.0871785972226,617.590659478334
3258.219000000041,621.0866480097276,617.590659478334
3258.5779999999795,621.0893487438457,617.590659478334
3258.9220000000205,621.0898620182626,617.590659478334
3259.2660000000615,621.0852241078844,617.590659478334
3259.609999999986,621.0892698991819,617.590659478334
3259.9529999999795,621.0933116716129,617.590659478334
3260.2970000000205,621.0896453198951,617.590659478334
3260.6410000000615,621.0867024658581,617.590659478334
3260.984999999986,621.0923585560195,617.590659478334
3261.3279999999795,621.0858881487159,617.590659478334
3261.6720000000205,621.0825976411097,617.590659478334
3262.0160000000615,621.0880256290687,617.590659478334
3262.359999999986,621.0947315908238,617.590659478334
3262.7029999999795,621.0902260779733,617.590659478334
3263.0320000000065,621.0871691049028,617.590659478334
3263.375,621.0901091972103,617.590659478334
3263.734999999986,621.0932625830163,617.590659478334
3264.0779999999795,621.0912694641245,617.590659478334
3264.4220000000205,621.0863330707242,617.590659478334
3264.75,621.0858814405589,617.590659478334
3265.094000000041,621.0937364122062,617.590659478334
3265.4529999999795,621.084039023251,617.590659478334
3265.7820000000065,621.0844362657738,617.590659478334
3266.1410000000615,621.0823072109777,617.590659478334
3266.484999999986,621.0889234341938,617.590659478334
3266.8279999999795,621.0925540874174,617.590659478334
3267.1720000000205,621.0885030505298,617.590659478334
3267.5320000000065,621.0846872022887,617.590659478334
3267.875,621.0798265603714,617.590659478334
3268.219000000041,621.0912290871197,617.590659478334
3268.5629999999655,621.1084510309144,617.590659478334
3268.9220000000205,621.1059004586098,617.590659478334
3269.2660000000615,620.840651963234,617.590659478334
3269.609999999986,620.5610543540246,617.590659478334
3269.9379999999655,620.4750258239889,617.590659478334
3270.2820000000065,620.4423271266896,617.590659478334
3270.625,620.4180351390806,617.590659478334
3270.969000000041,620.3879373945598,617.590659478334
3271.3129999999655,620.3834882149005,617.590659478334
3271.6570000000065,620.3766334464532,617.590659478334
3272.0,620.3650816045576,617.590659478334
3272.344000000041,620.365519697835,617.590659478334
3272.6879999999655,620.3605210056586,617.590659478334
3273.0320000000065,620.3568873894724,617.590659478334
3273.375,620.349017891827,617.590659478334
3273.719000000041,620.3528419292923,617.590659478334
3274.0629999999655,620.3457574706279,617.590659478334
3274.4070000000065,620.3500188385102,617.590659478334
3274.734999999986,620.3447631713663,617.590659478334
3275.094000000041,620.3435997641835,617.590659478334
3275.4379999999655,620.3455944531528,617.590659478334
3275.7660000000615,620.3434880534952,617.590659478334
3276.109999999986,620.3405520248953,617.590659478334
3276.4529999999795,620.3367386846381,617.590659478334
3276.7970000000205,620.3427769175869,617.590659478334
3277.1410000000615,620.342231290087,617.590659478334
3277.484999999986,620.339977105186,617.590659478334
3277.8279999999795,620.3381578469481,617.590659478334
3278.1720000000205,620.3373216143791,617.590659478334
3278.5160000000615,620.3417677188638,617.590659478334
3278.875,620.3394203592326,617.590659478334
3279.219000000041,620.3333927470931,617.590659478334
3279.5779999999795,620.3375091157407,617.590659478334
3279.9220000000205,620.3325937919896,617.590659478334
3280.2820000000065,620.3258095818006,617.590659478334
3280.625,620.3367547926226,617.590659478334
3280.984999999986,620.3361694879197,617.590659478334
3281.3279999999795,620.362771391772,617.590659478334
3281.6720000000205,620.3415504761783,617.590659478334
3282.0320000000065,620.3483898347233,617.590659478334
3282.4529999999795,620.3543365842924,617.590659478334
3282.7970000000205,620.3391719163051,617.590659478334
3283.1570000000065,620.3368470208992,617.590659478334
3283.484999999986,620.3267298296493,617.590659478334
3283.844000000041,620.3255087424737,617.590659478334
3284.1720000000205,620.3247817569569,617.590659478334
3284.5160000000615,620.3218802294886,617.590659478334
3284.875,620.3314694895155,617.590659478334
3285.219000000041,620.3254995287795,617.590659478334
3285.5629999999655,620.3230799148423,617.590659478334
3285.9070000000065,620.31290267332,617.590659478334
3286.25,620.3237962921646,617.590659478334
3286.594000000041,620.3297582574144,617.590659478334
3286.9379999999655,620.3103204909273,617.590659478334
3287.2820000000065,620.3184625937741,617.590659478334
3287.625,620.3194513021576,617.590659478334
3287.969000000041,620.3234160065863,617.590659478334
3288.3129999999655,620.3227291788926,617.590659478334
3288.6720000000205,620.3176913345297,617.590659478334
3289.0320000000065,620.3230600115882,617.590659478334
3289.3910000000615,620.3177460022489,617.590659478334
3289.734999999986,620.3165632256643,617.590659478334
3290.0779999999795,620.3159816214397,617.590659478334
3290.4220000000205,620.3165342474441,617.590659478334
3290.7660000000615,620.3131640526145,617.590659478334
3291.125,620.3213727690802,617.590659478334
3291.4529999999795,620.3175873759135,617.590659478334
3291.7970000000205,620.3186469048402,617.590659478334
3292.1410000000615,620.3144110317672,617.590659478334
3292.484999999986,620.3161911457686,617.590659478334
3292.8279999999795,620.3216281613599,617.590659478334
3293.1720000000205,620.3176054197834,617.590659478334
3293.5160000000615,620.324013258834,617.590659478334
3293.859999999986,620.3233366702281,617.590659478334
3294.2029999999795,620.3571703459398,617.590659478334
3294.5320000000065,620.3742899754774,617.590659478334
3294.875,620.375556646599,617.590659478334
3295.234999999986,620.3788744694168,617.590659478334
3295.5629999999655,620.377682185152,617.590659478334
3295.9220000000205,620.3627725169621,617.590659478334
3296.2660000000615,620.3580831741278,617.590659478334
3296.609999999986,620.3554750765097,617.590659478334
3296.969000000041,620.3509044466732,617.590659478334
3297.2970000000205,620.3513048644039,617.590659478334
3297.6570000000065,620.3432112428198,617.590659478334
3298.0,620.3545236847607,617.590659478334
3298.344000000041,620.3461996378355,617.590659478334
3298.6720000000205,620.3423980488458,617.590659478334
3299.0320000000065,620.3446594670246,617.590659478334
3299.3910000000615,620.3361146529293,617.590659478334
3299.719000000041,620.3425843028064,617.590659478334
3300.0779999999795,620.346484144547,617.590659478334
3300.4070000000065,620.3334056619866,617.590659478334
3300.7660000000615,620.3456548447809,617.590659478334
3301.109999999986,620.3383376933607,617.590659478334
3301.4529999999795,620.3315360786052,617.590659478334
3301.7970000000205,620.3324154352841,617.590659478334
3302.1410000000615,620.34299043824,617.590659478334
3302.484999999986,620.3361106441886,617.590659478334
3302.8279999999795,620.3276847077855,617.590659478334
3303.1720000000205,620.3344110877298,617.590659478334
3303.5160000000615,620.340595671838,617.590659478334
3303.875,620.336176453102,617.590659478334
3304.219000000041,620.3278898188508,617.590659478334
3304.5629999999655,620.3281014776798,617.590659478334
3304.9070000000065,620.3322761474226,617.590659478334
3305.2660000000615,620.3372401314173,617.590659478334
3305.609999999986,620.3279711775336,617.590659478334
3305.9529999999795,620.3416103279523,617.590659478334
3306.3129999999655,620.3548118392283,617.590659478334
3306.6570000000065,620.3345538276246,617.590659478334
3307.0160000000615,620.3355897780594,617.590659478334
3307.344000000041,620.3419212398348,617.590659478334
3307.7029999999795,620.3346298937854,617.590659478334
3308.0470000000205,620.3328699552792,617.590659478334
3308.3910000000615,620.3250212888007,617.590659478334
3308.734999999986,620.317882690591,617.590659478334
3309.0779999999795,620.3126767528296,617.590659478334
3309.4379999999655,620.3144573198125,617.590659478334
3309.7660000000615,620.3095361242272,617.590659478334
3310.125,620.3163564937286,617.590659478334
3310.469000000041,620.3124114674176,617.590659478334
3310.8129999999655,620.312429236523,617.590659478334
3311.1570000000065,620.3119637452968,617.590659478334
3311.5,620.3176478181042,617.590659478334
3311.844000000041,620.3026066424782,617.590659478334
3312.1879999999655,620.3068499385026,617.590659478334
3312.5320000000065,620.3082625924142,617.590659478334
3312.875,620.3263144148665,617.590659478334
3313.234999999986,620.3332758590062,617.590659478334
3313.5779999999795,620.3403296391962,617.590659478334
3313.9070000000065,620.3378183176543,617.590659478334
3314.2660000000615,620.3294680189586,617.590659478334
3314.609999999986,620.3303578364046,617.590659478334
3314.969000000041,620.3244428149646,617.590659478334
3315.3279999999795,620.3175502445989,617.590659478334
3315.6879999999655,620.3153198898511,617.590659478334
3316.0160000000615,620.3210272699598,617.590659478334
3316.375,620.316293040627,617.590659478334
3316.719000000041,620.3151712991446,617.590659478334
3317.0629999999655,620.3194931799075,617.590659478334
3317.4070000000065,620.3164051953767,617.590659478334
3317.75,620.3159886857253,617.590659478334
3318.109999999986,620.309472422928,617.590659478334
3318.484999999986,620.3093718595884,617.590659478334
3318.8129999999655,620.3222692416222,617.590659478334
3319.1570000000065,620.3130932501664,617.590659478334
3319.5,620.3177410478838,617.590659478334
3319.859999999986,620.3070577989013,617.590659478334
3320.2029999999795,620.3068727687933,617.590659478334
3320.5470000000205,620.3186099350686,617.590659478334
3320.8910000000615,620.308419618141,617.590659478334
3321.234999999986,620.3149063268761,617.590659478334
3321.5779999999795,620.3151434025665,617.590659478334
3321.9220000000205,620.3120682522614,617.590659478334
3322.2660000000615,620.3085770571709,617.590659478334
3322.609999999986,620.3022133430055,617.590659478334
3322.9379999999655,620.3091778280535,617.590659478334
3323.2820000000065,620.3090605509967,617.590659478334
3323.625,620.3082128722225,617.590659478334
3323.969000000041,620.3125790602645,617.590659478334
3324.3129999999655,620.3056501103952,617.590659478334
3324.6570000000065,620.3119461570981,617.590659478334
3324.984999999986,620.3091275194968,617.590659478334
3325.3279999999795,620.310773758106,617.590659478334
3325.6720000000205,620.3176569760269,617.590659478334
3326.0160000000615,620.325108271489,617.590659478334
3326.359999999986,620.373626391434,617.590659478334
3326.7029999999795,620.5588104554784,617.590659478334
3327.0629999999655,620.7207005101214,617.590659478334
3327.4070000000065,620.808967950317,617.590659478334
3327.7660000000615,620.847839064859,617.590659478334
3328.109999999986,620.8818628595474,617.590659478334
3328.469000000041,620.908721293208,617.590659478334
3328.8129999999655,620.9341679606772,617.590659478334
3329.1720000000205,620.9471157661707,617.590659478334
3329.5160000000615,620.9524507023407,617.590659478334
3329.875,620.9701988010335,617.590659478334
3330.219000000041,620.9805014947891,617.590659478334
3330.5629999999655,620.9999384554441,617.590659478334
3330.9070000000065,620.9967658937484,617.590659478334
3331.25,621.0006029054816,617.590659478334
3331.609999999986,621.0055086172295,617.590659478334
3331.9529999999795,621.0184504305549,617.590659478334
3332.2970000000205,621.0161974685006,617.590659478334
3332.6410000000615,621.0336156265869,617.590659478334
3332.984999999986,621.0313753282555,617.590659478334
3333.3279999999795,621.0389903005878,617.590659478334
3333.6720000000205,621.0372559546474,617.590659478334
3334.0160000000615,621.0530375846887,617.590659478334
3334.344000000041,621.0527456941896,617.590659478334
3334.6879999999655,621.0577609137656,617.590659478334
3335.0320000000065,621.0516605835435,617.590659478334
3335.375,621.0618997538979,617.590659478334
3335.719000000041,621.0625555253754,617.590659478334
3336.0629999999655,621.0634176020468,617.590659478334
3336.4070000000065,621.0811861268711,617.590659478334
3336.75,621.0728787701729,617.590659478334
3337.094000000041,621.0789774391469,617.590659478334
3337.4379999999655,621.0784104865033,617.590659478334
3337.7820000000065,621.0748288532942,617.590659478334
3338.125,621.0815889719404,617.590659478334
3338.469000000041,621.087503392535,617.590659478334
3338.8129999999655,621.0929356013197,617.590659478334
3339.1570000000065,621.0922441803181,617.590659478334
3339.5,621.0940170761426,617.590659478334
3339.844000000041,621.0996077125004,617.590659478334
3340.1879999999655,621.0979876537483,617.590659478334
3340.5320000000065,621.1006994670379,617.590659478334
3340.875,621.102886587421,617.590659478334
3341.219000000041,621.1043073046905,617.590659478334
3341.5629999999655,621.103369099308,617.590659478334
3341.9070000000065,621.1025857538573,617.590659478334
3342.234999999986,621.1023980471311,617.590659478334
3342.594000000041,621.1086353959846,617.590659478334
3342.9529999999795,621.107157526072,617.590659478334
3343.2820000000065,621.1014219144225,617.590659478334
3343.625,621.113965900647,617.590659478334
3343.969000000041,621.1193388660574,617.590659478334
3344.3129999999655,621.1156150735227,617.590659478334
3344.6720000000205,621.1254534613736,617.590659478334
3345.0,621.11510206625,617.590659478334
3345.344000000041,621.121197474149,617.590659478334
3345.7029999999795,621.1250509857709,617.590659478334
3346.0320000000065,621.1183274386078,617.590659478334
3346.375,621.1237758467769,617.590659478334
3346.719000000041,621.1307617674463,617.590659478334
3347.0629999999655,621.1238698181996,617.590659478334
3347.4070000000065,621.1268238811997,617.590659478334
3347.734999999986,621.1292423033357,617.590659478334
3348.0779999999795,621.1289650709531,617.590659478334
3348.4379999999655,621.1236458451074,617.590659478334
3348.7820000000065,621.1288081006817,617.590659478334
3349.125,621.1210140334936,617.590659478334
3349.484999999986,621.1389948113291,617.590659478334
3349.8279999999795,621.1407801760411,617.590659478334
3350.1720000000205,621.132396840702,617.590659478334
3350.5320000000065,621.1344621315948,617.590659478334
3350.875,621.1410977613338,617.590659478334
3351.219000000041,621.1299549510429,617.590659478334
3351.5629999999655,621.1385739238044,617.590659478334
3351.9220000000205,621.1530546508676,617.590659478334
3352.2660000000615,621.1434903280235,617.590659478334
3352.609999999986,621.1414338344151,617.590659478334
3352.9529999999795,621.1478766086179,617.590659478334
3353.2970000000205,621.1470413462462,617.590659478334
3353.6570000000065,621.1455600758615,617.590659478334
3354.0160000000615,621.1486933239768,617.590659478334
3354.359999999986,621.1485899987066,617.590659478334
3354.719000000041,621.1424733691132,617.590659478334
3355.0629999999655,621.136700138593,617.590659478334
3355.4070000000065,621.1556231794858,617.590659478334
3355.75,621.1465173929952,617.590659478334
3356.0779999999795,621.1513905982564,617.590659478334
3356.4220000000205,621.1433769319664,617.590659478334
3356.7820000000065,621.1564395225404,617.590659478334
3357.125,621.1527213058727,617.590659478334
3357.469000000041,621.1490471302312,617.590659478334
3357.7970000000205,621.1564406209642,617.590659478334
3358.1570000000065,621.1542655900383,617.590659478334
3358.484999999986,621.1611407742524,617.590659478334
3358.8279999999795,621.1435469717319,617.590659478334
3359.1720000000205,621.1646516521268,617.590659478334
3359.5160000000615,621.1483861531038,617.590659478334
3359.859999999986,621.1616263735086,617.590659478334
3360.219000000041,621.1549238564368,617.590659478334
3360.5629999999655,621.1671167957063,617.590659478334
3360.9220000000205,621.1526290677128,617.590659478334
3361.2660000000615,621.1517679665998,617.590659478334
3361.609999999986,621.1638139077156,617.590659478334
3361.9529999999795,621.1635861664832,617.590659478334
3362.2970000000205,621.162479257065,617.590659478334
3362.625,621.1590181026403,617.590659478334
3362.984999999986,621.1629502123609,617.590659478334
3363.3279999999795,621.167227856137,617.590659478334
3363.6570000000065,621.1737795826597,617.590659478334
3364.0,621.1604848927761,617.590659478334
3364.344000000041,621.1666862878188,617.590659478334
3364.6879999999655,621.1639768531968,617.590659478334
3365.0320000000065,621.1683012885211,617.590659478334
3365.375,621.1652688084447,617.590659478334
3365.719000000041,621.1696967084241,617.590659478334
3366.0779999999795,621.160495631308,617.590659478334
3366.484999999986,621.1717560869838,617.590659478334
3366.8129999999655,621.1656158244167,617.590659478334
3367.1720000000205,621.1713477896492,617.590659478334
3367.5160000000615,621.1576500526454,617.590659478334
3367.859999999986,621.1732100670537,617.590659478334
3368.2029999999795,621.167674935442,617.590659478334
3368.5470000000205,621.1745407804262,617.590659478334
3368.8910000000615,621.1727274280219,617.590659478334
3369.234999999986,621.1696377913279,617.590659478334
3369.5779999999795,621.1699146624171,617.590659478334
3369.9220000000205,621.1711554804799,617.590659478334
3370.2660000000615,621.171050872551,617.590659478334
3370.594000000041,621.1799106191532,617.590659478334
3370.9379999999655,621.1733008157726,617.590659478334
3371.2820000000065,621.1694641202696,617.590659478334
3371.625,621.176815808422,617.590659478334
3371.969000000041,621.1796299423487,617.590659478334
3372.3129999999655,621.1724404750324,617.590659478334
3372.6410000000615,621.1705076983343,617.590659478334
3372.984999999986,621.1796986547163,617.590659478334
3373.3279999999795,621.1755304029998,617.590659478334
3373.6720000000205,621.1713194686647,617.590659478334
3374.0160000000615,621.1870053674689,617.590659478334
3374.359999999986,621.1780656256958,617.590659478334
3374.7029999999795,621.1718983434207,617.590659478334
3375.0470000000205,621.1804308817158,617.590659478334
3375.3910000000615,621.1763370225792,617.590659478334
3375.734999999986,621.1772044262065,617.590659478334
3376.094000000041,621.1712695609671,617.590659478334
3376.4379999999655,621.1811194441666,617.590659478334
3376.8129999999655,621.1808541423023,617.590659478334
3377.1570000000065,621.1833956564215,617.590659478334
3377.484999999986,621.180868562878,617.590659478334
3377.8279999999795,621.1820298396332,617.590659478334
3378.1879999999655,621.1823165861929,617.590659478334
3378.5320000000065,621.1776730170312,617.590659478334
3378.875,621.1832057463039,617.590659478334
3379.2029999999795,621.1852625918837,617.590659478334
3379.5629999999655,621.1836499958619,617.590659478334
3379.9070000000065,621.1782923674252,617.590659478334
3380.234999999986,621.1838587809074,617.590659478334
3380.594000000041,621.1878591849628,617.590659478334
3380.9379999999655,621.1880924790345,617.590659478334
3381.2820000000065,621.1828497259345,617.590659478334
3381.625,621.179046633045,617.590659478334
3381.9529999999795,621.1930199149231,617.590659478334
3382.3129999999655,621.1839530434697,617.590659478334
3382.6410000000615,621.1894394823388,617.590659478334
3383.0,621.1880169788521,617.590659478334
3383.344000000041,621.1885710763611,617.590659478334
3383.6879999999655,621.1915980696409,617.590659478334
3384.0320000000065,621.1860208333078,617.590659478334
3384.375,621.1921826864814,617.590659478334
3384.7029999999795,621.1900667541726,617.590659478334
3385.0629999999655,621.1912283287126,617.590659478334
3385.4070000000065,621.1921071961403,617.590659478334
3385.75,621.1985320187831,617.590659478334
3386.094000000041,621.1897275236413,617.590659478334
3386.4379999999655,621.1967728738869,617.590659478334
3386.8279999999795,621.1862317191416,617.590659478334
3387.1720000000205,621.1970232442234,617.590659478334
3387.5160000000615,621.1973097223548,617.590659478334
3387.859999999986,621.1929276286332,617.590659478334
3388.2029999999795,621.1952596781117,617.590659478334
3388.5470000000205,621.2010853437085,617.590659478334
3388.8910000000615,621.1872464803819,617.590659478334
3389.234999999986,621.1905808825618,617.590659478334
3389.5779999999795,621.1980348678807,617.590659478334
3389.9220000000205,621.1952693735808,617.590659478334
3390.2660000000615,621.2005062287839,617.590659478334
3390.594000000041,621.1872140783884,617.590659478334
3390.9529999999795,621.191909929378,617.590659478334
3391.2970000000205,621.1941885558798,617.590659478334
3391.6410000000615,621.2010860063668,617.590659478334
3392.0,621.198574822617,617.590659478334
3392.344000000041,621.200812713309,617.590659478334
3392.6879999999655,621.1989393258942,617.590659478334
3393.0320000000065,621.1883968113547,617.590659478334
3393.375,621.1917473878894,617.590659478334
3393.719000000041,621.2114625787202,617.590659478334
3394.0629999999655,621.2209692268009,617.590659478334
3394.4070000000065,621.1996431879638,617.590659478334
3394.75,621.1984986929256,617.590659478334
3395.094000000041,621.1956686138666,617.590659478334
3395.4379999999655,621.1891757558349,617.590659478334
3395.7970000000205,621.1886300475243,617.590659478334
3396.1410000000615,621.1905868949518,617.590659478334
3396.469000000041,621.1872497977988,617.590659478334
3396.8129999999655,621.1650623485268,617.590659478334
3397.1570000000065,621.1680300065678,617.590659478334
3397.5160000000615,621.1606813120006,617.590659478334
3397.859999999986,621.1506868084795,617.590659478334
3398.2029999999795,621.155553775897,617.590659478334
3398.5470000000205,621.1492650562737,617.590659478334
3398.8910000000615,621.1561150222111,617.590659478334
3399.234999999986,621.143228428756,617.590659478334
3399.594000000041,621.1566361541533,617.590659478334
3399.9379999999655,621.159107076515,617.590659478334
3400.2820000000065,621.1433434637,617.590659478334
3400.609999999986,621.1526633363733,617.590659478334
3400.969000000041,621.1450032139171,617.590659478334
3401.3129999999655,621.1486709389551,617.590659478334
3401.6570000000065,621.1456300511359,617.590659478334
3402.0,621.1416720508767,617.590659478334
3402.344000000041,621.136086775223,617.590659478334
3402.7029999999795,621.1424721131106,617.590659478334
3403.0470000000205,621.1404381549397,617.590659478334
3403.3910000000615,621.1408425867771,617.590659478334
3403.734999999986,621.1459898530666,617.590659478334
3404.0779999999795,621.1479269350716,617.590659478334
3404.4220000000205,621.1346842468947,617.590659478334
3404.7660000000615,621.148191303681,617.590659478334
3405.109999999986,621.1347898442187,617.590659478334
3405.469000000041,621.1350575789747,617.590659478334
3405.8129999999655,621.1329081198064,617.590659478334
3406.1570000000065,621.1229529600621,617.590659478334
3406.5,621.1267498477454,617.590659478334
3406.859999999986,621.1328130432098,617.590659478334
3407.2029999999795,621.1398834338614,617.590659478334
3407.5470000000205,621.1284380821165,617.590659478334
3407.8910000000615,621.1245410096062,617.590659478334
3408.234999999986,621.1220204846024,617.590659478334
3408.5779999999795,621.1280808111998,617.590659478334
3408.9220000000205,621.1281033033107,617.590659478334
3409.2660000000615,621.1247263652168,617.590659478334
3409.609999999986,621.1186727376792,617.590659478334
3409.969000000041,621.1297611355493,617.590659478334
3410.3129999999655,621.1217255277361,617.590659478334
3410.6570000000065,621.1250989955321,617.590659478334
3411.0,621.1194359882436,617.590659478334
3411.359999999986,621.1293868554219,617.590659478334
3411.7029999999795,621.1181918216864,617.590659478334
3412.0470000000205,621.1135416377961,617.590659478334
3412.3910000000615,621.125183382963,617.590659478334
3412.75,621.1209536485366,617.590659478334
3413.0779999999795,621.1261977177264,617.590659478334
3413.4220000000205,621.1238770243212,617.590659478334
3413.7820000000065,621.1176433615723,617.590659478334
3414.125,621.1241674213927,617.590659478334
3414.469000000041,621.1217316344824,617.590659478334
3414.8279999999795,621.1266659734573,617.590659478334
3415.1720000000205,621.1272740218906,617.590659478334
3415.5320000000065,621.1120053668582,617.590659478334
3415.875,621.1181419623283,617.590659478334
3416.219000000041,621.1149346924127,617.590659478334
3416.5629999999655,621.1086007454556,617.590659478334
3416.9220000000205,621.1201760226766,617.590659478334
3417.2660000000615,621.1186897526123,617.590659478334
3417.609999999986,621.1162858556827,617.590659478334
3417.9529999999795,621.119696771352,617.590659478334
3418.3129999999655,621.1075186203157,617.590659478334
3418.6570000000065,621.1150111722185,617.590659478334
3418.984999999986,621.1182678885012,617.590659478334
3419.344000000041,621.1110149470956,617.590659478334
3419.6879999999655,621.113303962524,617.590659478334
3420.0320000000065,621.1119936279977,617.590659478334
3420.375,621.1097195213385,617.590659478334
3420.719000000041,621.1097072834013,617.590659478334
3421.0779999999795,621.1057943381052,617.590659478334
3421.4220000000205,621.1146184637986,617.590659478334
3421.7660000000615,621.1147981010891,617.590659478334
3422.109999999986,621.1076477065953,617.590659478334
3422.4529999999795,621.105123709995,617.590659478334
3422.7970000000205,621.1117980642651,617.590659478334
3423.1570000000065,621.1048487765398,617.590659478334
3423.5,621.1111894324379,617.590659478334
3423.8279999999795,621.1072331617154,617.590659478334
3424.1879999999655,621.1135801253206,617.590659478334
3424.5470000000205,621.1111516095095,617.590659478334
3424.8910000000615,621.1115049882362,617.590659478334
3425.234999999986,621.1021065030392,617.590659478334
3425.5629999999655,621.0950669473372,617.590659478334
3425.9070000000065,621.1152285422411,617.590659478334
3426.25,621.105024541977,617.590659478334
3426.594000000041,621.0999766601227,617.590659478334
3426.9379999999655,621.1060505573213,617.590659478334
3427.2820000000065,621.1057766482417,617.590659478334
3427.6410000000615,621.1008344595361,617.590659478334
3427.984999999986,621.1114450004719,617.590659478334
3428.3279999999795,621.1048734687637,617.590659478334
3428.6720000000205,621.1062284793197,617.590659478334
3429.0160000000615,621.1065194989948,617.590659478334
3429.359999999986,621.1027467641372,617.590659478334
3429.7029999999795,621.1015025634157,617.590659478334
3430.0629999999655,621.1060354986965,617.590659478334
3430.4070000000065,621.1016661216809,617.590659478334
3430.734999999986,621.1102596919501,617.590659478334
3431.094000000041,621.0970259928418,617.590659478334
3431.4379999999655,621.106573895922,617.590659478334
3431.7970000000205,621.1048966665195,617.590659478334
3432.1410000000615,621.0961958438402,617.590659478334
3432.484999999986,621.1002800037595,617.590659478334
3432.8279999999795,621.1021581053849,617.590659478334
3433.1879999999655,621.1057836314034,617.590659478334
3433.5320000000065,621.1008807787274,617.590659478334
3433.859999999986,621.1038318029863,617.590659478334
3434.2029999999795,621.1024492409786,617.590659478334
3434.5470000000205,621.1012006349345,617.590659478334
3434.9070000000065,621.0909644212875,617.590659478334
3435.234999999986,621.0989097600127,617.590659478334
3435.594000000041,621.1080550113194,617.590659478334
3435.9379999999655,621.1016241318786,617.590659478334
3436.2660000000615,621.0999683972232,617.590659478334
3436.609999999986,621.090773824497,617.590659478334
3436.9529999999795,621.0939329058158,617.590659478334
3437.2970000000205,621.0993394461257,617.590659478334
3437.6410000000615,621.0955824083582,617.590659478334
3437.984999999986,621.096396916468,617.590659478334
3438.3279999999795,621.09215347649,617.590659478334
3438.6570000000065,621.0959862056123,617.590659478334
3439.0,621.0971230482013,617.590659478334
3439.359999999986,621.0966451081563,617.590659478334
3439.7029999999795,621.0950094618163,617.590659478334
3440.0470000000205,621.0941351673413,617.590659478334
3440.375,621.0938835045648,617.590659478334
3440.719000000041,621.0977302192215,617.590659478334
3441.0629999999655,621.101300340217,617.590659478334
3441.4070000000065,621.1024962715334,617.590659478334
3441.75,621.0974154130287,617.590659478334
3442.094000000041,621.0993310479831,617.590659478334
3442.4379999999655,621.1014342695139,617.590659478334
3442.7820000000065,621.0964322156776,617.590659478334
3443.109999999986,621.1025521049141,617.590659478334
3443.4529999999795,621.0934842247169,617.590659478334
3443.8279999999795,621.0868439862677,617.590659478334
3444.1720000000205,621.0966705049426,617.590659478334
3444.5160000000615,621.0833969837865,617.590659478334
3444.859999999986,621.0882546416332,617.590659478334
3445.2029999999795,621.0941447466504,617.590659478334
3445.5470000000205,621.0931537100236,617.590659478334
3445.8910000000615,621.0961747296903,617.590659478334
3446.219000000041,621.0878345534895,617.590659478334
3446.5629999999655,621.092275282008,617.590659478334
3446.9070000000065,621.0927960995695,617.590659478334
3447.25,621.0991940199467,617.590659478334
3447.594000000041,621.0980234240727,617.590659478334
3447.9379999999655,621.0931560706887,617.590659478334
3448.2660000000615,621.0827510801054,617.590659478334
3448.625,621.0936091539281,617.590659478334
3448.9529999999795,621.0915887148171,617.590659478334
3449.2970000000205,621.0915010522401,617.590659478334
3449.6410000000615,621.0939462603227,617.590659478334
3449.984999999986,621.0916998234666,617.590659478334
3450.3279999999795,621.0838389625605,617.590659478334
3450.6879999999655,621.0807975732423,617.590659478334
3451.0160000000615,621.0890793287208,617.590659478334
3451.359999999986,621.0825649937973,617.590659478334
3451.7029999999795,621.0861962108363,617.590659478334
3452.0470000000205,621.0902466946483,617.590659478334
3452.3910000000615,621.0918843501737,617.590659478334
3452.734999999986,621.0856341543314,617.590659478334
3453.0779999999795,621.0875714889658,617.590659478334
3453.4070000000065,621.0847534085759,617.590659478334
3453.75,621.0907500085101,617.590659478334
3454.094000000041,621.0808441983095,617.590659478334
3454.4529999999795,621.0869599533539,617.590659478334
3454.7970000000205,621.0920482094693,617.590659478334
3455.1410000000615,621.094305944296,617.590659478334
3455.484999999986,621.0826457662356,617.590659478334
3455.8279999999795,621.0995633152185,617.590659478334
3456.1720000000205,621.1042723310759,617.590659478334
3456.5,620.7514753340839,617.590659478334
3456.844000000041,620.5451219677718,617.590659478334
3457.1879999999655,620.4683127519494,617.590659478334
3457.5160000000615,620.4400564135366,617.590659478334
3457.875,620.4124747911737,617.590659478334
3458.219000000041,620.3960922914492,617.590659478334
3458.5629999999655,620.3844326893304,617.590659478334
3458.8910000000615,620.3819025071862,617.590659478334
3459.25,620.3645323754118,617.590659478334
3459.5779999999795,620.3638216011431,617.590659478334
3459.9220000000205,620.3583566509208,617.590659478334
3460.2660000000615,620.3513775144988,617.590659478334
3460.594000000041,620.3559905593878,617.590659478334
3460.9529999999795,620.3605589138248,617.590659478334
3461.2820000000065,620.3520768143147,617.590659478334
3461.625,620.3557795348033,617.590659478334
3461.984999999986,620.3492432591872,617.590659478334
3462.3129999999655,620.3514532208623,617.590659478334
3462.6720000000205,620.3533595864269,617.590659478334
3463.0160000000615,620.3418757685678,617.590659478334
3463.344000000041,620.3491869020814,617.590659478334
3463.7029999999795,620.3388048938209,617.590659478334
3464.0470000000205,620.3365042830384,617.590659478334
3464.375,620.3386841633669,617.590659478334
3464.734999999986,620.3364829340344,617.590659478334
3465.0779999999795,620.3325174887264,617.590659478334
3465.4220000000205,620.3366592663286,617.590659478334
3465.7820000000065,620.342547665015,617.590659478334
3466.125,620.338366481731,617.590659478334
3466.4529999999795,620.3356281006525,617.590659478334
3466.8129999999655,620.3367750127169,617.590659478334
3467.1570000000065,620.3329030744515,617.590659478334
3467.5,620.3328510788227,617.590659478334
3467.8279999999795,620.3408828133112,617.590659478334
3468.1720000000205,620.3385219730521,617.590659478334
3468.5160000000615,620.357871626498,617.590659478334
3468.859999999986,620.3409425429203,617.590659478334
3469.2029999999795,620.3490872140451,617.590659478334
3469.5470000000205,620.3516866478418,617.590659478334
3469.8910000000615,620.3459177145347,617.590659478334
3470.234999999986,620.3356575703307,617.590659478334
3470.5779999999795,620.330863494452,617.590659478334
3470.9220000000205,620.3413746787996,617.590659478334
3471.2660000000615,620.3322621290499,617.590659478334
3471.594000000041,620.3240999626724,617.590659478334
3471.9379999999655,620.3230528365269,617.590659478334
3472.2820000000065,620.3293013473781,617.590659478334
3472.625,620.3270870137356,617.590659478334
3472.969000000041,620.3184212263994,617.590659478334
3473.3129999999655,620.327866428253,617.590659478334
3473.6570000000065,620.3205025369798,617.590659478334
3474.0160000000615,620.3214620113752,617.590659478334
3474.344000000041,620.3312399849448,617.590659478334
3474.6720000000205,620.327939009084,617.590659478334
3475.0320000000065,620.3377547310816,617.590659478334
3475.3910000000615,620.336287827999,617.590659478334
3475.734999999986,620.3515413378665,617.590659478334
3476.0779999999795,620.3500445517559,617.590659478334
3476.4220000000205,620.3519167126282,617.590659478334
3476.7660000000615,620.3441725079306,617.590659478334
3477.109999999986,620.340319296984,617.590659478334
3477.4529999999795,620.3403822414556,617.590659478334
3477.7970000000205,620.3284282469683,617.590659478334
3478.1570000000065,620.3352702098103,617.590659478334
3478.5,620.3364606396381,617.590659478334
3478.8279999999795,620.3362096481151,617.590659478334
3479.1720000000205,620.3307419099982,617.590659478334
3479.5160000000615,620.3264701346451,617.590659478334
3479.875,620.325871806175,617.590659478334
3480.2029999999795,620.3325282364762,617.590659478334
3480.5470000000205,620.3305160818089,617.590659478334
3480.8910000000615,620.3202808550353,617.590659478334
3481.219000000041,620.3144797372601,617.590659478334
3481.5779999999795,620.3240443373793,617.590659478334
3481.9220000000205,620.3260936411793,617.590659478334
3482.2660000000615,620.3138170250637,617.590659478334
3482.609999999986,620.3246426021815,617.590659478334
3482.9529999999795,620.3223302530669,617.590659478334
3483.2970000000205,620.3267167587096,617.590659478334
3483.6410000000615,620.3237752147584,617.590659478334
3483.984999999986,620.3268621424255,617.590659478334
3484.3279999999795,620.3238579011789,617.590659478334
3484.6879999999655,620.3199951593391,617.590659478334
3485.0320000000065,620.3193512695085,617.590659478334
3485.3910000000615,620.3172622001488,617.590659478334
3485.734999999986,620.3277901431965,617.590659478334
3486.0779999999795,620.3235108993354,617.590659478334
3486.5,620.3294283656045,617.590659478334
3486.844000000041,620.329067676923,617.590659478334
3487.1720000000205,620.3282360509935,617.590659478334
3487.5320000000065,620.3229090081209,617.590659478334
3487.875,620.3234225272262,617.590659478334
3488.219000000041,620.3099430310024,617.590659478334
3488.5629999999655,620.3220938995875,617.590659478334
3488.9070000000065,620.3272232604768,617.590659478334
3489.25,620.3205027594922,617.590659478334
3489.594000000041,620.3223639373687,617.590659478334
3489.9379999999655,620.3281661915627,617.590659478334
3490.2820000000065,620.3234785450851,617.590659478334
3490.625,620.3202732068511,617.590659478334
3490.969000000041,620.3167839738655,617.590659478334
3491.3279999999795,620.3271002880564,617.590659478334
3491.6720000000205,620.3185210041308,617.590659478334
3492.0,620.3209291813359,617.590659478334
3492.359999999986,620.3151504566636,617.590659478334
3492.7029999999795,620.3222359945275,617.590659478334
3493.0320000000065,620.3165448528079,617.590659478334
3493.3910000000615,620.317335617331,617.590659478334
3493.734999999986,620.320125217467,617.590659478334
3494.0779999999795,620.3224938744606,617.590659478334
3494.4070000000065,620.3207818975565,617.590659478334
3494.7660000000615,620.3204808018211,617.590659478334
3495.094000000041,620.3157129264836,617.590659478334
3495.4529999999795,620.3277716277137,617.590659478334
3495.8279999999795,620.3205925047324,617.590659478334
3496.1720000000205,620.3251514344903,617.590659478334
3496.5320000000065,620.3255573053764,617.590659478334
3496.875,620.3201040045383,617.590659478334
3497.219000000041,620.322029724889,617.590659478334
3497.5629999999655,620.3361278954189,617.590659478334
3497.9220000000205,620.3438868873968,617.590659478334
3498.2660000000615,620.4764282791846,617.590659478334
3498.609999999986,620.1547198098485,617.590659478334
3498.9529999999795,620.2069920268043,617.590659478334
3499.2970000000205,620.2616235759454,617.590659478334
3499.6410000000615,620.2974983699339,617.590659478334
3499.984999999986,620.3245301127761,617.590659478334
3500.3279999999795,620.3376066702947,617.590659478334
3500.6720000000205,620.3588546566257,617.590659478334
3501.0160000000615,620.3746746741898,617.590659478334
3501.359999999986,620.3860390627386,617.590659478334
3501.7029999999795,620.3944982814496,617.590659478334
3502.0629999999655,620.4018147141845,617.590659478334
3502.4070000000065,620.4146149450833,617.590659478334
3502.75,620.4232911486365,617.590659478334
3503.094000000041,620.4299067902982,617.590659478334
3503.4379999999655,620.434094532159,617.590659478334
3503.7970000000205,620.4457853383748,617.590659478334
3504.125,620.4499475348223,617.590659478334
3504.484999999986,620.4581169105375,617.590659478334
3504.8279999999795,620.4524760896006,617.590659478334
3505.1720000000205,620.4572757876912,617.590659478334
3505.5160000000615,620.4593209124506,617.590659478334
3505.859999999986,620.4672097026641,617.590659478334
3506.2029999999795,620.4693719704871,617.590659478334
3506.5470000000205,620.4769775061573,617.590659478334
3506.9070000000065,620.4752333990863,617.590659478334
3507.25,620.4857511808319,617.590659478334
3507.594000000041,620.4899027811168,617.590659478334
3507.9379999999655,620.484572834934,617.590659478334
3508.2820000000065,620.4925993396411,617.590659478334
3508.625,620.4997796247144,617.590659478334
3508.969000000041,620.496894266326,617.590659478334
3509.3129999999655,620.5122368426931,617.590659478334
3509.6720000000205,620.5078532657941,617.590659478334
3510.0160000000615,620.5008393065679,617.590659478334
3510.359999999986,620.5128901888596,617.590659478334
3510.719000000041,620.6316435619848,617.590659478334
3511.0470000000205,621.0994876486111,617.590659478334
3511.3910000000615,621.1112361636146,617.590659478334
3511.734999999986,621.0904456836129,617.590659478334
3512.0779999999795,621.0863046615436,617.590659478334
3512.4379999999655,621.0776245912547,617.590659478334
3512.7660000000615,621.0727315977857,617.590659478334
3513.125,621.0725112029344,617.590659478334
3513.469000000041,621.0718140491415,617.590659478334
3513.8279999999795,621.0741482308952,617.590659478334
3514.1570000000065,621.0657420743247,617.590659478334
3514.5160000000615,621.0735600118061,617.590659478334
3514.844000000041,621.0597873140953,617.590659478334
3515.2029999999795,621.0516286194066,617.590659478334
3515.5470000000205,621.0592397570302,617.590659478334
3515.8910000000615,621.0582320912158,617.590659478334
3516.234999999986,621.0490386057481,617.590659478334
3516.5779999999795,621.0484255980051,617.590659478334
3516.9379999999655,621.0496372265675,617.590659478334
3517.2820000000065,621.0314774478661,617.590659478334
3517.625,621.0356583538901,617.590659478334
3517.969000000041,621.0393667078656,617.590659478334
3518.3129999999655,621.031421423776,617.590659478334
3518.6570000000065,621.035403026329,617.590659478334
3519.0,621.0334406845244,617.590659478334
3519.344000000041,621.0314216513428,617.590659478334
3519.7029999999795,621.0409072040633,617.590659478334
3520.0470000000205,621.0289436857886,617.590659478334
3520.3910000000615,621.0322675051066,617.590659478334
3520.75,621.0289603236714,617.590659478334
3521.094000000041,621.0304337649537,617.590659478334
3521.4379999999655,621.0275880871601,617.590659478334
3521.8279999999795,621.0253366146557,617.590659478334
3522.1720000000205,621.0175592576996,617.590659478334
3522.5160000000615,621.0291066637216,617.590659478334
3522.859999999986,621.0277780266039,617.590659478334
3523.219000000041,621.0184609999118,617.590659478334
3523.5629999999655,621.0310338446855,617.590659478334
3523.9070000000065,621.0209689125762,617.590659478334
3524.25,621.0270493403007,617.590659478334
3524.594000000041,621.0168621322131,617.590659478334
3524.9529999999795,621.0149029122296,617.590659478334
3525.2970000000205,621.0092470408596,617.590659478334
3525.625,621.016577925538,617.590659478334
3525.969000000041,621.0171335519277,617.590659478334
3526.3129999999655,621.0352715321004,617.590659478334
3526.6720000000205,621.027836462362,617.590659478334
3527.0,620.7171090184598,617.590659478334
3527.3279999999795,620.5259586719195,617.590659478334
3527.6879999999655,620.4644215338863,617.590659478334
3528.0320000000065,620.4261839331417,617.590659478334
3528.3910000000615,620.408227029111,617.590659478334
3528.719000000041,620.4093420463508,617.590659478334
3529.0629999999655,620.3919532690808,617.590659478334
3529.4220000000205,620.3860532023024,617.590659478334
3529.7660000000615,620.3747057208632,617.590659478334
3530.109999999986,620.3683604211759,617.590659478334
3530.469000000041,620.3674763098153,617.590659478334
3530.8129999999655,620.3749220450604,617.590659478334
3531.1570000000065,620.3632130778775,617.590659478334
3531.5160000000615,620.3528515014074,617.590659478334
3531.875,620.3513479604818,617.590659478334
3532.219000000041,620.3598463303364,617.590659478334
3532.5629999999655,620.3528687880205,617.590659478334
3532.8910000000615,620.347804131257,617.590659478334
3533.25,620.3494103942251,617.590659478334
3533.594000000041,620.3454182145662,617.590659478334
3533.9379999999655,620.3524852813093,617.590659478334
3534.2820000000065,620.3461911739663,617.590659478334
3534.6410000000615,620.3430902532006,617.590659478334
3534.984999999986,620.3491923833678,617.590659478334
3535.3279999999795,620.3438127405984,617.590659478334
3535.6720000000205,620.3428548031308,617.590659478334
3536.0320000000065,620.3368793901539,617.590659478334
3536.375,620.3449366227458,617.590659478334
3536.7029999999795,620.3468721421007,617.590659478334
3537.0470000000205,620.3469719474914,617.590659478334
3537.3910000000615,620.332811843324,617.590659478334
3537.734999999986,620.3388493229795,617.590659478334
3538.0779999999795,620.3340860325467,617.590659478334
3538.4220000000205,620.3314117394119,617.590659478334
3538.75,620.3328400237422,617.590659478334
3539.109999999986,620.3420167903225,617.590659478334
3539.4529999999795,620.3338099668757,617.590659478334
3539.7970000000205,620.3636629556393,617.590659478334
3540.1410000000615,620.3611876470924,617.590659478334
3540.469000000041,620.3299883315333,617.590659478334
3540.8279999999795,620.3432212342625,617.590659478334
3541.1720000000205,620.3475487041806,617.590659478334
3541.5160000000615,620.3464440849099,617.590659478334
3541.859999999986,620.3387520804263,617.590659478334
3542.2029999999795,620.3332516880972,617.590659478334
3542.5470000000205,620.3242969604373,617.590659478334
3542.8910000000615,620.3294162532866,617.590659478334
3543.234999999986,620.3348668002866,617.590659478334
3543.5779999999795,620.3210105040886,617.590659478334
3543.9220000000205,620.3380970110132,617.590659478334
3544.2660000000615,620.3312294023741,617.590659478334
3544.609999999986,620.3166621343966,617.590659478334
3544.9529999999795,620.3255201241163,617.590659478334
3545.2970000000205,620.3192385856529,617.590659478334
3545.6410000000615,620.3260873400841,617.590659478334
3545.984999999986,620.322218459686,617.590659478334
3546.3279999999795,620.3184966205993,617.590659478334
3546.6879999999655,620.32703959017,617.590659478334
3547.0320000000065,620.3200427449688,617.590659478334
3547.375,620.3188393623508,617.590659478334
3547.719000000041,620.3233028974109,617.590659478334
3548.0629999999655,620.3251422504262,617.590659478334
3548.4220000000205,620.322101442082,617.590659478334
3548.7660000000615,620.3243185900778,617.590659478334
3549.109999999986,620.3138363968475,617.590659478334
3549.4529999999795,620.3161804077853,617.590659478334
3549.7970000000205,620.317113841987,617.590659478334
3550.1410000000615,620.3199968810288,617.590659478334
3550.484999999986,620.3205521704376,617.590659478334
3550.8279999999795,620.3348252976598,617.590659478334
3551.1720000000205,620.3227308685871,617.590659478334
3551.5160000000615,620.3294187270827,617.590659478334
3551.859999999986,620.3261118460404,617.590659478334
3552.2029999999795,620.3335318520305,617.590659478334
3552.5470000000205,620.3296966313915,617.590659478334
3552.9070000000065,620.3228101865346,617.590659478334
3553.2660000000615,620.3218257421728,617.590659478334
3553.594000000041,620.3371842186262,617.590659478334
3553.9379999999655,620.3509430239357,617.590659478334
3554.2820000000065,620.3616431867115,617.590659478334
3554.625,620.368534123096,617.590659478334
3554.969000000041,620.3680312151829,617.590659478334
3555.3279999999795,620.3691292836132,617.590659478334
3555.6720000000205,620.3613259862628,617.590659478334
3556.0160000000615,620.370880238168,617.590659478334
3556.375,620.361492590318,617.590659478334
3556.719000000041,620.3483749942002,617.590659478334
3557.0629999999655,620.3530424717262,617.590659478334
3557.4220000000205,620.3475830578992,617.590659478334
3557.7660000000615,620.3450711787137,617.590659478334
3558.109999999986,620.3513438984685,617.590659478334
3558.484999999986,620.3456497189283,617.590659478334
3558.8129999999655,620.3371109331872,617.590659478334
3559.1720000000205,620.3429440655382,617.590659478334
3559.5160000000615,620.339048582598,617.590659478334
3559.859999999986,620.3399201296186,617.590659478334
3560.2029999999795,620.3360549741286,617.590659478334
3560.5470000000205,620.3360583708856,617.590659478334
3560.875,620.3353896635531,617.590659478334
3561.219000000041,620.3413457785515,617.590659478334
3561.5779999999795,620.3400441337976,617.590659478334
3561.9070000000065,620.3351147541939,617.590659478334
3562.2660000000615,620.3397243355881,617.590659478334
3562.609999999986,620.3290116931792,617.590659478334
3562.969000000041,620.335899501495,617.590659478334
3563.3129999999655,620.3321271096895,617.590659478334
3563.6570000000065,620.3426230214128,617.590659478334
3564.0160000000615,620.3286025625304,617.590659478334
3564.344000000041,620.3291771128393,617.590659478334
3564.7029999999795,620.3337600656306,617.590659478334
3565.0320000000065,620.3361846204435,617.590659478334
3565.375,620.331656942799,617.590659478334
3565.719000000041,620.336421708428,617.590659478334
3566.0629999999655,620.330419089305,617.590659478334
3566.4070000000065,620.3336790391987,617.590659478334
3566.75,620.3353705843665,617.590659478334
3567.094000000041,620.3512009006513,617.590659478334
3567.4529999999795,620.3461170721865,617.590659478334
3567.7970000000205,620.3422036977233,617.590659478334
3568.1570000000065,620.333663186037,617.590659478334
3568.5,620.336189049896,617.590659478334
3568.844000000041,620.3389121018452,617.590659478334
3569.1879999999655,620.33143773138,617.590659478334
3569.5470000000205,620.3237306295171,617.590659478334
3569.875,620.3299116203011,617.590659478334
3570.234999999986,620.3212743867871,617.590659478334
3570.5629999999655,620.3244140059093,617.590659478334
3570.9070000000065,620.3197685387256,617.590659478334
3571.25,620.3113912911765,617.590659478334
3571.594000000041,620.3244025984596,617.590659478334
3571.9379999999655,620.3198112401683,617.590659478334
3572.2820000000065,620.3219269993899,617.590659478334
3572.625,620.3250196988356,617.590659478334
3572.969000000041,620.3139985037715,617.590659478334
3573.3129999999655,620.3149984635496,617.590659478334
3573.6720000000205,620.3107472384589,617.590659478334
3574.0160000000615,620.3178112727642,617.590659478334
3574.344000000041,620.3160681448079,617.590659478334
3574.6879999999655,620.3242290767736,617.590659478334
3575.0320000000065,620.333492277329,617.590659478334
3575.3910000000615,620.3384701159383,617.590659478334
3575.734999999986,620.3440315612585,617.590659478334
3576.0779999999795,620.3451872476211,617.590659478334
3576.4220000000205,620.3415923135399,617.590659478334
3576.7660000000615,620.3359692476819,617.590659478334
3577.109999999986,620.3322873540784,617.590659478334
3577.4529999999795,620.3228919094963,617.590659478334
3577.8129999999655,620.3311658494137,617.590659478334
3578.1570000000065,620.3339390214213,617.590659478334
3578.5,620.3192463625425,617.590659478334
3578.8279999999795,620.3241613686632,617.590659478334
3579.1720000000205,620.32139348056,617.590659478334
3579.5160000000615,620.324624029877,617.590659478334
3579.859999999986,620.3349265097677,617.590659478334
3580.219000000041,620.3164918058819,617.590659478334
3580.5779999999795,620.3226605529125,617.590659478334
3580.9220000000205,620.3166215842335,617.590659478334
3581.2660000000615,620.3170863347929,617.590659478334
3581.609999999986,620.313307261473,617.590659478334
3581.9529999999795,620.3196126990185,617.590659478334
3582.3129999999655,620.3200242591554,617.590659478334
3582.6720000000205,620.3228822952206,617.590659478334
3583.0160000000615,620.3057253721244,617.590659478334
3583.344000000041,620.3195589392816,617.590659478334
3583.7029999999795,620.3170193779465,617.590659478334
3584.0320000000065,620.3137805665282,617.590659478334
3584.375,620.3101991086291,617.590659478334
3584.719000000041,620.3195065881453,617.590659478334
3585.0629999999655,620.3091059361313,617.590659478334
3585.4070000000065,620.3130493082191,617.590659478334
3585.734999999986,620.3055942861515,617.590659478334
3586.094000000041,620.3140052836733,617.590659478334
3586.4379999999655,620.3173101264916,617.590659478334
3586.7820000000065,620.3015052750873,617.590659478334
3587.109999999986,620.3164702761716,617.590659478334
3587.469000000041,620.3174279491077,617.590659478334
3587.7970000000205,620.3109641275444,617.590659478334
3588.1410000000615,620.3263615821178,617.590659478334
3588.484999999986,620.329127713456,617.590659478334
3588.8279999999795,620.3901877087809,617.590659478334
3589.1720000000205,620.6376832900206,617.590659478334
3589.5160000000615,620.8122376237053,617.590659478334
3589.859999999986,620.8848059877479,617.590659478334
3590.2029999999795,620.9431321813324,617.590659478334
3590.5470000000205,620.962844988736,617.590659478334
3590.9070000000065,620.9940397648738,617.590659478334
3591.234999999986,620.999367358381,617.590659478334
3591.5779999999795,621.0190440077342,617.590659478334
3591.9379999999655,621.0334455179851,617.590659478334
3592.2660000000615,621.0436909506963,617.590659478334
3592.609999999986,621.0657929846734,617.590659478334
3592.9529999999795,621.061139812932,617.590659478334
3593.2970000000205,621.0674863294573,617.590659478334
3593.6570000000065,621.0772012926255,617.590659478334
3593.984999999986,621.0832379687989,617.590659478334
3594.3279999999795,621.086779279221,617.590659478334
3594.6879999999655,621.102581996847,617.590659478334
3595.0320000000065,621.0885058329264,617.590659478334
3595.375,621.1108262878897,617.590659478334
3595.719000000041,621.1068747198644,617.590659478334
3596.0629999999655,621.11113633937,617.590659478334
3596.4070000000065,621.1139416960617,617.590659478334
3596.7660000000615,621.1221880659784,617.590659478334
3597.094000000041,621.1216701751775,617.590659478334
3597.4379999999655,621.122248223487,617.590659478334
3597.7970000000205,621.1277509811772,617.590659478334
3598.125,621.1265543001488,617.590659478334
3598.469000000041,621.1401151597495,617.590659478334
3598.8129999999655,621.14056049584,617.590659478334
3599.1720000000205,621.136697975773,617.590659478334
3599.5160000000615,621.1390329988551,617.590659478334
3599.859999999986,621.1403127964553,617.590659478334
3600.2029999999795,621.140362790005,617.590659478334
3600.5470000000205,621.1536515058748,617.590659478334
3600.8910000000615,621.1482162685203,617.590659478334
3601.234999999986,621.1545371029047,617.590659478334
3601.594000000041,621.1524744990726,617.590659478334
3601.9379999999655,621.154099829772,617.590659478334
3602.2820000000065,621.1614554957013,617.590659478334
3602.625,621.1618351822227,617.590659478334
3602.969000000041,621.1566886347246,617.590659478334
3603.3129999999655,621.1660506813887,617.590659478334
3603.6570000000065,621.1754858775029,617.590659478334
3604.0,621.1695032889004,617.590659478334
3604.359999999986,621.1768865673332,617.590659478334
3604.7029999999795,621.174429096557,617.590659478334
3605.0470000000205,621.1700588620422,617.590659478334
3605.4070000000065,621.1810605932925,617.590659478334
3605.75,621.1818734123692,617.590659478334
3606.109999999986,621.1851732119695,617.590659478334
3606.5320000000065,621.1750501378849,617.590659478334
3606.859999999986,621.1778170875466,617.590659478334
3607.2029999999795,621.1829758560058,617.590659478334
3607.5629999999655,621.1791114385755,617.590659478334
3607.9070000000065,621.1737647548479,617.590659478334
3608.234999999986,621.1908392766347,617.590659478334
3608.594000000041,621.1737072996639,617.590659478334
3608.9379999999655,621.1901003813251,617.590659478334
3609.2820000000065,621.184517805015,617.590659478334
3609.625,621.1873011358358,617.590659478334
3609.969000000041,621.1834879971863,617.590659478334
3610.3129999999655,621.1888343271644,617.590659478334
3610.6720000000205,621.1874523087471,617.590659478334
3611.0160000000615,621.1878331498034,617.590659478334
3611.359999999986,621.1882579857203,617.590659478334
3611.7029999999795,621.184968241736,617.590659478334
3612.0470000000205,621.198499376677,617.590659478334
3612.4070000000065,621.2054909012022,617.590659478334
3612.75,621.2006854728177,617.590659478334
3613.109999999986,621.197524836442,617.590659478334
3613.4529999999795,621.2064232653943,617.590659478334
3613.8129999999655,621.2030636445373,617.590659478334
3614.1570000000065,621.2047453100946,617.590659478334
3614.5,621.2048242285865,617.590659478334
3614.844000000041,621.2100925480783,617.590659478334
3615.1720000000205,621.191563823411,617.590659478334
3615.5320000000065,621.2083106270305,617.590659478334
3615.859999999986,621.2058310761144,617.590659478334
3616.219000000041,621.2055381368192,617.590659478334
3616.5629999999655,621.2065524856524,617.590659478334
3616.8910000000615,621.2076457821867,617.590659478334
3617.25,621.212424849463,617.590659478334
3617.594000000041,621.2051925031741,617.590659478334
3617.9379999999655,621.2114748916963,617.590659478334
3618.2820000000065,621.2056049243783,617.590659478334
3618.625,621.2095423693028,617.590659478334
3618.984999999986,621.2125192814718,617.590659478334
3619.3129999999655,621.2140123001282,617.590659478334
3619.6570000000065,621.2138974810931,617.590659478334
3620.0160000000615,621.2150362790632,617.590659478334
3620.359999999986,621.2194399438285,617.590659478334
3620.719000000041,621.2196879805781,617.590659478334
3621.0629999999655,621.2136384767656,617.590659478334
3621.3910000000615,621.2165392550888,617.590659478334
3621.734999999986,621.2104696644409,617.590659478334
3622.0629999999655,621.2147344729993,617.590659478334
3622.4220000000205,621.2268581410424,617.590659478334
3622.75,621.2155747661634,617.590659478334
3623.109999999986,621.2160120689546,617.590659478334
3623.4529999999795,621.2192843102895,617.590659478334
3623.7970000000205,621.2224410264831,617.590659478334
3624.1410000000615,621.222258705247,617.590659478334
3624.5,621.2199549988302,617.590659478334
3624.8279999999795,621.2293357762385,617.590659478334
3625.1720000000205,621.2251736797052,617.590659478334
3625.5320000000065,621.2163428927389,617.590659478334
3625.8910000000615,621.224621339752,617.590659478334
3626.234999999986,621.2158247696651,617.590659478334
3626.594000000041,621.2180403085559,617.590659478334
3626.9220000000205,621.2235483849431,617.590659478334
3627.2820000000065,621.2295640938111,617.590659478334
3627.625,621.229874237004,617.590659478334
3627.984999999986,621.2279776967248,617.590659478334
3628.3129999999655,621.2296707468886,617.590659478334
3628.6720000000205,621.2249467496893,617.590659478334
3629.0,621.2243480631523,617.590659478334
3629.359999999986,621.2311288975055,617.590659478334
3629.7029999999795,621.2315831128159,617.590659478334
3630.0629999999655,621.2291376428934,617.590659478334
3630.484999999986,621.2305696801022,617.590659478334
3630.844000000041,621.2304751927406,617.590659478334
3631.1879999999655,621.2256533484564,617.590659478334
3631.5320000000065,621.2241020423701,617.590659478334
3631.875,621.241289428971,617.590659478334
3632.219000000041,621.2277767213404,617.590659478334
3632.5629999999655,621.2315773753078,617.590659478334
3632.9070000000065,621.2323909972782,617.590659478334
3633.234999999986,621.2289731603257,617.590659478334
3633.5779999999795,621.2255577378611,617.590659478334
3633.9220000000205,621.2295906874584,617.590659478334
3634.2660000000615,621.2311995070363,617.590659478334
3634.609999999986,621.2337471439392,617.590659478334
3634.9529999999795,621.2465800279521,617.590659478334
3635.2970000000205,621.2396548369866,617.590659478334
3635.6410000000615,621.2361440342596,617.590659478334
3636.0,621.2298303170685,617.590659478334
3636.344000000041,621.235242619047,617.590659478334
3636.6720000000205,621.2307176305977,617.590659478334
3637.0320000000065,621.2392921986606,617.590659478334
3637.359999999986,621.2416518452615,617.590659478334
3637.7029999999795,621.2370433023195,617.590659478334
3638.0470000000205,621.2418479792307,617.590659478334
3638.3910000000615,621.2392415238851,617.590659478334
3638.734999999986,621.2425014623361,617.590659478334
3639.0779999999795,621.2377302507845,617.590659478334
3639.4070000000065,621.2432952343937,617.590659478334
3639.75,621.2460803986186,617.590659478334
3640.094000000041,621.2359522029612,617.590659478334
3640.4379999999655,621.2460148974642,617.590659478334
3640.8279999999795,621.2480148415253,617.590659478334
3641.1720000000205,621.2508757454809,617.590659478334
3641.5160000000615,621.2363945035436,617.590659478334
3641.859999999986,621.2371451281855,617.590659478334
3642.2029999999795,621.2380274047157,617.590659478334
3642.5629999999655,621.2486855921977,617.590659478334
3642.9070000000065,621.2503611022202,617.590659478334
3643.25,621.2474327278345,617.590659478334
3643.594000000041,621.2535474935326,617.590659478334
3643.9379999999655,621.2516291016569,617.590659478334
3644.2820000000065,621.2488907044293,617.590659478334
3644.625,621.2515785657432,617.590659478334
3644.969000000041,621.2461444836867,617.590659478334
3645.3129999999655,621.2484434112421,617.590659478334
3645.6570000000065,621.2457580971796,617.590659478334
3645.984999999986,621.2539128450849,617.590659478334
3646.3279999999795,621.2419488251736,617.590659478334
3646.6720000000205,621.2478955407155,617.590659478334
3647.0160000000615,621.2438951367637,617.590659478334
3647.359999999986,621.2437876199469,617.590659478334
3647.7029999999795,621.2554990672699,617.590659478334
3648.0320000000065,621.2487252385724,617.590659478334
3648.3910000000615,621.243893669484,617.590659478334
3648.734999999986,621.2459228410343,617.590659478334
3649.0779999999795,621.2399980279762,617.590659478334
3649.4220000000205,621.2463945379787,617.590659478334
3649.7660000000615,621.2589024887029,617.590659478334
3650.109999999986,621.2521533453273,617.590659478334
3650.4529999999795,621.254085515196,617.590659478334
3650.7970000000205,621.245222006891,617.590659478334
3651.1410000000615,621.255614654033,617.590659478334
3651.484999999986,621.2519591164084,617.590659478334
3651.859999999986,621.2463226006481,617.590659478334
3652.1879999999655,621.2512477752563,617.590659478334
3652.5470000000205,621.2539246502298,617.590659478334
3652.9070000000065,621.2511360830837,617.590659478334
3653.234999999986,621.2608452357434,617.590659478334
3653.594000000041,621.2502781615052,617.590659478334
3653.9529999999795,621.2525035904652,617.590659478334
3654.2970000000205,621.2519340625859,617.590659478334
3654.6410000000615,621.2585421393637,617.590659478334
3655.0,621.2450649600767,617.590659478334
3655.359999999986,621.2575153576691,617.590659478334
3655.7029999999795,621.2513824536225,617.590659478334
3656.0470000000205,621.2513475298487,617.590659478334
3656.3910000000615,621.2570878013803,617.590659478334
3656.734999999986,621.251272063585,617.590659478334
3657.0629999999655,621.2570655087617,617.590659478334
3657.4070000000065,621.2654446911145,617.590659478334
3657.734999999986,621.2796077419397,617.590659478334
3658.094000000041,621.2523070322591,617.590659478334
3658.4379999999655,621.237720827124,617.590659478334
3658.7820000000065,621.2383467424459,617.590659478334
3659.125,621.2269385313678,617.590659478334
3659.469000000041,621.2335167242592,617.590659478334
3659.8279999999795,621.2277922415658,617.590659478334
3660.1720000000205,621.2252500840897,617.590659478334
3660.5160000000615,621.2228380130096,617.590659478334
3660.859999999986,621.2236891136054,617.590659478334
3661.2029999999795,621.2163303184165,617.590659478334
3661.5470000000205,621.2113270992373,617.590659478334
3661.8910000000615,621.2039962595071,617.590659478334
3662.234999999986,621.1950446976338,617.590659478334
3662.5779999999795,621.2003233772123,617.590659478334
3662.9379999999655,621.1976085560433,617.590659478334
3663.2820000000065,621.1930115080396,617.590659478334
3663.625,621.1917008945259,617.590659478334
3663.969000000041,621.1878711302501,617.590659478334
3664.3129999999655,621.1927112754441,617.590659478334
3664.6570000000065,621.1917075732416,617.590659478334
3665.0,621.1829935678785,617.590659478334
3665.344000000041,621.1793695962042,617.590659478334
3665.6879999999655,621.1878637519787,617.590659478334
3666.0320000000065,621.1804716465125,617.590659478334
3666.4070000000065,621.1866825888004,617.590659478334
3666.7660000000615,621.173363757257,617.590659478334
3667.109999999986,621.1796792803264,617.590659478334
3667.4529999999795,621.1718921861864,617.590659478334
3667.7970000000205,621.1802762535248,617.590659478334
3668.1410000000615,621.1666772587679,617.590659478334
3668.484999999986,621.177936514833,617.590659478334
3668.8279999999795,621.173565961145,617.590659478334
3669.1879999999655,621.1693994204907,617.590659478334
3669.5320000000065,621.1717381194558,617.590659478334
3669.875,621.1715043172768,617.590659478334
3670.219000000041,621.1605868272205,617.590659478334
3670.5629999999655,621.1623444325562,617.590659478334
3670.9070000000065,621.16611492856,617.590659478334
3671.2660000000615,621.1698283070833,617.590659478334
3671.594000000041,621.169082392105,617.590659478334
3671.9379999999655,621.1570840418865,617.590659478334
3672.2820000000065,621.1585101989328,617.590659478334
3672.625,621.1662580751735,617.590659478334
3672.969000000041,621.1640984083036,617.590659478334
3673.3129999999655,621.1650401772845,617.590659478334
3673.6570000000065,621.1586103472181,617.590659478334
3674.0,621.160477489407,617.590659478334
3674.344000000041,621.1559924031928,617.590659478334
3674.6879999999655,621.1585455418923,617.590659478334
3675.0320000000065,621.1557489390485,617.590659478334
3675.375,621.1555203661032,617.590659478334
3675.734999999986,621.161367972598,617.590659478334
3676.0629999999655,621.1567036173029,617.590659478334
3676.4070000000065,621.1569415985443,617.590659478334
3676.7660000000615,621.1590972152585,617.590659478334
3677.109999999986,621.15616991275,617.590659478334
3677.4529999999795,621.1610798767547,617.590659478334
3677.8129999999655,621.1540919709581,617.590659478334
3678.1570000000065,621.145932168137,617.590659478334
3678.484999999986,621.1547728325921,617.590659478334
3678.8279999999795,621.1460790104856,617.590659478334
3679.1720000000205,621.1455905575344,617.590659478334
3679.5160000000615,621.1455563400858,617.590659478334
3679.875,621.144700832719,617.590659478334
3680.219000000041,621.1419741530639,617.590659478334
3680.5629999999655,621.1520001150079,617.590659478334
3680.9070000000065,621.1471145316756,617.590659478334
3681.2660000000615,621.1406513532003,617.590659478334
3681.609999999986,621.1502637552228,617.590659478334
3681.9529999999795,621.1501449508344,617.590659478334
3682.2970000000205,621.1459282729097,617.590659478334
3682.6410000000615,621.144133114076,617.590659478334
3683.0,621.1482979761029,617.590659478334
3683.3279999999795,621.1485761281431,617.590659478334
3683.6720000000205,621.1455525601036,617.590659478334
3684.0160000000615,621.1368679350626,617.590659478334
3684.359999999986,621.1477062171549,617.590659478334
3684.719000000041,621.1456302645921,617.590659478334
3685.0629999999655,621.1398041693094,617.590659478334
3685.4070000000065,621.1504080081578,617.590659478334
3685.75,621.1458587548857,617.590659478334
3686.094000000041,621.1457003169967,617.590659478334
3686.4379999999655,621.1504593447041,617.590659478334
3686.7820000000065,621.1418567462407,617.590659478334
3687.125,621.1361013224483,617.590659478334
3687.484999999986,621.1405184216436,617.590659478334
3687.844000000041,621.1437154044258,617.590659478334
3688.1879999999655,621.1387130954957,617.590659478334
3688.5320000000065,621.1272715368235,617.590659478334
3688.875,621.1370506900519,617.590659478334
3689.234999999986,621.1329075958054,617.590659478334
3689.5629999999655,621.1292319885838,617.590659478334
3689.9070000000065,621.1446050926696,617.590659478334
3690.25,621.1363657273237,617.590659478334
3690.594000000041,621.1362549952569,617.590659478334
3690.9379999999655,621.1401020907624,617.590659478334
3691.2820000000065,621.1331947029574,617.590659478334
3691.6410000000615,621.1343523073907,617.590659478334
3691.969000000041,621.1392992041294,617.590659478334
3692.3129999999655,621.1311739352925,617.590659478334
3692.6720000000205,621.1402597269068,617.590659478334
3693.0160000000615,621.1357620506611,617.590659478334
3693.359999999986,621.1280493859784,617.590659478334
3693.7029999999795,621.1300821439136,617.590659478334
3694.0470000000205,621.1407751545586,617.590659478334
3694.3910000000615,621.1343087304759,617.590659478334
3694.734999999986,621.1260449516114,617.590659478334
3695.0779999999795,621.1342246109498,617.590659478334
3695.4379999999655,621.1270697580303,617.590659478334
3695.7660000000615,621.1259107512496,617.590659478334
3696.109999999986,621.1330558983071,617.590659478334
3696.4529999999795,621.1379725221897,617.590659478334
3696.8129999999655,621.1322203401014,617.590659478334
3697.1410000000615,621.1289266029088,617.590659478334
3697.5,621.1276028259333,617.590659478334
3697.844000000041,621.135141014609,617.590659478334
3698.1879999999655,621.1288306816683,617.590659478334
3698.5320000000065,621.1344390155454,617.590659478334
3698.8910000000615,621.1361843300641,617.590659478334
3699.234999999986,621.1291639231645,617.590659478334
3699.5779999999795,621.1299269870314,617.590659478334
3699.9220000000205,621.1280208043441,617.590659478334
3700.2660000000615,621.128744068201,617.590659478334
3700.609999999986,621.1393127899995,617.590659478334
3700.9529999999795,621.1299615269673,617.590659478334
3701.3129999999655,621.1252435529171,617.590659478334
3701.6570000000065,621.1257843019124,617.590659478334
3702.0,621.1304347108529,617.590659478334
3702.344000000041,621.1296725851698,617.590659478334
3702.6879999999655,621.123472111802,617.590659478334
3703.0470000000205,621.1243266704214,617.590659478334
3703.3910000000615,621.126402644824,617.590659478334
3703.734999999986,621.1281693749631,617.590659478334
3704.0779999999795,621.1135687338362,617.590659478334
3704.4220000000205,621.1200250790436,617.590659478334
3704.7660000000615,621.1255439902001,617.590659478334
3705.109999999986,621.1208277630478,617.590659478334
3705.4379999999655,621.1298624766583,617.590659478334
3705.7970000000205,621.1182622556835,617.590659478334
3706.1410000000615,621.1207006613375,617.590659478334
3706.484999999986,621.1252391562067,617.590659478334
3706.8279999999795,621.1237672189219,617.590659478334
3707.1720000000205,621.1195456975299,617.590659478334
3707.5160000000615,621.1225899319165,617.590659478334
3707.859999999986,621.1192582979546,617.590659478334
3708.2029999999795,621.1167438737082,617.590659478334
3708.5470000000205,621.1077195509615,617.590659478334
3708.8910000000615,621.1199350528068,617.590659478334
3709.25,621.114998193411,617.590659478334
3709.594000000041,621.1237175211741,617.590659478334
3709.9379999999655,621.1183364758017,617.590659478334
3710.2970000000205,621.1266395339669,617.590659478334
3710.625,621.1196929843535,617.590659478334
3710.969000000041,621.1168567039268,617.590659478334
3711.3129999999655,621.1212631025695,617.590659478334
3711.6570000000065,621.1167317737259,617.590659478334
3712.0160000000615,621.1108285362423,617.590659478334
3712.344000000041,621.1146740358461,617.590659478334
3712.7029999999795,621.1182732315449,617.590659478334
3713.0470000000205,621.1251203395266,617.590659478334
3713.3910000000615,621.1147414916445,617.590659478334
3713.734999999986,621.1179927072526,617.590659478334
3714.094000000041,621.1190608625831,617.590659478334
3714.469000000041,621.121138481196,617.590659478334
3714.8129999999655,621.1138798999856,617.590659478334
3715.1570000000065,621.1140329928593,617.590659478334
3715.5,621.1231519279094,617.590659478334
3715.844000000041,621.1188571627441,617.590659478334
3716.1879999999655,621.1150825885359,617.590659478334
3716.5320000000065,621.1120344410998,617.590659478334
3716.875,621.1173757838302,617.590659478334
3717.219000000041,621.1202797023183,617.590659478334
3717.5629999999655,621.1185320377921,617.590659478334
3717.9070000000065,621.1193993667188,617.590659478334
3718.25,621.1098629677433,617.590659478334
3718.594000000041,621.1079424675978,617.590659478334
3718.9379999999655,621.1193752592931,617.590659478334
3719.2820000000065,621.135530953917,617.590659478334
3719.625,620.9504341190077,617.590659478334
3719.969000000041,620.5991861759651,617.590659478334
3720.3129999999655,620.4797828620594,617.590659478334
3720.6570000000065,620.4443002176583,617.590659478334
3721.0,620.4251603574835,617.590659478334
3721.344000000041,620.3973620497344,617.590659478334
3721.6879999999655,620.3952322067045,617.590659478334
3722.0320000000065,620.3820093280658,617.590659478334
3722.375,620.3758659883404,617.590659478334
3722.719000000041,620.3697211312983,617.590659478334
3723.0629999999655,620.364703219495,617.590659478334
3723.4070000000065,620.360050866119,617.590659478334
3723.75,620.3593374248757,617.590659478334
3724.094000000041,620.3546218228508,617.590659478334
3724.4220000000205,620.3559728158205,617.590659478334
3724.7820000000065,620.3521073551431,617.590659478334
3725.125,620.3524948316843,617.590659478334
3725.469000000041,620.3473043471845,617.590659478334
3725.8129999999655,620.3438573717917,617.590659478334
3726.1570000000065,620.3400618077976,617.590659478334
3726.5,620.3471360376266,617.590659478334
3726.859999999986,620.3437504363362,617.590659478334
3727.1879999999655,620.339411071582,617.590659478334
3727.5320000000065,620.3371541125153,617.590659478334
3727.859999999986,620.3336852915156,617.590659478334
3728.2029999999795,620.3364303809296,617.590659478334
3728.5629999999655,620.3364864036004,617.590659478334
3728.8910000000615,620.3348949776577,617.590659478334
3729.234999999986,620.3341660967241,617.590659478334
3729.5779999999795,620.3378177299877,617.590659478334
3729.9220000000205,620.3394438540608,617.590659478334
3730.2660000000615,620.3367846569336,617.590659478334
3730.594000000041,620.3422616811606,617.590659478334
3730.9529999999795,620.3384608564943,617.590659478334
3731.2970000000205,620.3354059921184,617.590659478334
3731.6410000000615,620.3313232025026,617.590659478334
3731.969000000041,620.3274933850089,617.590659478334
3732.3129999999655,620.3322621659104,617.590659478334
3732.6570000000065,620.349506373432,617.590659478334
3733.0,620.3658987086375,617.590659478334
3733.359999999986,620.3461549506344,617.590659478334
3733.7029999999795,620.3495698093506,617.590659478334
3734.0470000000205,620.3490071790836,617.590659478334
3734.3910000000615,620.3480097075615,617.590659478334
3734.734999999986,620.3392269242263,617.590659478334
3735.094000000041,620.3348858656819,617.590659478334
3735.4220000000205,620.3349982378016,617.590659478334
3735.7820000000065,620.3307549693859,617.590659478334
3736.125,620.3294396049623,617.590659478334
3736.469000000041,620.3307752828837,617.590659478334
3736.7970000000205,620.3260974260722,617.590659478334
3737.1410000000615,620.319652533053,617.590659478334
3737.484999999986,620.3307899848693,617.590659478334
3737.8279999999795,620.3256636094541,617.590659478334
3738.1720000000205,620.3213614797711,617.590659478334
3738.5,620.3262214182863,617.590659478334
3738.859999999986,620.3294252181122,617.590659478334
3739.2029999999795,620.3262616286573,617.590659478334
3739.5470000000205,620.3232532994771,617.590659478334
3739.875,620.3231348892073,617.590659478334
3740.219000000041,620.322061651202,617.590659478334
3740.5629999999655,620.3269708974229,617.590659478334
3740.9070000000065,620.321242262417,617.590659478334
3741.2660000000615,620.3239036225568,617.590659478334
3741.609999999986,620.3294470063947,617.590659478334
3741.9379999999655,620.326151498035,617.590659478334
3742.2820000000065,620.3244676201664,617.590659478334
3742.625,620.3163162982864,617.590659478334
3742.969000000041,620.323012755738,617.590659478334
3743.3129999999655,620.3193492421491,617.590659478334
3743.6570000000065,620.321904713686,617.590659478334
3744.0,620.3230446186489,617.590659478334
3744.344000000041,620.3153529991617,617.590659478334
3744.6720000000205,620.3151073506431,617.590659478334
3745.0160000000615,620.3190938315724,617.590659478334
3745.375,620.3241800824932,617.590659478334
3745.7029999999795,620.3169736824548,617.590659478334
3746.0470000000205,620.3335142856544,617.590659478334
3746.3910000000615,620.3321727671957,617.590659478334
3746.734999999986,620.338243588337,617.590659478334
3747.0779999999795,620.3679604412582,617.590659478334
3747.4220000000205,620.3750620593091,617.590659478334
3747.7660000000615,620.3676550263325,617.590659478334
3748.094000000041,620.3673749648249,617.590659478334
3748.4379999999655,620.3669324749401,617.590659478334
3748.7970000000205,620.3625588231127,617.590659478334
3749.1410000000615,620.3690275170064,617.590659478334
3749.484999999986,620.3560853953287,617.590659478334
3749.844000000041,620.3443500322119,617.590659478334
3750.1720000000205,620.353656702054,617.590659478334
3750.5320000000065,620.359369691194,617.590659478334
3750.875,620.3480067397932,617.590659478334
3751.219000000041,620.3436200883557,617.590659478334
3751.5629999999655,620.3437328801506,617.590659478334
3751.9070000000065,620.3482557118188,617.590659478334
3752.25,620.3432506154786,617.590659478334
3752.594000000041,620.3404664130542,617.590659478334
3752.9379999999655,620.3375581358493,617.590659478334
3753.2820000000065,620.3482369452184,617.590659478334
3753.625,620.3369955411395,617.590659478334
3753.969000000041,620.3380151177314,617.590659478334
3754.2970000000205,620.3333154623441,617.590659478334
3754.6570000000065,620.3330105951429,617.590659478334
3755.0,620.3433959342818,617.590659478334
3755.344000000041,620.3315976600371,617.590659478334
3755.6879999999655,620.3304686612765,617.590659478334
3756.0320000000065,620.3257343650329,617.590659478334
3756.3910000000615,620.3217188555436,617.590659478334
3756.734999999986,620.3380317055073,617.590659478334
3757.0779999999795,620.3360229552296,617.590659478334
3757.4220000000205,620.3251993672959,617.590659478334
3757.7660000000615,620.3316651198119,617.590659478334
3758.109999999986,620.3307722151741,617.590659478334
3758.4529999999795,620.3252447901427,617.590659478334
3758.7970000000205,620.3349972730808,617.590659478334
3759.1570000000065,620.3347296098906,617.590659478334
3759.5,620.327782389139,617.590659478334
3759.844000000041,620.3499003450695,617.590659478334
3760.1879999999655,620.3622687678707,617.590659478334
3760.5160000000615,620.3394945762432,617.590659478334
3760.875,620.3344036357557,617.590659478334
3761.2029999999795,620.3357313031826,617.590659478334
3761.5629999999655,620.3428631444314,617.590659478334
3761.8910000000615,620.332690524688,617.590659478334
3762.234999999986,620.3276573592768,617.590659478334
3762.594000000041,620.3311546026531,617.590659478334
3762.9379999999655,620.3171003642256,617.590659478334
3763.2820000000065,620.3223802922438,617.590659478334
3763.625,620.3170847255326,617.590659478334
3763.969000000041,620.3257534624531,617.590659478334
3764.2970000000205,620.3257857786957,617.590659478334
3764.6410000000615,620.3204217092489,617.590659478334
3764.984999999986,620.3157346315244,617.590659478334
3765.3129999999655,620.3107953863773,617.590659478334
3765.6720000000205,620.3166099065813,617.590659478334
3766.0160000000615,620.3108363661526,617.590659478334
3766.359999999986,620.3189309297262,617.590659478334
3766.719000000041,620.3112909456783,617.590659478334
3767.0629999999655,620.3138946371259,617.590659478334
3767.3910000000615,620.3222256834293,617.590659478334
3767.75,620.3111353474997,617.590659478334
3768.094000000041,620.3107129144565,617.590659478334
3768.4379999999655,620.3174645732198,617.590659478334
3768.7970000000205,620.3120821482561,617.590659478334
3769.1410000000615,620.3191201265203,617.590659478334
3769.484999999986,620.3123564739524,617.590659478334
3769.8279999999795,620.319414948072,617.590659478334
3770.1720000000205,620.3149611010433,617.590659478334
3770.5160000000615,620.3122219603529,617.590659478334
3770.875,620.3145555148217,617.590659478334
3771.234999999986,620.3109543861825,617.590659478334
3771.5779999999795,620.313834388235,617.590659478334
3771.9220000000205,620.324652272776,617.590659478334
3772.2660000000615,620.3188814382237,617.590659478334
3772.594000000041,620.3079749178304,617.590659478334
3772.9529999999795,620.3274023109285,617.590659478334
3773.2970000000205,620.3311382794761,617.590659478334
3773.6410000000615,620.3353139580188,617.590659478334
3773.984999999986,620.344856210449,617.590659478334
3774.3279999999795,620.345199571218,617.590659478334
3774.6720000000205,620.3389248592623,617.590659478334
3775.0160000000615,620.3417120361152,617.590659478334
3775.359999999986,620.338687161656,617.590659478334
3775.719000000041,620.3244529336547,617.590659478334
3776.0779999999795,620.3208870200665,617.590659478334
3776.4220000000205,620.324848666814,617.590659478334
3776.7660000000615,620.3271658490087,617.590659478334
3777.109999999986,620.3236901807205,617.590659478334
3777.4529999999795,620.3264867717902,617.590659478334
3777.7970000000205,620.3218496076673,617.590659478334
3778.1410000000615,620.3227724270271,617.590659478334
3778.484999999986,620.319552036742,617.590659478334
3778.8279999999795,620.3213302331823,617.590659478334
3779.1720000000205,620.32258020091,617.590659478334
3779.5160000000615,620.3266766155958,617.590659478334
3779.859999999986,620.3109368327537,617.590659478334
3780.2029999999795,620.3102746110931,617.590659478334
3780.5629999999655,620.3182157139665,617.590659478334
3780.8910000000615,620.3179332314104,617.590659478334
3781.25,620.3178287180957,617.590659478334
3781.594000000041,620.3096180073368,617.590659478334
3781.9220000000205,620.3116556268723,617.590659478334
3782.2660000000615,620.3063038626868,617.590659478334
3782.609999999986,620.3171944413423,617.590659478334
3782.9529999999795,620.3197747706414,617.590659478334
3783.2970000000205,620.3160431078105,617.590659478334
3783.625,620.311345834298,617.590659478334
3783.969000000041,620.3114185488357,617.590659478334
3784.3129999999655,620.3201108699956,617.590659478334
3784.6570000000065,620.3068491358366,617.590659478334
3785.0,620.3166193640661,617.590659478334
3785.344000000041,620.3097263863095,617.590659478334
3785.7029999999795,620.3091046052855,617.590659478334
3786.0470000000205,620.3111987972107,617.590659478334
3786.4070000000065,620.3263561049877,617.590659478334
3786.75,620.3371958232689,617.590659478334
3787.094000000041,620.4974381733746,617.590659478334
3787.4379999999655,620.7346803743039,617.590659478334
3787.7970000000205,620.8603542788694,617.590659478334
3788.1410000000615,620.9181069653388,617.590659478334
3788.484999999986,620.9640877245132,617.590659478334
3788.8279999999795,620.9869127907865,617.590659478334
3789.1720000000205,621.0025825928266,617.590659478334
3789.5320000000065,621.0123253545246,617.590659478334
3789.875,621.0306907614656,617.590659478334
3790.219000000041,621.0387597502598,617.590659478334
3790.5629999999655,621.0486237684894,617.590659478334
3790.9220000000205,621.0623586880524,617.590659478334
3791.25,621.0685492011219,617.590659478334
3791.609999999986,621.066707843843,617.590659478334
3791.9529999999795,621.079117325455,617.590659478334
3792.2970000000205,621.085018944766,617.590659478334
3792.6570000000065,621.0974908034019,617.590659478334
3793.0,621.1090495394262,617.590659478334
3793.344000000041,621.1001716424425,617.590659478334
3793.7029999999795,621.109496743881,617.590659478334
3794.0470000000205,621.1172266760005,617.590659478334
3794.3910000000615,621.1136052331728,617.590659478334
3794.75,621.1157992114084,617.590659478334
3795.094000000041,621.1252257770905,617.590659478334
3795.4379999999655,621.1285858157654,617.590659478334
3795.7970000000205,621.1243280534707,617.590659478334
3796.1570000000065,621.1278140618294,617.590659478334
3796.5160000000615,621.1396099150218,617.590659478334
3796.844000000041,621.1357054620416,617.590659478334
3797.1879999999655,621.1377066454208,617.590659478334
3797.5320000000065,621.13652420027,617.590659478334
3797.8910000000615,621.1466022755233,617.590659478334
3798.234999999986,621.1485440661583,617.590659478334
3798.5779999999795,621.1451239049383,617.590659478334
3798.9220000000205,621.1539092242551,617.590659478334
3799.2660000000615,621.1535270671533,617.590659478334
3799.609999999986,621.1544845213346,617.590659478334
3799.969000000041,621.1576455209183,617.590659478334
3800.3129999999655,621.1555967487504,617.590659478334
3800.6570000000065,621.1611681628602,617.590659478334
3801.0,621.1602694131501,617.590659478334
3801.359999999986,621.1707509880424,617.590659478334
3801.7029999999795,621.1589051459036,617.590659478334
3802.0470000000205,621.1721366796679,617.590659478334
3802.3910000000615,621.1715935009495,617.590659478334
3802.75,621.1685303071066,617.590659478334
3803.094000000041,621.15914180067,617.590659478334
3803.4379999999655,621.1730171764449,617.590659478334
3803.7970000000205,621.1737870615815,617.590659478334
3804.1410000000615,621.1750326955108,617.590659478334
3804.484999999986,621.1774810587804,617.590659478334
3804.8279999999795,621.1854804042556,617.590659478334
3805.1879999999655,621.1746523002233,617.590659478334
3805.5320000000065,621.1834752295686,617.590659478334
3805.8910000000615,621.183351416906,617.590659478334
3806.234999999986,621.1896737523028,617.590659478334
3806.594000000041,621.1848751387922,617.590659478334
3806.9379999999655,621.1859907668352,617.590659478334
3807.2820000000065,621.1849794723638,617.590659478334
3807.625,621.1902859609594,617.590659478334
3807.984999999986,621.1897916252453,617.590659478334
3808.3279999999795,621.1949485998389,617.590659478334
3808.6879999999655,621.2060698840492,617.590659478334
3809.0470000000205,621.190017626474,617.590659478334
3809.3910000000615,621.1923616505564,617.590659478334
3809.75,621.1905663923765,617.590659478334
3810.094000000041,621.193048747311,617.590659478334
3810.469000000041,621.1971799463488,617.590659478334
3810.8279999999795,621.2061768302209,617.590659478334
3811.1720000000205,621.1952120519159,617.590659478334
3811.5320000000065,621.199702120222,617.590659478334
3811.875,621.2009933765349,617.590659478334
3812.234999999986,621.1940055798163,617.590659478334
3812.5779999999795,621.2056484286112,617.590659478334
3812.9220000000205,621.2053972268731,617.590659478334
3813.2660000000615,621.2015618476669,617.590659478334
3813.609999999986,621.20074461772,617.590659478334
3813.9529999999795,621.2020513643778,617.590659478334
3814.3129999999655,621.2010059721072,617.590659478334
3814.6570000000065,621.2007791313719,617.590659478334
3815.0,621.2052623315308,617.590659478334
3815.344000000041,621.2020629928882,617.590659478334
3815.6879999999655,621.2137265752615,617.590659478334
3816.0320000000065,621.2196251111717,617.590659478334
3816.375,621.2044485491958,617.590659478334
3816.719000000041,621.2070186722466,617.590659478334
3817.0629999999655,621.2119634993498,617.590659478334
3817.4070000000065,621.2083060541781,617.590659478334
3817.75,621.2162205188982,617.590659478334
3818.094000000041,621.217989953905,617.590659478334
3818.4220000000205,621.2149799508314,617.590659478334
3818.7660000000615,621.2222745957552,617.590659478334
3819.109999999986,621.21019922369,617.590659478334
3819.4529999999795,621.2126522580512,617.590659478334
3819.7970000000205,621.2196415168435,617.590659478334
3820.1410000000615,621.2179983253941,617.590659478334
3820.484999999986,621.2202766376774,617.590659478334
3820.8279999999795,621.2157751586521,617.590659478334
3821.1720000000205,621.2262658184831,617.590659478334
3821.5160000000615,621.2198385563345,617.590659478334
3821.859999999986,621.213051859009,617.590659478334
3822.1879999999655,621.2139831215669,617.590659478334
3822.5470000000205,621.2174580562141,617.590659478334
3822.8910000000615,621.2160258790531,617.590659478334
3823.234999999986,621.2304714516941,617.590659478334
3823.5629999999655,621.2273337086609,617.590659478334
3823.9070000000065,621.2245890940877,617.590659478334
3824.25,621.2278356338834,617.590659478334
3824.594000000041,621.2263039093509,617.590659478334
3824.9379999999655,621.227120208428,617.590659478334
3825.2660000000615,621.2267539183609,617.590659478334
3825.609999999986,621.222499368841,617.590659478334
3825.9529999999795,621.2303615967404,617.590659478334
3826.2970000000205,621.2272066549567,617.590659478334
3826.6410000000615,621.2257584650318,617.590659478334
3826.984999999986,621.2221297245908,617.590659478334
3827.3279999999795,621.2372636309213,617.590659478334
3827.6570000000065,621.2291648927016,617.590659478334
3828.0160000000615,621.2271671655519,617.590659478334
3828.359999999986,621.2289310565372,617.590659478334
3828.7029999999795,621.2294786658673,617.590659478334
3829.0470000000205,621.2293503753891,617.590659478334
3829.3910000000615,621.2418904700774,617.590659478334
3829.734999999986,621.2361255017837,617.590659478334
3830.0779999999795,621.2313720600957,617.590659478334
3830.4070000000065,621.2246449764278,617.590659478334
3830.75,621.2304153478021,617.590659478334
3831.094000000041,621.2287856713378,617.590659478334
3831.4379999999655,621.2332996934789,617.590659478334
3831.7820000000065,621.2303523417895,617.590659478334
3832.125,621.2346624347599,617.590659478334
3832.469000000041,621.2325692493582,617.590659478334
3832.844000000041,621.2285931508262,617.590659478334
3833.1879999999655,621.2326221725259,617.590659478334
3833.5320000000065,621.2380237318778,617.590659478334
3833.859999999986,621.2298937583614,617.590659478334
3834.2029999999795,621.2383592499975,617.590659478334
3834.5629999999655,621.2367974705237,617.590659478334
3834.9070000000065,621.2378450704492,617.590659478334
3835.234999999986,621.2429910599157,617.590659478334
3835.594000000041,621.229881366426,617.590659478334
3835.9220000000205,621.2388363023312,617.590659478334
3836.2660000000615,621.2393410560412,617.590659478334
3836.609999999986,621.2321696192996,617.590659478334
3836.9529999999795,621.2456283630222,617.590659478334
3837.2970000000205,621.2398290411173,617.590659478334
3837.625,621.2421465579033,617.590659478334
3837.984999999986,621.2427987322612,617.590659478334
3838.3279999999795,621.2458393063496,617.590659478334
3838.6720000000205,621.2419391799725,617.590659478334
3839.0,621.2371039705442,617.590659478334
3839.344000000041,621.2424154384238,617.590659478334
3839.6879999999655,621.2446271680976,617.590659478334
3840.0160000000615,621.238649125593,617.590659478334
3840.359999999986,621.230997915341,617.590659478334
3840.7029999999795,621.234681497659,617.590659478334
3841.0470000000205,621.2492195767118,617.590659478334
3841.3910000000615,621.2449393888891,617.590659478334
3841.719000000041,621.2458028305215,617.590659478334
3842.0629999999655,621.2489673472389,617.590659478334
3842.4070000000065,621.2486619235877,617.590659478334
3842.75,621.2402079817031,617.590659478334
3843.094000000041,621.2462991178664,617.590659478334
3843.4379999999655,621.2405379695018,617.590659478334
3843.7820000000065,621.2497941081874,617.590659478334
3844.109999999986,621.2391100328696,617.590659478334
3844.4529999999795,621.2468956234073,617.590659478334
3844.7970000000205,621.2490828965348,617.590659478334
3845.1410000000615,621.2485700746564,617.590659478334
3845.484999999986,621.2502903694765,617.590659478334
3845.8279999999795,621.2415116927914,617.590659478334
3846.1720000000205,621.2496421260425,617.590659478334
3846.5160000000615,621.2428580543796,617.590659478334
3846.859999999986,621.2372162985877,617.590659478334
3847.1879999999655,621.2536069226747,617.590659478334
3847.5320000000065,621.2498026302185,617.590659478334
3847.8910000000615,621.2483302341243,617.590659478334
3848.234999999986,621.2526524846253,617.590659478334
3848.5779999999795,621.2435240923926,617.590659478334
3848.9220000000205,621.2534248875523,617.590659478334
3849.2660000000615,621.2545657865533,617.590659478334
3849.609999999986,621.2435160357455,617.590659478334
3849.9379999999655,621.2452577325108,617.590659478334
3850.2820000000065,621.2451106178465,617.590659478334
3850.625,621.24728621396,617.590659478334
3850.969000000041,621.2466507314984,617.590659478334
3851.3129999999655,621.2506456736826,617.590659478334
3851.6570000000065,621.2484463725312,617.590659478334
3852.0,621.2445896616982,617.590659478334
3852.344000000041,621.2537738655037,617.590659478334
3852.6879999999655,621.2403316422802,617.590659478334
3853.0470000000205,621.2499710216891,617.590659478334
3853.375,621.2523650187583,617.590659478334
3853.734999999986,621.2630171659373,617.590659478334
3854.0629999999655,621.2542326621797,617.590659478334
3854.4070000000065,621.2461124957953,617.590659478334
3854.75,621.2469687167049,617.590659478334
3855.094000000041,621.2566094730564,617.590659478334
3855.4379999999655,621.2814605472456,617.590659478334
3855.7820000000065,621.2671827203941,617.590659478334
3856.125,621.2390261554672,617.590659478334
3856.469000000041,621.2328801098408,617.590659478334
3856.8129999999655,621.2234164377124,617.590659478334
3857.1570000000065,621.2247461871382,617.590659478334
3857.5,621.2153228893916,617.590659478334
3857.8279999999795,621.2320327287988,617.590659478334
3858.1720000000205,621.2197116456205,617.590659478334
3858.5160000000615,621.2215698916402,617.590659478334
3858.8910000000615,621.2178820903802,617.590659478334
3859.219000000041,621.2142121231727,617.590659478334
3859.5629999999655,621.2046012024213,617.590659478334
3859.9070000000065,621.2135678161136,617.590659478334
3860.234999999986,621.2031702123387,617.590659478334
3860.594000000041,621.1945936472541,617.590659478334
3860.9379999999655,621.1954265398716,617.590659478334
3861.2820000000065,621.1981352491579,617.590659478334
3861.609999999986,621.1930219708787,617.590659478334
3861.969000000041,621.1873430060115,617.590659478334
3862.2970000000205,621.1849771137522,617.590659478334
3862.6570000000065,621.1922141969019,617.590659478334
3862.984999999986,621.1803559389496,617.590659478334
3863.344000000041,621.1806586607207,617.590659478334
3863.6879999999655,621.1800148115741,617.590659478334
3864.0320000000065,621.1879499215306,617.590659478334
3864.375,621.1797042696604,617.590659478334
3864.7029999999795,621.1762830860723,617.590659478334
3865.0629999999655,621.1769847623664,617.590659478334
3865.4070000000065,621.1704430062559,617.590659478334
3865.734999999986,621.1784649056987,617.590659478334
3866.0779999999795,621.1683418712015,617.590659478334
3866.4220000000205,621.1631037071354,617.590659478334
3866.7820000000065,621.1741722453496,617.590659478334
3867.125,621.1701241299932,617.590659478334
3867.469000000041,621.1722642839861,617.590659478334
3867.8129999999655,621.1675614012688,617.590659478334
3868.1720000000205,621.1650966177931,617.590659478334
3868.5160000000615,621.156457123703,617.590659478334
3868.859999999986,621.1735579191294,617.590659478334
3869.2029999999795,621.1621996199538,617.590659478334
3869.5470000000205,621.1566485563314,617.590659478334
3869.8910000000615,621.1663185418118,617.590659478334
3870.234999999986,621.1614558739824,617.590659478334
3870.594000000041,621.1587925259292,617.590659478334
3870.9379999999655,621.1652336315811,617.590659478334
3871.2820000000065,621.1619887306724,617.590659478334
3871.6410000000615,621.1573068685982,617.590659478334
3871.984999999986,621.1554787669666,617.590659478334
3872.3279999999795,621.1631918679958,617.590659478334
3872.6879999999655,621.1556595904754,617.590659478334
3873.0160000000615,621.1571762212047,617.590659478334
3873.359999999986,621.1565604348233,617.590659478334
3873.7029999999795,621.1643114188166,617.590659478334
3874.0629999999655,621.1540183178206,617.590659478334
3874.4070000000065,621.1530185434491,617.590659478334
3874.75,621.1498050015902,617.590659478334
3875.094000000041,621.1439838122777,617.590659478334
3875.4220000000205,621.1606106938472,617.590659478334
3875.7820000000065,621.1537181825654,617.590659478334
3876.109999999986,621.1505770990296,617.590659478334
3876.4529999999795,621.1519963242298,617.590659478334
3876.8129999999655,621.1606044206949,617.590659478334
3877.1410000000615,621.1451087771493,617.590659478334
3877.484999999986,621.1534684240715,617.590659478334
3877.8279999999795,621.1470011054731,617.590659478334
3878.1879999999655,621.1412474492923,617.590659478334
3878.5160000000615,621.1477048692007,617.590659478334
3878.859999999986,621.153769768265,617.590659478334
3879.2029999999795,621.1543439638883,617.590659478334
3879.5470000000205,621.1426440785715,617.590659478334
3879.875,621.1565453818059,617.590659478334
3880.234999999986,621.1406536604791,617.590659478334
3880.5779999999795,621.146471824013,617.590659478334
3880.9220000000205,621.1410402769106,617.590659478334
3881.2660000000615,621.141230679867,617.590659478334
3881.609999999986,621.146688969132,617.590659478334
3881.969000000041,621.1447046308095,617.590659478334
3882.3129999999655,621.1468026997682,617.590659478334
3882.6410000000615,621.1447556955943,617.590659478334
3882.984999999986,621.1532437815853,617.590659478334
3883.3279999999795,621.1466829514818,617.590659478334
3883.6720000000205,621.1442992883809,617.590659478334
3884.0160000000615,621.1497691600839,617.590659478334
3884.375,621.1473577969947,617.590659478334
3884.719000000041,621.1369486375781,617.590659478334
3885.0629999999655,621.1422002042615,617.590659478334
3885.3910000000615,621.1315147768971,617.590659478334
3885.734999999986,621.1362951735715,617.590659478334
3886.094000000041,621.136024065686,617.590659478334
3886.4379999999655,621.1364990756645,617.590659478334
3886.7820000000065,621.1357620408629,617.590659478334
3887.125,621.1410707051971,617.590659478334
3887.469000000041,621.1346360606459,617.590659478334
3887.8129999999655,621.1371771675718,617.590659478334
3888.1570000000065,621.1472059820309,617.590659478334
3888.5,621.1402937450346,617.590659478334
3888.844000000041,621.13744718644,617.590659478334
3889.1879999999655,621.1391525537448,617.590659478334
3889.5320000000065,621.1352786198554,617.590659478334
3889.8910000000615,621.1341211385309,617.590659478334
3890.234999999986,621.1357477868871,617.590659478334
3890.5779999999795,621.1331654811917,617.590659478334
3890.9220000000205,621.1368260339245,617.590659478334
3891.2820000000065,621.133764922351,617.590659478334
3891.625,621.128671566754,617.590659478334
3891.969000000041,621.1422544046072,617.590659478334
3892.3129999999655,621.1336704843822,617.590659478334
3892.6570000000065,621.1247747180942,617.590659478334
3893.0,621.1317314412341,617.590659478334
3893.344000000041,621.1328807595387,617.590659478334
3893.6879999999655,621.1234340407863,617.590659478334
3894.0320000000065,621.1329554287628,617.590659478334
3894.469000000041,621.1281513145985,617.590659478334
3894.8279999999795,621.1313076087425,617.590659478334
3895.1879999999655,621.1300269266999,617.590659478334
3895.5320000000065,621.1319253705984,617.590659478334
3895.875,621.1278932638355,617.590659478334
3896.219000000041,621.1185634527776,617.590659478334
3896.5629999999655,621.1301437728234,617.590659478334
3896.9070000000065,621.1227648505615,617.590659478334
3897.25,621.1307529221872,617.590659478334
3897.594000000041,621.1277214209248,617.590659478334
3897.9529999999795,621.1212517505214,617.590659478334
3898.2970000000205,621.1300329932235,617.590659478334
3898.625,621.1293802795844,617.590659478334
3898.984999999986,621.1320423469498,617.590659478334
3899.3279999999795,621.1342552880442,617.590659478334
3899.6720000000205,621.1281114654158,617.590659478334
3900.0160000000615,621.1274223024212,617.590659478334
3900.375,621.1223954554014,617.590659478334
3900.719000000041,621.1224369999632,617.590659478334
3901.0629999999655,621.1218418079261,617.590659478334
3901.4220000000205,621.1324599517692,617.590659478334
3901.7660000000615,621.1260749510209,617.590659478334
3902.109999999986,621.1198454539845,617.590659478334
3902.4529999999795,621.1212096195167,617.590659478334
3902.7970000000205,621.1136429078318,617.590659478334
3903.1410000000615,621.1261882460301,617.590659478334
3903.484999999986,621.1261189317781,617.590659478334
3903.8279999999795,621.1204860962209,617.590659478334
3904.1720000000205,621.1243247551985,617.590659478334
3904.5160000000615,621.1189217815233,617.590659478334
3904.859999999986,621.1172701450429,617.590659478334
3905.219000000041,621.1258601518672,617.590659478334
3905.5629999999655,621.1190052181983,617.590659478334
3905.9070000000065,621.1183113610065,617.590659478334
3906.2660000000615,621.121032838446,617.590659478334
3906.625,621.113589282822,617.590659478334
3906.984999999986,621.1277478938935,617.590659478334
3907.3279999999795,621.1153792233824,617.590659478334
3907.6720000000205,621.1189358688821,617.590659478334
3908.0160000000615,621.1152791409892,617.590659478334
3908.375,621.1190310290668,617.590659478334
3908.719000000041,621.1118161533773,617.590659478334
3909.0629999999655,621.1148564969424,617.590659478334
3909.4070000000065,621.1144516390149,617.590659478334
3909.75,621.1142637882214,617.590659478334
3910.094000000041,621.1174587014455,617.590659478334
3910.4379999999655,621.1158831993804,617.590659478334
3910.7820000000065,621.1131373535133,617.590659478334
3911.1410000000615,621.1170499444006,617.590659478334
3911.484999999986,621.1175881685378,617.590659478334
3911.8279999999795,621.1164772495596,617.590659478334
3912.1720000000205,621.1129363329171,617.590659478334
3912.5160000000615,621.1208931803625,617.590659478334
3912.859999999986,621.1120263207193,617.590659478334
3913.2029999999795,621.1042596631574,617.590659478334
3913.5470000000205,621.1176695265302,617.590659478334
3913.8910000000615,621.1152589764446,617.590659478334
3914.25,621.1134923008136,617.590659478334
3914.594000000041,621.1045640587618,617.590659478334
3914.9379999999655,621.1186928384818,617.590659478334
3915.2820000000065,621.1133673314274,617.590659478334
3915.625,621.1116352074101,617.590659478334
3915.969000000041,621.1151249227581,617.590659478334
3916.3129999999655,621.1101813812056,617.590659478334
3916.6570000000065,621.1164727736534,617.590659478334
3917.0,621.1097337367386,617.590659478334
3917.344000000041,621.1283898274961,617.590659478334
3917.6879999999655,621.046252110566,617.590659478334
3918.0320000000065,620.6485506309004,617.590659478334
3918.4529999999795,620.4957069636897,617.590659478334
3918.7970000000205,620.4447879508275,617.590659478334
3919.1570000000065,620.4238189089456,617.590659478334
3919.484999999986,620.397366078009,617.590659478334
3919.8279999999795,620.3984710286752,617.590659478334
3920.1720000000205,620.3796285805764,617.590659478334
3920.5160000000615,620.3757142222997,617.590659478334
3920.859999999986,620.3720284703312,617.590659478334
3921.2029999999795,620.365193826652,617.590659478334
3921.5470000000205,620.3610813536914,617.590659478334
3921.8910000000615,620.353799027953,617.590659478334
3922.25,620.3506058433692,617.590659478334
3922.594000000041,620.3451108550535,617.590659478334
3922.9379999999655,620.3554838798156,617.590659478334
3923.2820000000065,620.3471711007163,617.590659478334
3923.625,620.3531494710543,617.590659478334
3923.969000000041,620.3489091901808,617.590659478334
3924.3129999999655,620.3510877149166,617.590659478334
3924.6720000000205,620.3425389220113,617.590659478334
3925.0160000000615,620.3416261409213,617.590659478334
3925.344000000041,620.3401589208729,617.590659478334
3925.7029999999795,620.336892009761,617.590659478334
3926.0629999999655,620.3377104693736,617.590659478334
3926.4070000000065,620.340300094155,617.590659478334
3926.734999999986,620.3331941725512,617.590659478334
3927.094000000041,620.3340165045284,617.590659478334
3927.4379999999655,620.346932524855,617.590659478334
3927.7820000000065,620.3327074416753,617.590659478334
3928.125,620.3330958758249,617.590659478334
3928.469000000041,620.3379493140046,617.590659478334
3928.8129999999655,620.3315429968627,617.590659478334
3929.1570000000065,620.3334807925211,617.590659478334
3929.5,620.3289113850407,617.590659478334
3929.844000000041,620.3353222698064,617.590659478334
3930.1879999999655,620.3340015899819,617.590659478334
3930.5320000000065,620.3335904853353,617.590659478334
3930.875,620.3593922001637,617.590659478334
3931.219000000041,620.3521257741203,617.590659478334
3931.5629999999655,620.3478504732464,617.590659478334
3931.9070000000065,620.3480584119552,617.590659478334
3932.234999999986,620.3573374147326,617.590659478334
3932.594000000041,620.3371071797899,617.590659478334
3932.9379999999655,620.3400299338463,617.590659478334
3933.2660000000615,620.334561399359,617.590659478334
3933.625,620.3270284190139,617.590659478334
3933.969000000041,620.327648167891,617.590659478334
3934.3129999999655,620.3304033009439,617.590659478334
3934.6570000000065,620.3268505294978,617.590659478334
3935.0,620.325206320124,617.590659478334
3935.359999999986,620.33157833248,617.590659478334
3935.7029999999795,620.3289921479724,617.590659478334
3936.0470000000205,620.3248997638798,617.590659478334
3936.4070000000065,620.3246072045525,617.590659478334
3936.75,620.3258404568395,617.590659478334
3937.094000000041,620.3340295026566,617.590659478334
3937.4379999999655,620.3267428399156,617.590659478334
3937.7820000000065,620.3206151253686,617.590659478334
3938.1410000000615,620.3265925945124,617.590659478334
3938.469000000041,620.3173613231678,617.590659478334
3938.8129999999655,620.3339205054996,617.590659478334
3939.1720000000205,620.3281118661222,617.590659478334
3939.5160000000615,620.3275136513523,617.590659478334
3939.859999999986,620.3182092007993,617.590659478334
3940.2029999999795,620.3222252427122,617.590659478334
3940.5470000000205,620.3292086427155,617.590659478334
3940.9070000000065,620.3216039123213,617.590659478334
3941.25,620.3255853408307,617.590659478334
3941.594000000041,620.3185577958524,617.590659478334
3941.9379999999655,620.323734118452,617.590659478334
3942.2820000000065,620.3184883459477,617.590659478334
3942.6410000000615,620.3223569794943,617.590659478334
3942.984999999986,620.3200827447163,617.590659478334
3943.3129999999655,620.3213644134386,617.590659478334
3943.6720000000205,620.321068906263,617.590659478334
3944.0160000000615,620.324791751471,617.590659478334
3944.375,620.3383495039906,617.590659478334
3944.719000000041,620.3448522232597,617.590659478334
3945.0629999999655,620.3673597188181,617.590659478334
3945.4070000000065,620.370530409692,617.590659478334
3945.75,620.3657710929797,617.590659478334
3946.094000000041,620.3721014752588,617.590659478334
3946.4379999999655,620.3673950231446,617.590659478334
3946.8279999999795,620.3630565336499,617.590659478334
3947.1720000000205,620.3683039106762,617.590659478334
3947.5160000000615,620.3584494703894,617.590659478334
3947.859999999986,620.3449394052919,617.590659478334
3948.2029999999795,620.3567561504005,617.590659478334
3948.5470000000205,620.3467951348256,617.590659478334
3948.8910000000615,620.3467293256078,617.590659478334
3949.234999999986,620.339868964578,617.590659478334
3949.5779999999795,620.346477370973,617.590659478334
3949.9220000000205,620.3434447138071,617.590659478334
3950.2660000000615,620.3357352436698,617.590659478334
3950.609999999986,620.3487056233706,617.590659478334
3950.9529999999795,620.3446154077445,617.590659478334
3951.2970000000205,620.3359477272461,617.590659478334
3951.6410000000615,620.3387555765752,617.590659478334
3951.969000000041,620.3422757021988,617.590659478334
3952.3279999999795,620.3346384497048,617.590659478334
3952.6720000000205,620.3465554733119,617.590659478334
3953.0160000000615,620.335056101531,617.590659478334
3953.344000000041,620.3330076847129,617.590659478334
3953.7029999999795,620.3384132329198,617.590659478334
3954.0320000000065,620.3264774248287,617.590659478334
3954.469000000041,620.3459763787804,617.590659478334
3954.8129999999655,620.3368876727365,617.590659478334
3955.1570000000065,620.3299064295007,617.590659478334
3955.5,620.3319594877913,617.590659478334
3955.844000000041,620.3288802528114,617.590659478334
3956.1879999999655,620.3358861157643,617.590659478334
3956.5320000000065,620.3332152421708,617.590659478334
3956.8910000000615,620.3354858638186,617.590659478334
3957.219000000041,620.3319587027732,617.590659478334
3957.5779999999795,620.3309625992239,617.590659478334
3957.9070000000065,620.3552924246086,617.590659478334
3958.25,620.3605406413355,617.590659478334
3958.609999999986,620.3410492405892,617.590659478334
3958.9379999999655,620.3372649292221,617.590659478334
3959.2970000000205,620.3429611301575,617.590659478334
3959.6410000000615,620.3422234912875,617.590659478334
3959.969000000041,620.340793331921,617.590659478334
3960.3279999999795,620.3306346719916,617.590659478334
3960.6570000000065,620.3298700258105,617.590659478334
3961.0,620.3305064673439,617.590659478334
3961.344000000041,620.3216390786455,617.590659478334
3961.6879999999655,620.3298186561949,617.590659478334
3962.0320000000065,620.3246488009987,617.590659478334
3962.359999999986,620.3163798980015,617.590659478334
3962.7029999999795,620.3220276690076,617.590659478334
3963.0470000000205,620.3220608870422,617.590659478334
3963.3910000000615,620.316719286545,617.590659478334
3963.734999999986,620.3176489343386,617.590659478334
3964.0779999999795,620.317679853146,617.590659478334
3964.4220000000205,620.3229569907329,617.590659478334
3964.7660000000615,620.3151008554553,617.590659478334
3965.109999999986,620.3184216080813,617.590659478334
3965.4529999999795,620.3252657435157,617.590659478334
3965.7970000000205,620.3199152272261,617.590659478334
3966.1410000000615,620.3361588455033,617.590659478334
3966.484999999986,620.3488270493654,617.590659478334
3966.8129999999655,620.3419987121008,617.590659478334
3967.1720000000205,620.3361593175968,617.590659478334
3967.5160000000615,620.346039212055,617.590659478334
3967.859999999986,620.3331323721185,617.590659478334
3968.2029999999795,620.3361835528083,617.590659478334
3968.5470000000205,620.3328704734097,617.590659478334
3968.9070000000065,620.3346575099898,617.590659478334
3969.234999999986,620.3309828500417,617.590659478334
3969.5779999999795,620.3235757874629,617.590659478334
3969.9220000000205,620.3320235641925,617.590659478334
3970.2660000000615,620.3276482115429,617.590659478334
3970.609999999986,620.333847488373,617.590659478334
3970.9529999999795,620.3251369662814,617.590659478334
3971.2820000000065,620.3210243181793,617.590659478334
3971.6410000000615,620.3220773219391,617.590659478334
3971.984999999986,620.3255770727235,617.590659478334
3972.3129999999655,620.315409128099,617.590659478334
3972.6720000000205,620.3172559293794,617.590659478334
3973.0320000000065,620.3162830241523,617.590659478334
3973.359999999986,620.3175251233635,617.590659478334
3973.719000000041,620.325628591577,617.590659478334
3974.0629999999655,620.3238914525095,617.590659478334
3974.4070000000065,620.319727480091,617.590659478334
3974.75,620.3148938240441,617.590659478334
3975.094000000041,620.3185917655705,617.590659478334
3975.4379999999655,620.3115456753978,617.590659478334
3975.7820000000065,620.3204803095616,617.590659478334
3976.125,620.3227447455363,617.590659478334
3976.4529999999795,620.3163993225487,617.590659478334
3976.8129999999655,620.3205639587208,617.590659478334
3977.1570000000065,620.3054765831768,617.590659478334
3977.5,620.3150769799577,617.590659478334
3977.844000000041,620.3142632847399,617.590659478334
3978.1720000000205,620.3156939160899,617.590659478334
3978.5,620.3156613904305,617.590659478334
3978.859999999986,620.3087175064322,617.590659478334
3979.2029999999795,620.3085776207025,617.590659478334
3979.5470000000205,620.3137734447885,617.590659478334
3979.8910000000615,620.3131574243433,617.590659478334
3980.234999999986,620.3111441038174,617.590659478334
3980.5779999999795,620.3165096767584,617.590659478334
3980.9379999999655,620.3189555088677,617.590659478334
3981.2660000000615,620.3103894118435,617.590659478334
3981.625,620.3168075093442,617.590659478334
3981.969000000041,620.3084098096401,617.590659478334
3982.3129999999655,620.3145551196251,617.590659478334
3982.6570000000065,620.3146392634881,617.590659478334
3983.0160000000615,620.3018435135192,617.590659478334
3983.359999999986,620.3164401797717,617.590659478334
3983.7029999999795,620.318548842038,617.590659478334
3984.0470000000205,620.3107863103837,617.590659478334
3984.3910000000615,620.3133073731017,617.590659478334
3984.734999999986,620.311021603565,617.590659478334
3985.094000000041,620.3080853597285,617.590659478334
3985.4379999999655,620.3112395926862,617.590659478334
3985.7820000000065,620.3123340985038,617.590659478334
3986.125,620.3119033653667,617.590659478334
3986.469000000041,620.3185857023369,617.590659478334
3986.8129999999655,620.3082950738135,617.590659478334
3987.1570000000065,620.3138446130575,617.590659478334
3987.5,620.3087115611332,617.590659478334
3987.859999999986,620.3112760584385,617.590659478334
3988.2029999999795,620.3111574436771,617.590659478334
3988.5470000000205,620.3103905197669,617.590659478334
3988.9070000000065,620.3131555240099,617.590659478334
3989.25,620.3077001633077,617.590659478334
3989.5779999999795,620.3050109492689,617.590659478334
3989.9379999999655,620.3117968333877,617.590659478334
3990.2820000000065,620.3168823003497,617.590659478334
3990.609999999986,620.3127299055294,617.590659478334
3990.9529999999795,620.3089864631273,617.590659478334
3991.2970000000205,620.3117376823809,617.590659478334
3991.6410000000615,620.3094550543151,617.590659478334
3991.984999999986,620.3134979458205,617.590659478334
3992.3129999999655,620.3109222791669,617.590659478334
3992.6570000000065,620.3182217476883,617.590659478334
3993.0160000000615,620.3102164234477,617.590659478334
3993.359999999986,620.3217673846236,617.590659478334
3993.7029999999795,620.3136437547605,617.590659478334
3994.0470000000205,620.3169258123417,617.590659478334
3994.4070000000065,620.3165044634391,617.590659478334
3994.734999999986,620.3116309226322,617.590659478334
3995.0779999999795,620.3177770593884,617.590659478334
3995.4220000000205,620.3100873154427,617.590659478334
3995.7660000000615,620.3047588569211,617.590659478334
3996.109999999986,620.3071104986042,617.590659478334
3996.4529999999795,620.3102387345654,617.590659478334
3996.8129999999655,620.3103999956488,617.590659478334
3997.1410000000615,620.3118549686398,617.590659478334
3997.5,620.3169485914311,617.590659478334
3997.844000000041,620.3127446249839,617.590659478334
3998.1879999999655,620.3032312708519,617.590659478334
3998.5470000000205,620.3145039601832,617.590659478334
3998.8910000000615,620.3083632845281,617.590659478334
3999.234999999986,620.318917465284,617.590659478334
3999.594000000041,620.3078790485607,617.590659478334
3999.9379999999655,620.3084794142941,617.590659478334
4000.2820000000065,620.3086992467319,617.590659478334
4000.625,620.3103300484768,617.590659478334
4000.9529999999795,620.3111957151623,617.590659478334
4001.2970000000205,620.3079466045085,617.590659478334
4001.6570000000065,620.3103793998031,617.590659478334
4002.0,620.31018117129,617.590659478334
4002.344000000041,620.3172194668113,617.590659478334
4002.7029999999795,620.3070144212016,617.590659478334
4003.0320000000065,620.31736393407,617.590659478334
4003.3910000000615,620.3101273037065,617.590659478334
4003.734999999986,620.3102065039054,617.590659478334
4004.0779999999795,620.3092879636741,617.590659478334
4004.4220000000205,620.3156719164884,617.590659478334
4004.7660000000615,620.3187954282392,617.590659478334
4005.125,620.3122440624832,617.590659478334
4005.469000000041,620.3066512636409,617.590659478334
4005.8129999999655,620.3058417115247,617.590659478334
4006.1570000000065,620.3098918850881,617.590659478334
4006.5,620.3087409627105,617.590659478334
4006.859999999986,620.3062609130458,617.590659478334
4007.2029999999795,620.3121221376489,617.590659478334
4007.5470000000205,620.3088501602365,617.590659478334
4007.8910000000615,620.3106741576147,617.590659478334
4008.25,620.3126845620113,617.590659478334
4008.594000000041,620.3097832611556,617.590659478334
4008.9529999999795,620.3136117250692,617.590659478334
4009.2820000000065,620.3131477369706,617.590659478334
4009.6410000000615,620.3058933925801,617.590659478334
4009.969000000041,620.3075831719598,617.590659478334
4010.3129999999655,620.3119604327616,617.590659478334
4010.6570000000065,620.3128773975374,617.590659478334
4011.0,620.3030849964792,617.590659478334
4011.344000000041,620.306552882063,617.590659478334
4011.6879999999655,620.3111135010507,617.590659478334
4012.0160000000615,620.3061182362981,617.590659478334
4012.359999999986,620.3064858334676,617.590659478334
4012.719000000041,620.307514574772,617.590659478334
4013.0629999999655,620.3136124291512,617.590659478334
4013.4070000000065,620.3142794717455,617.590659478334
4013.75,620.3078071771711,617.590659478334
4014.109999999986,620.3122182993282,617.590659478334
4014.469000000041,620.3128122868545,617.590659478334
4014.8129999999655,620.3125072862848,617.590659478334
4015.1570000000065,620.3102282303684,617.590659478334
4015.5160000000615,620.3112869742179,617.590659478334
4015.844000000041,620.3068714264933,617.590659478334
4016.2029999999795,620.3119723166393,617.590659478334
4016.5470000000205,620.3072932278662,617.590659478334
4016.8910000000615,620.3134817502984,617.590659478334
4017.234999999986,620.3059302486478,617.590659478334
4017.5779999999795,620.3106165124461,617.590659478334
4017.9220000000205,620.3065850557118,617.590659478334
4018.2660000000615,620.3088678831347,617.590659478334
4018.609999999986,620.306253383823,617.590659478334
4018.969000000041,620.3102691654303,617.590659478334
4019.3129999999655,620.3120575034741,617.590659478334
4019.6570000000065,620.3091443317383,617.590659478334
4020.0,620.3104568785886,617.590659478334
4020.3279999999795,620.3087312303819,617.590659478334
4020.6720000000205,620.3196145027636,617.590659478334
4021.0160000000615,620.3043860363493,617.590659478334
4021.359999999986,620.3072562429376,617.590659478334
4021.7029999999795,620.3024111252764,617.590659478334
4022.0470000000205,620.3149679064735,617.590659478334
4022.4070000000065,620.3043191822444,617.590659478334
4022.734999999986,620.3010163789967,617.590659478334
4023.0779999999795,620.3093583882362,617.590659478334
4023.4379999999655,620.3081626442809,617.590659478334
