1,628.6661491462983,617.391657464657
2,628.6667274505443,617.391657464657
3,628.6674300074362,617.391657464657
4,628.6685524628999,617.391657464657
5,628.6813893291701,617.391657464657
6,628.659155654219,617.391657464657
7,628.6771974764052,617.391657464657
8,628.6674428161053,617.391657464657
9,628.6766805289234,617.391657464657
10,628.6675835316858,617.391657464657
11,628.6720550562709,617.391657464657
12,628.663585459847,617.391657464657
13,628.6686727151683,617.391657464657
14,628.6708540735584,617.391657464657
15,628.6738450497688,617.391657464657
16,628.6631433934147,617.391657464657
17,628.6635736395398,617.391657464657
18,628.6660979923017,617.391657464657
19,628.6705425786379,617.391657464657
20,628.6706152281831,617.391657464657
21,628.6753439728747,617.391657464657
22,628.6673363286335,617.391657464657
23,628.6623073029946,617.391657464657
24,628.666685489955,617.391657464657
25,628.674185137005,617.391657464657
26,628.6581925615568,617.391657464657
27,628.6695873371608,617.391657464657
28,628.6694069507064,617.391657464657
29,628.6637194404833,617.391657464657
30,628.6684450947764,617.391657464657
31,628.6648313571375,617.391657464657
32,628.6730557668078,617.391657464657
33,628.666624331824,617.391657464657
34,628.6979248591562,617.391657464657
35,628.706787030454,617.391657464657
36,628.6947926560108,617.391657464657
37,628.6922363480717,617.391657464657
38,628.6974290080742,617.391657464657
39,628.6873888684282,617.391657464657
40,628.6974800199035,617.391657464657
41,628.7062090252649,617.391657464657
42,628.7084450695539,617.391657464657
43,628.7151923119782,617.391657464657
44,628.7097822233767,617.391657464657
45,628.7112371515507,617.391657464657
46,628.707932245581,617.391657464657
47,628.7122621382988,617.391657464657
48,628.7062506416753,617.391657464657
49,628.7241754239004,617.391657464657
50,628.7224870922029,617.391657464657
51,628.71167430534,617.391657464657
52,628.7165655471819,617.391657464657
53,628.7099747390606,617.391657464657
54,628.7222208581588,617.391657464657
55,628.7171063150405,617.391657464657
56,628.7238589870955,617.391657464657
57,628.7312455504646,617.391657464657
58,628.7224288775914,617.391657464657
59,628.7350454210296,617.391657464657
60,628.7340532146111,617.391657464657
61,628.7387248923666,617.391657464657
62,628.7422889724276,617.391657464657
63,628.7340900694435,617.391657464657
64,628.7301791860679,617.391657464657
65,628.74223966428,617.391657464657
66,628.7342560179101,617.391657464657
67,628.7348784290307,617.391657464657
68,628.7384893583427,617.391657464657
69,628.7430806460886,617.391657464657
70,628.7406537609583,617.391657464657
71,628.7497614931767,617.391657464657
72,628.7378556113948,617.391657464657
73,628.7503027286917,617.391657464657
74,628.75067382386,617.391657464657
75,628.7523913515823,617.391657464657
76,628.7523164214447,617.391657464657
77,628.7550386202099,617.391657464657
78,628.7534841637508,617.391657464657
79,628.7529889187957,617.391657464657
80,628.7510488942227,617.391657464657
81,628.7548077877842,617.391657464657
82,628.7492385947988,617.391657464657
83,628.7541119344344,617.391657464657
84,628.7566727758458,617.391657464657
85,628.7581043265786,617.391657464657
86,628.7504548181515,617.391657464657
87,628.7551823313904,617.391657464657
88,628.7608852803077,617.391657464657
89,628.759958900021,617.391657464657
90,628.7653214905117,617.391657464657
91,628.7659415154329,617.391657464657
92,628.7699385121515,617.391657464657
93,628.7622665025395,617.391657464657
94,628.7616707739879,617.391657464657
95,628.7580210012177,617.391657464657
96,628.7677827486141,617.391657464657
97,628.7591491874012,617.391657464657
98,628.7667504699353,617.391657464657
99,628.7622596099513,617.391657464657
100,628.7635136263975,617.391657464657
101,628.7631695601277,617.391657464657
102,628.7649107279041,617.391657464657
103,628.7706500444564,617.391657464657
104,628.7685414589207,617.391657464657
105,628.7701620935168,617.391657464657
106,628.766077494223,617.391657464657
107,628.7647003677217,617.391657464657
108,628.7716839604004,617.391657464657
109,628.7796993288918,617.391657464657
110,628.7761299664959,617.391657464657
111,628.7789041807905,617.391657464657
112,628.7732809304243,617.391657464657
113,628.7823365342664,617.391657464657
114,628.7854315914733,617.391657464657
115,628.7808690669484,617.391657464657
116,628.7805971255848,617.391657464657
117,628.771300520281,617.391657464657
118,628.7794326545369,617.391657464657
119,628.787129413362,617.391657464657
120,628.7790291916001,617.391657464657
121,628.7900627743227,617.391657464657
122,628.7827445333181,617.391657464657
123,628.7864230849598,617.391657464657
124,628.7676993153182,617.391657464657
125,628.7829526303424,617.391657464657
126,628.7847423386463,617.391657464657
127,628.7825410411662,617.391657464657
128,628.7867636243292,617.391657464657
129,628.7916170538825,617.391657464657
130,628.7924006537366,617.391657464657
131,628.784821626614,617.391657464657
132,628.7776605600575,617.391657464657
133,628.7863677375772,617.391657464657
134,628.789757415243,617.391657464657
135,628.8016154115563,617.391657464657
136,628.7927973623738,617.391657464657
137,628.7883947340897,617.391657464657
138,628.7915366415763,617.391657464657
139,628.7930840983753,617.391657464657
140,628.7849186048107,617.391657464657
141,628.7967882347476,617.391657464657
142,628.7995819190104,617.391657464657
143,628.7881917451826,617.391657464657
144,628.7830177427439,617.391657464657
145,628.795430216904,617.391657464657
146,628.7977208076221,617.391657464657
147,628.7955457188884,617.391657464657
148,628.8091298631455,617.391657464657
149,628.8125195471314,617.391657464657
150,628.7943448614877,617.391657464657
151,628.7854126065848,617.391657464657
152,628.7906564182672,617.391657464657
153,628.7946588443039,617.391657464657
154,628.7960186315956,617.391657464657
155,628.7946020063686,617.391657464657
156,628.7996956869194,617.391657464657
157,628.7962189060416,617.391657464657
158,628.7864005770928,617.391657464657
159,628.8058325143066,617.391657464657
160,628.8035035608045,617.391657464657
161,628.7979603292499,617.391657464657
162,628.7949732913206,617.391657464657
163,628.8008642556883,617.391657464657
164,628.801733853625,617.391657464657
165,628.7990770576381,617.391657464657
166,628.80863574816,617.391657464657
167,628.8123041859511,617.391657464657
168,628.7984344720716,617.391657464657
169,628.800481074245,617.391657464657
170,628.7932768449297,617.391657464657
171,628.8019424120777,617.391657464657
172,628.8046299263607,617.391657464657
173,628.8185327846817,617.391657464657
174,628.810278411997,617.391657464657
175,628.8138227935799,617.391657464657
176,628.8116181725826,617.391657464657
177,628.8024358125771,617.391657464657
178,628.809933221836,617.391657464657
179,628.8079683347735,617.391657464657
180,628.8098248927496,617.391657464657
181,628.8027015171174,617.391657464657
182,628.8147117336384,617.391657464657
183,628.8134057812334,617.391657464657
184,628.8216688395083,617.391657464657
185,628.8137989047001,617.391657464657
186,628.8067706531949,617.391657464657
187,628.815874055226,617.391657464657
188,628.8053199080161,617.391657464657
189,628.8168433245977,617.391657464657
190,628.8175959844991,617.391657464657
191,628.8119324865895,617.391657464657
192,628.8105745926244,617.391657464657
193,628.8153962172951,617.391657464657
194,628.8108282018285,617.391657464657
195,628.8058593208386,617.391657464657
196,628.8145746078095,617.391657464657
197,628.8053241994232,617.391657464657
198,628.8172217860804,617.391657464657
199,628.813638622256,617.391657464657
200,628.8112731832445,617.391657464657
201,628.8125666637948,617.391657464657
202,628.8130296633901,617.391657464657
203,628.809218446605,617.391657464657
204,628.8172158730773,617.391657464657
205,628.8186156425342,617.391657464657
206,628.821324941732,617.391657464657
207,628.7990104884684,617.391657464657
208,628.8069596328422,617.391657464657
209,628.8177086601746,617.391657464657
210,628.8108718739978,617.391657464657
211,628.8156503765233,617.391657464657
212,628.8144553829007,617.391657464657
213,628.8041338171327,617.391657464657
214,628.8076084383773,617.391657464657
215,628.8187170785287,617.391657464657
216,628.820086704806,617.391657464657
217,628.8154891113063,617.391657464657
218,628.8115357631079,617.391657464657
219,628.8139777650437,617.391657464657
220,628.8168349570783,617.391657464657
221,628.8138819248283,617.391657464657
222,628.8109590027282,617.391657464657
223,628.8141438220825,617.391657464657
224,628.8074715404287,617.391657464657
225,628.8169781740525,617.391657464657
226,628.8198017108389,617.391657464657
227,628.8128513002429,617.391657464657
228,628.8170203603696,617.391657464657
229,628.8128794785489,617.391657464657
230,628.8218550285237,617.391657464657
231,628.8082950303327,617.391657464657
232,628.820363437766,617.391657464657
233,628.8149521351082,617.391657464657
234,628.8172189026744,617.391657464657
235,628.8222783039736,617.391657464657
236,628.8258683502931,617.391657464657
237,628.8178303168085,617.391657464657
238,628.81838569181,617.391657464657
239,628.8275586508153,617.391657464657
240,628.8152748107187,617.391657464657
241,628.817048463248,617.391657464657
242,628.8254911481027,617.391657464657
243,628.8136679060672,617.391657464657
244,628.8191468031079,617.391657464657
245,628.8326432709249,617.391657464657
246,628.8130027891252,617.391657464657
247,628.8131865114473,617.391657464657
248,628.817018491159,617.391657464657
249,628.8186049445063,617.391657464657
250,628.8258958479294,617.391657464657
251,628.8188631056062,617.391657464657
252,628.8236751368571,617.391657464657
253,628.8501087518254,617.391657464657
254,628.8444655564928,617.391657464657
255,628.8395690461268,617.391657464657
256,628.8412291822565,617.391657464657
257,628.8433539226329,617.391657464657
258,628.841643290623,617.391657464657
259,628.8343955401147,617.391657464657
260,628.8527120945404,617.391657464657
261,628.8475190720619,617.391657464657
262,628.8464085632437,617.391657464657
263,628.8454155201782,617.391657464657
264,628.858333039307,617.391657464657
265,628.8514159452002,617.391657464657
266,628.8974129531239,617.391657464657
267,628.8910746207686,617.391657464657
268,628.884814895526,617.391657464657
269,628.8869339845355,617.391657464657
270,628.8815857263703,617.391657464657
271,628.8636856466429,617.391657464657
272,628.8664246824011,617.391657464657
273,628.8590197093013,617.391657464657
274,628.8710567636732,617.391657464657
275,628.8725644323248,617.391657464657
276,628.8745800464737,617.391657464657
277,628.864907519082,617.391657464657
278,628.8594672539476,617.391657464657
279,628.8767861980011,617.391657464657
280,628.8008631789395,617.391657464657
281,628.7164532392532,617.391657464657
282,628.6690637861882,617.391657464657
283,628.6448656075819,617.391657464657
284,628.6518620117721,617.391657464657
285,628.6572691465558,617.391657464657
286,628.6439642563166,617.391657464657
287,628.6490829889383,617.391657464657
288,628.6371857510027,617.391657464657
289,628.6407587816358,617.391657464657
290,628.6352813897097,617.391657464657
291,628.6398074196114,617.391657464657
292,628.6613675404626,617.391657464657
293,628.633446861599,617.391657464657
294,628.6726226967238,617.391657464657
295,628.6697826667128,617.391657464657
296,628.6619807499457,617.391657464657
297,628.6659919959727,617.391657464657
298,628.6575648738941,617.391657464657
299,628.6632742197484,617.391657464657
300,628.6632410485253,617.391657464657
301,628.66533789529,617.391657464657
302,628.6691639121373,617.391657464657
303,628.6726251787076,617.391657464657
304,628.6668905316161,617.391657464657
305,628.6840990882448,617.391657464657
306,628.6973066975545,617.391657464657
307,628.6604420934423,617.391657464657
308,628.6601030044958,617.391657464657
309,628.6575505224167,617.391657464657
310,628.6406886355829,617.391657464657
311,628.6471908426752,617.391657464657
312,628.6423101935058,617.391657464657
313,628.6351095363257,617.391657464657
314,628.644297352631,617.391657464657
315,628.6424370832248,617.391657464657
316,628.6417954834951,617.391657464657
317,628.644321667964,617.391657464657
318,628.6194446332551,617.391657464657
319,628.6720602692859,617.391657464657
320,628.6667274536662,617.391657464657
321,628.6770750253335,617.391657464657
322,628.675578144995,617.391657464657
323,628.659414424697,617.391657464657
324,628.6864224822461,617.391657464657
325,628.6855064827978,617.391657464657
326,628.6738633246166,617.391657464657
327,628.6795473458643,617.391657464657
328,628.6713526850281,617.391657464657
329,628.6826500918023,617.391657464657
330,628.6704329801217,617.391657464657
331,628.6698718666324,617.391657464657
332,628.6773516711688,617.391657464657
333,628.6720350214283,617.391657464657
334,628.6788749482379,617.391657464657
335,628.6700315937271,617.391657464657
336,628.669673210563,617.391657464657
337,628.6764974232901,617.391657464657
338,628.6860104693347,617.391657464657
339,628.6747293820373,617.391657464657
340,628.6720431094127,617.391657464657
341,628.6757091905686,617.391657464657
342,628.6740254594639,617.391657464657
343,628.6726521208512,617.391657464657
344,628.6866225179141,617.391657464657
345,628.6737541943371,617.391657464657
346,628.6725062742195,617.391657464657
347,628.6841910221891,617.391657464657
348,628.6871977867148,617.391657464657
349,628.6725194863267,617.391657464657
350,628.6837097327715,617.391657464657
351,628.6692991576983,617.391657464657
352,628.6761996590241,617.391657464657
353,628.6787750099085,617.391657464657
354,628.6732999439351,617.391657464657
355,628.678913298518,617.391657464657
356,628.6779103999705,617.391657464657
357,628.6754935474705,617.391657464657
358,628.6817704374184,617.391657464657
359,628.6836308264125,617.391657464657
360,628.6730875740304,617.391657464657
361,628.6750074929244,617.391657464657
362,628.6853552508529,617.391657464657
363,628.6898050845612,617.391657464657
364,628.6839625937804,617.391657464657
365,628.6884526123413,617.391657464657
366,628.6881570687774,617.391657464657
367,628.6869640350006,617.391657464657
368,628.6916357784796,617.391657464657
369,628.6825148986491,617.391657464657
370,628.688346317807,617.391657464657
371,628.6855193540739,617.391657464657
372,628.690401824539,617.391657464657
373,628.6949550922744,617.391657464657
374,628.6824136645753,617.391657464657
375,628.6849996930727,617.391657464657
376,628.6916494108995,617.391657464657
377,628.6870319030915,617.391657464657
378,628.6939257976637,617.391657464657
379,628.6876483569448,617.391657464657
380,628.6827750808935,617.391657464657
381,628.6829625262121,617.391657464657
382,628.7068603910586,617.391657464657
383,628.6884102189214,617.391657464657
384,628.6987834083019,617.391657464657
385,628.6967314947606,617.391657464657
386,628.7006650603131,617.391657464657
387,628.6923331957325,617.391657464657
388,628.6961726493115,617.391657464657
389,628.6991823655444,617.391657464657
390,628.6942593052345,617.391657464657
391,628.6832310119268,617.391657464657
392,628.6868784897744,617.391657464657
393,628.7006237336373,617.391657464657
394,628.7036517419155,617.391657464657
395,628.6990249169359,617.391657464657
396,628.7044804776714,617.391657464657
397,628.6866647745783,617.391657464657
398,628.6891365392152,617.391657464657
399,628.702637545687,617.391657464657
400,628.6862862821549,617.391657464657
401,628.6917356563135,617.391657464657
402,628.6962708552297,617.391657464657
403,628.6954243721627,617.391657464657
404,628.7035115506317,617.391657464657
405,628.7035013495217,617.391657464657
406,628.7383882097528,617.391657464657
407,628.7533899922623,617.391657464657
408,628.7322496024003,617.391657464657
409,628.7184717935176,617.391657464657
410,628.7190463905597,617.391657464657
411,628.7257034379363,617.391657464657
412,628.7180001417888,617.391657464657
413,628.7193544730483,617.391657464657
414,628.7066913725994,617.391657464657
415,628.7108987911625,617.391657464657
416,628.7219605924549,617.391657464657
417,628.7209125590391,617.391657464657
418,628.7138555260829,617.391657464657
419,628.7129333602052,617.391657464657
420,628.7084698370535,617.391657464657
421,628.7161085317232,617.391657464657
422,628.7173814047881,617.391657464657
423,628.7212156364517,617.391657464657
424,628.7121468860089,617.391657464657
425,628.7127551791615,617.391657464657
426,628.712764078463,617.391657464657
427,628.7170572963092,617.391657464657
428,628.717361722116,617.391657464657
429,628.7049146578379,617.391657464657
430,628.7068765563671,617.391657464657
431,628.7062317744899,617.391657464657
432,628.7122546666756,617.391657464657
433,628.7061377854968,617.391657464657
434,628.7018851791757,617.391657464657
435,628.7050224829359,617.391657464657
436,628.7140607425653,617.391657464657
437,628.7180441334156,617.391657464657
438,628.7053591734557,617.391657464657
439,628.7084085913106,617.391657464657
440,628.7105863405513,617.391657464657
441,628.7084347400998,617.391657464657
442,628.7095579253115,617.391657464657
443,628.7054832961803,617.391657464657
444,628.7061887877579,617.391657464657
445,628.7328754304476,617.391657464657
446,628.6843754670363,617.391657464657
447,628.6757083159616,617.391657464657
448,628.6582832819521,617.391657464657
449,628.650393429757,617.391657464657
450,628.6388145186493,617.391657464657
451,628.6462813134725,617.391657464657
452,628.6372437311968,617.391657464657
453,628.6408327090912,617.391657464657
454,628.6449705163388,617.391657464657
455,628.64164567882,617.391657464657
456,628.6330019375649,617.391657464657
457,628.639510809473,617.391657464657
458,628.6554506583383,617.391657464657
459,628.6802843531281,617.391657464657
460,628.6617805229256,617.391657464657
461,628.6660700359209,617.391657464657
462,628.6678498347834,617.391657464657
463,628.6550194372779,617.391657464657
464,628.6704570470564,617.391657464657
465,628.6615312373561,617.391657464657
466,628.6634848196518,617.391657464657
467,628.6575581540939,617.391657464657
468,628.6630784045624,617.391657464657
469,628.6568199739285,617.391657464657
470,628.6602799950797,617.391657464657
471,628.6555779349769,617.391657464657
472,628.6786506133369,617.391657464657
473,628.6609096971445,617.391657464657
474,628.6440016000315,617.391657464657
475,628.647957740374,617.391657464657
476,628.6521943026286,617.391657464657
477,628.6498751798724,617.391657464657
478,628.6531327556642,617.391657464657
479,628.6415624916772,617.391657464657
480,628.6338985174224,617.391657464657
481,628.6333594351735,617.391657464657
482,628.6310244325316,617.391657464657
483,628.6531757960429,617.391657464657
484,628.6009506707734,617.391657464657
485,628.6571066795908,617.391657464657
486,628.6630033867569,617.391657464657
487,628.6738968830862,617.391657464657
488,628.6614444622771,617.391657464657
489,628.657202508195,617.391657464657
490,628.678971657394,617.391657464657
491,628.6951284937951,617.391657464657
492,628.6620478686204,617.391657464657
493,628.6720951181744,617.391657464657
494,628.6748273199299,617.391657464657
495,628.6627314123839,617.391657464657
496,628.672651497293,617.391657464657
497,628.6611625423586,617.391657464657
498,628.6656590508211,617.391657464657
499,628.6694823206351,617.391657464657
500,628.670148314618,617.391657464657
501,628.6667739712034,617.391657464657
502,628.665115821966,617.391657464657
503,628.6697391490907,617.391657464657
504,628.6802321724232,617.391657464657
505,628.658938262438,617.391657464657
506,628.6781197022889,617.391657464657
507,628.6724727853093,617.391657464657
508,628.6740307255533,617.391657464657
509,628.670309787515,617.391657464657
510,628.6760960718484,617.391657464657
511,628.6760645774704,617.391657464657
512,628.6719645865458,617.391657464657
513,628.67548500548,617.391657464657
514,628.6768387728679,617.391657464657
515,628.6778327780804,617.391657464657
516,628.6772959679969,617.391657464657
517,628.6644264652253,617.391657464657
518,628.6708848973872,617.391657464657
519,628.6820369479552,617.391657464657
520,628.6776661848057,617.391657464657
521,628.6711667723623,617.391657464657
522,628.6709434964549,617.391657464657
523,628.6663802143818,617.391657464657
524,628.6751983793748,617.391657464657
525,628.6759549251042,617.391657464657
526,628.6772922811087,617.391657464657
527,628.6787852129329,617.391657464657
528,628.6720852593139,617.391657464657
529,628.6853895800501,617.391657464657
530,628.6878509179866,617.391657464657
531,628.6900132683331,617.391657464657
532,628.6836321409518,617.391657464657
533,628.6786553116763,617.391657464657
534,628.6901258835404,617.391657464657
535,628.6906934403064,617.391657464657
536,628.6888657723781,617.391657464657
537,628.6755114109191,617.391657464657
538,628.6761364028802,617.391657464657
539,628.6807990947436,617.391657464657
540,628.6872668428946,617.391657464657
541,628.6859433525563,617.391657464657
542,628.6870362256419,617.391657464657
543,628.688899456099,617.391657464657
544,628.6850787862004,617.391657464657
545,628.7002921713641,617.391657464657
546,628.6875523064526,617.391657464657
547,628.6778809314169,617.391657464657
548,628.6939787315207,617.391657464657
549,628.6920565223011,617.391657464657
550,628.6856343355099,617.391657464657
551,628.6974106789996,617.391657464657
552,628.6837407876253,617.391657464657
553,628.69455922647,617.391657464657
554,628.6875012940241,617.391657464657
555,628.6836692568992,617.391657464657
556,628.6901563899852,617.391657464657
557,628.6844326644723,617.391657464657
558,628.705082590505,617.391657464657
559,628.6833391999688,617.391657464657
560,628.6884357800737,617.391657464657
561,628.6940684413544,617.391657464657
562,628.6939800969932,617.391657464657
563,628.6902388184235,617.391657464657
564,628.6975704393811,617.391657464657
565,628.6974893177144,617.391657464657
566,628.6939788386861,617.391657464657
567,628.6832043995034,617.391657464657
568,628.6974960688451,617.391657464657
569,628.6955306784713,617.391657464657
570,628.6864980922954,617.391657464657
571,628.7080319818982,617.391657464657
572,628.7351433543965,617.391657464657
573,628.7276820391387,617.391657464657
574,628.7189215787088,617.391657464657
575,628.7029152698218,617.391657464657
576,628.7104889302318,617.391657464657
577,628.70091392102,617.391657464657
578,628.7124428968915,617.391657464657
579,628.715551795853,617.391657464657
580,628.7129199486666,617.391657464657
581,628.7140641721295,617.391657464657
582,628.7014840032534,617.391657464657
583,628.7101552704835,617.391657464657
584,628.716394900624,617.391657464657
585,628.7034708559283,617.391657464657
586,628.70746227955,617.391657464657
587,628.7076461949594,617.391657464657
588,628.7010112984393,617.391657464657
589,628.7079681528733,617.391657464657
590,628.7078449137562,617.391657464657
591,628.7014881846161,617.391657464657
592,628.6979137530841,617.391657464657
593,628.7055668965596,617.391657464657
594,628.7061605822973,617.391657464657
595,628.7118886354506,617.391657464657
596,628.701398196923,617.391657464657
597,628.7072007322818,617.391657464657
598,628.6994106718997,617.391657464657
599,628.7035576272924,617.391657464657
600,628.7036642051603,617.391657464657
601,628.7061298532944,617.391657464657
602,628.6948067070442,617.391657464657
603,628.7123417707024,617.391657464657
604,628.7033690784162,617.391657464657
605,628.7041860814132,617.391657464657
606,628.7042867942223,617.391657464657
607,628.7000575064922,617.391657464657
608,628.7154013579081,617.391657464657
609,628.7015908567981,617.391657464657
610,628.705274249716,617.391657464657
611,628.683791074293,617.391657464657
612,628.6820660565922,617.391657464657
613,628.6646033340298,617.391657464657
614,628.6479863474666,617.391657464657
615,628.6468370246033,617.391657464657
616,628.6428066809805,617.391657464657
617,628.6460347208928,617.391657464657
618,628.63722015347,617.391657464657
619,628.6313095974906,617.391657464657
620,628.6375734241633,617.391657464657
621,628.6380319961943,617.391657464657
622,628.6418105172446,617.391657464657
623,628.6659312214591,617.391657464657
624,628.624395752331,617.391657464657
625,628.6652261407403,617.391657464657
626,628.657546834696,617.391657464657
627,628.6637313514573,617.391657464657
628,628.6518178200695,617.391657464657
629,628.6605720398886,617.391657464657
630,628.6534321301442,617.391657464657
631,628.6501847128728,617.391657464657
632,628.65915961814,617.391657464657
633,628.6598937253603,617.391657464657
634,628.6636032796425,617.391657464657
635,628.6608735477329,617.391657464657
636,628.681903481454,617.391657464657
637,628.6767866848644,617.391657464657
638,628.6563613326869,617.391657464657
639,628.6604507711321,617.391657464657
640,628.6457122650172,617.391657464657
641,628.6428524568934,617.391657464657
642,628.6386589050361,617.391657464657
643,628.6328116887936,617.391657464657
644,628.6381687673239,617.391657464657
645,628.6407956522178,617.391657464657
646,628.6330691012632,617.391657464657
647,628.6329042778128,617.391657464657
648,628.6314113417573,617.391657464657
649,628.6496154637522,617.391657464657
650,628.6764484850644,617.391657464657
651,628.6615325818252,617.391657464657
652,628.6613554153928,617.391657464657
653,628.6557561707926,617.391657464657
654,628.654624850664,617.391657464657
655,628.6658466859415,617.391657464657
656,628.6840352810436,617.391657464657
657,628.6877780484374,617.391657464657
658,628.6780480275686,617.391657464657
659,628.6688339490089,617.391657464657
660,628.6682280510513,617.391657464657
661,628.67327057368,617.391657464657
662,628.6668173511559,617.391657464657
663,628.6723782865125,617.391657464657
664,628.6809471788004,617.391657464657
665,628.6585444453647,617.391657464657
666,628.6644305895019,617.391657464657
667,628.6663953623677,617.391657464657
668,628.6715902339107,617.391657464657
669,628.6557894922795,617.391657464657
670,628.6728124458871,617.391657464657
671,628.6692040386963,617.391657464657
672,628.6542867823395,617.391657464657
673,628.6621336187093,617.391657464657
674,628.673611856937,617.391657464657
675,628.6574767475107,617.391657464657
676,628.6651308888448,617.391657464657
677,628.6584033380041,617.391657464657
678,628.677663778861,617.391657464657
679,628.6552716674697,617.391657464657
680,628.6519185587632,617.391657464657
681,628.6641269748089,617.391657464657
682,628.6681803208667,617.391657464657
683,628.6681187358063,617.391657464657
684,628.6552070332452,617.391657464657
685,628.6794439914522,617.391657464657
686,628.6669006952197,617.391657464657
687,628.6587461380508,617.391657464657
688,628.6579734782775,617.391657464657
689,628.6556610488195,617.391657464657
690,628.6620210018858,617.391657464657
691,628.665329164772,617.391657464657
692,628.658385869682,617.391657464657
693,628.664986393666,617.391657464657
694,628.6660444522897,617.391657464657
695,628.654995817521,617.391657464657
696,628.671908124176,617.391657464657
697,628.6562868548848,617.391657464657
698,628.6598761577911,617.391657464657
699,628.6667233706105,617.391657464657
700,628.6670415573385,617.391657464657
701,628.6609898060867,617.391657464657
702,628.6672042311618,617.391657464657
703,628.6607930068832,617.391657464657
704,628.6555875977089,617.391657464657
705,628.6616861181707,617.391657464657
706,628.6581628593327,617.391657464657
707,628.6698823225732,617.391657464657
708,628.6671593040363,617.391657464657
709,628.659129062246,617.391657464657
710,628.6572459374651,617.391657464657
711,628.6681538694814,617.391657464657
712,628.6529483713206,617.391657464657
713,628.6676563569993,617.391657464657
714,628.6588457129177,617.391657464657
715,628.6558899597156,617.391657464657
716,628.672258768448,617.391657464657
717,628.657617741071,617.391657464657
718,628.6662646386374,617.391657464657
719,628.6539757705783,617.391657464657
720,628.6567777734035,617.391657464657
721,628.6669332879882,617.391657464657
722,628.656513918044,617.391657464657
723,628.6546182416611,617.391657464657
724,628.6574488178774,617.391657464657
725,628.6617414299351,617.391657464657
726,628.6549152786657,617.391657464657
727,628.6523651853051,617.391657464657
728,628.6438702989398,617.391657464657
729,628.6605800922159,617.391657464657
730,628.6542620615952,617.391657464657
731,628.6558027522834,617.391657464657
732,628.6587193338015,617.391657464657
733,628.6570605955595,617.391657464657
734,628.6557677804407,617.391657464657
735,628.6601119967428,617.391657464657
736,628.6609506155758,617.391657464657
737,628.6593609346662,617.391657464657
738,628.6584199799946,617.391657464657
739,628.6545508969264,617.391657464657
740,628.6636747716045,617.391657464657
741,628.6622423886553,617.391657464657
742,628.6609416928387,617.391657464657
743,628.656382439029,617.391657464657
744,628.65645874115,617.391657464657
745,628.661564718757,617.391657464657
746,628.6563453865817,617.391657464657
747,628.6569039820753,617.391657464657
748,628.6573747835206,617.391657464657
749,628.6570809018667,617.391657464657
750,628.662659264552,617.391657464657
751,628.6546936489273,617.391657464657
752,628.6651846389559,617.391657464657
753,628.6593806135853,617.391657464657
754,628.6602970984642,617.391657464657
755,628.6500204703824,617.391657464657
756,628.64561658115,617.391657464657
757,628.656189038036,617.391657464657
758,628.6477454579202,617.391657464657
759,628.6577362330617,617.391657464657
760,628.6481262608842,617.391657464657
761,628.6505549775676,617.391657464657
762,628.6639234169905,617.391657464657
763,628.655937623562,617.391657464657
764,628.6578605536237,617.391657464657
765,628.655697971381,617.391657464657
766,628.6629233328925,617.391657464657
767,628.6521084659547,617.391657464657
768,628.6489057724569,617.391657464657
769,628.6515660773626,617.391657464657
770,628.6515310706924,617.391657464657
771,628.659059976769,617.391657464657
772,628.663639384766,617.391657464657
773,628.652876136986,617.391657464657
774,628.647836360081,617.391657464657
775,628.6505507946416,617.391657464657
776,628.6582011275353,617.391657464657
777,628.6555758199943,617.391657464657
778,628.6554653272743,617.391657464657
779,628.651141824329,617.391657464657
780,628.6569932469687,617.391657464657
781,628.6489021292215,617.391657464657
782,628.6551859629864,617.391657464657
783,628.6575308735942,617.391657464657
784,628.6568940986358,617.391657464657
785,628.6640698993419,617.391657464657
786,628.653911272251,617.391657464657
787,628.6529814251006,617.391657464657
788,628.6572920152115,617.391657464657
789,628.6528330509769,617.391657464657
790,628.6558247047769,617.391657464657
791,628.6552473567393,617.391657464657
792,628.6539567863487,617.391657464657
793,628.6549730787096,617.391657464657
794,628.6596565130953,617.391657464657
795,628.6549975425539,617.391657464657
796,628.6594452867602,617.391657464657
797,628.6474805040714,617.391657464657
798,628.6466377649487,617.391657464657
799,628.65763446342,617.391657464657
800,628.6503275942504,617.391657464657
801,628.6546946166559,617.391657464657
802,628.6567202806368,617.391657464657
803,628.6544315182907,617.391657464657
804,628.6524109586762,617.391657464657
805,628.6419743388433,617.391657464657
806,628.6586119847306,617.391657464657
807,628.6582542573592,617.391657464657
808,628.6553176628055,617.391657464657
809,628.6561871151637,617.391657464657
810,628.6569506060288,617.391657464657
811,628.6587561168401,617.391657464657
812,628.6529567230643,617.391657464657
813,628.6470184937517,617.391657464657
814,628.6674251294389,617.391657464657
815,628.6540274179677,617.391657464657
816,628.6552722544177,617.391657464657
817,628.6470148485146,617.391657464657
818,628.6536481746444,617.391657464657
819,628.6561140420912,617.391657464657
820,628.6555412685038,617.391657464657
821,628.6517072904833,617.391657464657
822,628.6824243813252,617.391657464657
823,628.6613306382625,617.391657464657
824,628.6556797832267,617.391657464657
825,628.6600567308365,617.391657464657
826,628.6627833378683,617.391657464657
827,628.6655679789924,617.391657464657
828,628.6563284204093,617.391657464657
829,628.660628275902,617.391657464657
830,628.6658342359879,617.391657464657
831,628.656927625436,617.391657464657
832,628.6674553850023,617.391657464657
833,628.6706097436021,617.391657464657
834,628.6884471103012,617.391657464657
835,628.7048213504679,617.391657464657
836,628.7086360892285,617.391657464657
837,628.6963299438507,617.391657464657
838,628.6811166511017,617.391657464657
839,628.6817422902678,617.391657464657
840,628.6790320979636,617.391657464657
841,628.6699036845872,617.391657464657
842,628.6723240791249,617.391657464657
843,628.677240496205,617.391657464657
844,628.6625621925601,617.391657464657
845,628.6813512985794,617.391657464657
846,628.6792676553009,617.391657464657
847,628.6781117859488,617.391657464657
848,628.6893377141923,617.391657464657
849,628.6688707348738,617.391657464657
850,628.6535790130087,617.391657464657
851,628.6477642676314,617.391657464657
852,628.6422835335992,617.391657464657
853,628.6402799323971,617.391657464657
854,628.6373215242962,617.391657464657
855,628.6300311548172,617.391657464657
856,628.627234360369,617.391657464657
857,628.627118395929,617.391657464657
858,628.6302149054103,617.391657464657
859,628.6226134225847,617.391657464657
860,628.6260151999024,617.391657464657
861,628.6432244655867,617.391657464657
862,628.6784812539373,617.391657464657
863,628.6485745265508,617.391657464657
864,628.6493074820916,617.391657464657
865,628.6495634924462,617.391657464657
866,628.6483753742933,617.391657464657
867,628.6569418134394,617.391657464657
868,628.6558122059341,617.391657464657
869,628.6506947511004,617.391657464657
870,628.6552503350077,617.391657464657
871,628.6498510072568,617.391657464657
872,628.6592643511647,617.391657464657
873,628.6636407029106,617.391657464657
874,628.6495751596326,617.391657464657
875,628.6708227706262,617.391657464657
876,628.6517674152738,617.391657464657
877,628.6429430136563,617.391657464657
878,628.6512253457793,617.391657464657
879,628.6410549229497,617.391657464657
880,628.6293603180392,617.391657464657
881,628.6375121083739,617.391657464657
882,628.6333094981331,617.391657464657
883,628.6395406681465,617.391657464657
884,628.6178366887483,617.391657464657
885,628.638252150593,617.391657464657
886,628.648768672786,617.391657464657
887,628.6827692039302,617.391657464657
888,628.6517894299176,617.391657464657
889,628.6454987134869,617.391657464657
890,628.6465530965828,617.391657464657
891,628.6624040328147,617.391657464657
892,628.6420510428417,617.391657464657
893,628.6709828642455,617.391657464657
894,628.6867574870034,617.391657464657
895,628.6640740731012,617.391657464657
896,628.6692236206212,617.391657464657
897,628.6648398183845,617.391657464657
898,628.6658873933633,617.391657464657
899,628.6614808429999,617.391657464657
900,628.6596777827567,617.391657464657
901,628.654243724532,617.391657464657
902,628.6614364474799,617.391657464657
903,628.6575557589729,617.391657464657
904,628.6659473770682,617.391657464657
905,628.6565839035702,617.391657464657
906,628.6643032471695,617.391657464657
907,628.6695265401471,617.391657464657
908,628.6731221356578,617.391657464657
909,628.668137476481,617.391657464657
910,628.6741465786677,617.391657464657
911,628.6761197469976,617.391657464657
912,628.666656073823,617.391657464657
913,628.6707669615115,617.391657464657
914,628.6652661623865,617.391657464657
915,628.6840369448751,617.391657464657
916,628.6670268493672,617.391657464657
917,628.6823155204715,617.391657464657
918,628.6766288518286,617.391657464657
919,628.6777673225841,617.391657464657
920,628.6768017644396,617.391657464657
921,628.6796980664525,617.391657464657
922,628.6845791681213,617.391657464657
923,628.6737799637913,617.391657464657
924,628.69319755629,617.391657464657
925,628.6988500672232,617.391657464657
926,628.6948062793763,617.391657464657
927,628.7010849205238,617.391657464657
928,628.6906413541835,617.391657464657
929,628.6894300600194,617.391657464657
930,628.7023108435465,617.391657464657
931,628.6942212612729,617.391657464657
932,628.6877876389286,617.391657464657
933,628.698935465595,617.391657464657
934,628.6973439020759,617.391657464657
935,628.7110304644526,617.391657464657
936,628.6975935302665,617.391657464657
937,628.7050036532145,617.391657464657
938,628.7058607874815,617.391657464657
939,628.7040964559047,617.391657464657
940,628.691949838926,617.391657464657
941,628.7018627363238,617.391657464657
942,628.703384610696,617.391657464657
943,628.6966259967954,617.391657464657
944,628.7141398934526,617.391657464657
945,628.7171539487771,617.391657464657
946,628.712289800014,617.391657464657
947,628.7131666370767,617.391657464657
948,628.7097450625032,617.391657464657
949,628.7057564461691,617.391657464657
950,628.7179295039371,617.391657464657
951,628.7121544289206,617.391657464657
952,628.7166200621283,617.391657464657
953,628.7077343959909,617.391657464657
954,628.7130796253932,617.391657464657
955,628.7076894303227,617.391657464657
956,628.7160730651818,617.391657464657
957,628.7174474063888,617.391657464657
958,628.7118062113689,617.391657464657
959,628.7262934922453,617.391657464657
960,628.7141071917315,617.391657464657
961,628.725305803491,617.391657464657
962,628.7194589036804,617.391657464657
963,628.7166738657443,617.391657464657
964,628.7164955072845,617.391657464657
965,628.7207121131327,617.391657464657
966,628.729030678433,617.391657464657
967,628.7225449121463,617.391657464657
968,628.7215980804858,617.391657464657
969,628.7252922346133,617.391657464657
970,628.7273644646345,617.391657464657
971,628.7172996373655,617.391657464657
972,628.7302529443211,617.391657464657
973,628.7288067496187,617.391657464657
974,628.7469249234922,617.391657464657
975,628.7696816312622,617.391657464657
976,628.7748450655691,617.391657464657
977,628.756225939872,617.391657464657
978,628.7477901487566,617.391657464657
979,628.7492350864062,617.391657464657
980,628.7529669624603,617.391657464657
981,628.7397256465343,617.391657464657
982,628.7531609464125,617.391657464657
983,628.7519601481916,617.391657464657
984,628.7474393787968,617.391657464657
985,628.7478491412522,617.391657464657
986,628.7446230958004,617.391657464657
987,628.7524676526469,617.391657464657
988,628.7402191078679,617.391657464657
989,628.7429670086406,617.391657464657
990,628.7409720485279,617.391657464657
991,628.7353664111336,617.391657464657
992,628.7462987969533,617.391657464657
993,628.7422033024903,617.391657464657
994,628.7335201374261,617.391657464657
995,628.7397543645673,617.391657464657
996,628.7382243257352,617.391657464657
997,628.7362439589183,617.391657464657
998,628.7291450282165,617.391657464657
999,628.7311415488517,617.391657464657
1000,628.7417212366947,617.391657464657
1001,628.7341823392878,617.391657464657
1002,628.7475272503591,617.391657464657
1003,628.7300495646203,617.391657464657
1004,628.7412591622063,617.391657464657
1005,628.7445881335012,617.391657464657
1006,628.736771445467,617.391657464657
1007,628.7376119110312,617.391657464657
1008,628.7439651022861,617.391657464657
1009,628.7354114638688,617.391657464657
1010,628.734178479304,617.391657464657
1011,628.7324276219199,617.391657464657
1012,628.7369665567235,617.391657464657
1013,628.7380827584979,617.391657464657
1014,628.7203458214373,617.391657464657
1015,628.6757636722589,617.391657464657
1016,628.6457433693082,617.391657464657
1017,628.6362604178963,617.391657464657
1018,628.6378434394032,617.391657464657
1019,628.6325627843448,617.391657464657
1020,628.6401735012556,617.391657464657
1021,628.6249674167565,617.391657464657
1022,628.6355558815296,617.391657464657
1023,628.6246369283402,617.391657464657
1024,628.6273756152113,617.391657464657
1025,628.6254997398084,617.391657464657
1026,628.630272224554,617.391657464657
1027,628.5915386495905,617.391657464657
1028,628.6568638311788,617.391657464657
1029,628.6483977789807,617.391657464657
1030,628.646641404045,617.391657464657
1031,628.6459730941054,617.391657464657
1032,628.646576807566,617.391657464657
1033,628.6503194603711,617.391657464657
1034,628.6616720800528,617.391657464657
1035,628.6457048265029,617.391657464657
1036,628.6410256013468,617.391657464657
1037,628.6542261506,617.391657464657
1038,628.646686718988,617.391657464657
1039,628.6737415140915,617.391657464657
1040,628.6610579062774,617.391657464657
1041,628.6688576556928,617.391657464657
1042,628.6456232010555,617.391657464657
1043,628.6426739052273,617.391657464657
1044,628.641033544629,617.391657464657
1045,628.6310814582642,617.391657464657
1046,628.6301314564772,617.391657464657
1047,628.6386725036161,617.391657464657
1048,628.6246391849998,617.391657464657
1049,628.6234451889068,617.391657464657
1050,628.622385892092,617.391657464657
1051,628.6234580316607,617.391657464657
1052,628.6421894913133,617.391657464657
1053,628.6612995375909,617.391657464657
1054,628.6528875419259,617.391657464657
1055,628.6561687087185,617.391657464657
1056,628.6495387787388,617.391657464657
1057,628.6509074400503,617.391657464657
1058,628.6447795528768,617.391657464657
1059,628.6816538718771,617.391657464657
1060,628.6782905167825,617.391657464657
1061,628.6657817620624,617.391657464657
1062,628.6731272517628,617.391657464657
1063,628.6485955295141,617.391657464657
1064,628.6680644065913,617.391657464657
1065,628.6597050789497,617.391657464657
1066,628.6413762580495,617.391657464657
1067,628.6575493599943,617.391657464657
1068,628.6518299396201,617.391657464657
1069,628.6475135341686,617.391657464657
1070,628.6525460864425,617.391657464657
1071,628.6606499034474,617.391657464657
1072,628.6597081986293,617.391657464657
1073,628.6817845483972,617.391657464657
1074,628.6603594085169,617.391657464657
1075,628.6573467890398,617.391657464657
1076,628.6663165641064,617.391657464657
1077,628.6692659169313,617.391657464657
1078,628.6725023089617,617.391657464657
1079,628.6722307557774,617.391657464657
1080,628.6783357950312,617.391657464657
1081,628.6821639410283,617.391657464657
1082,628.6639419674528,617.391657464657
1083,628.6763219711011,617.391657464657
1084,628.6885069228093,617.391657464657
1085,628.6744274822455,617.391657464657
1086,628.6806280282451,617.391657464657
1087,628.6831411429783,617.391657464657
1088,628.6843044496643,617.391657464657
1089,628.681074560781,617.391657464657
1090,628.67990402957,617.391657464657
1091,628.6784390023479,617.391657464657
1092,628.6832259787071,617.391657464657
1093,628.6916559932472,617.391657464657
1094,628.6895107829038,617.391657464657
1095,628.6967340699954,617.391657464657
1096,628.6898405269988,617.391657464657
1097,628.7000743820034,617.391657464657
1098,628.6963819458097,617.391657464657
1099,628.6977798759434,617.391657464657
1100,628.6988482973428,617.391657464657
1101,628.6930099262552,617.391657464657
1102,628.7006566788394,617.391657464657
1103,628.6953043316579,617.391657464657
1104,628.6910379407276,617.391657464657
1105,628.7052409580251,617.391657464657
1106,628.6940178663244,617.391657464657
1107,628.7024090435234,617.391657464657
1108,628.7014323753812,617.391657464657
1109,628.691089022146,617.391657464657
1110,628.7046548005451,617.391657464657
1111,628.7103323473384,617.391657464657
1112,628.7019209391403,617.391657464657
1113,628.708762547433,617.391657464657
1114,628.7187592961374,617.391657464657
1115,628.7059467322532,617.391657464657
1116,628.7174391222513,617.391657464657
1117,628.7138106070965,617.391657464657
1118,628.6997035947094,617.391657464657
1119,628.7125433587154,617.391657464657
1120,628.7076725325556,617.391657464657
1121,628.7043269305551,617.391657464657
1122,628.7155352733279,617.391657464657
1123,628.72518386124,617.391657464657
1124,628.7129952462993,617.391657464657
1125,628.7278322682964,617.391657464657
1126,628.7126479572512,617.391657464657
1127,628.728007536932,617.391657464657
1128,628.7147753042104,617.391657464657
1129,628.7170270945959,617.391657464657
1130,628.7208864639219,617.391657464657
1131,628.7193059963028,617.391657464657
1132,628.7060018453246,617.391657464657
1133,628.7165340727163,617.391657464657
1134,628.7190434472279,617.391657464657
1135,628.7158805039178,617.391657464657
1136,628.7253737486539,617.391657464657
1137,628.7183964784342,617.391657464657
1138,628.7281970075258,617.391657464657
1139,628.7162652732086,617.391657464657
1140,628.7225911844714,617.391657464657
1141,628.7500067204285,617.391657464657
1142,628.7746297556088,617.391657464657
1143,628.7803249831302,617.391657464657
1144,628.7546229812128,617.391657464657
1145,628.7570180459373,617.391657464657
1146,628.7601035780873,617.391657464657
1147,628.7473959667883,617.391657464657
1148,628.7502285947996,617.391657464657
1149,628.7477531919899,617.391657464657
1150,628.7462488609212,617.391657464657
1151,628.7390168537053,617.391657464657
1152,628.7454036982748,617.391657464657
1153,628.7433690348902,617.391657464657
1154,628.7413391333195,617.391657464657
1155,628.7406753901295,617.391657464657
1156,628.7458793414529,617.391657464657
1157,628.7351255802511,617.391657464657
1158,628.739173959437,617.391657464657
1159,628.7454247750242,617.391657464657
1160,628.7429185515676,617.391657464657
1161,628.7321315517057,617.391657464657
1162,628.741344957653,617.391657464657
1163,628.7369266114205,617.391657464657
1164,628.7354697549639,617.391657464657
1165,628.7403993317116,617.391657464657
1166,628.7351302425219,617.391657464657
1167,628.7426857647562,617.391657464657
1168,628.740707475729,617.391657464657
1169,628.7499949540882,617.391657464657
1170,628.744959881631,617.391657464657
1171,628.737705174733,617.391657464657
1172,628.734464200651,617.391657464657
1173,628.7495088114698,617.391657464657
1174,628.7362984918303,617.391657464657
1175,628.7441075098156,617.391657464657
1176,628.7304905857675,617.391657464657
1177,628.7454298427648,617.391657464657
1178,628.7403910236577,617.391657464657
1179,628.7341076064015,617.391657464657
1180,628.7604682838361,617.391657464657
1181,628.6943520287501,617.391657464657
1182,628.6717305766489,617.391657464657
1183,628.6408900363834,617.391657464657
1184,628.6499000318173,617.391657464657
1185,628.6434482779847,617.391657464657
1186,628.6324044571703,617.391657464657
1187,628.6261128586099,617.391657464657
1188,628.6328252599869,617.391657464657
1189,628.6267271234991,617.391657464657
1190,628.6316990047774,617.391657464657
1191,628.6147744243106,617.391657464657
1192,628.6228186066415,617.391657464657
1193,628.6397659030589,617.391657464657
1194,628.6460781232825,617.391657464657
1195,628.6591648760366,617.391657464657
1196,628.653225537659,617.391657464657
1197,628.6425643643294,617.391657464657
1198,628.6497749693215,617.391657464657
1199,628.6573333214727,617.391657464657
1200,628.6552088045812,617.391657464657
1201,628.6552926578108,617.391657464657
1202,628.6437058181568,617.391657464657
1203,628.6501648240767,617.391657464657
1204,628.6500437890348,617.391657464657
1205,628.6428604538092,617.391657464657
1206,628.6715547969687,617.391657464657
1207,628.6615183069373,617.391657464657
1208,628.6457884440222,617.391657464657
1209,628.6553195349325,617.391657464657
1210,628.6353693593851,617.391657464657
1211,628.6355546608681,617.391657464657
1212,628.6364064293984,617.391657464657
1213,628.6272454480574,617.391657464657
1214,628.6245203253723,617.391657464657
1215,628.616204249891,617.391657464657
1216,628.6343326030157,617.391657464657
1217,628.618861618481,617.391657464657
1218,628.630345149343,617.391657464657
1219,628.6476732349923,617.391657464657
1220,628.6561746400876,617.391657464657
1221,628.6560737292965,617.391657464657
1222,628.6398364483113,617.391657464657
1223,628.655722635955,617.391657464657
1224,628.6465310954843,617.391657464657
1225,628.6529226549918,617.391657464657
1226,628.6637634190869,617.391657464657
1227,628.6854290156883,617.391657464657
1228,628.6618519849186,617.391657464657
1229,628.6568655338117,617.391657464657
1230,628.6607859902925,617.391657464657
1231,628.6630187705148,617.391657464657
1232,628.6553834321759,617.391657464657
1233,628.6508859501473,617.391657464657
1234,628.658133169518,617.391657464657
1235,628.6468595398651,617.391657464657
1236,628.6522346145176,617.391657464657
1237,628.6559296943315,617.391657464657
1238,628.6520123742964,617.391657464657
1239,628.6522719638289,617.391657464657
1240,628.6560676771682,617.391657464657
1241,628.6595099552967,617.391657464657
1242,628.6621755443659,617.391657464657
1243,628.66882326889,617.391657464657
1244,628.6428819234453,617.391657464657
1245,628.6497965682029,617.391657464657
1246,628.6442445446428,617.391657464657
1247,628.6498962715277,617.391657464657
1248,628.6565072033804,617.391657464657
1249,628.6606916864848,617.391657464657
1250,628.6516424631596,617.391657464657
1251,628.6568282156927,617.391657464657
1252,628.6576070086812,617.391657464657
1253,628.6501674685419,617.391657464657
1254,628.6491079531573,617.391657464657
1255,628.6583377446171,617.391657464657
1256,628.6536290880805,617.391657464657
1257,628.6523855672668,617.391657464657
1258,628.6510669212615,617.391657464657
1259,628.6496859244554,617.391657464657
1260,628.651051026706,617.391657464657
1261,628.6483250948168,617.391657464657
1262,628.651955046579,617.391657464657
1263,628.6549081423794,617.391657464657
1264,628.6555262839179,617.391657464657
1265,628.6498569722039,617.391657464657
1266,628.658927877294,617.391657464657
1267,628.6498768518948,617.391657464657
1268,628.6478554077102,617.391657464657
1269,628.6448075940997,617.391657464657
1270,628.6515654562144,617.391657464657
1271,628.6364411167332,617.391657464657
1272,628.648334150262,617.391657464657
1273,628.6465183390882,617.391657464657
1274,628.6464916267427,617.391657464657
1275,628.6529021623473,617.391657464657
1276,628.6458221362454,617.391657464657
1277,628.6602751424119,617.391657464657
1278,628.6517834053753,617.391657464657
1279,628.6439664154859,617.391657464657
1280,628.6423982660515,617.391657464657
1281,628.6450901518464,617.391657464657
1282,628.6465518659563,617.391657464657
1283,628.6453768078923,617.391657464657
1284,628.6473021988478,617.391657464657
1285,628.6442117451642,617.391657464657
1286,628.6552051381125,617.391657464657
1287,628.6463837376119,617.391657464657
1288,628.6611246026205,617.391657464657
1289,628.6442247223173,617.391657464657
1290,628.6475584791851,617.391657464657
1291,628.642886947494,617.391657464657
1292,628.6414360661785,617.391657464657
1293,628.6414743469217,617.391657464657
1294,628.6555150305151,617.391657464657
1295,628.6452323948886,617.391657464657
1296,628.6495970016466,617.391657464657
1297,628.6448610728058,617.391657464657
1298,628.6447061423446,617.391657464657
1299,628.6473713431482,617.391657464657
1300,628.657481539668,617.391657464657
1301,628.6398822487731,617.391657464657
1302,628.6603658789695,617.391657464657
1303,628.6489204486542,617.391657464657
1304,628.6446822202291,617.391657464657
1305,628.6481129855714,617.391657464657
1306,628.6518415109609,617.391657464657
1307,628.6551709691153,617.391657464657
1308,628.6610201200938,617.391657464657
1309,628.6481445029841,617.391657464657
1310,628.6574092429055,617.391657464657
1311,628.64866549236,617.391657464657
1312,628.6598421093836,617.391657464657
1313,628.6375491474333,617.391657464657
1314,628.6455389115451,617.391657464657
1315,628.6493744959464,617.391657464657
1316,628.6475875885744,617.391657464657
1317,628.6456741225232,617.391657464657
1318,628.6368500445409,617.391657464657
1319,628.6447156730724,617.391657464657
1320,628.6445143713879,617.391657464657
1321,628.6533496837576,617.391657464657
1322,628.6561741626582,617.391657464657
1323,628.6438672834236,617.391657464657
1324,628.6454112887385,617.391657464657
1325,628.6507739417234,617.391657464657
1326,628.6449724655656,617.391657464657
1327,628.6577975957599,617.391657464657
1328,628.650167729589,617.391657464657
1329,628.6448976849302,617.391657464657
1330,628.6441564342744,617.391657464657
1331,628.6458569640533,617.391657464657
1332,628.6357527173543,617.391657464657
1333,628.6536825793227,617.391657464657
1334,628.6401893099645,617.391657464657
1335,628.646161232349,617.391657464657
1336,628.6444869031648,617.391657464657
1337,628.6469332459053,617.391657464657
1338,628.667105411697,617.391657464657
1339,628.6463755579445,617.391657464657
1340,628.6529702479837,617.391657464657
1341,628.6499550833703,617.391657464657
1342,628.6526585249285,617.391657464657
1343,628.6534997821088,617.391657464657
1344,628.6533328341374,617.391657464657
1345,628.6471251347399,617.391657464657
1346,628.6395996009533,617.391657464657
1347,628.6448291764965,617.391657464657
1348,628.6433443706433,617.391657464657
1349,628.6430552417391,617.391657464657
1350,628.6576284984098,617.391657464657
1351,628.6512616784104,617.391657464657
1352,628.6520052829366,617.391657464657
1353,628.6548310207932,617.391657464657
1354,628.6482674879055,617.391657464657
1355,628.6367176742395,617.391657464657
1356,628.643694476227,617.391657464657
1357,628.6288230203294,617.391657464657
1358,628.6459722418115,617.391657464657
1359,628.6459620839538,617.391657464657
1360,628.6357365951092,617.391657464657
1361,628.6381294928035,617.391657464657
1362,628.6537550458924,617.391657464657
1363,628.642851276681,617.391657464657
1364,628.6477857854615,617.391657464657
1365,628.6469312716854,617.391657464657
1366,628.6375058944241,617.391657464657
1367,628.6425125119233,617.391657464657
1368,628.6399745383774,617.391657464657
1369,628.6420379162693,617.391657464657
1370,628.6185971494164,617.391657464657
1371,628.6433891206308,617.391657464657
1372,628.6399303164576,617.391657464657
1373,628.6430670882407,617.391657464657
1374,628.6544272253466,617.391657464657
1375,628.6443203277386,617.391657464657
1376,628.6487649684221,617.391657464657
1377,628.6423713719066,617.391657464657
1378,628.6430375676609,617.391657464657
1379,628.6452148415239,617.391657464657
1380,628.6464146915274,617.391657464657
1381,628.6516065323773,617.391657464657
1382,628.6366428717878,617.391657464657
1383,628.6521434061035,617.391657464657
1384,628.6396862429681,617.391657464657
1385,628.635518085724,617.391657464657
1386,628.6485885279095,617.391657464657
1387,628.649516878445,617.391657464657
1388,628.6437834024387,617.391657464657
1389,628.6379431439822,617.391657464657
1390,628.6469929144204,617.391657464657
1391,628.6433867153688,617.391657464657
1392,628.6493628241337,617.391657464657
1393,628.6641142674205,617.391657464657
1394,628.6486904714587,617.391657464657
1395,628.6598226390939,617.391657464657
1396,628.6537752561384,617.391657464657
1397,628.6627596526307,617.391657464657
1398,628.6526550934689,617.391657464657
1399,628.6669961960126,617.391657464657
1400,628.657691112191,617.391657464657
1401,628.6615177667617,617.391657464657
1402,628.6771346422059,617.391657464657
1403,628.6733573906721,617.391657464657
1404,628.6833946353237,617.391657464657
1405,628.6796614499834,617.391657464657
1406,628.7234049269284,617.391657464657
1407,628.7416629594637,617.391657464657
1408,628.7426852861608,617.391657464657
1409,628.7292482731102,617.391657464657
1410,628.7287887450516,617.391657464657
1411,628.7174770326267,617.391657464657
1412,628.7149577459926,617.391657464657
1413,628.7103583245803,617.391657464657
1414,628.7053457325189,617.391657464657
1415,628.7190959642401,617.391657464657
1416,628.7239487242146,617.391657464657
1417,628.7197979692936,617.391657464657
1418,628.7129978409494,617.391657464657
1419,628.7134524990183,617.391657464657
1420,628.7145448560858,617.391657464657
1421,628.6660051444395,617.391657464657
1422,628.6476815647015,617.391657464657
1423,628.6366251014326,617.391657464657
1424,628.6348380657994,617.391657464657
1425,628.62301564329,617.391657464657
1426,628.6168041564424,617.391657464657
1427,628.633521092599,617.391657464657
1428,628.6144909993744,617.391657464657
1429,628.6199135152771,617.391657464657
1430,628.6211652935584,617.391657464657
1431,628.6131519948,617.391657464657
1432,628.6221328055619,617.391657464657
1433,628.6196113178821,617.391657464657
1434,628.6649423713344,617.391657464657
1435,628.6523917888472,617.391657464657
1436,628.654122215161,617.391657464657
1437,628.6468587969975,617.391657464657
1438,628.6362481008273,617.391657464657
1439,628.6434162345306,617.391657464657
1440,628.6495244249957,617.391657464657
1441,628.6404317506776,617.391657464657
1442,628.6478350073194,617.391657464657
1443,628.6616476698919,617.391657464657
1444,628.6576555439643,617.391657464657
1445,628.6516632429036,617.391657464657
1446,628.6301257928912,617.391657464657
1447,628.6617256882836,617.391657464657
1448,628.6481771177376,617.391657464657
1449,628.6427028072952,617.391657464657
1450,628.6222389951101,617.391657464657
1451,628.6306564235292,617.391657464657
1452,628.6204349977567,617.391657464657
1453,628.6228016714629,617.391657464657
1454,628.603444537233,617.391657464657
1455,628.6055623022306,617.391657464657
1456,628.618066175056,617.391657464657
1457,628.6091430193317,617.391657464657
1458,628.6195046583975,617.391657464657
1459,628.5945858659154,617.391657464657
1460,628.6650363715022,617.391657464657
1461,628.6506440584437,617.391657464657
1462,628.6431887174456,617.391657464657
1463,628.6467867452559,617.391657464657
1464,628.6412118137844,617.391657464657
1465,628.6591943878186,617.391657464657
1466,628.6714891062541,617.391657464657
1467,628.668464667767,617.391657464657
1468,628.6647238671147,617.391657464657
1469,628.6589731245253,617.391657464657
1470,628.6514567119697,617.391657464657
1471,628.6583187330093,617.391657464657
1472,628.6493490119001,617.391657464657
1473,628.6468912071684,617.391657464657
1474,628.6390079695991,617.391657464657
1475,628.6465337869486,617.391657464657
1476,628.6551010578905,617.391657464657
1477,628.6451173032638,617.391657464657
1478,628.65178929255,617.391657464657
1479,628.6576216486194,617.391657464657
1480,628.6682791205724,617.391657464657
1481,628.6776436733662,617.391657464657
1482,628.6936511029893,617.391657464657
1483,628.709851766233,617.391657464657
1484,628.7061668783399,617.391657464657
1485,628.7346402677924,617.391657464657
1486,628.738487548615,617.391657464657
1487,628.7409584614586,617.391657464657
1488,628.752451586905,617.391657464657
1489,628.7603339919536,617.391657464657
1490,628.7627790788085,617.391657464657
1491,628.7719289623378,617.391657464657
1492,628.7886711259882,617.391657464657
1493,628.7763467161934,617.391657464657
1494,628.7968606390648,617.391657464657
1495,628.7928518295785,617.391657464657
1496,628.8044059406791,617.391657464657
1497,628.8061124291361,617.391657464657
1498,628.8063696248175,617.391657464657
1499,628.8265097542503,617.391657464657
1500,628.8226985848248,617.391657464657
1501,628.8212212090543,617.391657464657
1502,628.8319234237548,617.391657464657
1503,628.8414644201507,617.391657464657
1504,628.8365304912597,617.391657464657
1505,628.8385272321748,617.391657464657
1506,628.8530126818024,617.391657464657
1507,628.8506917183295,617.391657464657
1508,628.8580413059908,617.391657464657
1509,628.8635165296338,617.391657464657
1510,628.8663512512468,617.391657464657
1511,628.873287566043,617.391657464657
1512,628.8687642519305,617.391657464657
1513,628.8917355503883,617.391657464657
1514,628.8840385746878,617.391657464657
1515,628.8795418967998,617.391657464657
1516,628.890206689831,617.391657464657
1517,628.9003324561189,617.391657464657
1518,628.8976604627081,617.391657464657
1519,628.909428097238,617.391657464657
1520,628.9017094008358,617.391657464657
1521,628.9041735773292,617.391657464657
1522,628.9162919042375,617.391657464657
1523,628.9136543359552,617.391657464657
1524,628.9080551116616,617.391657464657
1525,628.9205195532202,617.391657464657
1526,628.9162768774636,617.391657464657
1527,628.9356581495583,617.391657464657
1528,628.9353051473006,617.391657464657
1529,628.9376837989507,617.391657464657
1530,628.9344615809972,617.391657464657
1531,628.9460070556008,617.391657464657
1532,628.9396362934745,617.391657464657
1533,628.94460393345,617.391657464657
1534,628.9452504884385,617.391657464657
1535,628.9500211551592,617.391657464657
1536,628.9511491577208,617.391657464657
1537,628.9469018458484,617.391657464657
1538,628.9585181102889,617.391657464657
1539,628.9615792536501,617.391657464657
1540,628.9646738357524,617.391657464657
1541,628.9584953488171,617.391657464657
1542,628.9714586894604,617.391657464657
1543,628.964928364605,617.391657464657
1544,628.9709870622257,617.391657464657
1545,628.9681096065699,617.391657464657
1546,628.9764884495764,617.391657464657
1547,628.9781747332021,617.391657464657
1548,629.0338354820257,617.391657464657
1549,629.0468583422195,617.391657464657
1550,629.0356253084105,617.391657464657
1551,629.0350729014506,617.391657464657
1552,629.0182776116505,617.391657464657
1553,629.0314980170074,617.391657464657
1554,629.0145975428512,617.391657464657
1555,629.022480636985,617.391657464657
1556,629.0156084366776,617.391657464657
1557,629.020490234698,617.391657464657
1558,629.021694714316,617.391657464657
1559,629.020044866345,617.391657464657
1560,629.0170837054732,617.391657464657
1561,629.0236005817615,617.391657464657
1562,629.0059096735703,617.391657464657
1563,629.0106040706777,617.391657464657
1564,629.0068998294604,617.391657464657
1565,629.0237687690728,617.391657464657
1566,629.0102374163841,617.391657464657
1567,629.024982649162,617.391657464657
1568,629.0183194855355,617.391657464657
1569,629.0123348214779,617.391657464657
1570,629.0101611416341,617.391657464657
1571,629.0077339841873,617.391657464657
1572,629.0197555425189,617.391657464657
1573,629.0120323857622,617.391657464657
1574,629.0136021490047,617.391657464657
1575,629.0130149297041,617.391657464657
1576,629.0129522700388,617.391657464657
1577,629.015087606518,617.391657464657
1578,629.0150496345657,617.391657464657
1579,629.0170306443651,617.391657464657
1580,629.0096468577941,617.391657464657
1581,629.0085306920547,617.391657464657
1582,629.0268923431073,617.391657464657
1583,629.0139314470779,617.391657464657
1584,629.0082989602446,617.391657464657
1585,628.9976054143248,617.391657464657
1586,629.0075253566401,617.391657464657
1587,629.0188261313403,617.391657464657
1588,628.8316339169305,617.391657464657
1589,628.6832194201199,617.391657464657
1590,628.6611232473045,617.391657464657
1591,628.6529502502904,617.391657464657
1592,628.6434486164732,617.391657464657
1593,628.625074143179,617.391657464657
1594,628.6309490088929,617.391657464657
1595,628.6287547951865,617.391657464657
1596,628.623771485906,617.391657464657
1597,628.627033309472,617.391657464657
1598,628.6216803668897,617.391657464657
1599,628.6184871786774,617.391657464657
1600,628.6423859989185,617.391657464657
1601,628.6313010962986,617.391657464657
1602,628.6577592832215,617.391657464657
1603,628.6424850092183,617.391657464657
1604,628.6488816111276,617.391657464657
1605,628.6633333377848,617.391657464657
1606,628.6482419727241,617.391657464657
1607,628.6606034041627,617.391657464657
1608,628.64584761752,617.391657464657
1609,628.6487389028238,617.391657464657
1610,628.6503419573675,617.391657464657
1611,628.6512838340086,617.391657464657
1612,628.6468482483959,617.391657464657
1613,628.6848036034598,617.391657464657
1614,628.6646999403231,617.391657464657
1615,628.6464026995981,617.391657464657
1616,628.6469789712675,617.391657464657
1617,628.6417805243536,617.391657464657
1618,628.6284027137804,617.391657464657
1619,628.6338556069612,617.391657464657
1620,628.6283431148535,617.391657464657
1621,628.63516587361,617.391657464657
1622,628.6217591807517,617.391657464657
1623,628.6229735826502,617.391657464657
1624,628.6354884581039,617.391657464657
1625,628.6167100776124,617.391657464657
1626,628.637313751331,617.391657464657
1627,628.6364003814247,617.391657464657
1628,628.6520403620867,617.391657464657
1629,628.6447617253613,617.391657464657
1630,628.6444194727862,617.391657464657
1631,628.6507192941241,617.391657464657
1632,628.6444599112306,617.391657464657
1633,628.6630285200642,617.391657464657
1634,628.667053651549,617.391657464657
1635,628.6604006467985,617.391657464657
1636,628.6626203340272,617.391657464657
1637,628.6580506120717,617.391657464657
1638,628.6528496986581,617.391657464657
1639,628.6635531308751,617.391657464657
1640,628.6508371091683,617.391657464657
1641,628.6526739940612,617.391657464657
1642,628.6644288758849,617.391657464657
1643,628.6682043548924,617.391657464657
1644,628.6525370804516,617.391657464657
1645,628.6484379946669,617.391657464657
1646,628.6507398907571,617.391657464657
1647,628.6840072141268,617.391657464657
1648,628.6821579096427,617.391657464657
1649,628.6938457331823,617.391657464657
1650,628.7028926340952,617.391657464657
1651,628.725673274364,617.391657464657
1652,628.7264132556378,617.391657464657
1653,628.7391388675235,617.391657464657
1654,628.747944367652,617.391657464657
1655,628.7554072641869,617.391657464657
1656,628.7721529153782,617.391657464657
1657,628.7581632571172,617.391657464657
1658,628.7695133756213,617.391657464657
1659,628.778488416125,617.391657464657
1660,628.7890884401953,617.391657464657
1661,628.78790489806,617.391657464657
1662,628.7912450413216,617.391657464657
1663,628.8055475009472,617.391657464657
1664,628.8042089540025,617.391657464657
1665,628.8181996937046,617.391657464657
1666,628.8224747527157,617.391657464657
1667,628.8261971760264,617.391657464657
1668,628.8223749914858,617.391657464657
1669,628.8211179841232,617.391657464657
1670,628.8365926602331,617.391657464657
1671,628.8313159591509,617.391657464657
1672,628.8566835086409,617.391657464657
1673,628.8504533100096,617.391657464657
1674,628.8558614014979,617.391657464657
1675,628.8557956859732,617.391657464657
1676,628.863764358299,617.391657464657
1677,628.871750957083,617.391657464657
1678,628.8578272926712,617.391657464657
1679,628.8828389579633,617.391657464657
1680,628.8787765917303,617.391657464657
1681,628.8804826548179,617.391657464657
1682,628.8983375681229,617.391657464657
1683,628.8813538891588,617.391657464657
1684,628.9009372577417,617.391657464657
1685,628.9011293096106,617.391657464657
1686,628.9149989384102,617.391657464657
1687,628.8986684118112,617.391657464657
1688,628.907778190145,617.391657464657
1689,628.9059904739787,617.391657464657
1690,628.9204195975638,617.391657464657
1691,628.9187992703847,617.391657464657
1692,628.9248839695898,617.391657464657
1693,628.9229743796706,617.391657464657
1694,628.9225122373359,617.391657464657
1695,628.9218619921259,617.391657464657
1696,628.9359976386302,617.391657464657
1697,628.9295481779832,617.391657464657
1698,628.9473136131381,617.391657464657
1699,628.9419664881718,617.391657464657
1700,628.9463671520193,617.391657464657
1701,628.9459794306977,617.391657464657
1702,628.9498440318589,617.391657464657
1703,628.9559528121948,617.391657464657
1704,628.9535183519647,617.391657464657
1705,628.95429725821,617.391657464657
1706,628.960060049304,617.391657464657
1707,628.9643425248826,617.391657464657
1708,628.9641260600729,617.391657464657
1709,628.9733046557544,617.391657464657
1710,628.973220328088,617.391657464657
1711,628.9780539138928,617.391657464657
1712,628.9740893948367,617.391657464657
1713,628.9823027596625,617.391657464657
1714,628.976126366134,617.391657464657
1715,628.9951678344008,617.391657464657
1716,629.0409191542274,617.391657464657
1717,629.0508759433536,617.391657464657
1718,629.033843426666,617.391657464657
1719,629.026300811014,617.391657464657
1720,629.0342671596794,617.391657464657
1721,629.0311922615693,617.391657464657
1722,629.0188654567712,617.391657464657
1723,629.0257450470716,617.391657464657
1724,629.0127626775261,617.391657464657
1725,629.0187191504345,617.391657464657
1726,629.0301539108622,617.391657464657
1727,629.0242233735677,617.391657464657
1728,629.0224549204828,617.391657464657
1729,629.0147135428527,617.391657464657
1730,629.0147476242973,617.391657464657
1731,629.0201153939652,617.391657464657
1732,629.0249021696667,617.391657464657
1733,629.0144438640134,617.391657464657
1734,629.017472035623,617.391657464657
1735,629.0248294097714,617.391657464657
1736,629.0246899639874,617.391657464657
1737,629.0130661638431,617.391657464657
1738,629.018234857105,617.391657464657
1739,629.0047740924092,617.391657464657
1740,629.0052458078018,617.391657464657
1741,629.0215573214712,617.391657464657
1742,629.0130387295663,617.391657464657
1743,629.0089966725615,617.391657464657
1744,629.0164175588943,617.391657464657
1745,629.011938704041,617.391657464657
1746,629.0079672344752,617.391657464657
1747,629.0067890376217,617.391657464657
1748,629.0110956196173,617.391657464657
1749,629.0140554723674,617.391657464657
1750,629.026942429586,617.391657464657
1751,629.0184567519353,617.391657464657
1752,629.0119422228154,617.391657464657
1753,629.0219399574977,617.391657464657
1754,629.0130542622779,617.391657464657
1755,629.0384994919852,617.391657464657
1756,628.7598985900079,617.391657464657
1757,628.6888790693223,617.391657464657
1758,628.6540297323229,617.391657464657
1759,628.6446805674906,617.391657464657
1760,628.6286838379408,617.391657464657
1761,628.6258227020022,617.391657464657
1762,628.6311330811554,617.391657464657
1763,628.63305325372,617.391657464657
1764,628.6356928016959,617.391657464657
1765,628.6206243581711,617.391657464657
1766,628.6267555447117,617.391657464657
1767,628.6200176199529,617.391657464657
1768,628.6520404344,617.391657464657
1769,628.609805692022,617.391657464657
1770,628.6510896926776,617.391657464657
1771,628.6485541013628,617.391657464657
1772,628.6494192997251,617.391657464657
1773,628.6446685116272,617.391657464657
1774,628.6511371179563,617.391657464657
1775,628.65175642331,617.391657464657
1776,628.6564594461263,617.391657464657
1777,628.651745462908,617.391657464657
1778,628.6363248266641,617.391657464657
1779,628.6562094334048,617.391657464657
1780,628.6514615779048,617.391657464657
1781,628.6627116144151,617.391657464657
1782,628.6548215163099,617.391657464657
1783,628.6584159795366,617.391657464657
1784,628.6447022120702,617.391657464657
1785,628.6353451016951,617.391657464657
1786,628.646938643988,617.391657464657
1787,628.6317194893481,617.391657464657
1788,628.6297773616601,617.391657464657
1789,628.6287850210741,617.391657464657
1790,628.6301409776198,617.391657464657
1791,628.6187336438169,617.391657464657
1792,628.6259178348773,617.391657464657
1793,628.6209940337751,617.391657464657
1794,628.6347520243407,617.391657464657
1795,628.5846113770809,617.391657464657
1796,628.6631046290669,617.391657464657
1797,628.641784633786,617.391657464657
1798,628.6454987052529,617.391657464657
1799,628.6445459272373,617.391657464657
1800,628.6417470068922,617.391657464657
1801,628.6658481017729,617.391657464657
1802,628.6831981888172,617.391657464657
1803,628.6606463738525,617.391657464657
1804,628.6471660744766,617.391657464657
1805,628.6637057997239,617.391657464657
1806,628.651477539984,617.391657464657
1807,628.6597280328685,617.391657464657
1808,628.650341472387,617.391657464657
1809,628.659419777178,617.391657464657
1810,628.662330564306,617.391657464657
1811,628.6550442905077,617.391657464657
1812,628.648971256603,617.391657464657
1813,628.664607239386,617.391657464657
1814,628.6569454114566,617.391657464657
1815,628.6529094935725,617.391657464657
1816,628.6511270227053,617.391657464657
1817,628.6517270594899,617.391657464657
1818,628.6444584273892,617.391657464657
1819,628.6507496469504,617.391657464657
1820,628.6565147913398,617.391657464657
1821,628.6487628009542,617.391657464657
1822,628.6623305010587,617.391657464657
1823,628.6561379960643,617.391657464657
1824,628.6479516306267,617.391657464657
1825,628.6596553900287,617.391657464657
1826,628.6566512309903,617.391657464657
1827,628.6456608281801,617.391657464657
1828,628.6570737775734,617.391657464657
1829,628.6561079743562,617.391657464657
1830,628.6546352973213,617.391657464657
1831,628.6591619634719,617.391657464657
1832,628.6439610937507,617.391657464657
1833,628.648386631041,617.391657464657
1834,628.6620351818178,617.391657464657
1835,628.6485292384218,617.391657464657
1836,628.6510581532764,617.391657464657
1837,628.6561690655451,617.391657464657
1838,628.6457826577754,617.391657464657
1839,628.6594435061133,617.391657464657
1840,628.6449035163121,617.391657464657
1841,628.6538343099146,617.391657464657
1842,628.6499157848165,617.391657464657
1843,628.6492137787429,617.391657464657
1844,628.6400225269277,617.391657464657
1845,628.6443826990991,617.391657464657
1846,628.6549678485485,617.391657464657
1847,628.6560184384166,617.391657464657
1848,628.6591782217484,617.391657464657
1849,628.6528572975443,617.391657464657
1850,628.6513275732134,617.391657464657
1851,628.6428702408926,617.391657464657
1852,628.6426776432221,617.391657464657
1853,628.649800797379,617.391657464657
1854,628.6539033703108,617.391657464657
1855,628.6477659660521,617.391657464657
1856,628.6485638768806,617.391657464657
1857,628.6502665796356,617.391657464657
1858,628.6402677139492,617.391657464657
1859,628.6370756413602,617.391657464657
1860,628.6454530515595,617.391657464657
1861,628.6526654948167,617.391657464657
1862,628.6491396725545,617.391657464657
1863,628.6458261182769,617.391657464657
1864,628.6456566694886,617.391657464657
1865,628.6388855183917,617.391657464657
1866,628.6394902312863,617.391657464657
1867,628.6475319464017,617.391657464657
1868,628.6508346313673,617.391657464657
1869,628.6405664656273,617.391657464657
1870,628.6498921601004,617.391657464657
1871,628.6472305356235,617.391657464657
1872,628.6552316742761,617.391657464657
1873,628.6368606471673,617.391657464657
1874,628.6469002170684,617.391657464657
1875,628.6471639630529,617.391657464657
1876,628.6517940322948,617.391657464657
1877,628.637059702779,617.391657464657
1878,628.6674098741981,617.391657464657
1879,628.6450168040843,617.391657464657
1880,628.6425547242877,617.391657464657
1881,628.6441719377234,617.391657464657
1882,628.650831099616,617.391657464657
1883,628.6500848331038,617.391657464657
1884,628.6522323404218,617.391657464657
1885,628.6531941291232,617.391657464657
1886,628.6544072171152,617.391657464657
1887,628.6367831307398,617.391657464657
1888,628.6505916866718,617.391657464657
1889,628.6503871136547,617.391657464657
1890,628.6514025641748,617.391657464657
1891,628.6462337700815,617.391657464657
1892,628.6436175693028,617.391657464657
1893,628.6561974529652,617.391657464657
1894,628.6470235052412,617.391657464657
1895,628.6522927291741,617.391657464657
1896,628.6576473504686,617.391657464657
1897,628.6423074487925,617.391657464657
1898,628.6466110317327,617.391657464657
1899,628.6438240443376,617.391657464657
1900,628.6520284703892,617.391657464657
1901,628.6505717506885,617.391657464657
1902,628.6387924598856,617.391657464657
1903,628.6539505372862,617.391657464657
1904,628.6593755814423,617.391657464657
1905,628.635264408312,617.391657464657
1906,628.6507788128072,617.391657464657
1907,628.654612882001,617.391657464657
1908,628.6437278155071,617.391657464657
1909,628.675231178173,617.391657464657
1910,628.6625540738826,617.391657464657
1911,628.669256635029,617.391657464657
1912,628.6523480712356,617.391657464657
1913,628.6723060798361,617.391657464657
1914,628.6920858695823,617.391657464657
1915,628.6896978178694,617.391657464657
1916,628.701015460136,617.391657464657
1917,628.7102498409256,617.391657464657
1918,628.7053687256605,617.391657464657
1919,628.7165942300985,617.391657464657
1920,628.7245563398166,617.391657464657
1921,628.7300538973292,617.391657464657
1922,628.7621319228012,617.391657464657
1923,628.8179034115514,617.391657464657
1924,628.8105990574212,617.391657464657
1925,628.7844724526063,617.391657464657
1926,628.789190038052,617.391657464657
1927,628.7839145919712,617.391657464657
1928,628.7796984327514,617.391657464657
1929,628.7738711300167,617.391657464657
1930,628.7798441826869,617.391657464657
1931,628.7786497386953,617.391657464657
1932,628.7857832903101,617.391657464657
1933,628.781359443237,617.391657464657
1934,628.7887434310211,617.391657464657
1935,628.7800824414209,617.391657464657
1936,628.8177224153409,617.391657464657
1937,628.6934340740943,617.391657464657
1938,628.6533335946186,617.391657464657
1939,628.6318686885821,617.391657464657
1940,628.6331644308088,617.391657464657
1941,628.6343383567911,617.391657464657
1942,628.6239528748977,617.391657464657
1943,628.6317349573933,617.391657464657
1944,628.6200825923763,617.391657464657
1945,628.6313673099417,617.391657464657
1946,628.6163229965287,617.391657464657
1947,628.6158049230264,617.391657464657
1948,628.6147209921438,617.391657464657
1949,628.6407560440726,617.391657464657
1950,628.6195944780293,617.391657464657
1951,628.6518376901832,617.391657464657
1952,628.6485688709816,617.391657464657
1953,628.6463467849517,617.391657464657
1954,628.6405341971057,617.391657464657
1955,628.6507584770786,617.391657464657
1956,628.6386080554794,617.391657464657
1957,628.6420657685131,617.391657464657
1958,628.6491559706096,617.391657464657
1959,628.6556633685478,617.391657464657
1960,628.6471172172635,617.391657464657
1961,628.6577908941528,617.391657464657
1962,628.6683036944739,617.391657464657
1963,628.6502398774364,617.391657464657
1964,628.6459615228442,617.391657464657
1965,628.6410378351792,617.391657464657
1966,628.6362703425914,617.391657464657
1967,628.6273511976058,617.391657464657
1968,628.628221272309,617.391657464657
1969,628.6129794001462,617.391657464657
1970,628.6182599775628,617.391657464657
1971,628.6247170921345,617.391657464657
1972,628.6162038726268,617.391657464657
1973,628.615390015233,617.391657464657
1974,628.6057920754549,617.391657464657
1975,628.6416343032155,617.391657464657
1976,628.6278384904722,617.391657464657
1977,628.6519570820468,617.391657464657
1978,628.6458295350311,617.391657464657
1979,628.6307139189197,617.391657464657
1980,628.642774511465,617.391657464657
1981,628.6531207224567,617.391657464657
1982,628.6632103089471,617.391657464657
1983,628.6803003010169,617.391657464657
1984,628.6559874215377,617.391657464657
1985,628.6517514271468,617.391657464657
1986,628.6543245070643,617.391657464657
1987,628.6568166661391,617.391657464657
1988,628.6567735275867,617.391657464657
1989,628.6485700035541,617.391657464657
1990,628.645240575385,617.391657464657
1991,628.6485954336141,617.391657464657
1992,628.6582234836184,617.391657464657
1993,628.6571632588553,617.391657464657
1994,628.6498133198182,617.391657464657
1995,628.6517105299226,617.391657464657
1996,628.6805021472803,617.391657464657
1997,628.6985239029674,617.391657464657
1998,628.7287979165827,617.391657464657
1999,628.7625406929858,617.391657464657
2000,628.789280269149,617.391657464657
2001,628.8177948459661,617.391657464657
2002,628.8492964369128,617.391657464657
2003,628.8597992229086,617.391657464657
2004,628.8616454740068,617.391657464657
2005,628.886940848748,617.391657464657
2006,628.9013204268349,617.391657464657
2007,628.9238550194339,617.391657464657
2008,628.9381814680179,617.391657464657
2009,628.9435591321176,617.391657464657
2010,628.9604457935018,617.391657464657
2011,628.9748696249986,617.391657464657
2012,628.9864128913695,617.391657464657
2013,628.993792815775,617.391657464657
2014,628.9963408076377,617.391657464657
2015,629.0056259184646,617.391657464657
2016,629.0254407307767,617.391657464657
2017,629.040638173566,617.391657464657
2018,629.0420026508756,617.391657464657
2019,629.0562224991183,617.391657464657
2020,629.0753242941059,617.391657464657
2021,629.0757171713531,617.391657464657
2022,629.0827372587798,617.391657464657
2023,629.09385814384,617.391657464657
2024,629.1012373773333,617.391657464657
2025,629.11453894742,617.391657464657
2026,629.1239998521426,617.391657464657
2027,629.1385250770296,617.391657464657
2028,629.1372773171846,617.391657464657
2029,629.1448154206452,617.391657464657
2030,629.1666051925324,617.391657464657
2031,629.1673162144111,617.391657464657
2032,629.1675719459563,617.391657464657
2033,629.1712186503294,617.391657464657
2034,629.1894121107038,617.391657464657
2035,629.1894245960123,617.391657464657
2036,629.2051426688447,617.391657464657
2037,629.2098502530934,617.391657464657
2038,629.2150496923584,617.391657464657
2039,629.2163289281061,617.391657464657
2040,629.2223494036496,617.391657464657
2041,629.228881832855,617.391657464657
2042,629.2334321890753,617.391657464657
2043,629.2489027700211,617.391657464657
2044,629.2478393269307,617.391657464657
2045,629.2554963282982,617.391657464657
2046,629.2802983422195,617.391657464657
2047,629.2790117221641,617.391657464657
2048,629.2932219052411,617.391657464657
2049,629.2956825254034,617.391657464657
2050,629.2932797276103,617.391657464657
2051,629.2981227937981,617.391657464657
2052,629.307723019991,617.391657464657
2053,629.3097106470046,617.391657464657
2054,629.3178540636351,617.391657464657
2055,629.3231228201834,617.391657464657
2056,629.3349152339553,617.391657464657
2057,629.3377852488112,617.391657464657
2058,629.3411409069237,617.391657464657
2059,629.3423546453699,617.391657464657
2060,629.3494170644345,617.391657464657
2061,629.3639515657561,617.391657464657
2062,629.3683340281617,617.391657464657
2063,629.3570498914164,617.391657464657
2064,629.3950036746334,617.391657464657
2065,629.4484329907377,617.391657464657
2066,629.4542453416985,617.391657464657
2067,629.4479247637913,617.391657464657
2068,629.4298612790965,617.391657464657
2069,629.441405002604,617.391657464657
2070,629.4291581576181,617.391657464657
2071,629.4351772637752,617.391657464657
2072,629.4355298161917,617.391657464657
2073,629.4205864491745,617.391657464657
2074,629.4288745331538,617.391657464657
2075,629.4308495384452,617.391657464657
2076,629.4298116092843,617.391657464657
2077,629.4227194580052,617.391657464657
2078,629.4255054618608,617.391657464657
2079,629.4294319490983,617.391657464657
2080,629.4212815037135,617.391657464657
2081,629.4311914437601,617.391657464657
2082,629.4296591737241,617.391657464657
2083,629.4320103921779,617.391657464657
2084,629.4361039299167,617.391657464657
2085,629.4278192470352,617.391657464657
2086,629.4248827097944,617.391657464657
2087,629.4236875535014,617.391657464657
2088,629.4138355804938,617.391657464657
2089,629.4320927446431,617.391657464657
2090,629.4392527990515,617.391657464657
2091,629.4243386129792,617.391657464657
2092,629.4336953705293,617.391657464657
2093,629.4213853966628,617.391657464657
2094,629.4199494491287,617.391657464657
2095,629.4185587004787,617.391657464657
2096,629.4204983063555,617.391657464657
2097,629.4243729062779,617.391657464657
2098,629.4187743336394,617.391657464657
2099,629.4370170552676,617.391657464657
2100,629.4229001189225,617.391657464657
2101,629.4196640787468,617.391657464657
2102,629.4252080564092,617.391657464657
2103,629.4272412640067,617.391657464657
2104,629.4594812657314,617.391657464657
2105,628.8395757347874,617.391657464657
2106,628.7275679545834,617.391657464657
2107,628.67170131708,617.391657464657
2108,628.6630637562794,617.391657464657
2109,628.6586452447019,617.391657464657
2110,628.6411650937298,617.391657464657
2111,628.6429866067662,617.391657464657
2112,628.6382382284223,617.391657464657
2113,628.6340314524766,617.391657464657
2114,628.6401373937774,617.391657464657
2115,628.6348768110078,617.391657464657
2116,628.6389646900153,617.391657464657
2117,628.6658683583212,617.391657464657
2118,628.6136572895349,617.391657464657
2119,628.6668181824297,617.391657464657
2120,628.6459075543008,617.391657464657
2121,628.6636567179924,617.391657464657
2122,628.6601768813925,617.391657464657
2123,628.6520176443591,617.391657464657
2124,628.6524519705099,617.391657464657
2125,628.6676993450104,617.391657464657
2126,628.6601098308757,617.391657464657
2127,628.6519075854825,617.391657464657
2128,628.6444609545408,617.391657464657
2129,628.650957163627,617.391657464657
2130,628.6710042074717,617.391657464657
2131,628.66321093382,617.391657464657
2132,628.666548952487,617.391657464657
2133,628.6438109528937,617.391657464657
2134,628.6419560109321,617.391657464657
2135,628.6366520421587,617.391657464657
2136,628.6319149777223,617.391657464657
2137,628.6323786236779,617.391657464657
2138,628.6443490032353,617.391657464657
2139,628.6243963134364,617.391657464657
2140,628.6364278958604,617.391657464657
2141,628.6221613737081,617.391657464657
2142,628.6205886705847,617.391657464657
2143,628.6236593571452,617.391657464657
2144,628.5779405471368,617.391657464657
2145,628.6724366253453,617.391657464657
2146,628.6491093138847,617.391657464657
2147,628.6535950517746,617.391657464657
2148,628.6454734095374,617.391657464657
2149,628.6500838625885,617.391657464657
2150,628.6713218276418,617.391657464657
2151,628.6842683518842,617.391657464657
2152,628.6694440632903,617.391657464657
2153,628.6660485465254,617.391657464657
2154,628.6711654426325,617.391657464657
2155,628.6629536170514,617.391657464657
2156,628.671154170081,617.391657464657
2157,628.6540054165622,617.391657464657
2158,628.6577423631021,617.391657464657
2159,628.6569969222732,617.391657464657
2160,628.6661480326201,617.391657464657
2161,628.663032813264,617.391657464657
2162,628.6471680697524,617.391657464657
2163,628.6637707838747,617.391657464657
2164,628.6537083917044,617.391657464657
2165,628.6793146059506,617.391657464657
2166,628.7071677725645,617.391657464657
2167,628.7272855314721,617.391657464657
2168,628.7859579500596,617.391657464657
2169,628.8068472149703,617.391657464657
2170,628.826856362465,617.391657464657
2171,628.827813537649,617.391657464657
2172,628.8648480563468,617.391657464657
2173,628.8827140875411,617.391657464657
2174,628.8930051750157,617.391657464657
2175,628.9061075041456,617.391657464657
2176,628.9153465789991,617.391657464657
2177,628.9510701934025,617.391657464657
2178,628.9490440921986,617.391657464657
2179,628.9592952991318,617.391657464657
2180,628.9706611298643,617.391657464657
2181,628.9771063961538,617.391657464657
2182,629.0063937127919,617.391657464657
2183,629.0047362104589,617.391657464657
2184,629.022905992694,617.391657464657
2185,629.0206721790483,617.391657464657
2186,629.0337273952516,617.391657464657
2187,629.0480251167379,617.391657464657
2188,629.0603201845656,617.391657464657
2189,629.074780018497,617.391657464657
2190,629.0872168625451,617.391657464657
2191,629.0884034240694,617.391657464657
2192,629.0944633866438,617.391657464657
2193,629.1037953780948,617.391657464657
2194,629.1141164574886,617.391657464657
2195,629.1217280036839,617.391657464657
2196,629.1380678442522,617.391657464657
2197,629.1386020925229,617.391657464657
2198,629.1489369959221,617.391657464657
2199,629.1617546029031,617.391657464657
2200,629.1628233276749,617.391657464657
2201,629.1709778349896,617.391657464657
2202,629.1809415922854,617.391657464657
2203,629.1921109266201,617.391657464657
2204,629.2008037352106,617.391657464657
2205,629.2037456335617,617.391657464657
2206,629.2237678815162,617.391657464657
2207,629.2164813434814,617.391657464657
2208,629.2303597995082,617.391657464657
2209,629.2293736318211,617.391657464657
2210,629.2513470379578,617.391657464657
2211,629.2393804997141,617.391657464657
2212,629.2562958313989,617.391657464657
2213,629.2443867038542,617.391657464657
2214,629.2581682669091,617.391657464657
2215,629.2734601185284,617.391657464657
2216,629.2728551305277,617.391657464657
2217,629.2846893199716,617.391657464657
2218,629.2898020244958,617.391657464657
2219,629.3042218941357,617.391657464657
2220,629.3073709477138,617.391657464657
2221,629.3064386409261,617.391657464657
2222,629.3172970441967,617.391657464657
2223,629.3291898634468,617.391657464657
2224,629.311665170387,617.391657464657
2225,629.3282943846593,617.391657464657
2226,629.3383803320056,617.391657464657
2227,629.3391538295009,617.391657464657
2228,629.347329394056,617.391657464657
2229,629.34293028261,617.391657464657
2230,629.3593910701157,617.391657464657
2231,629.3514868359763,617.391657464657
2232,629.3714972897064,617.391657464657
2233,629.3801651917145,617.391657464657
2234,629.4623652079099,617.391657464657
2235,629.45917057804,617.391657464657
2236,629.4525748769759,617.391657464657
2237,629.4500481724552,617.391657464657
2238,629.4459215335216,617.391657464657
2239,629.4452688018554,617.391657464657
2240,629.4455145584852,617.391657464657
2241,629.4390167703132,617.391657464657
2242,629.4288968918671,617.391657464657
2243,629.4225743040322,617.391657464657
2244,629.4345585959111,617.391657464657
2245,629.4356341540673,617.391657464657
2246,629.4281294711332,617.391657464657
2247,629.4281423754707,617.391657464657
2248,629.43138614296,617.391657464657
2249,629.4277612880552,617.391657464657
2250,629.4390994712821,617.391657464657
2251,629.4287563479161,617.391657464657
2252,629.4315557827333,617.391657464657
2253,629.4379379374327,617.391657464657
2254,629.4372127138595,617.391657464657
2255,629.4346240896665,617.391657464657
2256,629.4234198074125,617.391657464657
2257,629.423868986391,617.391657464657
2258,629.4348195991603,617.391657464657
2259,629.4325270201797,617.391657464657
2260,629.4274033352768,617.391657464657
2261,629.4354032594457,617.391657464657
2262,629.4322584702469,617.391657464657
2263,629.4244733119574,617.391657464657
2264,629.4209131624111,617.391657464657
2265,629.4330504634701,617.391657464657
2266,629.4410479793254,617.391657464657
2267,629.4192065521006,617.391657464657
2268,629.4218893689266,617.391657464657
2269,629.427234575898,617.391657464657
2270,629.4411332985029,617.391657464657
2271,629.4213156923568,617.391657464657
2272,629.4335624759992,617.391657464657
2273,629.4451612499113,617.391657464657
2274,628.9586538785021,617.391657464657
2275,628.7300299401992,617.391657464657
2276,628.6877733537763,617.391657464657
2277,628.6727291601446,617.391657464657
2278,628.6523994943024,617.391657464657
2279,628.654871136646,617.391657464657
2280,628.6485354661696,617.391657464657
2281,628.6486532933993,617.391657464657
2282,628.6384215757989,617.391657464657
2283,628.6283579628515,617.391657464657
2284,628.6307326551619,617.391657464657
2285,628.6286760538743,617.391657464657
2286,628.63960187869,617.391657464657
2287,628.6449477076467,617.391657464657
2288,628.6684491338401,617.391657464657
2289,628.6740045694501,617.391657464657
2290,628.6611223115855,617.391657464657
2291,628.6585130491454,617.391657464657
2292,628.6651341629804,617.391657464657
2293,628.6657103863389,617.391657464657
2294,628.6649398737777,617.391657464657
2295,628.6608468442814,617.391657464657
2296,628.6576262067575,617.391657464657
2297,628.6576235463803,617.391657464657
2298,628.6634552405934,617.391657464657
2299,628.6502655734197,617.391657464657
2300,628.6907583960626,617.391657464657
2301,628.6714735064048,617.391657464657
2302,628.6723341135636,617.391657464657
2303,628.6492008482378,617.391657464657
2304,628.6383661440077,617.391657464657
2305,628.6449420453238,617.391657464657
2306,628.6257129572116,617.391657464657
2307,628.645163332244,617.391657464657
2308,628.6294542661119,617.391657464657
2309,628.6336948214657,617.391657464657
2310,628.6289080733887,617.391657464657
2311,628.6316213195748,617.391657464657
2312,628.6226734731689,617.391657464657
2313,628.6448634463787,617.391657464657
2314,628.6207111891612,617.391657464657
2315,628.6596762443025,617.391657464657
2316,628.6602015277904,617.391657464657
2317,628.6526752482433,617.391657464657
2318,628.6466386381146,617.391657464657
2319,628.6526573077894,617.391657464657
2320,628.6559457365123,617.391657464657
2321,628.6886709724286,617.391657464657
2322,628.6748227953794,617.391657464657
2323,628.671213560135,617.391657464657
2324,628.6641853490819,617.391657464657
2325,628.6719040064014,617.391657464657
2326,628.6672180503181,617.391657464657
2327,628.6670141511083,617.391657464657
2328,628.6599127273902,617.391657464657
2329,628.6694677261684,617.391657464657
2330,628.6699949971124,617.391657464657
2331,628.6672253523494,617.391657464657
2332,628.6648127152733,617.391657464657
2333,628.6633468821403,617.391657464657
2334,628.6660378498603,617.391657464657
2335,628.6632987935526,617.391657464657
2336,628.6702620680204,617.391657464657
2337,628.6644254203969,617.391657464657
2338,628.6710679929846,617.391657464657
2339,628.6596702933672,617.391657464657
2340,628.6574680329959,617.391657464657
2341,628.6570114632091,617.391657464657
2342,628.659898903014,617.391657464657
2343,628.6669051397547,617.391657464657
2344,628.6720967519125,617.391657464657
2345,628.6720627234511,617.391657464657
2346,628.664530897489,617.391657464657
2347,628.6584045950782,617.391657464657
2348,628.6616978876963,617.391657464657
2349,628.6650032297059,617.391657464657
2350,628.6592225051724,617.391657464657
2351,628.6623453766831,617.391657464657
2352,628.6486130650927,617.391657464657
2353,628.665270256437,617.391657464657
2354,628.6576890505045,617.391657464657
2355,628.6670297328615,617.391657464657
2356,628.6715660422154,617.391657464657
2357,628.6727320712041,617.391657464657
2358,628.6657250933561,617.391657464657
2359,628.6573490740849,617.391657464657
2360,628.6565438826169,617.391657464657
2361,628.6555837669458,617.391657464657
2362,628.6704631307174,617.391657464657
2363,628.6573739540831,617.391657464657
2364,628.6618242895609,617.391657464657
2365,628.656943020638,617.391657464657
2366,628.6554568941335,617.391657464657
2367,628.6622372421378,617.391657464657
2368,628.6639497803659,617.391657464657
2369,628.6534088847105,617.391657464657
2370,628.6682488353592,617.391657464657
2371,628.6568801671965,617.391657464657
2372,628.6560177062113,617.391657464657
2373,628.6545853107173,617.391657464657
2374,628.6675145020098,617.391657464657
2375,628.653648787004,617.391657464657
2376,628.6490964803208,617.391657464657
2377,628.6540723294909,617.391657464657
2378,628.664806223522,617.391657464657
2379,628.6632007242473,617.391657464657
2380,628.6521086568047,617.391657464657
2381,628.6513552358559,617.391657464657
2382,628.6598612844103,617.391657464657
2383,628.6598606899023,617.391657464657
2384,628.6644152050926,617.391657464657
2385,628.6696457140962,617.391657464657
2386,628.654468855691,617.391657464657
2387,628.6516878083515,617.391657464657
2388,628.6575363969871,617.391657464657
2389,628.6721694433684,617.391657464657
2390,628.6614357747532,617.391657464657
2391,628.6660478957814,617.391657464657
2392,628.6570932300599,617.391657464657
2393,628.6554900796439,617.391657464657
2394,628.6528044499988,617.391657464657
2395,628.6497290241379,617.391657464657
2396,628.6439357191028,617.391657464657
2397,628.6611572950906,617.391657464657
2398,628.657147308737,617.391657464657
2399,628.6560582905121,617.391657464657
2400,628.6548994186558,617.391657464657
2401,628.6669568184109,617.391657464657
2402,628.6599640206465,617.391657464657
2403,628.6688126512151,617.391657464657
2404,628.6667667324677,617.391657464657
2405,628.6499553321265,617.391657464657
2406,628.6462174331789,617.391657464657
2407,628.6613155564514,617.391657464657
2408,628.6486104536601,617.391657464657
2409,628.6625255114561,617.391657464657
2410,628.6498263789783,617.391657464657
2411,628.6558114797233,617.391657464657
2412,628.6537222978644,617.391657464657
2413,628.6544615860928,617.391657464657
2414,628.6554678524737,617.391657464657
2415,628.661769531899,617.391657464657
2416,628.6605918635875,617.391657464657
2417,628.661579661496,617.391657464657
2418,628.660274054545,617.391657464657
2419,628.6477329972909,617.391657464657
2420,628.6606184464085,617.391657464657
2421,628.654389558866,617.391657464657
2422,628.6527872234227,617.391657464657
2423,628.657529855822,617.391657464657
2424,628.6463680804793,617.391657464657
2425,628.6634590947433,617.391657464657
2426,628.6606956268305,617.391657464657
2427,628.6459306094412,617.391657464657
2428,628.6491697163717,617.391657464657
2429,628.6631284688231,617.391657464657
2430,628.6813523266227,617.391657464657
2431,628.6702620685979,617.391657464657
2432,628.6795157525438,617.391657464657
2433,628.7015170820547,617.391657464657
2434,628.7217828673133,617.391657464657
2435,628.7505779573577,617.391657464657
2436,628.76064153726,617.391657464657
2437,628.7815140699751,617.391657464657
2438,628.8051730395051,617.391657464657
2439,628.8013026100159,617.391657464657
2440,628.8236609234431,617.391657464657
2441,628.8319134282078,617.391657464657
2442,628.8396164627786,617.391657464657
2443,628.8788833646366,617.391657464657
2444,629.005370750386,617.391657464657
2445,629.0013475403777,617.391657464657
2446,628.9882652421854,617.391657464657
2447,628.9843781495999,617.391657464657
2448,628.9803122138962,617.391657464657
2449,628.9749844565071,617.391657464657
2450,628.9736607246159,617.391657464657
2451,628.9737460065598,617.391657464657
2452,628.9752571187457,617.391657464657
2453,628.9721898277263,617.391657464657
2454,628.97241879121,617.391657464657
2455,628.9690557464509,617.391657464657
2456,628.969114165528,617.391657464657
2457,628.967033030149,617.391657464657
2458,628.8659758019219,617.391657464657
2459,628.6989571509763,617.391657464657
2460,628.6674027893117,617.391657464657
2461,628.6512252831445,617.391657464657
2462,628.6475331983635,617.391657464657
2463,628.6517058405319,617.391657464657
2464,628.634136780741,617.391657464657
2465,628.6314106436396,617.391657464657
2466,628.6302084207313,617.391657464657
2467,628.6340764961859,617.391657464657
2468,628.6267465683719,617.391657464657
2469,628.6176796456623,617.391657464657
2470,628.6335756249733,617.391657464657
2471,628.6527099644936,617.391657464657
2472,628.6683845641908,617.391657464657
2473,628.6759264831115,617.391657464657
2474,628.6617340130746,617.391657464657
2475,628.66012912709,617.391657464657
2476,628.6524956832191,617.391657464657
2477,628.6521387786829,617.391657464657
2478,628.6589203762394,617.391657464657
2479,628.648171744218,617.391657464657
2480,628.6562089178499,617.391657464657
2481,628.6543049277045,617.391657464657
2482,628.6502079122045,617.391657464657
2483,628.6566475089735,617.391657464657
2484,628.6693107883158,617.391657464657
2485,628.6637384892241,617.391657464657
2486,628.6649419807233,617.391657464657
2487,628.6505363316688,617.391657464657
2488,628.6424309619061,617.391657464657
2489,628.6426572827027,617.391657464657
2490,628.6339010138889,617.391657464657
2491,628.632978341914,617.391657464657
2492,628.6213537254458,617.391657464657
2493,628.6294408929051,617.391657464657
2494,628.6279367468508,617.391657464657
2495,628.6303784720159,617.391657464657
2496,628.6258353984197,617.391657464657
2497,628.6119070629319,617.391657464657
2498,628.6239589581031,617.391657464657
2499,628.6664475678217,617.391657464657
2500,628.6594899227259,617.391657464657
2501,628.64690377514,617.391657464657
2502,628.659904550388,617.391657464657
2503,628.6590513063016,617.391657464657
2504,628.6487627103552,617.391657464657
2505,628.6731938348494,617.391657464657
2506,628.684228592314,617.391657464657
2507,628.6743557413998,617.391657464657
2508,628.6794713719436,617.391657464657
2509,628.6650050355546,617.391657464657
2510,628.6611185264384,617.391657464657
2511,628.6681618847892,617.391657464657
2512,628.6723513118728,617.391657464657
2513,628.6610295338268,617.391657464657
2514,628.66483453494,617.391657464657
2515,628.6572116675983,617.391657464657
2516,628.6583077183786,617.391657464657
2517,628.6663706318808,617.391657464657
2518,628.6668805301201,617.391657464657
2519,628.6873097578006,617.391657464657
2520,628.7267490913488,617.391657464657
2521,628.8216637890367,617.391657464657
2522,628.8969851970595,617.391657464657
2523,628.9563161897584,617.391657464657
2524,629.0111594714939,617.391657464657
2525,629.0618426040727,617.391657464657
2526,629.0973473167157,617.391657464657
2527,629.1357199726015,617.391657464657
2528,629.1762227252315,617.391657464657
2529,629.2065132708863,617.391657464657
2530,629.2223428426926,617.391657464657
2531,629.2613299118472,617.391657464657
2532,629.2846854980437,617.391657464657
2533,629.311067630265,617.391657464657
2534,629.3451064150396,617.391657464657
2535,629.3571015150887,617.391657464657
2536,629.3825848341864,617.391657464657
2537,629.4225247064998,617.391657464657
2538,629.43708424579,617.391657464657
2539,629.4541522706203,617.391657464657
2540,629.4772438270579,617.391657464657
2541,629.4995601871008,617.391657464657
2542,629.5084135549043,617.391657464657
2543,629.5289951545642,617.391657464657
2544,629.5503721443546,617.391657464657
2545,629.5662006892371,617.391657464657
2546,629.5740906707795,617.391657464657
2547,629.5934260049742,617.391657464657
2548,629.6128164091208,617.391657464657
2549,629.630269620551,617.391657464657
2550,629.646763402194,617.391657464657
2551,629.6500640436977,617.391657464657
2552,629.6752064013606,617.391657464657
2553,629.6843183902928,617.391657464657
2554,629.6891890874946,617.391657464657
2555,629.7032070280469,617.391657464657
2556,629.7096011692676,617.391657464657
2557,629.7236257089081,617.391657464657
2558,629.7343809816913,617.391657464657
2559,629.7545834521728,617.391657464657
2560,629.7654294927885,617.391657464657
2561,629.7741450369351,617.391657464657
2562,629.777256339066,617.391657464657
2563,629.8074887084288,617.391657464657
2564,629.8001387934545,617.391657464657
2565,629.8005336333341,617.391657464657
2566,629.8180227389681,617.391657464657
2567,629.8250784756592,617.391657464657
2568,629.8385421276558,617.391657464657
2569,629.8421044949296,617.391657464657
2570,629.853668480438,617.391657464657
2571,629.8588861553808,617.391657464657
2572,629.8727170919377,617.391657464657
2573,629.8884260749471,617.391657464657
2574,629.8839157238509,617.391657464657
2575,629.8969358529938,617.391657464657
2576,629.8995957709272,617.391657464657
2577,629.9083654143088,617.391657464657
2578,629.9191949723621,617.391657464657
2579,629.9255500345658,617.391657464657
2580,629.9271856571249,617.391657464657
2581,629.9353851540409,617.391657464657
2582,629.9396381209431,617.391657464657
2583,629.9452270738509,617.391657464657
2584,629.9478168117168,617.391657464657
2585,629.9541156646474,617.391657464657
2586,629.974255852381,617.391657464657
2587,629.9659493580656,617.391657464657
2588,630.0034682000137,617.391657464657
2589,630.0440572730545,617.391657464657
2590,630.0361225095795,617.391657464657
2591,630.0125626526541,617.391657464657
2592,629.99871010255,617.391657464657
2593,630.0128038252448,617.391657464657
2594,630.0006642872432,617.391657464657
2595,630.0047408845172,617.391657464657
2596,629.9884629253278,617.391657464657
2597,629.9979376409386,617.391657464657
2598,630.0046041568869,617.391657464657
2599,629.989148813207,617.391657464657
2600,630.0006094643356,617.391657464657
2601,629.9960686666524,617.391657464657
2602,629.9918799784373,617.391657464657
2603,629.9921163776567,617.391657464657
2604,630.0008885876593,617.391657464657
2605,629.9833450675518,617.391657464657
2606,629.9822856993457,617.391657464657
2607,629.9939290125429,617.391657464657
2608,629.9952068585583,617.391657464657
2609,629.9841579317405,617.391657464657
2610,629.9918381550123,617.391657464657
2611,629.9970736636233,617.391657464657
2612,629.985304404707,617.391657464657
2613,629.9893901113356,617.391657464657
2614,629.9886186913278,617.391657464657
2615,629.9942647009793,617.391657464657
2616,629.9881299190768,617.391657464657
2617,629.9952259052899,617.391657464657
2618,629.991219386024,617.391657464657
2619,629.9870416944009,617.391657464657
2620,629.9923451884933,617.391657464657
2621,629.9944095751692,617.391657464657
2622,630.0043974385452,617.391657464657
2623,629.9967192930776,617.391657464657
2624,629.9853866798377,617.391657464657
2625,629.9867242487609,617.391657464657
2626,629.9845667851125,617.391657464657
2627,629.9850552089257,617.391657464657
2628,630.0184815942591,617.391657464657
2629,628.990452125339,617.391657464657
2630,628.7548280397115,617.391657464657
2631,628.6912717230856,617.391657464657
2632,628.6825901891463,617.391657464657
2633,628.6640722845459,617.391657464657
2634,628.664725661869,617.391657464657
2635,628.6599727204566,617.391657464657
2636,628.6576433667466,617.391657464657
2637,628.6499774333438,617.391657464657
2638,628.6458686934058,617.391657464657
2639,628.646514228852,617.391657464657
2640,628.6424203629235,617.391657464657
2641,628.6369603885039,617.391657464657
2642,628.6622268983153,617.391657464657
2643,628.685612078395,617.391657464657
2644,628.6705000141595,617.391657464657
2645,628.6772403977111,617.391657464657
2646,628.6613365799628,617.391657464657
2647,628.6717947400888,617.391657464657
2648,628.6684192821493,617.391657464657
2649,628.6814214086103,617.391657464657
2650,628.6772036560752,617.391657464657
2651,628.6742007229014,617.391657464657
2652,628.673908269856,617.391657464657
2653,628.6678933227375,617.391657464657
2654,628.6739533826052,617.391657464657
2655,628.6923654594874,617.391657464657
2656,628.676166977759,617.391657464657
2657,628.6581126705046,617.391657464657
2658,628.6599618051054,617.391657464657
2659,628.6564931960143,617.391657464657
2660,628.6460046874863,617.391657464657
2661,628.6444896867009,617.391657464657
2662,628.64532860799,617.391657464657
2663,628.6491377864783,617.391657464657
2664,628.6304399515149,617.391657464657
2665,628.6414550879252,617.391657464657
2666,628.6368865788916,617.391657464657
2667,628.6371290743319,617.391657464657
2668,628.6276631743528,617.391657464657
2669,628.6534293946589,617.391657464657
2670,628.6840059086484,617.391657464657
2671,628.6787142931887,617.391657464657
2672,628.6619098354795,617.391657464657
2673,628.6687566527138,617.391657464657
2674,628.6578528018832,617.391657464657
2675,628.6572455270189,617.391657464657
2676,628.6807845238138,617.391657464657
2677,628.6979116656491,617.391657464657
2678,628.674533273533,617.391657464657
2679,628.6765866868838,617.391657464657
2680,628.6755216827164,617.391657464657
2681,628.6749084787197,617.391657464657
2682,628.6674064586196,617.391657464657
2683,628.6733138109539,617.391657464657
2684,628.6569831223132,617.391657464657
2685,628.6718452839139,617.391657464657
2686,628.6748640262484,617.391657464657
2687,628.6653731636937,617.391657464657
2688,628.6692047045905,617.391657464657
2689,628.6646625798294,617.391657464657
2690,628.6666531514737,617.391657464657
2691,628.6674973096633,617.391657464657
2692,628.707355032535,617.391657464657
2693,628.789580369756,617.391657464657
2694,628.8807716829186,617.391657464657
2695,628.9413450886088,617.391657464657
2696,628.9979447055217,617.391657464657
2697,629.0453221497968,617.391657464657
2698,629.0871978365286,617.391657464657
2699,629.1105641548477,617.391657464657
2700,629.1642947998158,617.391657464657
2701,629.1988683788345,617.391657464657
2702,629.2237131129955,617.391657464657
2703,629.249142332185,617.391657464657
2704,629.282819447619,617.391657464657
2705,629.3060836795966,617.391657464657
2706,629.3416744974138,617.391657464657
2707,629.3568048834875,617.391657464657
2708,629.3883435935206,617.391657464657
2709,629.39703300024,617.391657464657
2710,629.4367078364866,617.391657464657
2711,629.4420179094125,617.391657464657
2712,629.4746875030625,617.391657464657
2713,629.4884263762232,617.391657464657
2714,629.5009455492827,617.391657464657
2715,629.5259927029965,617.391657464657
2716,629.5467495274985,617.391657464657
2717,629.5568830183229,617.391657464657
2718,629.5824725601243,617.391657464657
2719,629.5933332560437,617.391657464657
2720,629.6057436792237,617.391657464657
2721,629.6203427882355,617.391657464657
2722,629.6283265178895,617.391657464657
2723,629.6541772405794,617.391657464657
2724,629.6625477266781,617.391657464657
2725,629.6897646877907,617.391657464657
2726,629.6847555522446,617.391657464657
2727,629.7028448140286,617.391657464657
2728,629.7234759328506,617.391657464657
2729,629.7410145194629,617.391657464657
2730,629.7397218535143,617.391657464657
2731,629.75011427544,617.391657464657
2732,629.7725297193311,617.391657464657
2733,629.7678352105725,617.391657464657
2734,629.7731254771792,617.391657464657
2735,629.7922414785197,617.391657464657
2736,629.7986793049057,617.391657464657
2737,629.8072171732999,617.391657464657
2738,629.8164773718718,617.391657464657
2739,629.8314697702932,617.391657464657
2740,629.8491363524856,617.391657464657
2741,629.8442057356056,617.391657464657
2742,629.8499795845805,617.391657464657
2743,629.8715461498152,617.391657464657
2744,629.8865967075426,617.391657464657
2745,629.8892875421378,617.391657464657
2746,629.8941481182148,617.391657464657
2747,629.8972358258711,617.391657464657
2748,629.90124598737,617.391657464657
2749,629.911370625086,617.391657464657
2750,629.9230710882703,617.391657464657
2751,629.9249848055152,617.391657464657
2752,629.9334601841273,617.391657464657
2753,629.9370209255428,617.391657464657
2754,629.9461255079133,617.391657464657
2755,629.9419208000663,617.391657464657
2756,629.9554937351295,617.391657464657
2757,629.9594250146131,617.391657464657
2758,629.9667165351788,617.391657464657
2759,629.9656267428388,617.391657464657
2760,629.9739338158963,617.391657464657
2761,630.0316119876728,617.391657464657
2762,630.040435853902,617.391657464657
2763,630.0189098730589,617.391657464657
2764,630.014727799863,617.391657464657
2765,630.0037612551716,617.391657464657
2766,630.0016834146777,617.391657464657
2767,630.0063608022639,617.391657464657
2768,630.0116647228865,617.391657464657
2769,629.9963967735139,617.391657464657
2770,629.9912869138808,617.391657464657
2771,629.9967793401856,617.391657464657
2772,630.0041131116899,617.391657464657
2773,630.0019034667378,617.391657464657
2774,630.0049195348614,617.391657464657
2775,630.0027845784264,617.391657464657
2776,629.9981397392071,617.391657464657
2777,629.993961743113,617.391657464657
2778,629.98896852095,617.391657464657
2779,629.9982682292192,617.391657464657
2780,629.9949123810667,617.391657464657
2781,630.0004480916796,617.391657464657
2782,629.9996365084223,617.391657464657
2783,629.9966033773592,617.391657464657
2784,630.0032788908675,617.391657464657
2785,629.991377657695,617.391657464657
2786,630.0044205098161,617.391657464657
2787,630.0009696785748,617.391657464657
2788,629.9944235094904,617.391657464657
2789,630.0014614375795,617.391657464657
2790,629.9993136933143,617.391657464657
2791,629.9981484469106,617.391657464657
2792,629.981237482049,617.391657464657
2793,630.0041139683119,617.391657464657
2794,629.9978475491979,617.391657464657
2795,629.9977083709056,617.391657464657
2796,629.9821961376999,617.391657464657
2797,629.9982009228813,617.391657464657
2798,630.001454024403,617.391657464657
2799,630.0002369007815,617.391657464657
2800,629.9983922631338,617.391657464657
2801,630.0188323587882,617.391657464657
2802,628.9715891028533,617.391657464657
2803,628.7632096228076,617.391657464657
2804,628.7102871724202,617.391657464657
2805,628.6919997279906,617.391657464657
2806,628.6613836305665,617.391657464657
2807,628.6680664805134,617.391657464657
2808,628.6673882365077,617.391657464657
2809,628.6604816516275,617.391657464657
2810,628.673665755335,617.391657464657
2811,628.6550464282252,617.391657464657
2812,628.6522070148246,617.391657464657
2813,628.6651873935592,617.391657464657
2814,628.6538237058996,617.391657464657
2815,628.6817134855226,617.391657464657
2816,628.6924114399953,617.391657464657
2817,628.6802648920134,617.391657464657
2818,628.6859739803823,617.391657464657
2819,628.6789866602243,617.391657464657
2820,628.6907349478491,617.391657464657
2821,628.6832337577578,617.391657464657
2822,628.7016891296126,617.391657464657
2823,628.7084646576039,617.391657464657
2824,628.7054939908867,617.391657464657
2825,628.6864604848477,617.391657464657
2826,628.6906753064226,617.391657464657
2827,628.6947997398019,617.391657464657
2828,628.6860909063672,617.391657464657
2829,628.6864868358979,617.391657464657
2830,628.6910632373707,617.391657464657
2831,628.6862507176434,617.391657464657
2832,628.6899832885565,617.391657464657
2833,628.6857906354733,617.391657464657
2834,628.6819206790119,617.391657464657
2835,628.6818470598748,617.391657464657
2836,628.6753296538889,617.391657464657
2837,628.6874587988758,617.391657464657
2838,628.690726805791,617.391657464657
2839,628.6873989107437,617.391657464657
2840,628.6854569630253,617.391657464657
2841,628.6878724002527,617.391657464657
2842,628.6829199370751,617.391657464657
2843,628.6869650806873,617.391657464657
2844,628.6907980299992,617.391657464657
2845,628.6819561014709,617.391657464657
2846,628.6881634606497,617.391657464657
2847,628.6969209875664,617.391657464657
2848,628.681358477455,617.391657464657
2849,628.6957945023875,617.391657464657
2850,628.684926265406,617.391657464657
2851,628.693974266055,617.391657464657
2852,628.6761580293427,617.391657464657
2853,628.6854996950425,617.391657464657
2854,628.6835238770913,617.391657464657
2855,628.6834367651692,617.391657464657
2856,628.6914636337071,617.391657464657
2857,628.676946259276,617.391657464657
2858,628.6853781156819,617.391657464657
2859,628.686230523361,617.391657464657
2860,628.6862997030378,617.391657464657
2861,628.6868716103535,617.391657464657
2862,628.6912032006884,617.391657464657
2863,628.6815329248154,617.391657464657
2864,628.6793625986819,617.391657464657
2865,628.6876776870125,617.391657464657
2866,628.6815578428093,617.391657464657
2867,628.6941054313507,617.391657464657
2868,628.6720516283859,617.391657464657
2869,628.6871706902263,617.391657464657
2870,628.6840132494627,617.391657464657
2871,628.6854678568894,617.391657464657
2872,628.6925983093045,617.391657464657
2873,628.685183770079,617.391657464657
2874,628.6842083951187,617.391657464657
2875,628.6780351600527,617.391657464657
2876,628.6808262410061,617.391657464657
2877,628.6912734558732,617.391657464657
2878,628.6923729268931,617.391657464657
2879,628.6846781644235,617.391657464657
2880,628.6911264625716,617.391657464657
2881,628.6875641842726,617.391657464657
2882,628.6860017287847,617.391657464657
2883,628.6854391916227,617.391657464657
2884,628.6786072932666,617.391657464657
2885,628.6806958537635,617.391657464657
2886,628.6756662971732,617.391657464657
2887,628.6876833976565,617.391657464657
2888,628.678455187318,617.391657464657
2889,628.683962074872,617.391657464657
2890,628.6810569633957,617.391657464657
2891,628.6909241271363,617.391657464657
2892,628.6852951296635,617.391657464657
2893,628.6865837583487,617.391657464657
2894,628.6655803012978,617.391657464657
2895,628.68178740435,617.391657464657
2896,628.6829240387792,617.391657464657
2897,628.675738876899,617.391657464657
2898,628.6884595413588,617.391657464657
2899,628.6865178987564,617.391657464657
2900,628.6716236585028,617.391657464657
2901,628.6868453476468,617.391657464657
2902,628.6787000251568,617.391657464657
2903,628.6838787109838,617.391657464657
2904,628.6833794284047,617.391657464657
2905,628.6732137220696,617.391657464657
2906,628.6754010143964,617.391657464657
2907,628.6794540563144,617.391657464657
2908,628.6802952820865,617.391657464657
2909,628.6866910111607,617.391657464657
2910,628.6777511235138,617.391657464657
2911,628.6751065985185,617.391657464657
2912,628.6753772815927,617.391657464657
2913,628.6791290550568,617.391657464657
2914,628.6792496765324,617.391657464657
2915,628.6795930580867,617.391657464657
2916,628.6824376579494,617.391657464657
2917,628.6806541444897,617.391657464657
2918,628.6825316406555,617.391657464657
2919,628.6811572509694,617.391657464657
2920,628.6625228928048,617.391657464657
2921,628.6795107616226,617.391657464657
2922,628.6709385668291,617.391657464657
2923,628.6874422982769,617.391657464657
2924,628.6714946238847,617.391657464657
2925,628.6832565145704,617.391657464657
2926,628.6799265703345,617.391657464657
2927,628.6735766179658,617.391657464657
2928,628.6840526036715,617.391657464657
2929,628.6746837542988,617.391657464657
2930,628.6789224752653,617.391657464657
2931,628.6768766646461,617.391657464657
2932,628.6800334980782,617.391657464657
2933,628.6764147637041,617.391657464657
2934,628.6819136283176,617.391657464657
2935,628.6726641079101,617.391657464657
2936,628.707250621508,617.391657464657
2937,628.7029018324995,617.391657464657
2938,628.79644126688,617.391657464657
2939,628.8879232056938,617.391657464657
2940,628.97442495682,617.391657464657
2941,629.0611355931647,617.391657464657
2942,629.1403485522599,617.391657464657
2943,629.2159250082672,617.391657464657
2944,629.2838893248658,617.391657464657
2945,629.3411335481709,617.391657464657
2946,629.3943462419672,617.391657464657
2947,629.4455397723847,617.391657464657
2948,629.4666957871113,617.391657464657
2949,629.5231940797266,617.391657464657
2950,629.63470575621,617.391657464657
2951,629.7465001264111,617.391657464657
2952,629.7560864995493,617.391657464657
2953,629.7257459761701,617.391657464657
2954,629.7056018450129,617.391657464657
2955,629.7200898860141,617.391657464657
2956,629.7289969081801,617.391657464657
2957,629.7109179750644,617.391657464657
2958,629.7151092382823,617.391657464657
2959,629.7201361483199,617.391657464657
2960,629.7116580453893,617.391657464657
2961,629.7138516098172,617.391657464657
2962,629.7258550387567,617.391657464657
2963,629.7216161872279,617.391657464657
2964,629.7202467946788,617.391657464657
2965,629.5528853508266,617.391657464657
2966,628.791711304757,617.391657464657
2967,628.7098704807477,617.391657464657
2968,628.6873761165848,617.391657464657
2969,628.6872474889378,617.391657464657
2970,628.666594117215,617.391657464657
2971,628.6700199394828,617.391657464657
2972,628.6589012445065,617.391657464657
2973,628.6570262694006,617.391657464657
2974,628.668395035112,617.391657464657
2975,628.6617745078744,617.391657464657
2976,628.6592371591958,617.391657464657
2977,628.6458002408652,617.391657464657
2978,628.6632960814379,617.391657464657
2979,628.616184704204,617.391657464657
2980,628.68913866914,617.391657464657
2981,628.6845297569952,617.391657464657
2982,628.6898057495051,617.391657464657
2983,628.6794243659797,617.391657464657
2984,628.6800533763535,617.391657464657
2985,628.692211457282,617.391657464657
2986,628.6854383743289,617.391657464657
2987,628.6681625865659,617.391657464657
2988,628.6825434214782,617.391657464657
2989,628.6842927355108,617.391657464657
2990,628.6789700618855,617.391657464657
2991,628.6775179057503,617.391657464657
2992,628.7214704094025,617.391657464657
2993,628.6984417525712,617.391657464657
2994,628.6720897372775,617.391657464657
2995,628.6696622601445,617.391657464657
2996,628.6718275600692,617.391657464657
2997,628.65535118673,617.391657464657
2998,628.658561412756,617.391657464657
2999,628.6572727299713,617.391657464657
3000,628.65979936506,617.391657464657
3001,628.6483206015827,617.391657464657
3002,628.6473532247267,617.391657464657
3003,628.6312821989386,617.391657464657
3004,628.6431568848096,617.391657464657
3005,628.6511006402251,617.391657464657
3006,628.66896175554,617.391657464657
3007,628.6886529784902,617.391657464657
3008,628.6779922792435,617.391657464657
3009,628.6779033964763,617.391657464657
3010,628.6686145415903,617.391657464657
3011,628.658725092628,617.391657464657
3012,628.6807568200641,617.391657464657
3013,628.700877716375,617.391657464657
3014,628.7107496938482,617.391657464657
3015,628.6902683868029,617.391657464657
3016,628.6981973121603,617.391657464657
3017,628.6843272060981,617.391657464657
3018,628.6883095696867,617.391657464657
3019,628.6867696693952,617.391657464657
3020,628.6815073188407,617.391657464657
3021,628.6918174299693,617.391657464657
3022,628.6815041026939,617.391657464657
3023,628.6813573101208,617.391657464657
3024,628.685474821324,617.391657464657
3025,628.6907981790168,617.391657464657
3026,628.6858507884119,617.391657464657
3027,628.6890326995954,617.391657464657
3028,628.752907124694,617.391657464657
3029,629.2864592307288,617.391657464657
3030,629.5249878540878,617.391657464657
3031,629.6649514429207,617.391657464657
3032,629.7555810054723,617.391657464657
3033,629.8247365166345,617.391657464657
3034,629.8819874190607,617.391657464657
3035,629.9344910348154,617.391657464657
3036,629.9621370388247,617.391657464657
3037,630.0048443421462,617.391657464657
3038,630.0259187541777,617.391657464657
3039,630.0458681531766,617.391657464657
3040,630.0685020977029,617.391657464657
3041,630.0918061570712,617.391657464657
3042,630.1075334470244,617.391657464657
3043,630.1304467876719,617.391657464657
3044,630.1309905035687,617.391657464657
3045,630.1600714929243,617.391657464657
3046,630.170605632316,617.391657464657
3047,630.1757234749386,617.391657464657
3048,630.19493181664,617.391657464657
3049,630.2111411231525,617.391657464657
3050,630.2191406481771,617.391657464657
3051,630.218936453918,617.391657464657
3052,630.2436880263871,617.391657464657
3053,630.25441945794,617.391657464657
3054,630.2543481661287,617.391657464657
3055,630.2669020927411,617.391657464657
3056,630.2664880389958,617.391657464657
3057,630.2770895544454,617.391657464657
3058,630.2849866356862,617.391657464657
3059,630.291876676956,617.391657464657
3060,630.299377920033,617.391657464657
3061,630.3076427957792,617.391657464657
3062,630.3229316760204,617.391657464657
3063,630.3272242187909,617.391657464657
3064,630.3344882276496,617.391657464657
3065,630.339501001902,617.391657464657
3066,630.3348263216179,617.391657464657
3067,630.3490793815229,617.391657464657
3068,630.3373343924851,617.391657464657
3069,630.3567163876663,617.391657464657
3070,630.362822736923,617.391657464657
3071,630.3662757559193,617.391657464657
3072,630.382086897425,617.391657464657
3073,630.3713059202095,617.391657464657
3074,630.3773666765837,617.391657464657
3075,630.3827786158867,617.391657464657
3076,630.3973028191858,617.391657464657
3077,630.3894111530919,617.391657464657
3078,630.3998742107057,617.391657464657
3079,630.3949583995555,617.391657464657
3080,630.3924077167333,617.391657464657
3081,630.4031814496875,617.391657464657
3082,630.4158354215004,617.391657464657
3083,630.4177992292418,617.391657464657
3084,630.4240906393542,617.391657464657
3085,630.4277318597731,617.391657464657
3086,630.4318165695923,617.391657464657
3087,630.426236530292,617.391657464657
3088,630.4343031806632,617.391657464657
3089,630.4401724404809,617.391657464657
3090,630.4410966609038,617.391657464657
3091,630.4361756376392,617.391657464657
3092,630.4423970601531,617.391657464657
3093,630.4496967815998,617.391657464657
3094,630.4456631114105,617.391657464657
3095,630.457676592715,617.391657464657
3096,630.4621372803399,617.391657464657
3097,630.4884399296951,617.391657464657
3098,630.4879989241587,617.391657464657
3099,630.4839333737666,617.391657464657
3100,630.4654351837365,617.391657464657
3101,630.4602230576311,617.391657464657
3102,630.4662168653556,617.391657464657
3103,630.4584006303537,617.391657464657
3104,630.4413276882816,617.391657464657
3105,630.4387051308086,617.391657464657
3106,630.4514316863184,617.391657464657
3107,630.4478519177212,617.391657464657
3108,630.4473418122376,617.391657464657
3109,630.4434441385823,617.391657464657
3110,630.4263344358153,617.391657464657
3111,630.4324943211286,617.391657464657
3112,630.4281676764232,617.391657464657
3113,630.4372392158537,617.391657464657
3114,630.4430239812597,617.391657464657
3115,630.4348346206186,617.391657464657
3116,630.4341286998174,617.391657464657
3117,630.4348867132197,617.391657464657
3118,630.4353912925822,617.391657464657
3119,630.4315726362369,617.391657464657
3120,630.4343291619776,617.391657464657
3121,630.4238350412166,617.391657464657
3122,630.4272518027511,617.391657464657
3123,630.4244567264831,617.391657464657
3124,630.431694949395,617.391657464657
3125,630.4253695766885,617.391657464657
3126,630.4347164231635,617.391657464657
3127,630.4324544868687,617.391657464657
3128,630.4209688510289,617.391657464657
3129,630.424015477127,617.391657464657
3130,630.4227298765637,617.391657464657
3131,630.4206120190904,617.391657464657
3132,630.4331910434524,617.391657464657
3133,630.4136561960879,617.391657464657
3134,630.4291854383096,617.391657464657
3135,630.4144506378366,617.391657464657
3136,630.4308537671482,617.391657464657
3137,630.4261803201831,617.391657464657
3138,630.1839678822874,617.391657464657
3139,628.8419653133609,617.391657464657
3140,628.7476233425724,617.391657464657
3141,628.7211062708577,617.391657464657
3142,628.6923790002928,617.391657464657
3143,628.6944639833932,617.391657464657
3144,628.6883543564844,617.391657464657
3145,628.6803758867576,617.391657464657
3146,628.6779061477678,617.391657464657
3147,628.6733958604415,617.391657464657
3148,628.6593782571099,617.391657464657
3149,628.6639600477034,617.391657464657
3150,628.6675630911446,617.391657464657
3151,628.6878620921872,617.391657464657
3152,628.6497819518444,617.391657464657
3153,628.7069492787385,617.391657464657
3154,628.7014451594811,617.391657464657
3155,628.7053561829736,617.391657464657
3156,628.6935071253948,617.391657464657
3157,628.7006937802923,617.391657464657
3158,628.6921828966945,617.391657464657
3159,628.6960690523432,617.391657464657
3160,628.7008222849347,617.391657464657
3161,628.6941199425492,617.391657464657
3162,628.6962530089063,617.391657464657
3163,628.6920982507166,617.391657464657
3164,628.6932899758693,617.391657464657
3165,628.7303022209483,617.391657464657
3166,628.7144593678626,617.391657464657
3167,628.6833095160102,617.391657464657
3168,628.6791640244726,617.391657464657
3169,628.6838721174496,617.391657464657
3170,628.6628553560663,617.391657464657
3171,628.6668792690409,617.391657464657
3172,628.6707967529279,617.391657464657
3173,628.67524529421,617.391657464657
3174,628.6654168832863,617.391657464657
3175,628.6709521981322,617.391657464657
3176,628.6540791286504,617.391657464657
3177,628.6562779905972,617.391657464657
3178,628.6626153536304,617.391657464657
3179,628.680710084122,617.391657464657
3180,628.6961089897839,617.391657464657
3181,628.6949533514589,617.391657464657
3182,628.6885956860509,617.391657464657
3183,628.685941814841,617.391657464657
3184,628.6912127300212,617.391657464657
3185,628.6915656393122,617.391657464657
3186,628.7176646584878,617.391657464657
3187,628.7264120600294,617.391657464657
3188,628.6990191759636,617.391657464657
3189,628.704836724729,617.391657464657
3190,628.7075055564355,617.391657464657
3191,628.7043737212309,617.391657464657
3192,628.7014544229075,617.391657464657
3193,628.6986328641948,617.391657464657
3194,628.7012168827057,617.391657464657
3195,628.6892028645852,617.391657464657
3196,628.6923482383972,617.391657464657
3197,628.7001959386425,617.391657464657
3198,628.7009508083374,617.391657464657
3199,628.6903591863075,617.391657464657
3200,628.7036475685437,617.391657464657
3201,628.7207339021589,617.391657464657
3202,629.0830656896495,617.391657464657
3203,629.439521663924,617.391657464657
3204,629.6129023131155,617.391657464657
3205,629.7196742283887,617.391657464657
3206,629.8014524692945,617.391657464657
3207,629.8511485776366,617.391657464657
3208,629.9005335941248,617.391657464657
3209,629.9488205135984,617.391657464657
3210,629.9852020465387,617.391657464657
3211,630.0064179095635,617.391657464657
3212,630.0304920605357,617.391657464657
3213,630.0538391430792,617.391657464657
3214,630.0863194274667,617.391657464657
3215,630.0949299199561,617.391657464657
3216,630.1178963116938,617.391657464657
3217,630.1296955652929,617.391657464657
3218,630.1380611460484,617.391657464657
3219,630.1582945900195,617.391657464657
3220,630.1822956819587,617.391657464657
3221,630.1913602369028,617.391657464657
3222,630.2048015984615,617.391657464657
3223,630.218616255714,617.391657464657
3224,630.229794339358,617.391657464657
3225,630.2309451916522,617.391657464657
3226,630.2532876156989,617.391657464657
3227,630.2528351182137,617.391657464657
3228,630.270517268071,617.391657464657
3229,630.2718895040144,617.391657464657
3230,630.2776765918329,617.391657464657
3231,630.2899795623246,617.391657464657
3232,630.2836877173876,617.391657464657
3233,630.3018699065578,617.391657464657
3234,630.3138000708975,617.391657464657
3235,630.3104178499,617.391657464657
3236,630.3160189078574,617.391657464657
3237,630.3338904426644,617.391657464657
3238,630.3356656859427,617.391657464657
3239,630.3454696354729,617.391657464657
3240,630.3389974296655,617.391657464657
3241,630.345998550371,617.391657464657
3242,630.3522842609067,617.391657464657
3243,630.3672888445092,617.391657464657
3244,630.3703239987656,617.391657464657
3245,630.3779428055235,617.391657464657
3246,630.3779708412009,617.391657464657
3247,630.382168868877,617.391657464657
3248,630.3870196651889,617.391657464657
3249,630.3805965020397,617.391657464657
3250,630.4007029645247,617.391657464657
3251,630.3874662179213,617.391657464657
3252,630.4059381761534,617.391657464657
3253,630.4064791176461,617.391657464657
3254,630.4099953833816,617.391657464657
3255,630.4027417433633,617.391657464657
3256,630.4125963784381,617.391657464657
3257,630.4249646592323,617.391657464657
3258,630.423116157542,617.391657464657
3259,630.4268532812894,617.391657464657
3260,630.4350062067159,617.391657464657
3261,630.4377851808019,617.391657464657
3262,630.4385947778064,617.391657464657
3263,630.4440733498486,617.391657464657
3264,630.4354052814164,617.391657464657
3265,630.4437822756533,617.391657464657
3266,630.4514824906206,617.391657464657
3267,630.4597524357015,617.391657464657
3268,630.4680268345013,617.391657464657
3269,630.460528797294,617.391657464657
3270,630.493108267299,617.391657464657
3271,630.4981697986437,617.391657464657
3272,630.4938370937152,617.391657464657
3273,630.4636695315145,617.391657464657
3274,630.461195162428,617.391657464657
3275,630.4630741849894,617.391657464657
3276,630.4617062683869,617.391657464657
3277,630.4522967681515,617.391657464657
3278,630.4444042261684,617.391657464657
3279,630.4482726435648,617.391657464657
3280,630.4454443857136,617.391657464657
3281,630.4425086607741,617.391657464657
3282,630.4581612774601,617.391657464657
3283,630.4478057235295,617.391657464657
3284,630.4581358446972,617.391657464657
3285,630.4389985951454,617.391657464657
3286,630.4455170829552,617.391657464657
3287,630.4385474199265,617.391657464657
3288,630.441534914414,617.391657464657
3289,630.4388558754074,617.391657464657
3290,630.4463605217372,617.391657464657
3291,630.4307874724576,617.391657464657
3292,630.4301954877398,617.391657464657
3293,630.4325766180709,617.391657464657
3294,630.4333473966103,617.391657464657
3295,630.4405375882703,617.391657464657
3296,630.4395979265519,617.391657464657
3297,630.4392511921652,617.391657464657
3298,630.4308921189651,617.391657464657
3299,630.4319660183806,617.391657464657
3300,630.4295155087736,617.391657464657
3301,630.429439340622,617.391657464657
3302,630.4384988059251,617.391657464657
3303,630.4341941809209,617.391657464657
3304,630.4287718596406,617.391657464657
3305,630.4279124346558,617.391657464657
3306,630.4296841875193,617.391657464657
3307,630.4400800039751,617.391657464657
3308,630.4294868160293,617.391657464657
3309,630.4224622078276,617.391657464657
3310,630.4137643230962,617.391657464657
3311,630.4590840961965,617.391657464657
3312,628.9261993880301,617.391657464657
3313,628.7803866096579,617.391657464657
3314,628.7314231797773,617.391657464657
3315,628.7027781090693,617.391657464657
3316,628.7068287567758,617.391657464657
3317,628.688037702015,617.391657464657
3318,628.6947775179596,617.391657464657
3319,628.6865769627866,617.391657464657
3320,628.6782615843092,617.391657464657
3321,628.6801648168248,617.391657464657
3322,628.6809450447704,617.391657464657
3323,628.6766574875487,617.391657464657
3324,628.677387071444,617.391657464657
3325,628.7004330721692,617.391657464657
3326,628.7186524790036,617.391657464657
3327,628.7094653503366,617.391657464657
3328,628.6974214875761,617.391657464657
3329,628.7079505835238,617.391657464657
3330,628.6965992567382,617.391657464657
3331,628.7051255639769,617.391657464657
3332,628.7128667411888,617.391657464657
3333,628.7428436093254,617.391657464657
3334,628.734588721744,617.391657464657
3335,628.7292510238395,617.391657464657
3336,628.7188094445271,617.391657464657
3337,628.7174421284042,617.391657464657
3338,628.71830538682,617.391657464657
3339,628.7214159093346,617.391657464657
3340,628.7151310578785,617.391657464657
3341,628.7123350297184,617.391657464657
3342,628.7063738342426,617.391657464657
3343,628.6999288416425,617.391657464657
3344,628.7086471007892,617.391657464657
3345,628.7184057914703,617.391657464657
3346,628.7081599687288,617.391657464657
3347,628.7040268640438,617.391657464657
3348,628.7080437236829,617.391657464657
3349,628.7195331831425,617.391657464657
3350,628.7102504776955,617.391657464657
3351,628.7089701780213,617.391657464657
3352,628.719541237826,617.391657464657
3353,628.7114970990888,617.391657464657
3354,628.7067902128099,617.391657464657
3355,628.7110983940579,617.391657464657
3356,628.7047741204046,617.391657464657
3357,628.712505383766,617.391657464657
3358,628.7132549779674,617.391657464657
3359,628.7100146196258,617.391657464657
3360,628.7316534611974,617.391657464657
3361,628.7409221166552,617.391657464657
3362,628.8801191470012,617.391657464657
3363,629.0306540204923,617.391657464657
3364,629.1666109552682,617.391657464657
3365,629.2849794049151,617.391657464657
3366,629.3930578369236,617.391657464657
3367,629.4723593671519,617.391657464657
3368,629.5517056497441,617.391657464657
3369,629.6090756404803,617.391657464657
3370,629.6508260551225,617.391657464657
3371,629.697642316495,617.391657464657
3372,629.7591781507044,617.391657464657
3373,629.7794729572416,617.391657464657
3374,629.8113709135197,617.391657464657
3375,629.8496791618822,617.391657464657
3376,629.9716176408979,617.391657464657
3377,629.955496248052,617.391657464657
3378,629.9607509511044,617.391657464657
3379,629.9535002564794,617.391657464657
3380,629.9404206572538,617.391657464657
3381,629.9348943211068,617.391657464657
3382,629.9414131795761,617.391657464657
3383,629.9399408591095,617.391657464657
3384,629.9321003936775,617.391657464657
3385,629.9366455711473,617.391657464657
3386,629.9350715149164,617.391657464657
3387,629.9379511068557,617.391657464657
3388,629.9344244900528,617.391657464657
3389,629.931355716622,617.391657464657
3390,629.936532963057,617.391657464657
3391,629.9325981829094,617.391657464657
3392,629.9400317842817,617.391657464657
3393,629.3285260079864,617.391657464657
3394,628.8105958358932,617.391657464657
3395,628.7523669980847,617.391657464657
3396,628.7272592505155,617.391657464657
3397,628.7091743686384,617.391657464657
3398,628.7042379814253,617.391657464657
3399,628.7021444357954,617.391657464657
3400,628.6886351264772,617.391657464657
3401,628.6932247098471,617.391657464657
3402,628.682543118419,617.391657464657
3403,628.6858879542266,617.391657464657
3404,628.6744609022,617.391657464657
3405,628.6844309385067,617.391657464657
3406,628.6901015730273,617.391657464657
3407,628.6783795548965,617.391657464657
3408,628.6946394885679,617.391657464657
3409,628.7243271950555,617.391657464657
3410,628.7168773638067,617.391657464657
3411,628.7080687988587,617.391657464657
3412,628.7144132439361,617.391657464657
3413,628.7104073353007,617.391657464657
3414,628.7096368024852,617.391657464657
3415,628.7108578894229,617.391657464657
3416,628.7055584502328,617.391657464657
3417,628.7074355415317,617.391657464657
3418,628.7087780113704,617.391657464657
3419,628.7232475492008,617.391657464657
3420,628.714713473984,617.391657464657
3421,628.718151924109,617.391657464657
3422,628.7195682247651,617.391657464657
3423,628.690412717441,617.391657464657
3424,628.7172663989979,617.391657464657
3425,628.7103821278175,617.391657464657
3426,628.6966547146774,617.391657464657
3427,628.6914148657486,617.391657464657
3428,628.6993755914303,617.391657464657
3429,628.6781455874657,617.391657464657
3430,628.6776324060378,617.391657464657
3431,628.6804928227186,617.391657464657
3432,628.6832573195915,617.391657464657
3433,628.6768666463181,617.391657464657
3434,628.6728477960384,617.391657464657
3435,628.6862476015085,617.391657464657
3436,628.6753106013673,617.391657464657
3437,628.6609830453502,617.391657464657
3438,628.6975024294646,617.391657464657
3439,628.7265019036074,617.391657464657
3440,628.7099876968713,617.391657464657
3441,628.710912282713,617.391657464657
3442,628.6986464788042,617.391657464657
3443,628.6857193173454,617.391657464657
3444,628.700778284028,617.391657464657
3445,628.7132613656031,617.391657464657
3446,628.7186872288144,617.391657464657
3447,628.738313035049,617.391657464657
3448,628.7205043092428,617.391657464657
3449,628.7293367818496,617.391657464657
3450,628.7130102096803,617.391657464657
3451,628.7213773630765,617.391657464657
3452,628.7217719117837,617.391657464657
3453,628.7186089981727,617.391657464657
3454,628.711107895757,617.391657464657
3455,628.7139084690898,617.391657464657
3456,628.7040162724142,617.391657464657
3457,628.7203682526826,617.391657464657
3458,628.7014079743359,617.391657464657
3459,628.7155603172811,617.391657464657
3460,628.6972598143118,617.391657464657
3461,628.7233139217943,617.391657464657
3462,628.8350320585424,617.391657464657
3463,629.5456843340348,617.391657464657
3464,629.777189522909,617.391657464657
3465,629.876985380655,617.391657464657
3466,629.9776493475509,617.391657464657
3467,630.0072221957616,617.391657464657
3468,630.0550590980308,617.391657464657
3469,630.103509752876,617.391657464657
3470,630.1265404745837,617.391657464657
3471,630.1382985412893,617.391657464657
3472,630.177537917696,617.391657464657
3473,630.1920165188645,617.391657464657
3474,630.2117215540077,617.391657464657
3475,630.2329340716923,617.391657464657
3476,630.253389157677,617.391657464657
3477,630.2678766139684,617.391657464657
3478,630.2711444993145,617.391657464657
3479,630.2925862359455,617.391657464657
3480,630.2930033650449,617.391657464657
3481,630.3091599110898,617.391657464657
3482,630.3198126211496,617.391657464657
3483,630.3390199633286,617.391657464657
3484,630.3331455731966,617.391657464657
3485,630.3474219595325,617.391657464657
3486,630.3658808776338,617.391657464657
3487,630.3621800465927,617.391657464657
3488,630.3683197024845,617.391657464657
3489,630.3869071595878,617.391657464657
3490,630.3967043478333,617.391657464657
3491,630.3994015770754,617.391657464657
3492,630.4033205485571,617.391657464657
3493,630.4160053177437,617.391657464657
3494,630.4280236172923,617.391657464657
3495,630.4235443638001,617.391657464657
3496,630.4245141349178,617.391657464657
3497,630.4329686644753,617.391657464657
3498,630.4429340757091,617.391657464657
3499,630.4512796127,617.391657464657
3500,630.4434922981443,617.391657464657
3501,630.449599046918,617.391657464657
3502,630.4586231684528,617.391657464657
3503,630.4518677404571,617.391657464657
3504,630.4666861583286,617.391657464657
3505,630.4783171323852,617.391657464657
3506,630.4782871583789,617.391657464657
3507,630.4811863875283,617.391657464657
3508,630.495896113354,617.391657464657
3509,630.4838085131925,617.391657464657
3510,630.4989645113803,617.391657464657
3511,630.5007000488995,617.391657464657
3512,630.5031529346637,617.391657464657
3513,630.5135430820609,617.391657464657
3514,630.5185882464721,617.391657464657
3515,630.5198154332675,617.391657464657
3516,630.5238414606583,617.391657464657
3517,630.5322265826808,617.391657464657
3518,630.52793433149,617.391657464657
3519,630.5357059293074,617.391657464657
3520,630.5379984926915,617.391657464657
3521,630.5431502186524,617.391657464657
3522,630.5333869852543,617.391657464657
3523,630.541232466337,617.391657464657
3524,630.5506303701338,617.391657464657
3525,630.5588391207339,617.391657464657
3526,630.556321866359,617.391657464657
3527,630.5547005663939,617.391657464657
3528,630.5620947854254,617.391657464657
3529,630.5492529606821,617.391657464657
3530,630.5649889311564,617.391657464657
3531,630.5786066568261,617.391657464657
3532,630.5943518742451,617.391657464657
3533,630.5915679813081,617.391657464657
3534,630.5829510507167,617.391657464657
3535,630.573964493378,617.391657464657
3536,630.5545158309102,617.391657464657
3537,630.5480430305869,617.391657464657
3538,630.5429206509705,617.391657464657
3539,630.5351813315694,617.391657464657
3540,630.5462957123578,617.391657464657
3541,630.5374220442218,617.391657464657
3542,630.5346864997072,617.391657464657
3543,630.5320624184974,617.391657464657
3544,630.5256328235184,617.391657464657
3545,630.5236318238425,617.391657464657
3546,630.5299634167635,617.391657464657
3547,630.522576439495,617.391657464657
3548,630.5296382902467,617.391657464657
3549,630.5279481291631,617.391657464657
3550,630.5330461464788,617.391657464657
3551,630.5274063527098,617.391657464657
3552,630.5168281932996,617.391657464657
3553,630.513686133383,617.391657464657
3554,630.5192077537383,617.391657464657
3555,630.5245542163915,617.391657464657
3556,630.5194253599124,617.391657464657
3557,630.5190177974731,617.391657464657
3558,630.519462752823,617.391657464657
3559,630.5176220109154,617.391657464657
3560,630.5168803380091,617.391657464657
3561,630.5233900108774,617.391657464657
3562,630.516630758821,617.391657464657
3563,630.5157591720799,617.391657464657
3564,630.5159901650272,617.391657464657
3565,630.5178507837287,617.391657464657
3566,630.5057395079374,617.391657464657
3567,630.5045418918698,617.391657464657
3568,630.5217677971388,617.391657464657
3569,630.509873380401,617.391657464657
3570,630.5079797019511,617.391657464657
3571,630.5207319705484,617.391657464657
3572,630.5048484090314,617.391657464657
3573,630.5061198354501,617.391657464657
3574,630.5201432638719,617.391657464657
3575,630.5331795055223,617.391657464657
3576,628.9406999688662,617.391657464657
3577,628.7941126488108,617.391657464657
3578,628.7652188071105,617.391657464657
3579,628.7361466241476,617.391657464657
3580,628.7224066273026,617.391657464657
3581,628.7106292740852,617.391657464657
3582,628.7144196575276,617.391657464657
3583,628.7052351385892,617.391657464657
3584,628.7061824552662,617.391657464657
3585,628.7033279081113,617.391657464657
3586,628.6991157927273,617.391657464657
3587,628.6985466830511,617.391657464657
3588,628.6904665718067,617.391657464657
3589,628.684952873207,617.391657464657
3590,628.7165766775961,617.391657464657
3591,628.69074286641,617.391657464657
3592,628.7357586623085,617.391657464657
3593,628.736142926046,617.391657464657
3594,628.7259423770503,617.391657464657
3595,628.7239496282803,617.391657464657
3596,628.7303654599751,617.391657464657
3597,628.7223214366808,617.391657464657
3598,628.7106376954534,617.391657464657
3599,628.7209205240435,617.391657464657
3600,628.709741808787,617.391657464657
3601,628.7280728632758,617.391657464657
3602,628.7285815120497,617.391657464657
3603,628.7236894012741,617.391657464657
3604,628.7192829818395,617.391657464657
3605,628.7487407093035,617.391657464657
3606,628.734781965588,617.391657464657
3607,628.7513199256749,617.391657464657
3608,628.7117703463553,617.391657464657
3609,628.6924359648553,617.391657464657
3610,628.7115478548371,617.391657464657
3611,628.6897970673131,617.391657464657
3612,628.7006232808551,617.391657464657
3613,628.7037447633927,617.391657464657
3614,628.7037276399284,617.391657464657
3615,628.6874971830697,617.391657464657
3616,628.6845864395005,617.391657464657
3617,628.6824579527,617.391657464657
3618,628.6858674668626,617.391657464657
3619,628.6799173078679,617.391657464657
3620,628.6702356407682,617.391657464657
3621,628.6992557046259,617.391657464657
3622,628.7248082216246,617.391657464657
3623,628.7298541112551,617.391657464657
3624,628.7230891264264,617.391657464657
3625,628.7113791048868,617.391657464657
3626,628.7217334272846,617.391657464657
3627,628.7124418223038,617.391657464657
3628,628.7072622544933,617.391657464657
3629,628.7220546989681,617.391657464657
3630,628.7211366500039,617.391657464657
3631,628.7159178724767,617.391657464657
3632,628.7124290526706,617.391657464657
3633,628.7171566707348,617.391657464657
3634,628.7228953974959,617.391657464657
3635,628.7355861746317,617.391657464657
3636,628.7517734182658,617.391657464657
3637,628.7312225253725,617.391657464657
3638,628.7326165813681,617.391657464657
3639,628.72564381339,617.391657464657
3640,628.7244793605834,617.391657464657
3641,628.7182563827068,617.391657464657
3642,628.7247349926791,617.391657464657
3643,628.7271964753515,617.391657464657
3644,628.7184622355783,617.391657464657
3645,628.7146267824693,617.391657464657
3646,628.7279493609063,617.391657464657
3647,628.7179738441242,617.391657464657
3648,628.7189914589167,617.391657464657
3649,628.7226315108278,617.391657464657
3650,628.726545337149,617.391657464657
3651,628.7522286243045,617.391657464657
3652,629.4482261739145,617.391657464657
3653,629.7459088684724,617.391657464657
3654,629.8675658884056,617.391657464657
3655,629.9519263630579,617.391657464657
3656,629.9948520579634,617.391657464657
3657,630.0577313309465,617.391657464657
3658,630.0965419470195,617.391657464657
3659,630.1203754523948,617.391657464657
3660,630.1550130160758,617.391657464657
3661,630.1717156011443,617.391657464657
3662,630.1901748198932,617.391657464657
3663,630.2147033490443,617.391657464657
3664,630.233331265609,617.391657464657
3665,630.2500493211041,617.391657464657
3666,630.2579785969848,617.391657464657
3667,630.279228622283,617.391657464657
3668,630.2955216618556,617.391657464657
3669,630.3017939134311,617.391657464657
3670,630.3208876118786,617.391657464657
3671,630.3296422959487,617.391657464657
3672,630.353579364543,617.391657464657
3673,630.3373105441467,617.391657464657
3674,630.3521020020928,617.391657464657
3675,630.3641536997804,617.391657464657
3676,630.3736784999946,617.391657464657
3677,630.3754309729253,617.391657464657
3678,630.3878772893253,617.391657464657
3679,630.3862991585975,617.391657464657
3680,630.3907554142575,617.391657464657
3681,630.407060365344,617.391657464657
3682,630.4157750731181,617.391657464657
3683,630.4286815910548,617.391657464657
3684,630.4258363045375,617.391657464657
3685,630.4300699079316,617.391657464657
3686,630.4249648828113,617.391657464657
3687,630.4515380695029,617.391657464657
3688,630.4529712024331,617.391657464657
3689,630.4683482874076,617.391657464657
3690,630.4672823617419,617.391657464657
3691,630.4596296310755,617.391657464657
3692,630.4649146831944,617.391657464657
3693,630.4683086615423,617.391657464657
3694,630.48328756085,617.391657464657
3695,630.4870047831241,617.391657464657
3696,630.4841711439618,617.391657464657
3697,630.4995249825218,617.391657464657
3698,630.4885865936116,617.391657464657
3699,630.5081368236143,617.391657464657
3700,630.5074778296682,617.391657464657
3701,630.4991629125757,617.391657464657
3702,630.5123835569026,617.391657464657
3703,630.5153445990305,617.391657464657
3704,630.5205167451846,617.391657464657
3705,630.5257182104714,617.391657464657
3706,630.5244893372754,617.391657464657
3707,630.5301613253106,617.391657464657
3708,630.5378036023393,617.391657464657
3709,630.5294190331074,617.391657464657
3710,630.5525598383756,617.391657464657
3711,630.5399806822977,617.391657464657
3712,630.547877039758,617.391657464657
3713,630.5475668068468,617.391657464657
3714,630.5637004488409,617.391657464657
3715,630.5556081406913,617.391657464657
3716,630.5575923539513,617.391657464657
3717,630.5717551493643,617.391657464657
3718,630.5793588061977,617.391657464657
3719,630.5680835522242,617.391657464657
3720,630.5675711244414,617.391657464657
3721,630.571338241829,617.391657464657
3722,630.6072229397702,617.391657464657
3723,630.5892655835054,617.391657464657
3724,630.5911980022802,617.391657464657
3725,630.5744940776675,617.391657464657
3726,630.560495684228,617.391657464657
3727,630.5561877780149,617.391657464657
3728,630.5493529784309,617.391657464657
3729,630.5521045723808,617.391657464657
3730,630.5465481099823,617.391657464657
3731,630.5393145277989,617.391657464657
3732,630.5328120023202,617.391657464657
3733,630.5491000267372,617.391657464657
3734,630.5428154126353,617.391657464657
3735,630.5450946153817,617.391657464657
3736,630.5429856214755,617.391657464657
3737,630.5359349762264,617.391657464657
3738,630.5308000025276,617.391657464657
3739,630.5414737468294,617.391657464657
3740,630.5283492905919,617.391657464657
3741,630.5249678088255,617.391657464657
3742,630.5331405761644,617.391657464657
3743,630.52446558431,617.391657464657
3744,630.5274954110332,617.391657464657
3745,630.5303202678025,617.391657464657
3746,630.517219015421,617.391657464657
3747,630.521855139569,617.391657464657
3748,630.5121067107483,617.391657464657
3749,630.5229584600996,617.391657464657
3750,630.522804952917,617.391657464657
3751,630.5193214062099,617.391657464657
3752,630.5144917380605,617.391657464657
3753,630.5108700569189,617.391657464657
3754,630.5284276757905,617.391657464657
3755,630.5289233597182,617.391657464657
3756,630.5283529891703,617.391657464657
3757,630.5171324467202,617.391657464657
3758,630.5201881796563,617.391657464657
3759,630.5199851375448,617.391657464657
3760,630.5092722129755,617.391657464657
3761,630.5183239502851,617.391657464657
3762,630.5218994099308,617.391657464657
3763,630.5248906183109,617.391657464657
3764,630.504341407605,617.391657464657
3765,630.5085608337807,617.391657464657
3766,628.8910700468605,617.391657464657
3767,628.7847024806565,617.391657464657
3768,628.752544529082,617.391657464657
3769,628.7352209879923,617.391657464657
3770,628.7297567305009,617.391657464657
3771,628.7076055351921,617.391657464657
3772,628.7181316135257,617.391657464657
3773,628.7099524364176,617.391657464657
3774,628.7063160157032,617.391657464657
3775,628.6977918465753,617.391657464657
3776,628.7057557992947,617.391657464657
3777,628.7096898103478,617.391657464657
3778,628.6962590394245,617.391657464657
3779,628.6913899842032,617.391657464657
3780,628.7360186880852,617.391657464657
3781,628.6728607199127,617.391657464657
3782,628.7463835301926,617.391657464657
3783,628.7354873103108,617.391657464657
3784,628.7378861031794,617.391657464657
3785,628.7306597523151,617.391657464657
3786,628.7414030202613,617.391657464657
3787,628.7302390074458,617.391657464657
3788,628.7300791994753,617.391657464657
3789,628.7393642958934,617.391657464657
3790,628.7337924252,617.391657464657
3791,628.7334141047976,617.391657464657
3792,628.7349546394042,617.391657464657
3793,628.7252284759168,617.391657464657
3794,628.7320481471615,617.391657464657
3795,628.7288085377093,617.391657464657
3796,628.7228303566953,617.391657464657
3797,628.7352911298367,617.391657464657
3798,628.7385679107492,617.391657464657
3799,628.7181540430562,617.391657464657
3800,628.7150969761877,617.391657464657
3801,628.7145773663992,617.391657464657
3802,628.7050800898644,617.391657464657
3803,628.6978468027943,617.391657464657
3804,628.700992532261,617.391657464657
3805,628.7058661501841,617.391657464657
3806,628.6961022080586,617.391657464657
3807,628.694069338273,617.391657464657
3808,628.6897074798093,617.391657464657
3809,628.692345142285,617.391657464657
3810,628.6919897655544,617.391657464657
3811,628.7001176993438,617.391657464657
3812,628.6513838109656,617.391657464657
3813,628.7396603920716,617.391657464657
3814,628.7196588717874,617.391657464657
3815,628.7141333391812,617.391657464657
3816,628.7242383230158,617.391657464657
3817,628.7180715264496,617.391657464657
3818,628.7282775787213,617.391657464657
3819,628.7302877924977,617.391657464657
3820,628.7580818248273,617.391657464657
3821,628.7531046134459,617.391657464657
3822,628.7331478882471,617.391657464657
3823,628.7365037539729,617.391657464657
3824,628.7426336875457,617.391657464657
3825,628.7362497423833,617.391657464657
3826,628.7411637096862,617.391657464657
3827,628.7339509150746,617.391657464657
3828,628.733976285506,617.391657464657
3829,628.7357279533495,617.391657464657
3830,628.7439423795505,617.391657464657
3831,628.7372671298851,617.391657464657
3832,628.7330301354438,617.391657464657
3833,628.7297767240209,617.391657464657
3834,628.7254470724354,617.391657464657
3835,628.7331779306309,617.391657464657
3836,628.7336975838488,617.391657464657
3837,628.729739631431,617.391657464657
3838,628.7275067643833,617.391657464657
3839,628.7344751822916,617.391657464657
3840,628.7284240964693,617.391657464657
3841,628.7310336712784,617.391657464657
3842,628.7388110388434,617.391657464657
3843,628.7389721285272,617.391657464657
3844,628.7292541763842,617.391657464657
3845,628.7341754072382,617.391657464657
3846,628.7204155313659,617.391657464657
3847,628.731262631443,617.391657464657
3848,628.7398839324553,617.391657464657
3849,628.7302081345543,617.391657464657
3850,628.7303650167332,617.391657464657
3851,628.7385059285034,617.391657464657
3852,628.724794629015,617.391657464657
3853,628.734776688264,617.391657464657
3854,628.727451874127,617.391657464657
3855,628.7307759239441,617.391657464657
3856,628.7316931290687,617.391657464657
3857,628.7235804214291,617.391657464657
3858,628.7286607233319,617.391657464657
3859,628.7234097940739,617.391657464657
3860,628.7248742578365,617.391657464657
3861,628.7226554851501,617.391657464657
3862,628.7364878659722,617.391657464657
3863,628.7200922419362,617.391657464657
3864,628.7261634493098,617.391657464657
3865,628.7267344751325,617.391657464657
3866,628.7413574634628,617.391657464657
3867,628.7226764819301,617.391657464657
3868,628.7261148991508,617.391657464657
3869,628.7310275351172,617.391657464657
3870,628.739543427539,617.391657464657
3871,628.7305251094249,617.391657464657
3872,628.7190773443235,617.391657464657
3873,628.7243780901651,617.391657464657
3874,628.7194275972248,617.391657464657
3875,628.732478355788,617.391657464657
3876,628.7251957236833,617.391657464657
3877,628.7156178751624,617.391657464657
3878,628.7302490169226,617.391657464657
3879,628.72230211969,617.391657464657
3880,628.7228793914192,617.391657464657
3881,628.73180765471,617.391657464657
3882,628.7331814148013,617.391657464657
3883,628.7229544481685,617.391657464657
3884,628.7154499807295,617.391657464657
3885,628.7244681993633,617.391657464657
3886,628.7323183793899,617.391657464657
