0.9839999999967404,624.3641247934838,617.5348709557612
1.7189999999827705,624.3579013939384,617.5348709557612
2.4839999999967404,624.360755102676,617.5348709557612
3.2339999999967404,624.3525676767098,617.5348709557612
3.9689999999827705,624.3692548681431,617.5348709557612
4.73399999999674,624.3626786830652,617.5348709557612
5.4689999999827705,624.3574835408353,617.5348709557612
6.2189999999827705,624.3482315382863,617.5348709557612
6.98399999999674,624.3481692671811,617.5348709557612
7.73399999999674,624.3565025628404,617.5348709557612
8.5,624.3633923409216,617.5348709557612
9.264999999955762,624.3510937749845,617.5348709557612
10.014999999955762,624.357825245545,617.5348709557612
10.764999999955762,624.3568527174066,617.5348709557612
11.514999999955762,624.3585820200973,617.5348709557612
12.280999999959022,624.3401947016492,617.5348709557612
13.030999999959022,624.3623267068998,617.5348709557612
13.764999999955762,624.3549480152411,617.5348709557612
14.530999999959022,624.3612878712444,617.5348709557612
15.296999999962281,624.368006121773,617.5348709557612
16.04699999996228,624.3574676583241,617.5348709557612
16.780999999959022,624.3547465627414,617.5348709557612
17.530999999959022,624.3518030492686,617.5348709557612
18.29699999996228,624.3542518323148,617.5348709557612
19.030999999959022,624.3685266592786,617.5348709557612
19.780999999959022,624.3478304608066,617.5348709557612
20.530999999959022,624.3508450465993,617.5348709557612
21.280999999959022,624.3553407887771,617.5348709557612
22.030999999959022,624.352103709064,617.5348709557612
22.780999999959022,624.3628260664467,617.5348709557612
23.530999999959022,624.3523966827656,617.5348709557612
24.31199999997625,624.3485880987377,617.5348709557612
25.030999999959022,624.3476676495446,617.5348709557612
25.81199999997625,624.3567454580375,617.5348709557612
26.57799999997951,624.3416438824743,617.5348709557612
27.32799999997951,624.3513452362245,617.5348709557612
28.09399999998277,624.3492435527072,617.5348709557612
28.85899999999674,624.354306364012,617.5348709557612
29.625,624.343709326422,617.5348709557612
30.389999999955762,624.3568683128206,617.5348709557612
31.155999999959022,624.3892101269319,617.5348709557612
31.92199999996228,624.3838086902131,617.5348709557612
32.68699999997625,624.3696609766758,617.5348709557612
33.45299999997951,624.3813440357374,617.5348709557612
34.21899999998277,624.3665007919028,617.5348709557612
34.98399999999674,624.3732704217725,617.5348709557612
35.73399999999674,624.3706342632283,617.5348709557612
36.48399999999674,624.3733589913464,617.5348709557612
37.21899999998277,624.3725475358259,617.5348709557612
37.95299999997951,624.371641977612,617.5348709557612
38.71899999998277,624.3785134059003,617.5348709557612
39.48399999999674,624.369255237033,617.5348709557612
40.25,624.3774592526657,617.5348709557612
41.03099999995902,624.368272203159,617.5348709557612
41.78099999995902,624.3662358387003,617.5348709557612
42.53099999995902,624.38282883784,617.5348709557612
43.28099999995902,624.369559823897,617.5348709557612
44.03099999995902,624.3783461899538,617.5348709557612
44.79699999996228,624.3743669894436,617.5348709557612
45.56199999997625,624.3747698005142,617.5348709557612
46.32799999997951,624.3725930214782,617.5348709557612
47.09399999998277,624.3763297485139,617.5348709557612
47.82799999997951,624.3772402063381,617.5348709557612
48.59399999998277,624.366272079924,617.5348709557612
49.32799999997951,624.3797357011132,617.5348709557612
50.07799999997951,624.3745440447833,617.5348709557612
50.81199999997625,624.37543784781,617.5348709557612
51.57799999997951,624.3751298677533,617.5348709557612
52.31199999997625,624.3808807289104,617.5348709557612
53.06199999997625,624.3753064000705,617.5348709557612
53.81199999997625,624.3851344374563,617.5348709557612
54.54699999996228,624.3721133418358,617.5348709557612
55.29699999996228,624.3803270071348,617.5348709557612
56.04699999996228,624.3831849336839,617.5348709557612
56.78099999995902,624.3896016488187,617.5348709557612
57.51499999995576,624.386019419915,617.5348709557612
58.26499999995576,624.3845580708111,617.5348709557612
59.0,624.3772878203005,617.5348709557612
59.76499999995576,624.3837030461605,617.5348709557612
60.5,624.3822651296057,617.5348709557612
61.26499999995576,624.3874826966802,617.5348709557612
62.01499999995576,624.3853640475638,617.5348709557612
62.76499999995576,624.3800258364981,617.5348709557612
63.53099999995902,624.381493997203,617.5348709557612
64.26499999995576,624.3881933181893,617.5348709557612
65.01499999995576,624.3814409168178,617.5348709557612
65.78099999995902,624.3817985094242,617.5348709557612
66.54699999996228,624.3850925752058,617.5348709557612
67.29699999996228,624.3850916457835,617.5348709557612
68.04699999996228,624.3925709291244,617.5348709557612
68.78099999995902,624.3920444357902,617.5348709557612
69.54699999996228,624.3894333647384,617.5348709557612
70.31199999997625,624.3913840975121,617.5348709557612
71.06199999997625,624.3827000199923,617.5348709557612
71.79699999996228,624.3943338489156,617.5348709557612
72.56199999997625,624.3842512735747,617.5348709557612
73.32799999997951,624.3847890715901,617.5348709557612
74.09399999998277,624.3916337942512,617.5348709557612
74.84399999998277,624.3876237805248,617.5348709557612
75.60899999999674,624.3891218581025,617.5348709557612
76.34399999998277,624.3834532821741,617.5348709557612
77.10899999999674,624.3840758263248,617.5348709557612
77.84399999998277,624.3928714998692,617.5348709557612
78.57799999997951,624.3914476288143,617.5348709557612
79.35899999999674,624.3878689458013,617.5348709557612
80.10899999999674,624.384864160379,617.5348709557612
80.875,624.3910838884649,617.5348709557612
81.63999999995576,624.3896733248472,617.5348709557612
82.375,624.3854145936266,617.5348709557612
83.125,624.3857851171722,617.5348709557612
83.90599999995902,624.3956014256876,617.5348709557612
84.65599999995902,624.3954878027379,617.5348709557612
85.42199999996228,624.3837105784697,617.5348709557612
86.17199999996228,624.386295989708,617.5348709557612
86.93699999997625,624.3913913877276,617.5348709557612
87.70299999997951,624.3992104289937,617.5348709557612
88.45299999997951,624.3972696520352,617.5348709557612
89.18699999997625,624.3915451133151,617.5348709557612
89.93699999997625,624.3926795410222,617.5348709557612
90.71899999998277,624.3924886348186,617.5348709557612
91.65599999995902,624.3896154017218,617.5348709557612
92.38999999995576,624.3904534036519,617.5348709557612
93.15599999995902,624.398738048767,617.5348709557612
93.92199999996228,624.3935011591028,617.5348709557612
94.65599999995902,624.3925504309107,617.5348709557612
95.38999999995576,624.3939266663539,617.5348709557612
96.15599999995902,624.3959141266394,617.5348709557612
96.92199999996228,624.3897673570375,617.5348709557612
97.65599999995902,624.4003374380263,617.5348709557612
98.42199999996228,624.3875640409198,617.5348709557612
99.15599999995902,624.3969458937883,617.5348709557612
99.92199999996228,624.3905225781284,617.5348709557612
100.65599999995902,624.4037462649256,617.5348709557612
101.40599999995902,624.3868004537751,617.5348709557612
102.17199999996228,624.403750131669,617.5348709557612
102.90599999995902,624.4023587435163,617.5348709557612
103.70299999997951,624.3998998981001,617.5348709557612
104.45299999997951,624.4000377134533,617.5348709557612
105.21899999998277,624.4030716305406,617.5348709557612
105.98399999999674,624.3903920537626,617.5348709557612
106.71899999998277,624.3966664804024,617.5348709557612
107.46899999998277,624.4044491275748,617.5348709557612
108.23399999999674,624.4042909963013,617.5348709557612
108.96899999998277,624.4071482486254,617.5348709557612
109.73399999999674,624.3950383672875,617.5348709557612
110.51499999995576,624.3892875073319,617.5348709557612
111.26499999995576,624.4017609548541,617.5348709557612
112.01499999995576,624.39643948431,617.5348709557612
112.75,624.4065075992997,617.5348709557612
113.51499999995576,624.4013839349016,617.5348709557612
114.28099999995902,624.3977083515018,617.5348709557612
115.04699999996228,624.4001692417023,617.5348709557612
115.79699999996228,624.4015009560803,617.5348709557612
116.56199999997625,624.3994317410926,617.5348709557612
117.28099999995902,624.3978217597406,617.5348709557612
118.03099999995902,624.3937436349248,617.5348709557612
118.78099999995902,624.3939564774599,617.5348709557612
119.53099999995902,624.4049257455016,617.5348709557612
120.29699999996228,624.4005746285791,617.5348709557612
121.03099999995902,624.4005837706561,617.5348709557612
121.76499999995576,624.4012772027762,617.5348709557612
122.51499999995576,624.3968606584114,617.5348709557612
123.28099999995902,624.402275660805,617.5348709557612
124.01499999995576,624.4013616414944,617.5348709557612
124.78099999995902,624.4088132939489,617.5348709557612
125.51499999995576,624.4063924461449,617.5348709557612
126.26499999995576,624.3980257029149,617.5348709557612
127.03099999995902,624.3897746502641,617.5348709557612
127.78099999995902,624.4025117250452,617.5348709557612
128.54699999996228,624.4031244489273,617.5348709557612
129.31199999997625,624.4048016929119,617.5348709557612
130.0779999999795,624.412641369153,617.5348709557612
130.81199999997625,624.401680243482,617.5348709557612
131.5779999999795,624.4038291897832,617.5348709557612
132.31199999997625,624.4099780900635,617.5348709557612
133.09399999998277,624.399247620317,617.5348709557612
133.84399999998277,624.4045066067833,617.5348709557612
134.5779999999795,624.3997147568829,617.5348709557612
135.34399999998277,624.400774571332,617.5348709557612
136.09399999998277,624.4106707719773,617.5348709557612
136.8279999999795,624.4030457159552,617.5348709557612
137.5779999999795,624.4150428340859,617.5348709557612
138.31199999997625,624.4082209804068,617.5348709557612
139.0779999999795,624.4107600016414,617.5348709557612
139.8279999999795,624.3976858221375,617.5348709557612
140.56199999997625,624.4049605638705,617.5348709557612
141.34399999998277,624.4095515386009,617.5348709557612
142.0779999999795,624.4039830440653,617.5348709557612
142.81199999997625,624.4005878769851,617.5348709557612
143.54699999996228,624.4062661015972,617.5348709557612
144.3279999999795,624.4064082994585,617.5348709557612
145.09399999998277,624.4104547954271,617.5348709557612
145.85899999999674,624.4108435351671,617.5348709557612
146.59399999998277,624.4147103971117,617.5348709557612
147.35899999999674,624.4116802315317,617.5348709557612
148.09399999998277,624.4089720942827,617.5348709557612
148.85899999999674,624.4025457517132,617.5348709557612
149.59399999998277,624.4079869118636,617.5348709557612
150.35899999999674,624.4145295922566,617.5348709557612
151.125,624.4047766507714,617.5348709557612
151.875,624.4021850389526,617.5348709557612
152.63999999995576,624.4022423859487,617.5348709557612
153.40599999995902,624.4080081920847,617.5348709557612
154.15599999995902,624.4107596925539,617.5348709557612
154.90599999995902,624.4016358238174,617.5348709557612
155.67199999996228,624.4117949589926,617.5348709557612
156.4529999999795,624.4127264023633,617.5348709557612
157.21899999998277,624.4161163359405,617.5348709557612
157.98399999999674,624.4119325151219,617.5348709557612
158.71899999998277,624.409686675305,617.5348709557612
159.46899999998277,624.4043525926144,617.5348709557612
160.2029999999795,624.403974175023,617.5348709557612
160.9529999999795,624.4090793348197,617.5348709557612
161.71899999998277,624.3901376050763,617.5348709557612
162.48399999999674,624.4090700409627,617.5348709557612
163.25,624.4062145916206,617.5348709557612
164.01499999995576,624.3981992182075,617.5348709557612
164.75,624.4084804917849,617.5348709557612
165.51499999995576,624.4080612385878,617.5348709557612
166.25,624.419498511094,617.5348709557612
167.01499999995576,624.4121049690375,617.5348709557612
167.78099999995902,624.4201970949628,617.5348709557612
168.51499999995576,624.4150388053376,617.5348709557612
169.28099999995902,624.4113163901038,617.5348709557612
170.01499999995576,624.4132271073606,617.5348709557612
170.78099999995902,624.4119130508018,617.5348709557612
171.51499999995576,624.4086666579357,617.5348709557612
172.26499999995576,624.4054872758015,617.5348709557612
173.03099999995902,624.4071842750606,617.5348709557612
173.81199999997625,624.4170456398385,617.5348709557612
174.56199999997625,624.4134898850019,617.5348709557612
175.3279999999795,624.4098882164838,617.5348709557612
176.09399999998277,624.4031784578434,617.5348709557612
176.85899999999674,624.4129240254508,617.5348709557612
177.625,624.4159936367596,617.5348709557612
178.375,624.4147846537139,617.5348709557612
179.13999999995576,624.4103055477593,617.5348709557612
179.90599999995902,624.4101475432085,617.5348709557612
180.67199999996228,624.4113476036051,617.5348709557612
181.40599999995902,624.4132486573175,617.5348709557612
182.17199999996228,624.4010017832678,617.5348709557612
182.92199999996228,624.4011278822185,617.5348709557612
183.67199999996228,624.4104101944818,617.5348709557612
184.43699999997625,624.4091301968582,617.5348709557612
185.18699999997625,624.4020778015097,617.5348709557612
185.9529999999795,624.4079761533563,617.5348709557612
186.71899999998277,624.4057649551088,617.5348709557612
187.63999999995576,624.4070500706476,617.5348709557612
188.375,624.4077740469405,617.5348709557612
189.125,624.419961054512,617.5348709557612
189.88999999995576,624.4152357137723,617.5348709557612
190.65599999995902,624.4011526227962,617.5348709557612
191.38999999995576,624.4061818010682,617.5348709557612
192.17199999996228,624.407558554968,617.5348709557612
192.90599999995902,624.4066317533574,617.5348709557612
193.68699999997625,624.401923460478,617.5348709557612
194.42199999996228,624.4202545703658,617.5348709557612
195.18699999997625,624.4208486672545,617.5348709557612
195.93699999997625,624.4156635816316,617.5348709557612
196.68699999997625,624.4136548970258,617.5348709557612
197.4529999999795,624.4125327353655,617.5348709557612
198.21899999998277,624.4137100282284,617.5348709557612
198.9529999999795,624.4103927915838,617.5348709557612
199.71899999998277,624.4143741046929,617.5348709557612
200.46899999998277,624.4056518867714,617.5348709557612
201.23399999999674,624.4054911772498,617.5348709557612
201.96899999998277,624.4138277001174,617.5348709557612
202.73399999999674,624.4101113005086,617.5348709557612
203.48399999999674,624.4290306252827,617.5348709557612
204.28099999995902,624.4127480332024,617.5348709557612
205.0,624.4194273621762,617.5348709557612
205.78099999995902,624.411770860963,617.5348709557612
206.54699999996228,624.4194406270434,617.5348709557612
207.28099999995902,624.4117860244182,617.5348709557612
208.04699999996228,624.4176479562368,617.5348709557612
208.79699999996228,624.4174513894188,617.5348709557612
209.56199999997625,624.4166669548354,617.5348709557612
210.31199999997625,624.4161814961957,617.5348709557612
211.06199999997625,624.4141135902805,617.5348709557612
211.8279999999795,624.4101637162527,617.5348709557612
212.5779999999795,624.4226334521371,617.5348709557612
213.3279999999795,624.4152482219798,617.5348709557612
214.09399999998277,624.4157426053663,617.5348709557612
214.85899999999674,624.416215352901,617.5348709557612
215.625,624.4141421850921,617.5348709557612
216.38999999995576,624.4111310576183,617.5348709557612
217.13999999995576,624.4155785808122,617.5348709557612
217.875,624.408916320978,617.5348709557612
218.63999999995576,624.4185753790225,617.5348709557612
219.38999999995576,624.4181338311439,617.5348709557612
220.125,624.4174145133942,617.5348709557612
220.875,624.4153433351634,617.5348709557612
221.65599999995902,624.4230884411754,617.5348709557612
222.40599999995902,624.412456309427,617.5348709557612
223.17199999996228,624.4212110358812,617.5348709557612
223.92199999996228,624.41455226789,617.5348709557612
224.68699999997625,624.4223090806374,617.5348709557612
225.4529999999795,624.4217258043011,617.5348709557612
226.2029999999795,624.423367189206,617.5348709557612
226.93699999997625,624.4150955156526,617.5348709557612
227.68699999997625,624.4117259241692,617.5348709557612
228.43699999997625,624.4117961227038,617.5348709557612
229.2029999999795,624.4152396457089,617.5348709557612
229.9529999999795,624.41584444821,617.5348709557612
230.68699999997625,624.4214996903116,617.5348709557612
231.4529999999795,624.4196196615485,617.5348709557612
232.2029999999795,624.4141448075846,617.5348709557612
232.96899999998277,624.4213455073813,617.5348709557612
233.7029999999795,624.4077296038248,617.5348709557612
234.4529999999795,624.4090104652194,617.5348709557612
235.21899999998277,624.4073081000821,617.5348709557612
235.96899999998277,624.4163719842223,617.5348709557612
236.73399999999674,624.4186482119272,617.5348709557612
237.46899999998277,624.4155232087553,617.5348709557612
238.21899999998277,624.4121652756311,617.5348709557612
238.9529999999795,624.4228838863178,617.5348709557612
239.7029999999795,624.414511428967,617.5348709557612
240.4529999999795,624.4048241445997,617.5348709557612
241.21899999998277,624.4100460481545,617.5348709557612
241.98399999999674,624.4276166490577,617.5348709557612
242.73399999999674,624.4213300703126,617.5348709557612
243.5,624.410585931532,617.5348709557612
244.26499999995576,624.4151074956807,617.5348709557612
245.0,624.426568737052,617.5348709557612
245.76499999995576,624.4157215648668,617.5348709557612
246.5,624.420844634759,617.5348709557612
247.26499999995576,624.4176810337127,617.5348709557612
248.0,624.4417789394263,617.5348709557612
248.76499999995576,624.4554453745073,617.5348709557612
249.53099999995902,624.4365560831336,617.5348709557612
250.26499999995576,624.4297745760829,617.5348709557612
251.03099999995902,624.4391524736433,617.5348709557612
251.79699999996228,624.4400710419375,617.5348709557612
252.56199999997625,624.4350544748936,617.5348709557612
253.29699999996228,624.4288446673361,617.5348709557612
254.06199999997625,624.438850977305,617.5348709557612
254.8279999999795,624.4317249550718,617.5348709557612
255.60899999999674,624.4436276106107,617.5348709557612
256.35899999999674,624.4389190832044,617.5348709557612
257.09399999998277,624.4318090194324,617.5348709557612
257.85899999999674,624.4382386314073,617.5348709557612
258.59399999998277,624.4362744655624,617.5348709557612
259.35899999999674,624.4344836495168,617.5348709557612
260.125,624.4587548800821,617.5348709557612
260.88999999995576,624.4563931238761,617.5348709557612
261.655999999959,624.4584915564157,617.5348709557612
262.38999999995576,624.4546523546426,617.5348709557612
263.13999999995576,624.4434845651228,617.5348709557612
263.875,624.4420497379665,617.5348709557612
264.63999999995576,624.4427984960316,617.5348709557612
265.405999999959,624.429775002896,617.5348709557612
266.1719999999623,624.4277545003815,617.5348709557612
266.93699999997625,624.4232560588308,617.5348709557612
267.6719999999623,624.4247453703374,617.5348709557612
268.43699999997625,624.4228973084388,617.5348709557612
269.2029999999795,624.4314744258638,617.5348709557612
269.96899999998277,624.4193970854375,617.5348709557612
270.73399999999674,624.4266751077122,617.5348709557612
271.6719999999623,624.4249240514706,617.5348709557612
272.43699999997625,624.4274589035092,617.5348709557612
273.2029999999795,624.4350886513895,617.5348709557612
273.9529999999795,624.4290441191451,617.5348709557612
274.71899999998277,624.2438025538936,617.5348709557612
275.46899999998277,624.0007213955737,617.5348709557612
276.23399999999674,623.9089297686776,617.5348709557612
277.01499999995576,623.8294102203914,617.5348709557612
277.780999999959,623.7692459674118,617.5348709557612
278.5469999999623,623.7254674522903,617.5348709557612
279.280999999959,623.6911996587852,617.5348709557612
280.030999999959,623.6745396892354,617.5348709557612
280.81199999997625,623.6386290071606,617.5348709557612
281.56199999997625,623.6383572502309,617.5348709557612
282.34399999998277,623.6125054898026,617.5348709557612
283.09399999998277,623.6012423895454,617.5348709557612
283.85899999999674,623.5864973124609,617.5348709557612
284.59399999998277,623.5703012118391,617.5348709557612
285.35899999999674,623.5650026699982,617.5348709557612
286.125,623.5550457435637,617.5348709557612
286.875,623.5745262340786,617.5348709557612
287.625,623.506151766084,617.5348709557612
288.35899999999674,623.4823801221999,617.5348709557612
289.10899999999674,623.4852940525061,617.5348709557612
289.85899999999674,623.4779567566632,617.5348709557612
290.625,623.4574329497594,617.5348709557612
291.375,623.4766296813796,617.5348709557612
292.125,623.4684557678842,617.5348709557612
292.875,623.4751132963552,617.5348709557612
293.60899999999674,623.4710225358564,617.5348709557612
294.34399999998277,623.4805774530827,617.5348709557612
295.10899999999674,623.4707614664145,617.5348709557612
295.85899999999674,623.4686886887748,617.5348709557612
296.63999999995576,623.4691354245539,617.5348709557612
297.38999999995576,623.4762708563941,617.5348709557612
298.155999999959,623.4729521713704,617.5348709557612
298.93699999997625,623.4674303161386,617.5348709557612
299.7029999999795,623.4951738538563,617.5348709557612
300.46899999998277,623.5612761623673,617.5348709557612
301.2029999999795,623.5828553018016,617.5348709557612
301.9529999999795,623.5665394510261,617.5348709557612
302.71899999998277,623.5429995151093,617.5348709557612
303.48399999999674,623.5386207699289,617.5348709557612
304.25,623.5264822079516,617.5348709557612
305.01499999995576,623.5137072456542,617.5348709557612
305.7969999999623,623.5135623992353,617.5348709557612
306.5469999999623,623.5120688046336,617.5348709557612
307.31199999997625,623.5022668090371,617.5348709557612
308.0779999999795,623.5012161408704,617.5348709557612
308.84399999998277,623.4936262588432,617.5348709557612
309.60899999999674,623.4884212168371,617.5348709557612
310.375,623.491845850142,617.5348709557612
311.155999999959,623.4850558862506,617.5348709557612
311.9219999999623,623.4866306243582,617.5348709557612
312.68699999997625,623.5120499181023,617.5348709557612
313.48399999999674,623.4216678064477,617.5348709557612
314.26499999995576,623.4216065817691,617.5348709557612
315.01499999995576,623.4097025721477,617.5348709557612
315.7969999999623,623.407045582366,617.5348709557612
316.56199999997625,623.4100406434668,617.5348709557612
317.31199999997625,623.4019535951056,617.5348709557612
318.06199999997625,623.4044194249527,617.5348709557612
318.7969999999623,623.4076392336067,617.5348709557612
319.6719999999623,623.4283413654636,617.5348709557612
320.405999999959,623.4119038166756,617.5348709557612
321.1719999999623,623.412083573936,617.5348709557612
321.93699999997625,623.4092848166125,617.5348709557612
322.7029999999795,623.4107536149038,617.5348709557612
323.48399999999674,623.4041140172516,617.5348709557612
324.25,623.3985029964817,617.5348709557612
325.01499999995576,623.4121052827661,617.5348709557612
325.780999999959,623.4049014998099,617.5348709557612
326.5469999999623,623.4041990467143,617.5348709557612
327.2969999999623,623.3939784485325,617.5348709557612
328.030999999959,623.399762334171,617.5348709557612
328.81199999997625,623.3990747434924,617.5348709557612
329.5779999999795,623.4017533699104,617.5348709557612
330.31199999997625,623.4032563419618,617.5348709557612
331.06199999997625,623.3994528276301,617.5348709557612
331.81199999997625,623.3956939946277,617.5348709557612
332.56199999997625,623.4199856243699,617.5348709557612
333.2969999999623,623.4214723929316,617.5348709557612
334.06199999997625,623.4206123301409,617.5348709557612
334.8279999999795,623.4277582367948,617.5348709557612
335.5779999999795,623.4273408267379,617.5348709557612
336.34399999998277,623.4286268180623,617.5348709557612
337.09399999998277,623.4209588214607,617.5348709557612
337.85899999999674,623.4249795231995,617.5348709557612
338.625,623.428614077508,617.5348709557612
339.35899999999674,623.4381639571211,617.5348709557612
340.10899999999674,623.4364479778325,617.5348709557612
340.84399999998277,623.4371034971266,617.5348709557612
341.59399999998277,623.4351018441752,617.5348709557612
342.35899999999674,623.4333980669886,617.5348709557612
343.125,623.4279328684612,617.5348709557612
343.88999999995576,623.436365797705,617.5348709557612
344.655999999959,623.4360794251724,617.5348709557612
345.405999999959,623.4472404041796,617.5348709557612
346.1719999999623,623.4282012317401,617.5348709557612
346.93699999997625,623.4448190921763,617.5348709557612
347.7029999999795,623.432494755815,617.5348709557612
348.46899999998277,623.4391036266798,617.5348709557612
349.21899999998277,623.4394449532015,617.5348709557612
349.98399999999674,623.4425027560981,617.5348709557612
350.73399999999674,623.4425163955251,617.5348709557612
351.46899999998277,623.4451317048101,617.5348709557612
352.21899999998277,623.4435688908973,617.5348709557612
352.9529999999795,623.4539781103314,617.5348709557612
353.7029999999795,623.4486615409041,617.5348709557612
354.46899999998277,623.4507043574332,617.5348709557612
355.21899999998277,623.4533016024532,617.5348709557612
355.98399999999674,623.4374123946591,617.5348709557612
356.75,623.448859719474,617.5348709557612
357.51499999995576,623.4448351686483,617.5348709557612
358.26499999995576,623.454045774951,617.5348709557612
359.030999999959,623.4463450535002,617.5348709557612
359.76499999995576,623.4366913655772,617.5348709557612
360.51499999995576,623.4600097279153,617.5348709557612
361.25,623.4459009027502,617.5348709557612
362.0,623.4457842031337,617.5348709557612
362.75,623.4559089337941,617.5348709557612
363.48399999999674,623.4527937518587,617.5348709557612
364.23399999999674,623.456366436476,617.5348709557612
365.0,623.4545386569225,617.5348709557612
365.76499999995576,623.4517554485953,617.5348709557612
366.51499999995576,623.4557568918013,617.5348709557612
367.280999999959,623.4585923317535,617.5348709557612
368.030999999959,623.4627647080054,617.5348709557612
368.780999999959,623.45323896481,617.5348709557612
369.51499999995576,623.4596186056355,617.5348709557612
370.280999999959,623.4568020276148,617.5348709557612
371.01499999995576,623.4630343083242,617.5348709557612
371.780999999959,623.4528971703202,617.5348709557612
372.530999999959,623.4511871315589,617.5348709557612
373.280999999959,623.4531271401332,617.5348709557612
374.0469999999623,623.4639308183808,617.5348709557612
374.81199999997625,623.4731861932466,617.5348709557612
375.5779999999795,623.4462265573735,617.5348709557612
376.34399999998277,623.4589437068778,617.5348709557612
377.09399999998277,623.4584028622118,617.5348709557612
377.8279999999795,623.4520504315575,617.5348709557612
378.59399999998277,623.4477187054746,617.5348709557612
379.8279999999795,623.4566568895164,617.5348709557612
380.59399999998277,623.4691547084893,617.5348709557612
381.35899999999674,623.4603093920891,617.5348709557612
382.10899999999674,623.4522929618437,617.5348709557612
382.85899999999674,623.4555723734194,617.5348709557612
383.59399999998277,623.4734318066855,617.5348709557612
384.3279999999795,623.474313801667,617.5348709557612
385.0779999999795,623.4644060534914,617.5348709557612
385.8279999999795,623.4648302222693,617.5348709557612
386.5779999999795,623.4664016960226,617.5348709557612
387.34399999998277,623.4699107921004,617.5348709557612
388.10899999999674,623.4725598182047,617.5348709557612
388.875,623.4694942479621,617.5348709557612
389.655999999959,623.4658127874028,617.5348709557612
390.38999999995576,623.4603707527733,617.5348709557612
391.125,623.4565121529108,617.5348709557612
391.875,623.4657700009059,617.5348709557612
392.655999999959,623.4641681989743,617.5348709557612
393.4219999999623,623.4697568784449,617.5348709557612
394.18699999997625,623.4746270119498,617.5348709557612
394.9529999999795,623.4668683590506,617.5348709557612
395.7029999999795,623.4585410568806,617.5348709557612
396.4529999999795,623.4709449558018,617.5348709557612
397.2029999999795,623.4663507694077,617.5348709557612
397.93699999997625,623.4653483914007,617.5348709557612
398.68699999997625,623.4695010303014,617.5348709557612
399.4529999999795,623.4772403886619,617.5348709557612
400.21899999998277,623.4783464371224,617.5348709557612
400.98399999999674,623.5086856699694,617.5348709557612
401.75,623.5052882402068,617.5348709557612
402.51499999995576,623.496732174994,617.5348709557612
403.2969999999623,623.4757863480091,617.5348709557612
404.0469999999623,623.4778264166231,617.5348709557612
404.81199999997625,623.4727158101979,617.5348709557612
405.56199999997625,623.4673747025294,617.5348709557612
406.3279999999795,623.4781582332093,617.5348709557612
407.06199999997625,623.46684738687,617.5348709557612
407.7969999999623,623.4636647157959,617.5348709557612
408.56199999997625,623.4709122381162,617.5348709557612
409.31199999997625,623.459373931637,617.5348709557612
410.09399999998277,623.470216473996,617.5348709557612
410.8279999999795,623.4671299184217,617.5348709557612
411.56199999997625,623.4588454420613,617.5348709557612
412.31199999997625,623.4600733187846,617.5348709557612
413.06199999997625,623.461009171766,617.5348709557612
413.84399999998277,623.4571550995421,617.5348709557612
414.59399999998277,623.4559583104298,617.5348709557612
415.375,623.4656412033962,617.5348709557612
416.13999999995576,623.4617124302845,617.5348709557612
416.88999999995576,623.4569350493422,617.5348709557612
417.63999999995576,623.4627138406796,617.5348709557612
418.375,623.4586925132446,617.5348709557612
419.125,623.4596676239543,617.5348709557612
419.875,623.4638400719454,617.5348709557612
420.63999999995576,623.4569872307236,617.5348709557612
421.38999999995576,623.4515737142694,617.5348709557612
422.13999999995576,623.4592775780134,617.5348709557612
422.875,623.4610018086947,617.5348709557612
423.625,623.4564059473497,617.5348709557612
424.38999999995576,623.4647065938831,617.5348709557612
425.1719999999623,623.4525103551678,617.5348709557612
425.9219999999623,623.4612737176482,617.5348709557612
426.7029999999795,623.4703822200627,617.5348709557612
427.655999999959,623.4514798386109,617.5348709557612
428.38999999995576,623.4565858674748,617.5348709557612
429.13999999995576,623.469229145495,617.5348709557612
429.88999999995576,623.4561690976947,617.5348709557612
430.63999999995576,623.4602456848747,617.5348709557612
431.375,623.4523400234917,617.5348709557612
432.13999999995576,623.4645343832084,617.5348709557612
432.9219999999623,623.4611893423396,617.5348709557612
433.68699999997625,623.4604148268503,617.5348709557612
434.4529999999795,623.4560602038447,617.5348709557612
435.23399999999674,623.4648627351268,617.5348709557612
435.98399999999674,623.4619078439055,617.5348709557612
436.71899999998277,623.4642461103376,617.5348709557612
437.5,623.4649651863693,617.5348709557612
438.25,623.459712021333,617.5348709557612
439.0,623.4614565299009,617.5348709557612
439.75,623.4647132759117,617.5348709557612
440.5,623.457232194585,617.5348709557612
441.23399999999674,623.4686508771557,617.5348709557612
441.98399999999674,623.4658851507311,617.5348709557612
442.75,623.4563143580081,617.5348709557612
443.51499999995576,623.4541904312255,617.5348709557612
444.280999999959,623.4619790908421,617.5348709557612
445.0469999999623,623.4556696090535,617.5348709557612
445.81199999997625,623.459595644229,617.5348709557612
446.5779999999795,623.4523907954618,617.5348709557612
447.3279999999795,623.4555183353058,617.5348709557612
448.06199999997625,623.4595464177639,617.5348709557612
448.8279999999795,623.4629348382139,617.5348709557612
449.5779999999795,623.4620678323447,617.5348709557612
450.34399999998277,623.4621584039129,617.5348709557612
451.0779999999795,623.4659994432141,617.5348709557612
451.8279999999795,623.4575249878965,617.5348709557612
452.59399999998277,623.4651062087116,617.5348709557612
453.34399999998277,623.4585249098201,617.5348709557612
454.0779999999795,623.457092146161,617.5348709557612
454.8279999999795,623.4582180270194,617.5348709557612
455.5779999999795,623.4630376338182,617.5348709557612
456.31199999997625,623.4455428441742,617.5348709557612
457.0779999999795,623.4536463577822,617.5348709557612
457.84399999998277,623.46374921012,617.5348709557612
458.5779999999795,623.4636118255304,617.5348709557612
459.34399999998277,623.4563150040351,617.5348709557612
460.10899999999674,623.4501117454697,617.5348709557612
460.875,623.4616388887823,617.5348709557612
461.625,623.4625879691534,617.5348709557612
462.375,623.4665951272766,617.5348709557612
463.125,623.5221079238114,617.5348709557612
463.85899999999674,623.527396673281,617.5348709557612
464.63999999995576,623.5017154802044,617.5348709557612
465.38999999995576,623.4936481670081,617.5348709557612
466.155999999959,623.4807019343503,617.5348709557612
466.9219999999623,623.4776252193881,617.5348709557612
467.68699999997625,623.4717975954327,617.5348709557612
468.4219999999623,623.4545232066649,617.5348709557612
469.2029999999795,623.4670469854291,617.5348709557612
469.96899999998277,623.4552268377228,617.5348709557612
470.73399999999674,623.4530535016141,617.5348709557612
471.5,623.4428208952648,617.5348709557612
472.280999999959,623.4468967655915,617.5348709557612
473.030999999959,623.4450418517754,617.5348709557612
473.76499999995576,623.4370175140168,617.5348709557612
474.51499999995576,623.4553625977511,617.5348709557612
475.26499999995576,623.4564215397188,617.5348709557612
476.030999999959,623.4375799121893,617.5348709557612
476.7969999999623,623.3854125307391,617.5348709557612
477.56199999997625,623.372071716745,617.5348709557612
478.3279999999795,623.3814798249825,617.5348709557612
479.09399999998277,623.374772679103,617.5348709557612
479.8279999999795,623.3601620995702,617.5348709557612
480.59399999998277,623.3641730724457,617.5348709557612
481.35899999999674,623.3649454276635,617.5348709557612
482.13999999995576,623.3596480207277,617.5348709557612
482.875,623.3629496599929,617.5348709557612
483.625,623.3610576726396,617.5348709557612
484.375,623.3498375797467,617.5348709557612
485.10899999999674,623.3636022965943,617.5348709557612
485.85899999999674,623.3561554451668,617.5348709557612
486.625,623.3668568179289,617.5348709557612
487.405999999959,623.367229098916,617.5348709557612
488.155999999959,623.408203081302,617.5348709557612
488.88999999995576,623.4663042783336,617.5348709557612
489.63999999995576,623.4880436638206,617.5348709557612
490.375,623.4854760351208,617.5348709557612
491.125,623.465561744986,617.5348709557612
491.85899999999674,623.4612899857123,617.5348709557612
492.59399999998277,623.4453635990727,617.5348709557612
493.35899999999674,623.4528994446364,617.5348709557612
494.125,623.4462065260537,617.5348709557612
494.88999999995576,623.4345942653003,617.5348709557612
495.655999999959,623.4321906396285,617.5348709557612
496.405999999959,623.4316349885672,617.5348709557612
497.1719999999623,623.4348882420953,617.5348709557612
497.905999999959,623.4425904900156,617.5348709557612
498.68699999997625,623.4348154038317,617.5348709557612
499.625,623.4397871983724,617.5348709557612
500.38999999995576,623.4366727372856,617.5348709557612
501.13999999995576,623.4451076936931,617.5348709557612
501.905999999959,623.382681076095,617.5348709557612
502.655999999959,623.3690726265455,617.5348709557612
503.4219999999623,623.3698711237458,617.5348709557612
504.2029999999795,623.3710637935758,617.5348709557612
504.93699999997625,623.3662169601614,617.5348709557612
505.68699999997625,623.3698647113558,617.5348709557612
506.46899999998277,623.365550579397,617.5348709557612
507.23399999999674,623.3611541686761,617.5348709557612
508.0,623.3845812956641,617.5348709557612
508.76499999995576,623.3802521230522,617.5348709557612
509.530999999959,623.3801667301835,617.5348709557612
510.2969999999623,623.3747951377444,617.5348709557612
511.06199999997625,623.3669178910649,617.5348709557612
511.81199999997625,623.3655512370467,617.5348709557612
512.5939999999828,623.3549604226885,617.5348709557612
513.3279999999795,623.3536425370072,617.5348709557612
514.0939999999828,623.3487085551451,617.5348709557612
514.8589999999967,623.3742415170149,617.5348709557612
515.625,623.3555129535254,617.5348709557612
516.3899999999558,623.3588129949844,617.5348709557612
517.125,623.3549751686697,617.5348709557612
517.875,623.3495637766441,617.5348709557612
518.625,623.3635954937562,617.5348709557612
519.3899999999558,623.3540100707903,617.5348709557612
520.125,623.3558115706977,617.5348709557612
520.875,623.3621691086225,617.5348709557612
521.6089999999967,623.3790768260425,617.5348709557612
522.3589999999967,623.3782676349452,617.5348709557612
523.0939999999828,623.3700955919437,617.5348709557612
523.8589999999967,623.3795501539008,617.5348709557612
524.625,623.3817138216489,617.5348709557612
525.375,623.3771060190284,617.5348709557612
526.125,623.389922775369,617.5348709557612
526.875,623.3750728023393,617.5348709557612
527.6089999999967,623.389962157416,617.5348709557612
528.3439999999828,623.3974943140481,617.5348709557612
529.125,623.3981963401858,617.5348709557612
529.875,623.3937176193399,617.5348709557612
530.625,623.3818584629199,617.5348709557612
531.3899999999558,623.3895434964021,617.5348709557612
532.1719999999623,623.3837688247338,617.5348709557612
532.9369999999763,623.3962432091184,617.5348709557612
533.7029999999795,623.3940506563409,617.5348709557612
534.4689999999828,623.3942720148744,617.5348709557612
535.2189999999828,623.3913494295308,617.5348709557612
535.9839999999967,623.395996624939,617.5348709557612
536.7339999999967,623.397997474662,617.5348709557612
537.4839999999967,623.4016173386258,617.5348709557612
538.25,623.4024872223367,617.5348709557612
539.0149999999558,623.4021974437111,617.5348709557612
539.75,623.409639898774,617.5348709557612
540.5,623.407142100773,617.5348709557612
541.25,623.4008281311897,617.5348709557612
541.9839999999967,623.4128401980154,617.5348709557612
542.7339999999967,623.4103673500887,617.5348709557612
543.4839999999967,623.4138736714186,617.5348709557612
544.2339999999967,623.4016898432219,617.5348709557612
544.9689999999828,623.4063939227028,617.5348709557612
545.7339999999967,623.4023933029908,617.5348709557612
546.5,623.4029687985493,617.5348709557612
547.280999999959,623.4092478815219,617.5348709557612
548.030999999959,623.4072553635156,617.5348709557612
548.7969999999623,623.4023635386872,617.5348709557612
549.5619999999763,623.4066150970353,617.5348709557612
550.2969999999623,623.3992442797213,617.5348709557612
551.0779999999795,623.4172852117254,617.5348709557612
551.8119999999763,623.4073408193433,617.5348709557612
552.5779999999795,623.4131482208996,617.5348709557612
553.3439999999828,623.4137420800496,617.5348709557612
554.1089999999967,623.4053322698928,617.5348709557612
554.8589999999967,623.4082044957333,617.5348709557612
555.625,623.40116503591,617.5348709557612
556.3899999999558,623.4087417299111,617.5348709557612
557.1719999999623,623.4076644905844,617.5348709557612
557.9369999999763,623.414252527694,617.5348709557612
558.6719999999623,623.4181969123009,617.5348709557612
559.6719999999623,623.4159320087547,617.5348709557612
560.4219999999623,623.4190185880182,617.5348709557612
561.1719999999623,623.4087697460494,617.5348709557612
561.9369999999763,623.4144627936523,617.5348709557612
562.7189999999828,623.4293878549319,617.5348709557612
563.4529999999795,623.4162529812379,617.5348709557612
564.2189999999828,623.4169072914117,617.5348709557612
564.9529999999795,623.4196947664822,617.5348709557612
565.6869999999763,623.4188382682844,617.5348709557612
566.4219999999623,623.417626241854,617.5348709557612
567.1719999999623,623.410786584145,617.5348709557612
567.9219999999623,623.4165264505873,617.5348709557612
568.6719999999623,623.4099736421701,617.5348709557612
569.405999999959,623.4168907726576,617.5348709557612
570.155999999959,623.4181292771839,617.5348709557612
570.9219999999623,623.4183979278434,617.5348709557612
571.6869999999763,623.4158389971254,617.5348709557612
572.4369999999763,623.417289294745,617.5348709557612
573.1869999999763,623.4130711307806,617.5348709557612
573.9219999999623,623.4105761407128,617.5348709557612
574.6719999999623,623.4294630292961,617.5348709557612
575.4219999999623,623.4113258402072,617.5348709557612
576.155999999959,623.4263542387741,617.5348709557612
576.9219999999623,623.4181826020932,617.5348709557612
577.6719999999623,623.4245347190198,617.5348709557612
578.405999999959,623.4223543989318,617.5348709557612
579.1719999999623,623.416227966295,617.5348709557612
579.905999999959,623.422508442962,617.5348709557612
580.655999999959,623.4266813717134,617.5348709557612
581.4219999999623,623.4175181978695,617.5348709557612
582.1719999999623,623.4134392205832,617.5348709557612
582.9219999999623,623.4252594567422,617.5348709557612
583.7339999999967,623.4286036451691,617.5348709557612
584.5,623.4322560541427,617.5348709557612
585.2649999999558,623.4273371408649,617.5348709557612
586.0,623.4249130522379,617.5348709557612
586.780999999959,623.4206126882543,617.5348709557612
587.530999999959,623.436992544547,617.5348709557612
588.280999999959,623.4181159159345,617.5348709557612
589.0469999999623,623.4402717732521,617.5348709557612
589.8119999999763,623.4358226143559,617.5348709557612
590.5619999999763,623.4550469210863,617.5348709557612
591.3279999999795,623.4525034146678,617.5348709557612
592.1089999999967,623.4422165170491,617.5348709557612
592.875,623.4302135634277,617.5348709557612
593.6399999999558,623.4233022187708,617.5348709557612
594.375,623.4273688827753,617.5348709557612
595.125,623.4190096911683,617.5348709557612
595.8899999999558,623.413441408224,617.5348709557612
596.655999999959,623.4171328970588,617.5348709557612
597.3899999999558,623.4157879717162,617.5348709557612
598.1399999999558,623.4191216425173,617.5348709557612
598.905999999959,623.4122359707942,617.5348709557612
599.6719999999623,623.416640961203,617.5348709557612
600.4219999999623,623.4121492331055,617.5348709557612
601.2029999999795,623.4146781703427,617.5348709557612
601.9529999999795,623.4159606751938,617.5348709557612
602.7029999999795,623.4106906222063,617.5348709557612
603.4529999999795,623.4153934440257,617.5348709557612
604.2029999999795,623.4202853454077,617.5348709557612
604.9529999999795,623.4079858423014,617.5348709557612
605.7029999999795,623.4223490925227,617.5348709557612
606.4689999999828,623.413129689009,617.5348709557612
607.2189999999828,623.4189479690363,617.5348709557612
607.9839999999967,623.4159168047366,617.5348709557612
608.7339999999967,623.418295794986,617.5348709557612
609.4689999999828,623.416452079584,617.5348709557612
610.2029999999795,623.4151002057736,617.5348709557612
610.9839999999967,623.4109012569307,617.5348709557612
611.7339999999967,623.419043713674,617.5348709557612
612.4689999999828,623.4097953918066,617.5348709557612
613.2189999999828,623.412546080675,617.5348709557612
613.9839999999967,623.4235758462744,617.5348709557612
614.7189999999828,623.4148206728985,617.5348709557612
615.4689999999828,623.4158220482552,617.5348709557612
616.2339999999967,623.4142006862395,617.5348709557612
617.0,623.4046146797356,617.5348709557612
617.7649999999558,623.4150080019907,617.5348709557612
618.5149999999558,623.4179911020232,617.5348709557612
619.280999999959,623.41383117279,617.5348709557612
620.030999999959,623.408705853756,617.5348709557612
620.7969999999623,623.4138375736364,617.5348709557612
621.5619999999763,623.4029338476627,617.5348709557612
622.3279999999795,623.4044094445245,617.5348709557612
623.0779999999795,623.4105134507208,617.5348709557612
623.8119999999763,623.4084168101804,617.5348709557612
624.5469999999623,623.4163019309484,617.5348709557612
625.2969999999623,623.4068885653321,617.5348709557612
626.0469999999623,623.4219116488931,617.5348709557612
626.8119999999763,623.4125792587415,617.5348709557612
627.5779999999795,623.4100379735478,617.5348709557612
628.3279999999795,623.4081983343531,617.5348709557612
629.0619999999763,623.420022934716,617.5348709557612
629.8119999999763,623.4105717585779,617.5348709557612
630.5619999999763,623.4140734594456,617.5348709557612
631.3439999999828,623.4057388504365,617.5348709557612
632.0939999999828,623.4031977108655,617.5348709557612
632.8439999999828,623.413548230877,617.5348709557612
633.5779999999795,623.4148927436331,617.5348709557612
634.3589999999967,623.4070357097897,617.5348709557612
635.125,623.4115026406743,617.5348709557612
635.8899999999558,623.4100108777376,617.5348709557612
636.625,623.4059223956743,617.5348709557612
637.375,623.413891915775,617.5348709557612
638.155999999959,623.4067295815992,617.5348709557612
638.905999999959,623.4109585047619,617.5348709557612
639.655999999959,623.4053984769553,617.5348709557612
640.4369999999763,623.4143384156765,617.5348709557612
641.1719999999623,623.4062678496398,617.5348709557612
641.9529999999795,623.4172764479993,617.5348709557612
642.6869999999763,623.4084880489247,617.5348709557612
643.4839999999967,623.4060998981452,617.5348709557612
644.2339999999967,623.41749536869,617.5348709557612
645.0,623.406935811656,617.5348709557612
645.780999999959,623.4091552505547,617.5348709557612
646.5149999999558,623.4124304211039,617.5348709557612
647.2649999999558,623.4072896684539,617.5348709557612
648.030999999959,623.4027402715741,617.5348709557612
648.780999999959,623.412577124412,617.5348709557612
649.530999999959,623.4097306030505,617.5348709557612
650.2969999999623,623.4010044084931,617.5348709557612
651.030999999959,623.4065008708461,617.5348709557612
651.7969999999623,623.4162022616731,617.5348709557612
652.5469999999623,623.4631819379439,617.5348709557612
653.2969999999623,623.4753530761569,617.5348709557612
654.0619999999763,623.4659546651168,617.5348709557612
654.8439999999828,623.4498666221131,617.5348709557612
655.655999999959,623.4374431037218,617.5348709557612
656.4219999999623,623.4319001675252,617.5348709557612
657.2029999999795,623.4264786562638,617.5348709557612
657.9689999999828,623.4289642530052,617.5348709557612
658.7339999999967,623.417252962178,617.5348709557612
659.4689999999828,623.4236849009245,617.5348709557612
660.2029999999795,623.4227326745746,617.5348709557612
660.9529999999795,623.428758746063,617.5348709557612
661.7189999999828,623.4161159120492,617.5348709557612
662.4689999999828,623.426332469185,617.5348709557612
663.2189999999828,623.4107529375901,617.5348709557612
663.9689999999828,623.4199087260415,617.5348709557612
664.7339999999967,623.42304275556,617.5348709557612
665.4839999999967,623.3952623089081,617.5348709557612
666.2339999999967,623.3578536671671,617.5348709557612
667.0,623.3523960916126,617.5348709557612
667.75,623.3586462417475,617.5348709557612
668.5,623.3591574177378,617.5348709557612
669.280999999959,623.3417452971449,617.5348709557612
670.0469999999623,623.347815370191,617.5348709557612
670.8119999999763,623.33988314279,617.5348709557612
671.5619999999763,623.3445644498356,617.5348709557612
672.3279999999795,623.3425465908532,617.5348709557612
673.0939999999828,623.3403189261269,617.5348709557612
673.8439999999828,623.3445048775421,617.5348709557612
674.6089999999967,623.3450241686278,617.5348709557612
675.3439999999828,623.3366092863799,617.5348709557612
676.125,623.343237650035,617.5348709557612
676.8899999999558,623.3429513721414,617.5348709557612
677.655999999959,623.3713592098209,617.5348709557612
678.405999999959,623.4417594275404,617.5348709557612
679.1719999999623,623.4559134587328,617.5348709557612
679.9219999999623,623.4452731166804,617.5348709557612
680.6869999999763,623.4473295945224,617.5348709557612
681.4529999999795,623.4276302579601,617.5348709557612
682.1869999999763,623.4265719747259,617.5348709557612
682.9219999999623,623.4214469983258,617.5348709557612
683.6869999999763,623.4281801556706,617.5348709557612
684.4529999999795,623.4262906337616,617.5348709557612
685.2339999999967,623.4149609605963,617.5348709557612
686.0,623.4147872868713,617.5348709557612
686.7339999999967,623.4182259609432,617.5348709557612
687.5,623.4027610175676,617.5348709557612
688.280999999959,623.4081483614953,617.5348709557612
689.030999999959,623.4191786905154,617.5348709557612
689.7969999999623,623.402024010771,617.5348709557612
690.5619999999763,623.435393638927,617.5348709557612
691.2969999999623,623.3748272072497,617.5348709557612
692.0619999999763,623.3520728933045,617.5348709557612
692.8279999999795,623.3592396091499,617.5348709557612
693.5939999999828,623.3484001234781,617.5348709557612
694.3439999999828,623.3497630806029,617.5348709557612
695.0939999999828,623.3600612097873,617.5348709557612
695.8439999999828,623.3414555105716,617.5348709557612
696.6089999999967,623.3466306724105,617.5348709557612
697.3439999999828,623.3674910810312,617.5348709557612
698.1089999999967,623.3654670810923,617.5348709557612
698.875,623.3617328760521,617.5348709557612
699.625,623.3607056928553,617.5348709557612
700.3589999999967,623.3465385877984,617.5348709557612
701.0939999999828,623.343871296212,617.5348709557612
701.8439999999828,623.3501373729134,617.5348709557612
702.625,623.3341363246216,617.5348709557612
703.3899999999558,623.348826322998,617.5348709557612
704.1399999999558,623.3451396341543,617.5348709557612
704.905999999959,623.3464360439892,617.5348709557612
705.6399999999558,623.34151462031,617.5348709557612
706.4219999999623,623.3488283461619,617.5348709557612
707.2029999999795,623.3557181128107,617.5348709557612
707.9839999999967,623.3443497715432,617.5348709557612
708.7189999999828,623.3420454846361,617.5348709557612
709.4839999999967,623.3462702867131,617.5348709557612
710.2649999999558,623.3458771792539,617.5348709557612
711.0149999999558,623.3400852267046,617.5348709557612
711.7969999999623,623.3479033649045,617.5348709557612
712.530999999959,623.3458157722752,617.5348709557612
713.280999999959,623.3354736306551,617.5348709557612
714.030999999959,623.3433175360447,617.5348709557612
714.7649999999558,623.3385183134241,617.5348709557612
715.6869999999763,623.3409944284781,617.5348709557612
716.4529999999795,623.3460322728646,617.5348709557612
717.2189999999828,623.346644088148,617.5348709557612
717.9839999999967,623.3449809979164,617.5348709557612
718.7649999999558,623.3348642318582,617.5348709557612
719.5,623.3361520970236,617.5348709557612
720.25,623.3358687262323,617.5348709557612
721.030999999959,623.3348815261577,617.5348709557612
721.7969999999623,623.3452992948628,617.5348709557612
722.5469999999623,623.3371053814059,617.5348709557612
723.3119999999763,623.3442594856248,617.5348709557612
724.0779999999795,623.3414297296666,617.5348709557612
724.8589999999967,623.3374423613666,617.5348709557612
725.625,623.3435910283996,617.5348709557612
726.3899999999558,623.3416368741612,617.5348709557612
727.125,623.3345878524373,617.5348709557612
727.875,623.3467826714418,617.5348709557612
728.6399999999558,623.3417025594512,617.5348709557612
729.4219999999623,623.3497407557659,617.5348709557612
730.1869999999763,623.3387234023425,617.5348709557612
730.9369999999763,623.3388275507241,617.5348709557612
731.6869999999763,623.3417461474038,617.5348709557612
732.4219999999623,623.3346543587037,617.5348709557612
733.1869999999763,623.3411808510515,617.5348709557612
733.9529999999795,623.3301431864279,617.5348709557612
734.6869999999763,623.348909533347,617.5348709557612
735.4529999999795,623.335691318979,617.5348709557612
736.2339999999967,623.333937984712,617.5348709557612
736.9689999999828,623.3409276496508,617.5348709557612
737.7189999999828,623.3408411162424,617.5348709557612
738.4529999999795,623.3396002856338,617.5348709557612
739.2339999999967,623.3430120412493,617.5348709557612
740.0,623.3432612258541,617.5348709557612
740.7339999999967,623.3457309800111,617.5348709557612
741.4839999999967,623.3391915987859,617.5348709557612
742.25,623.337460849561,617.5348709557612
742.9839999999967,623.3410293398579,617.5348709557612
743.7339999999967,623.3344851213321,617.5348709557612
744.4839999999967,623.3410777248547,617.5348709557612
745.2339999999967,623.3367323991243,617.5348709557612
746.0,623.3356508361722,617.5348709557612
746.7339999999967,623.3394198474691,617.5348709557612
747.4839999999967,623.3471744789595,617.5348709557612
748.2649999999558,623.3417669717506,617.5348709557612
749.0,623.3388024817432,617.5348709557612
749.7649999999558,623.3435769860713,617.5348709557612
750.5149999999558,623.3347270453386,617.5348709557612
751.280999999959,623.327212605354,617.5348709557612
752.0469999999623,623.3456983817086,617.5348709557612
752.7969999999623,623.3349985493968,617.5348709557612
753.5469999999623,623.3306052430527,617.5348709557612
754.280999999959,623.3338662794899,617.5348709557612
755.0469999999623,623.3420601939745,617.5348709557612
755.8279999999795,623.3350986907669,617.5348709557612
756.5619999999763,623.3455865812207,617.5348709557612
757.3119999999763,623.3388170866956,617.5348709557612
758.0469999999623,623.3325504443958,617.5348709557612
758.7969999999623,623.3394289223733,617.5348709557612
759.5779999999795,623.3456141987272,617.5348709557612
760.3279999999795,623.3321891935574,617.5348709557612
761.0939999999828,623.3447021965414,617.5348709557612
761.8279999999795,623.3333711975384,617.5348709557612
762.5939999999828,623.3419693678994,617.5348709557612
763.3589999999967,623.3409947167817,617.5348709557612
764.1089999999967,623.3318839500079,617.5348709557612
764.8589999999967,623.3371360507136,617.5348709557612
765.625,623.3457562391309,617.5348709557612
766.3899999999558,623.3446254198144,617.5348709557612
767.1719999999623,623.3418647703965,617.5348709557612
767.9369999999763,623.3388838205265,617.5348709557612
768.6869999999763,623.3404699968391,617.5348709557612
769.4369999999763,623.3368362005349,617.5348709557612
770.2029999999795,623.3401509575708,617.5348709557612
770.9839999999967,623.3389989836832,617.5348709557612
771.7649999999558,623.3364896078775,617.5348709557612
772.5149999999558,623.348971445118,617.5348709557612
773.2969999999623,623.3335957160053,617.5348709557612
774.0469999999623,623.3359659191741,617.5348709557612
774.7969999999623,623.3393584170777,617.5348709557612
775.6719999999623,623.3498855557946,617.5348709557612
776.4529999999795,623.3427692950457,617.5348709557612
777.1869999999763,623.3328461989879,617.5348709557612
777.9369999999763,623.3359443049908,617.5348709557612
778.6719999999623,623.3390228751381,617.5348709557612
779.4219999999623,623.3375806623532,617.5348709557612
780.2029999999795,623.3429489507035,617.5348709557612
780.9529999999795,623.3433494995547,617.5348709557612
781.7189999999828,623.3283709896739,617.5348709557612
782.4839999999967,623.3315060398867,617.5348709557612
783.25,623.3349435045322,617.5348709557612
784.0149999999558,623.3405254079313,617.5348709557612
784.7969999999623,623.3312685394801,617.5348709557612
785.5469999999623,623.3254460117078,617.5348709557612
786.3119999999763,623.3313293008124,617.5348709557612
787.0779999999795,623.3384499820836,617.5348709557612
787.8279999999795,623.3358863348309,617.5348709557612
788.5939999999828,623.3299325716049,617.5348709557612
789.3589999999967,623.3388512987925,617.5348709557612
790.1399999999558,623.3332645373499,617.5348709557612
790.875,623.3352719092588,617.5348709557612
791.625,623.3337216603346,617.5348709557612
792.3589999999967,623.3387979801118,617.5348709557612
793.1089999999967,623.3366198742391,617.5348709557612
793.875,623.3368841095198,617.5348709557612
794.655999999959,623.3445065784093,617.5348709557612
795.405999999959,623.3438208916509,617.5348709557612
796.1399999999558,623.3332397994318,617.5348709557612
796.8899999999558,623.3349146122973,617.5348709557612
797.6719999999623,623.3346628218713,617.5348709557612
798.4219999999623,623.3368487990996,617.5348709557612
799.1869999999763,623.3315003109994,617.5348709557612
799.9689999999828,623.3464475447106,617.5348709557612
800.7189999999828,623.3342554062169,617.5348709557612
801.4689999999828,623.3334330279336,617.5348709557612
802.2339999999967,623.3320520731892,617.5348709557612
803.0,623.3379376533271,617.5348709557612
803.75,623.3272451133511,617.5348709557612
804.4839999999967,623.3286899426304,617.5348709557612
805.2649999999558,623.3303830708687,617.5348709557612
806.0469999999623,623.3335048405413,617.5348709557612
806.780999999959,623.3360196162747,617.5348709557612
807.5469999999623,623.3396737950268,617.5348709557612
808.3119999999763,623.3217710964846,617.5348709557612
809.0779999999795,623.328693396023,617.5348709557612
809.8589999999967,623.3342179109451,617.5348709557612
810.625,623.3388130904791,617.5348709557612
811.3899999999558,623.3323149915988,617.5348709557612
812.155999999959,623.333057857171,617.5348709557612
812.9219999999623,623.3335289212731,617.5348709557612
813.6869999999763,623.3258305058636,617.5348709557612
814.4369999999763,623.3364020118835,617.5348709557612
815.2189999999828,623.3382790595459,617.5348709557612
816.0,623.3252922595314,617.5348709557612
816.7649999999558,623.3358529106969,617.5348709557612
817.5,623.3342689044796,617.5348709557612
818.280999999959,623.336900414812,617.5348709557612
819.0469999999623,623.3248540249772,617.5348709557612
819.8119999999763,623.334699943759,617.5348709557612
820.5939999999828,623.3319028229816,617.5348709557612
821.3439999999828,623.3285219228721,617.5348709557612
822.125,623.326904459472,617.5348709557612
822.8899999999558,623.3284979281226,617.5348709557612
823.7029999999795,623.3343905785474,617.5348709557612
824.4529999999795,623.3359336593467,617.5348709557612
825.2029999999795,623.3323195552102,617.5348709557612
825.9839999999967,623.3296947298135,617.5348709557612
826.75,623.3387273861281,617.5348709557612
827.5,623.334236966971,617.5348709557612
828.2649999999558,623.32923246147,617.5348709557612
829.0,623.3341559760315,617.5348709557612
829.75,623.3404445184171,617.5348709557612
830.4839999999967,623.3380915803754,617.5348709557612
831.2649999999558,623.3337734013035,617.5348709557612
832.0,623.3458222975336,617.5348709557612
832.7649999999558,623.33524117089,617.5348709557612
833.5149999999558,623.3258839831013,617.5348709557612
834.2649999999558,623.3273690191579,617.5348709557612
835.0469999999623,623.3318485163205,617.5348709557612
835.780999999959,623.335282754185,617.5348709557612
836.5469999999623,623.3290564573131,617.5348709557612
837.3119999999763,623.3269405171533,617.5348709557612
838.0779999999795,623.3359312208697,617.5348709557612
838.8279999999795,623.3307762185208,617.5348709557612
839.5619999999763,623.3297085894314,617.5348709557612
840.3279999999795,623.3293967756556,617.5348709557612
841.0939999999828,623.3327884878199,617.5348709557612
841.8439999999828,623.3278037204449,617.5348709557612
842.5779999999795,623.3375643229684,617.5348709557612
843.3589999999967,623.3292206835496,617.5348709557612
844.125,623.3209995715545,617.5348709557612
844.8589999999967,623.337557585341,617.5348709557612
845.625,623.3343069206809,617.5348709557612
846.3899999999558,623.3279524692559,617.5348709557612
847.1399999999558,623.3319883104765,617.5348709557612
847.9219999999623,623.328679905377,617.5348709557612
848.655999999959,623.3212870422602,617.5348709557612
849.4369999999763,623.3289072225888,617.5348709557612
850.1869999999763,623.340750215581,617.5348709557612
850.9689999999828,623.3270733489718,617.5348709557612
851.7339999999967,623.3399430458952,617.5348709557612
852.5,623.3338317739825,617.5348709557612
853.25,623.3350184611153,617.5348709557612
854.0,623.3275155693656,617.5348709557612
854.75,623.3350328086149,617.5348709557612
855.5,623.3346117724757,617.5348709557612
856.280999999959,623.3236738070083,617.5348709557612
857.0149999999558,623.3326710674188,617.5348709557612
857.7969999999623,623.3288216125264,617.5348709557612
858.5469999999623,623.3396218685381,617.5348709557612
859.3119999999763,623.3303766359903,617.5348709557612
860.0779999999795,623.3325804467149,617.5348709557612
860.8279999999795,623.3367095263793,617.5348709557612
861.5939999999828,623.323049119479,617.5348709557612
862.3279999999795,623.3330179074522,617.5348709557612
863.0779999999795,623.346828137004,617.5348709557612
863.8279999999795,623.3409714644158,617.5348709557612
864.5619999999763,623.3522392159261,617.5348709557612
865.3119999999763,623.349182748727,617.5348709557612
866.1089999999967,623.3512758115608,617.5348709557612
866.8589999999967,623.3504242067531,617.5348709557612
867.6089999999967,623.3680818581747,617.5348709557612
868.3439999999828,623.3642180036355,617.5348709557612
869.1089999999967,623.3727814556967,617.5348709557612
869.875,623.3684373168104,617.5348709557612
870.625,623.3790813344457,617.5348709557612
871.3899999999558,623.3763860088484,617.5348709557612
872.155999999959,623.3681914349352,617.5348709557612
872.9219999999623,623.3793761866403,617.5348709557612
873.7029999999795,623.3759986428291,617.5348709557612
874.4689999999828,623.3654321564995,617.5348709557612
875.2339999999967,623.3980085028356,617.5348709557612
876.0149999999558,623.3987311935977,617.5348709557612
876.7649999999558,623.3937490335192,617.5348709557612
877.5149999999558,623.4057140498985,617.5348709557612
878.25,623.3991043485095,617.5348709557612
879.0,623.3875572644057,617.5348709557612
879.7339999999967,623.3885658896254,617.5348709557612
880.4839999999967,623.3836800867219,617.5348709557612
881.2339999999967,623.3797512107637,617.5348709557612
882.0,623.381557969079,617.5348709557612
882.7649999999558,623.381947731046,617.5348709557612
883.7029999999795,623.3681783235729,617.5348709557612
884.4529999999795,623.3722796925306,617.5348709557612
885.2029999999795,623.377098814011,617.5348709557612
885.9529999999795,623.3710926879759,617.5348709557612
886.7189999999828,623.3839303596152,617.5348709557612
887.4689999999828,623.3802047042797,617.5348709557612
888.2339999999967,623.3928345359519,617.5348709557612
889.0,623.3741227703632,617.5348709557612
889.7339999999967,623.4192130826851,617.5348709557612
890.4839999999967,623.4476455000223,617.5348709557612
891.2339999999967,623.4329422793822,617.5348709557612
891.9839999999967,623.4156458174277,617.5348709557612
892.7339999999967,623.4081453783209,617.5348709557612
893.4839999999967,623.411571269548,617.5348709557612
894.2339999999967,623.4105602095566,617.5348709557612
894.9839999999967,623.4056073707346,617.5348709557612
895.7189999999828,623.3925493934775,617.5348709557612
896.4839999999967,623.394353891515,617.5348709557612
897.2339999999967,623.4004406766188,617.5348709557612
898.0,623.3923293817529,617.5348709557612
898.7649999999558,623.3879015606748,617.5348709557612
899.530999999959,623.3928837304802,617.5348709557612
900.280999999959,623.3913284649583,617.5348709557612
901.0149999999558,623.3981118835687,617.5348709557612
901.780999999959,623.3919499695783,617.5348709557612
902.5619999999763,623.415137660919,617.5348709557612
903.3279999999795,623.3531625727837,617.5348709557612
904.1089999999967,623.3370161050203,617.5348709557612
904.875,623.3308852784359,617.5348709557612
905.625,623.3356299199355,617.5348709557612
906.405999999959,623.3294608058656,617.5348709557612
907.1399999999558,623.3381877773295,617.5348709557612
907.905999999959,623.3316885641004,617.5348709557612
908.655999999959,623.3357206276098,617.5348709557612
909.405999999959,623.3381391158481,617.5348709557612
910.1399999999558,623.3373446948981,617.5348709557612
910.905999999959,623.3326254410719,617.5348709557612
911.655999999959,623.3290361203591,617.5348709557612
912.4219999999623,623.3406349240403,617.5348709557612
913.1719999999623,623.3276111861687,617.5348709557612
913.9369999999763,623.3282830304918,617.5348709557612
914.6869999999763,623.3425257575,617.5348709557612
915.4529999999795,623.3868186252112,617.5348709557612
916.2189999999828,623.4297884482684,617.5348709557612
916.9529999999795,623.4275932031182,617.5348709557612
917.7029999999795,623.416008734076,617.5348709557612
918.4369999999763,623.4104954009266,617.5348709557612
919.2029999999795,623.4090997295351,617.5348709557612
919.9689999999828,623.4089677966737,617.5348709557612
920.7339999999967,623.4066217913181,617.5348709557612
921.4839999999967,623.4012750350656,617.5348709557612
922.2339999999967,623.396512250892,617.5348709557612
922.9839999999967,623.3914178655731,617.5348709557612
923.7339999999967,623.3910192912634,617.5348709557612
924.4839999999967,623.3826790643981,617.5348709557612
925.25,623.405094114434,617.5348709557612
926.0,623.3986561219466,617.5348709557612
926.7339999999967,623.3895809193235,617.5348709557612
927.4689999999828,623.4066918268524,617.5348709557612
928.2189999999828,623.3912144699325,617.5348709557612
928.9529999999795,623.3567458330563,617.5348709557612
929.7339999999967,623.3546401320699,617.5348709557612
930.4689999999828,623.3459659253832,617.5348709557612
931.2189999999828,623.3368117439161,617.5348709557612
931.9689999999828,623.3339520705767,617.5348709557612
932.7189999999828,623.3392039439462,617.5348709557612
933.4529999999795,623.3340129729078,617.5348709557612
934.2029999999795,623.3412521449633,617.5348709557612
934.9839999999967,623.3666020137063,617.5348709557612
935.7339999999967,623.3525415414196,617.5348709557612
936.5149999999558,623.3527655693331,617.5348709557612
937.280999999959,623.3395412238955,617.5348709557612
938.0469999999623,623.3413701224505,617.5348709557612
938.8279999999795,623.347271459445,617.5348709557612
939.5779999999795,623.3516767321418,617.5348709557612
940.3279999999795,623.3401397586754,617.5348709557612
941.1089999999967,623.3344599684723,617.5348709557612
941.875,623.3381842221108,617.5348709557612
942.6399999999558,623.3317427000616,617.5348709557612
943.405999999959,623.3407761267077,617.5348709557612
944.1869999999763,623.3440825565054,617.5348709557612
944.9529999999795,623.3382231947305,617.5348709557612
945.7029999999795,623.3314380118692,617.5348709557612
946.4839999999967,623.3398019515945,617.5348709557612
947.2339999999967,623.3217097039633,617.5348709557612
948.0,623.3380647313999,617.5348709557612
948.7649999999558,623.3510000471427,617.5348709557612
949.530999999959,623.3560224596803,617.5348709557612
950.2969999999623,623.3707424081847,617.5348709557612
951.0619999999763,623.359755458901,617.5348709557612
951.8119999999763,623.3721824322242,617.5348709557612
952.5779999999795,623.3696048647814,617.5348709557612
953.3279999999795,623.3783632492156,617.5348709557612
954.0779999999795,623.3769852991014,617.5348709557612
954.8119999999763,623.3714122494415,617.5348709557612
955.6719999999623,623.3790059805241,617.5348709557612
956.4529999999795,623.387795053609,617.5348709557612
957.2029999999795,623.3940943396327,617.5348709557612
957.9369999999763,623.3754019019758,617.5348709557612
958.6869999999763,623.3850245421355,617.5348709557612
959.4219999999623,623.3846916711628,617.5348709557612
960.1869999999763,623.3806076303371,617.5348709557612
960.9219999999623,623.3929596643502,617.5348709557612
961.7029999999795,623.3894321648137,617.5348709557612
962.4689999999828,623.3933316259323,617.5348709557612
963.2189999999828,623.4015632427926,617.5348709557612
963.9839999999967,623.4016981275589,617.5348709557612
964.75,623.3941280500434,617.5348709557612
965.530999999959,623.3976327701479,617.5348709557612
966.2969999999623,623.3993285521035,617.5348709557612
967.030999999959,623.4092690454191,617.5348709557612
967.780999999959,623.3996661384881,617.5348709557612
968.530999999959,623.4048893034449,617.5348709557612
969.280999999959,623.4101868818506,617.5348709557612
970.0149999999558,623.4071176051658,617.5348709557612
970.7969999999623,623.4105598488875,617.5348709557612
971.5619999999763,623.4000893751055,617.5348709557612
972.3279999999795,623.4070607380716,617.5348709557612
973.0939999999828,623.4108081797896,617.5348709557612
973.8439999999828,623.4155060946272,617.5348709557612
974.6089999999967,623.4112997488503,617.5348709557612
975.375,623.4149832799367,617.5348709557612
976.155999999959,623.4143100043187,617.5348709557612
976.905999999959,623.4135912430953,617.5348709557612
977.655999999959,623.4121003674713,617.5348709557612
978.405999999959,623.4172532481708,617.5348709557612
979.1869999999763,623.4239456518292,617.5348709557612
979.9369999999763,623.4186618267372,617.5348709557612
980.6719999999623,623.4214428434915,617.5348709557612
981.4219999999623,623.4195890778172,617.5348709557612
982.1719999999623,623.4299830712891,617.5348709557612
982.9369999999763,623.427465757164,617.5348709557612
983.6719999999623,623.4279625906942,617.5348709557612
984.4369999999763,623.4242470027515,617.5348709557612
985.2189999999828,623.4250715077475,617.5348709557612
985.9839999999967,623.4236365175205,617.5348709557612
986.75,623.432986776973,617.5348709557612
987.4839999999967,623.420140484825,617.5348709557612
988.2339999999967,623.4298434663237,617.5348709557612
989.0,623.4249834498225,617.5348709557612
989.7649999999558,623.433607073604,617.5348709557612
990.530999999959,623.4311913171051,617.5348709557612
991.2969999999623,623.4315277009285,617.5348709557612
992.0619999999763,623.426447369041,617.5348709557612
992.8279999999795,623.4294465146834,617.5348709557612
993.5779999999795,623.4344337132494,617.5348709557612
994.3439999999828,623.4278380723742,617.5348709557612
995.0939999999828,623.438157638939,617.5348709557612
995.8119999999763,623.4377580962837,617.5348709557612
996.5939999999828,623.4248774601548,617.5348709557612
997.3439999999828,623.4403000263392,617.5348709557612
998.1089999999967,623.4285620963674,617.5348709557612
998.8589999999967,623.4366234224332,617.5348709557612
999.5939999999828,623.441857747968,617.5348709557612
1000.3439999999828,623.4472137837695,617.5348709557612
1001.1089999999967,623.4485423777397,617.5348709557612
1001.8439999999828,623.4488223935115,617.5348709557612
1002.5939999999828,623.4364475513571,617.5348709557612
1003.3589999999967,623.452961977747,617.5348709557612
1004.125,623.4347780900592,617.5348709557612
1004.875,623.4446156901098,617.5348709557612
1005.6399999999558,623.4482093752836,617.5348709557612
1006.3899999999558,623.457103556877,617.5348709557612
1007.1719999999623,623.4437269699173,617.5348709557612
1007.9369999999763,623.4477365036704,617.5348709557612
1008.7029999999795,623.4595951909439,617.5348709557612
1009.4369999999763,623.4488281272214,617.5348709557612
1010.2189999999828,623.4476510128388,617.5348709557612
1010.9689999999828,623.4462594683507,617.5348709557612
1011.7029999999795,623.4471297077819,617.5348709557612
1012.4689999999828,623.454459306876,617.5348709557612
1013.2339999999967,623.4532175634761,617.5348709557612
1014.0,623.4560468309531,617.5348709557612
1014.7649999999558,623.4561541192406,617.5348709557612
1015.6719999999623,623.4553748965288,617.5348709557612
1016.405999999959,623.4840460978303,617.5348709557612
1017.1719999999623,623.4827670486841,617.5348709557612
1017.9219999999623,623.4772738977065,617.5348709557612
1018.7029999999795,623.4709116215944,617.5348709557612
1019.4369999999763,623.4568462626676,617.5348709557612
1020.2189999999828,623.4659225210364,617.5348709557612
1020.9689999999828,623.454135687755,617.5348709557612
1021.7029999999795,623.4603785307177,617.5348709557612
1022.4529999999795,623.4501238192117,617.5348709557612
1023.2029999999795,623.4514774579395,617.5348709557612
1023.9369999999763,623.4541883183633,617.5348709557612
1024.7029999999795,623.4414737035883,617.5348709557612
1025.4529999999795,623.445745867491,617.5348709557612
1026.2029999999795,623.4384843336321,617.5348709557612
1026.9529999999795,623.4535233000065,617.5348709557612
1027.7029999999795,623.4480624484722,617.5348709557612
1028.4529999999795,623.4406990889207,617.5348709557612
1029.1869999999763,623.4436874984813,617.5348709557612
1029.9689999999828,623.436482284949,617.5348709557612
1030.7339999999967,623.4532975527558,617.5348709557612
1031.4689999999828,623.4521301365377,617.5348709557612
1032.2029999999795,623.4494968369065,617.5348709557612
1032.9529999999795,623.4432600670757,617.5348709557612
1033.7029999999795,623.4474259853265,617.5348709557612
1034.4529999999795,623.4470340839728,617.5348709557612
1035.2189999999828,623.4454180036529,617.5348709557612
1035.9839999999967,623.4498434211932,617.5348709557612
1036.75,623.4502682060805,617.5348709557612
1037.5149999999558,623.448810109231,617.5348709557612
1038.2969999999623,623.4486217091993,617.5348709557612
1039.0619999999763,623.4434163109503,617.5348709557612
1039.7969999999623,623.4496196059107,617.5348709557612
1040.5619999999763,623.4473799615077,617.5348709557612
1041.3279999999795,623.4391306588776,617.5348709557612
1042.0779999999795,623.4411050815759,617.5348709557612
1042.8279999999795,623.4424534171967,617.5348709557612
1043.5619999999763,623.4414839673353,617.5348709557612
1044.3119999999763,623.4401407267206,617.5348709557612
1045.0469999999623,623.4495455715377,617.5348709557612
1045.7969999999623,623.4486475124136,617.5348709557612
1046.530999999959,623.4391802472416,617.5348709557612
1047.280999999959,623.438144943384,617.5348709557612
1048.0149999999558,623.4485708288446,617.5348709557612
1048.780999999959,623.4464087199364,617.5348709557612
1049.5469999999623,623.4349968111322,617.5348709557612
1050.280999999959,623.4531265989706,617.5348709557612
1051.030999999959,623.4458381463953,617.5348709557612
1051.780999999959,623.4471399157483,617.5348709557612
1052.5469999999623,623.4463331096997,617.5348709557612
1053.280999999959,623.451767534824,617.5348709557612
1054.030999999959,623.4421561013035,617.5348709557612
1054.7969999999623,623.4388303883554,617.5348709557612
1055.530999999959,623.4497288585397,617.5348709557612
1056.280999999959,623.4480711384483,617.5348709557612
1057.030999999959,623.4422875656104,617.5348709557612
1057.7649999999558,623.4454141014749,617.5348709557612
1058.5,623.4413110909506,617.5348709557612
1059.25,623.4453092013505,617.5348709557612
1060.0,623.4453159465482,617.5348709557612
1060.75,623.4503482027449,617.5348709557612
1061.4839999999967,623.4469549329359,617.5348709557612
1062.25,623.454733931757,617.5348709557612
1063.0,623.4483929514018,617.5348709557612
1063.7339999999967,623.4498072205045,617.5348709557612
1064.5,623.4400837324538,617.5348709557612
1065.2649999999558,623.4387308919311,617.5348709557612
1066.0469999999623,623.4434597867225,617.5348709557612
1066.8119999999763,623.4423287441406,617.5348709557612
1067.5619999999763,623.4402044332195,617.5348709557612
1068.2969999999623,623.4376522162012,617.5348709557612
1069.030999999959,623.4451300506174,617.5348709557612
1069.780999999959,623.4385596506253,617.5348709557612
1070.530999999959,623.4341984735668,617.5348709557612
1071.2969999999623,623.441334777093,617.5348709557612
1072.0619999999763,623.4475235983259,617.5348709557612
1072.8279999999795,623.4362203411976,617.5348709557612
1073.5779999999795,623.4308539327378,617.5348709557612
1074.3279999999795,623.4388012814782,617.5348709557612
1075.0939999999828,623.4362290662423,617.5348709557612
1075.8439999999828,623.4445627485769,617.5348709557612
1076.5779999999795,623.4471236775746,617.5348709557612
1077.3439999999828,623.4419781779753,617.5348709557612
1078.1089999999967,623.4394191748645,617.5348709557612
1078.8899999999558,623.4456873463712,617.5348709557612
1079.655999999959,623.4804079713882,617.5348709557612
1080.4219999999623,623.4471528529766,617.5348709557612
1081.1869999999763,623.4331450817633,617.5348709557612
1081.9529999999795,623.4214646683752,617.5348709557612
1082.7189999999828,623.4099746710294,617.5348709557612
1083.4839999999967,623.4003634349559,617.5348709557612
1084.2339999999967,623.3997176208999,617.5348709557612
1085.0149999999558,623.3916618384267,617.5348709557612
1085.7969999999623,623.3930621598176,617.5348709557612
1086.5619999999763,623.3998528031948,617.5348709557612
1087.3119999999763,623.4029105808196,617.5348709557612
1088.0619999999763,623.3923858135066,617.5348709557612
1088.8439999999828,623.3857870011599,617.5348709557612
1089.6089999999967,623.3865472712146,617.5348709557612
1090.3899999999558,623.396978046134,617.5348709557612
1091.155999999959,623.3894699143972,617.5348709557612
1091.905999999959,623.4117188585807,617.5348709557612
1092.6869999999763,623.3683470726958,617.5348709557612
1093.4839999999967,623.3399593970494,617.5348709557612
1094.2339999999967,623.3371295911717,617.5348709557612
1094.9839999999967,623.3337957323633,617.5348709557612
1095.7649999999558,623.3384430995145,617.5348709557612
1096.5149999999558,623.3347979689605,617.5348709557612
1097.2649999999558,623.3359827741276,617.5348709557612
1098.030999999959,623.3320984056718,617.5348709557612
1098.8119999999763,623.3368446510678,617.5348709557612
1099.655999999959,623.3357371978731,617.5348709557612
1100.4219999999623,623.3202054652597,617.5348709557612
1101.1719999999623,623.328844242369,617.5348709557612
1101.9219999999623,623.3337065163829,617.5348709557612
1102.6869999999763,623.3296711594944,617.5348709557612
1103.4529999999795,623.335659335507,617.5348709557612
1104.2189999999828,623.3302784183776,617.5348709557612
1104.9689999999828,623.3608215324876,617.5348709557612
1105.7029999999795,623.4166264036661,617.5348709557612
1106.4369999999763,623.4302073578117,617.5348709557612
1107.1869999999763,623.4154155782583,617.5348709557612
1107.9689999999828,623.4010446083995,617.5348709557612
1108.7339999999967,623.4037462052374,617.5348709557612
1109.5,623.400100581955,617.5348709557612
1110.2649999999558,623.3933452506227,617.5348709557612
1111.0149999999558,623.3951726858456,617.5348709557612
1111.75,623.3970982471157,617.5348709557612
1112.5149999999558,623.3931501727178,617.5348709557612
1113.280999999959,623.399436419658,617.5348709557612
1114.030999999959,623.3966475992324,617.5348709557612
1114.7969999999623,623.395074704526,617.5348709557612
1115.5469999999623,623.4016949764269,617.5348709557612
1116.2969999999623,623.3921729384066,617.5348709557612
1117.0619999999763,623.3946152480255,617.5348709557612
1117.8119999999763,623.4207506121929,617.5348709557612
1118.5779999999795,623.3614651972601,617.5348709557612
1119.3439999999828,623.3525083396993,617.5348709557612
1120.1089999999967,623.3412884311722,617.5348709557612
1120.8439999999828,623.3413929734004,617.5348709557612
1121.5939999999828,623.3428413082825,617.5348709557612
1122.3439999999828,623.3523570047951,617.5348709557612
1123.0779999999795,623.3451195951991,617.5348709557612
1123.8279999999795,623.34134011239,617.5348709557612
1124.5939999999828,623.3492425588767,617.5348709557612
1125.3589999999967,623.3554986008431,617.5348709557612
1126.1089999999967,623.3510759822448,617.5348709557612
1126.8589999999967,623.3509646971784,617.5348709557612
1127.6089999999967,623.3333195472618,617.5348709557612
1128.3589999999967,623.3383201230147,617.5348709557612
1129.125,623.340072092823,617.5348709557612
1129.905999999959,623.3401591237892,617.5348709557612
1130.6719999999623,623.3402751378668,617.5348709557612
1131.4369999999763,623.3319527889105,617.5348709557612
1132.2029999999795,623.3354418437302,617.5348709557612
1132.9529999999795,623.3373257258745,617.5348709557612
1133.7029999999795,623.3329662295008,617.5348709557612
1134.4369999999763,623.3387592891659,617.5348709557612
1135.2029999999795,623.3348281064798,617.5348709557612
1135.9689999999828,623.339382085964,617.5348709557612
1136.75,623.3396365072853,617.5348709557612
1137.5149999999558,623.3399983728051,617.5348709557612
1138.2649999999558,623.3435090197064,617.5348709557612
1139.0149999999558,623.3643163538318,617.5348709557612
1139.7649999999558,623.3674297439491,617.5348709557612
1140.530999999959,623.358787334919,617.5348709557612
1141.2649999999558,623.3680463737949,617.5348709557612
1142.0469999999623,623.3722794749419,617.5348709557612
1142.8119999999763,623.3758958465586,617.5348709557612
1143.5779999999795,623.3729417631445,617.5348709557612
1144.3439999999828,623.383127270147,617.5348709557612
1145.0939999999828,623.3698333736806,617.5348709557612
1145.8279999999795,623.3804369833747,617.5348709557612
1146.5779999999795,623.376465318487,617.5348709557612
1147.3279999999795,623.3746175603109,617.5348709557612
1148.0779999999795,623.3805549545126,617.5348709557612
1148.8119999999763,623.3920510508065,617.5348709557612
1149.5619999999763,623.3844226004952,617.5348709557612
1150.3279999999795,623.3835722282175,617.5348709557612
1151.0939999999828,623.3881684293433,617.5348709557612
1151.8439999999828,623.3910686426167,617.5348709557612
1152.5939999999828,623.3974427098304,617.5348709557612
1153.3589999999967,623.3925483565206,617.5348709557612
1154.125,623.3933725398655,617.5348709557612
1154.905999999959,623.3997872882533,617.5348709557612
1155.655999999959,623.4006139316897,617.5348709557612
1156.405999999959,623.3990586441038,617.5348709557612
1157.1719999999623,623.3992979450996,617.5348709557612
1157.9219999999623,623.4163688210808,617.5348709557612
1158.6719999999623,623.3975605188676,617.5348709557612
1159.5,623.3992682729088,617.5348709557612
1160.25,623.4108480491018,617.5348709557612
1161.0149999999558,623.4127336517221,617.5348709557612
1161.780999999959,623.4057689825697,617.5348709557612
1162.530999999959,623.4127285095724,617.5348709557612
1163.2649999999558,623.4072315709839,617.5348709557612
1164.0149999999558,623.4120231428585,617.5348709557612
1164.7649999999558,623.4140079512465,617.5348709557612
1165.5,623.4197939238032,617.5348709557612
1166.2649999999558,623.4157777208908,617.5348709557612
1167.030999999959,623.414766410415,617.5348709557612
1167.7649999999558,623.4114781963443,617.5348709557612
1168.5149999999558,623.4121192293475,617.5348709557612
1169.280999999959,623.4222116115441,617.5348709557612
1170.0469999999623,623.4193473755298,617.5348709557612
1170.8279999999795,623.4161977570685,617.5348709557612
1171.6719999999623,623.4215974948074,617.5348709557612
1172.4219999999623,623.4214456829703,617.5348709557612
1173.1719999999623,623.4190368798218,617.5348709557612
1173.9369999999763,623.4188681171979,617.5348709557612
1174.7189999999828,623.4239446699005,617.5348709557612
1175.4839999999967,623.420716090775,617.5348709557612
1176.25,623.4281114684059,617.5348709557612
1177.0,623.431948609656,617.5348709557612
1177.75,623.4308446649286,617.5348709557612
1178.5,623.4366607843176,617.5348709557612
1179.25,623.4299365699924,617.5348709557612
1180.0149999999558,623.4336127739081,617.5348709557612
1180.7969999999623,623.4364624267006,617.5348709557612
1181.5619999999763,623.4339536308179,617.5348709557612
1182.3119999999763,623.4270754269985,617.5348709557612
1183.0619999999763,623.4326222370532,617.5348709557612
1183.8119999999763,623.4376417514922,617.5348709557612
1184.5779999999795,623.4296233894692,617.5348709557612
1185.3439999999828,623.4392447573174,617.5348709557612
1186.1089999999967,623.4374855968083,617.5348709557612
1186.8589999999967,623.4314063457539,617.5348709557612
1187.6399999999558,623.4381656090414,617.5348709557612
1188.375,623.4368129324481,617.5348709557612
1189.1089999999967,623.4427648275805,617.5348709557612
1189.8589999999967,623.4427076056775,617.5348709557612
1190.6089999999967,623.4355748565771,617.5348709557612
1191.3589999999967,623.4482775515216,617.5348709557612
1192.0939999999828,623.4352753878666,617.5348709557612
1192.8589999999967,623.4459951279648,617.5348709557612
1193.625,623.440541031875,617.5348709557612
1194.3899999999558,623.4534323192362,617.5348709557612
1195.1399999999558,623.4509924559064,617.5348709557612
1195.875,623.4384013710027,617.5348709557612
1196.6399999999558,623.453875429542,617.5348709557612
1197.3899999999558,623.4410286527387,617.5348709557612
1198.1399999999558,623.4490942643769,617.5348709557612
1198.905999999959,623.4445656704424,617.5348709557612
1199.6869999999763,623.4402867464987,617.5348709557612
1200.4369999999763,623.4613823841723,617.5348709557612
1201.1869999999763,623.4511529578039,617.5348709557612
1201.9219999999623,623.4496072846018,617.5348709557612
1202.655999999959,623.4482741510816,617.5348709557612
1203.405999999959,623.4453300916043,617.5348709557612
1204.155999999959,623.4473635482884,617.5348709557612
1204.9219999999623,623.4528290457504,617.5348709557612
1205.6719999999623,623.4555725834816,617.5348709557612
1206.4369999999763,623.46584810649,617.5348709557612
1207.2029999999795,623.4779205231094,617.5348709557612
1207.9529999999795,623.4836754761063,617.5348709557612
1208.7029999999795,623.4729931548462,617.5348709557612
1209.4689999999828,623.4550732175271,617.5348709557612
1210.2339999999967,623.4578835023524,617.5348709557612
1210.9689999999828,623.4528644221863,617.5348709557612
1211.7029999999795,623.4535807616835,617.5348709557612
1212.4689999999828,623.4468113471083,617.5348709557612
1213.2339999999967,623.4441123024316,617.5348709557612
1214.0149999999558,623.4587750169715,617.5348709557612
1214.7649999999558,623.4518728861564,617.5348709557612
1215.5469999999623,623.446773242231,617.5348709557612
1216.3119999999763,623.4429614980289,617.5348709557612
1217.0619999999763,623.4459456538883,617.5348709557612
1217.8279999999795,623.4573365225474,617.5348709557612
1218.5939999999828,623.4445019544675,617.5348709557612
1219.3589999999967,623.4473416255873,617.5348709557612
1220.125,623.4469240142863,617.5348709557612
1220.875,623.4435721580436,617.5348709557612
1221.6399999999558,623.4388979213734,617.5348709557612
1222.375,623.4426803569955,617.5348709557612
1223.125,623.4406913946126,617.5348709557612
1223.8589999999967,623.4432342219638,617.5348709557612
1224.6089999999967,623.4452710005382,617.5348709557612
1225.3899999999558,623.4371066734393,617.5348709557612
1226.155999999959,623.4425860887428,617.5348709557612
1226.9219999999623,623.4411462483451,617.5348709557612
1227.6869999999763,623.4460999561844,617.5348709557612
1228.4689999999828,623.4434957785317,617.5348709557612
1229.2339999999967,623.4448994620839,617.5348709557612
1230.0,623.4434802658839,617.5348709557612
1230.7339999999967,623.4385409000638,617.5348709557612
1231.655999999959,623.4514593193835,617.5348709557612
1232.4219999999623,623.4407104702033,617.5348709557612
1233.2029999999795,623.4440855048616,617.5348709557612
1233.9689999999828,623.4418497241548,617.5348709557612
1234.7339999999967,623.4464163943077,617.5348709557612
1235.5,623.4437241876989,617.5348709557612
1236.280999999959,623.4362750822899,617.5348709557612
1237.0469999999623,623.4467319384739,617.5348709557612
1237.780999999959,623.4422189016843,617.5348709557612
1238.5469999999623,623.4494994541641,617.5348709557612
1239.2969999999623,623.4489500040481,617.5348709557612
1240.0469999999623,623.4354411096617,617.5348709557612
1240.8119999999763,623.4414986932003,617.5348709557612
1241.5619999999763,623.4404715283033,617.5348709557612
1242.3119999999763,623.4423656632673,617.5348709557612
1243.0469999999623,623.4469286742849,617.5348709557612
1243.780999999959,623.4389092806584,617.5348709557612
1244.530999999959,623.4373227072698,617.5348709557612
1245.280999999959,623.4393233483323,617.5348709557612
1246.030999999959,623.4495515238467,617.5348709557612
1246.780999999959,623.4388837563926,617.5348709557612
1247.5469999999623,623.4480131338065,617.5348709557612
1248.3119999999763,623.4399513920456,617.5348709557612
1249.0779999999795,623.4444052603048,617.5348709557612
1249.8119999999763,623.4335650610216,617.5348709557612
1250.5619999999763,623.439177844912,617.5348709557612
1251.3279999999795,623.4483099694673,617.5348709557612
1252.0779999999795,623.4357218923631,617.5348709557612
1252.8119999999763,623.4434322990376,617.5348709557612
1253.5619999999763,623.458094512858,617.5348709557612
1254.3279999999795,623.4465734156654,617.5348709557612
1255.0939999999828,623.4403857425108,617.5348709557612
1255.8439999999828,623.4433121490872,617.5348709557612
1256.5939999999828,623.4388892597368,617.5348709557612
1257.3589999999967,623.4434618217366,617.5348709557612
1258.1089999999967,623.4354325901534,617.5348709557612
1258.8899999999558,623.4402158163904,617.5348709557612
1259.655999999959,623.4393766253964,617.5348709557612
1260.3899999999558,623.4488319466288,617.5348709557612
1261.1399999999558,623.437954268597,617.5348709557612
1261.905999999959,623.4494408793953,617.5348709557612
1262.6719999999623,623.4412214176887,617.5348709557612
1263.4369999999763,623.4384000751572,617.5348709557612
1264.2189999999828,623.4375232733049,617.5348709557612
1264.9689999999828,623.4315678765098,617.5348709557612
1265.7189999999828,623.4530424726464,617.5348709557612
1266.4839999999967,623.4279073550744,617.5348709557612
1267.25,623.4456960048585,617.5348709557612
1268.0,623.4512187894196,617.5348709557612
1268.7649999999558,623.4751755334092,617.5348709557612
1269.5,623.4479206363239,617.5348709557612
1270.25,623.4363592212117,617.5348709557612
1271.0,623.4076045420328,617.5348709557612
1271.7339999999967,623.4138312213533,617.5348709557612
1272.4689999999828,623.3972726609976,617.5348709557612
1273.2189999999828,623.396558163303,617.5348709557612
1273.9839999999967,623.3906813308228,617.5348709557612
1274.7649999999558,623.3915201273645,617.5348709557612
1275.530999999959,623.3880340969237,617.5348709557612
1276.2969999999623,623.3927229177217,617.5348709557612
1277.0469999999623,623.3803436038709,617.5348709557612
1277.7969999999623,623.3767476806497,617.5348709557612
1278.5469999999623,623.3891256075113,617.5348709557612
1279.2969999999623,623.385440982537,617.5348709557612
1280.0619999999763,623.3836523285869,617.5348709557612
1280.8119999999763,623.3961439773735,617.5348709557612
1281.5619999999763,623.3974781167345,617.5348709557612
1282.2969999999623,623.3464729883442,617.5348709557612
1283.0469999999623,623.3480089686128,617.5348709557612
1283.7969999999623,623.3350791493741,617.5348709557612
1284.530999999959,623.3321059891002,617.5348709557612
1285.280999999959,623.3335644891696,617.5348709557612
1286.030999999959,623.3346926146518,617.5348709557612
1286.7969999999623,623.3347143277243,617.5348709557612
1287.5619999999763,623.3274500561952,617.5348709557612
1288.3279999999795,623.3241598730293,617.5348709557612
1289.0779999999795,623.3275952985133,617.5348709557612
1289.8439999999828,623.3460114749498,617.5348709557612
1290.6089999999967,623.3280361652774,617.5348709557612
1291.375,623.3313657099582,617.5348709557612
1292.125,623.324020820929,617.5348709557612
1292.8899999999558,623.3386405699359,617.5348709557612
1293.6719999999623,623.3339111366519,617.5348709557612
1294.4369999999763,623.3885051206333,617.5348709557612
1295.2029999999795,623.4269660098665,617.5348709557612
1295.9369999999763,623.4139553414916,617.5348709557612
1296.6869999999763,623.4038400841472,617.5348709557612
1297.4369999999763,623.4071127885616,617.5348709557612
1298.1869999999763,623.4020051321468,617.5348709557612
1298.9689999999828,623.4073460720751,617.5348709557612
1299.7189999999828,623.3896011367984,617.5348709557612
1300.4689999999828,623.3978606333118,617.5348709557612
1301.2339999999967,623.3843743917506,617.5348709557612
1301.9839999999967,623.3960149447444,617.5348709557612
1302.75,623.3896361110201,617.5348709557612
1303.6869999999763,623.3813958664168,617.5348709557612
1304.4369999999763,623.383104307721,617.5348709557612
1305.2029999999795,623.3860031222099,617.5348709557612
1305.9689999999828,623.3858305849268,617.5348709557612
1306.7339999999967,623.4095700071475,617.5348709557612
1307.4689999999828,623.3815476720713,617.5348709557612
1308.2339999999967,623.3618932801095,617.5348709557612
1309.0149999999558,623.3318840718555,617.5348709557612
1309.7649999999558,623.3330995007738,617.5348709557612
1310.5149999999558,623.3367356347242,617.5348709557612
1311.280999999959,623.3362236603215,617.5348709557612
1312.030999999959,623.331486654559,617.5348709557612
1312.780999999959,623.3290461230754,617.5348709557612
1313.5469999999623,623.340189711953,617.5348709557612
1314.3119999999763,623.3528778119161,617.5348709557612
1315.0779999999795,623.3622344616107,617.5348709557612
1315.8279999999795,623.3440606058057,617.5348709557612
1316.5939999999828,623.3463520138928,617.5348709557612
1317.3589999999967,623.3391018996984,617.5348709557612
1318.0939999999828,623.3303907709222,617.5348709557612
1318.8589999999967,623.3307336367407,617.5348709557612
1319.625,623.335457294391,617.5348709557612
1320.3899999999558,623.33458098928,617.5348709557612
1321.1719999999623,623.3417611833247,617.5348709557612
1321.9219999999623,623.345266219672,617.5348709557612
1322.655999999959,623.3283692153096,617.5348709557612
1323.4219999999623,623.3354085007554,617.5348709557612
1324.1719999999623,623.3507265199323,617.5348709557612
1324.9369999999763,623.3352768624078,617.5348709557612
1325.6869999999763,623.3424337035725,617.5348709557612
1326.4369999999763,623.3285097126017,617.5348709557612
1327.2189999999828,623.3401315021845,617.5348709557612
1327.9689999999828,623.3279156459025,617.5348709557612
1328.7339999999967,623.3319501735498,617.5348709557612
1329.5,623.3366798486361,617.5348709557612
1330.2339999999967,623.3303685486464,617.5348709557612
1330.9839999999967,623.3316552551769,617.5348709557612
1331.7189999999828,623.3388245432506,617.5348709557612
1332.4839999999967,623.3268241150092,617.5348709557612
1333.2339999999967,623.3394789449194,617.5348709557612
1333.9839999999967,623.3343750957845,617.5348709557612
1334.7339999999967,623.3236790769904,617.5348709557612
1335.5,623.3279150323494,617.5348709557612
1336.2649999999558,623.3260158452244,617.5348709557612
1337.0,623.3353463377157,617.5348709557612
1337.780999999959,623.3411369225009,617.5348709557612
1338.530999999959,623.328049353483,617.5348709557612
1339.280999999959,623.328530926353,617.5348709557612
1340.030999999959,623.3281537084147,617.5348709557612
1340.7649999999558,623.3307252539543,617.5348709557612
1341.5149999999558,623.3295420960436,617.5348709557612
1342.2649999999558,623.3316888365448,617.5348709557612
1343.0149999999558,623.3466156426814,617.5348709557612
1343.7649999999558,623.3404603271638,617.5348709557612
1344.530999999959,623.3274507501783,617.5348709557612
1345.2649999999558,623.334562062892,617.5348709557612
1346.0149999999558,623.3283665620393,617.5348709557612
1346.75,623.3352285531735,617.5348709557612
1347.5149999999558,623.3282633672071,617.5348709557612
1348.280999999959,623.3319929001697,617.5348709557612
1349.0469999999623,623.3337013276298,617.5348709557612
1349.7969999999623,623.3364488637407,617.5348709557612
1350.5619999999763,623.3362273423506,617.5348709557612
1351.3119999999763,623.3298293570696,617.5348709557612
1352.0779999999795,623.3315719524403,617.5348709557612
1352.8119999999763,623.3340810252998,617.5348709557612
1353.5939999999828,623.3281895769851,617.5348709557612
1354.3439999999828,623.3262687926879,617.5348709557612
1355.0939999999828,623.3363279807281,617.5348709557612
1355.8279999999795,623.3231780159972,617.5348709557612
1356.5939999999828,623.3229753147309,617.5348709557612
1357.3279999999795,623.3413793204176,617.5348709557612
1358.0619999999763,623.331745788964,617.5348709557612
1358.8119999999763,623.3242885590155,617.5348709557612
1359.5939999999828,623.3266645242347,617.5348709557612
1360.3439999999828,623.3213660922748,617.5348709557612
1361.0779999999795,623.3264608355834,617.5348709557612
1361.8119999999763,623.3361251762905,617.5348709557612
1362.5779999999795,623.3364640484268,617.5348709557612
1363.3439999999828,623.3367495760755,617.5348709557612
1364.1089999999967,623.3410987166714,617.5348709557612
1364.875,623.3298333085928,617.5348709557612
1365.6399999999558,623.3354163088799,617.5348709557612
1366.405999999959,623.3340992326705,617.5348709557612
1367.155999999959,623.3334218024346,617.5348709557612
1367.9219999999623,623.3249717991241,617.5348709557612
1368.6869999999763,623.3321142332456,617.5348709557612
1369.4529999999795,623.332470813238,617.5348709557612
1370.2339999999967,623.3279878709658,617.5348709557612
1370.9689999999828,623.3279778450905,617.5348709557612
1371.75,623.3332296617406,617.5348709557612
1372.5149999999558,623.3321474176097,617.5348709557612
1373.280999999959,623.3332625552086,617.5348709557612
1374.030999999959,623.3230910603941,617.5348709557612
1374.7649999999558,623.3308713654591,617.5348709557612
1375.6869999999763,623.3335011538153,617.5348709557612
1376.4529999999795,623.331493367834,617.5348709557612
1377.2189999999828,623.3278817639194,617.5348709557612
1377.9839999999967,623.3274748319191,617.5348709557612
1378.7649999999558,623.3201612515095,617.5348709557612
1379.530999999959,623.3347358115412,617.5348709557612
1380.2969999999623,623.3379462348555,617.5348709557612
1381.0619999999763,623.3251740637085,617.5348709557612
1381.8279999999795,623.3245337133452,617.5348709557612
1382.6089999999967,623.3365800159105,617.5348709557612
1383.375,623.3325015050802,617.5348709557612
1384.125,623.3304580508052,617.5348709557612
1384.875,623.3321947647302,617.5348709557612
1385.6399999999558,623.3323644410674,617.5348709557612
1386.405999999959,623.3227647381774,617.5348709557612
1387.1869999999763,623.3241774207661,617.5348709557612
1387.9219999999623,623.3248164952197,617.5348709557612
1388.6869999999763,623.3331389758732,617.5348709557612
1389.4529999999795,623.320818958889,617.5348709557612
1390.2189999999828,623.3296637572206,617.5348709557612
1390.9839999999967,623.3273594427985,617.5348709557612
1391.7339999999967,623.3337409582784,617.5348709557612
1392.4689999999828,623.3247681633501,617.5348709557612
1393.25,623.3355837890424,617.5348709557612
1394.0149999999558,623.3269318930014,617.5348709557612
1394.780999999959,623.3233889839303,617.5348709557612
1395.5469999999623,623.3333333510604,617.5348709557612
1396.3119999999763,623.3348271432498,617.5348709557612
1397.0939999999828,623.3315722001912,617.5348709557612
1397.8589999999967,623.3353045080618,617.5348709557612
1398.625,623.3173470973309,617.5348709557612
1399.3899999999558,623.3347451475694,617.5348709557612
1400.125,623.3292302919623,617.5348709557612
1400.8899999999558,623.3275268628661,617.5348709557612
1401.6399999999558,623.3214448071869,617.5348709557612
1402.375,623.324745470903,617.5348709557612
1403.125,623.3296699515179,617.5348709557612
1403.8899999999558,623.3239578563063,617.5348709557612
1404.655999999959,623.3372762519671,617.5348709557612
1405.4219999999623,623.3300453578056,617.5348709557612
1406.1869999999763,623.3367209871742,617.5348709557612
1406.9529999999795,623.3331121057112,617.5348709557612
1407.7029999999795,623.3301124092018,617.5348709557612
1408.4839999999967,623.3257783205044,617.5348709557612
1409.2189999999828,623.3283661186845,617.5348709557612
1409.9529999999795,623.327738021991,617.5348709557612
1410.7189999999828,623.3301353286001,617.5348709557612
1411.6719999999623,623.3296678790647,617.5348709557612
1412.4219999999623,623.3202560824955,617.5348709557612
1413.2029999999795,623.3301509109783,617.5348709557612
1413.9689999999828,623.3267171742999,617.5348709557612
1414.7339999999967,623.3311237800632,617.5348709557612
1415.4689999999828,623.31778085169,617.5348709557612
1416.2189999999828,623.3252304807055,617.5348709557612
1417.0,623.3358353900221,617.5348709557612
1417.7649999999558,623.3357786783918,617.5348709557612
1418.530999999959,623.3230975142741,617.5348709557612
1419.2969999999623,623.3237544555841,617.5348709557612
1420.0619999999763,623.3193488654805,617.5348709557612
1420.7969999999623,623.3317470532186,617.5348709557612
1421.5619999999763,623.3291134137902,617.5348709557612
1422.3439999999828,623.31865362818,617.5348709557612
1423.1089999999967,623.3310302287872,617.5348709557612
1423.8589999999967,623.3242010031774,617.5348709557612
1424.5939999999828,623.3262664692979,617.5348709557612
1425.375,623.3211465295956,617.5348709557612
1426.1399999999558,623.3296526263842,617.5348709557612
1426.905999999959,623.3273951812674,617.5348709557612
1427.655999999959,623.3225305498827,617.5348709557612
1428.4219999999623,623.329328420503,617.5348709557612
1429.1869999999763,623.3192915996808,617.5348709557612
1429.9369999999763,623.3295866020925,617.5348709557612
1430.7029999999795,623.328717432307,617.5348709557612
1431.4529999999795,623.3276436140455,617.5348709557612
1432.2339999999967,623.3193702737152,617.5348709557612
1432.9689999999828,623.3177691464383,617.5348709557612
1433.7189999999828,623.321025527836,617.5348709557612
1434.4839999999967,623.3220228031487,617.5348709557612
1435.2339999999967,623.3266324904888,617.5348709557612
1436.0,623.3270306928927,617.5348709557612
1436.75,623.3217079035736,617.5348709557612
1437.5,623.3327980702351,617.5348709557612
1438.2649999999558,623.3309438788457,617.5348709557612
1439.0,623.3284986212401,617.5348709557612
1439.75,623.3278883326133,617.5348709557612
1440.4839999999967,623.3291283136483,617.5348709557612
1441.2339999999967,623.3236454224477,617.5348709557612
1442.0,623.3259912340444,617.5348709557612
1442.7339999999967,623.3240799679039,617.5348709557612
1443.4839999999967,623.3301063980703,617.5348709557612
1444.25,623.3270934945191,617.5348709557612
1445.030999999959,623.333741903187,617.5348709557612
1445.780999999959,623.3313990218164,617.5348709557612
1446.5469999999623,623.3293654671027,617.5348709557612
1447.3119999999763,623.3349786697316,617.5348709557612
1448.0469999999623,623.3246441897145,617.5348709557612
1448.8119999999763,623.3317803019111,617.5348709557612
1449.5619999999763,623.3242535273445,617.5348709557612
1450.3119999999763,623.3228657590186,617.5348709557612
1451.0939999999828,623.3208728028001,617.5348709557612
1451.8589999999967,623.3292740713946,617.5348709557612
1452.625,623.3126375940677,617.5348709557612
1453.3899999999558,623.3303728523729,617.5348709557612
1454.155999999959,623.3254550205074,617.5348709557612
1454.8899999999558,623.3316350067815,617.5348709557612
1455.6399999999558,623.3284250085499,617.5348709557612
1456.375,623.3323841086238,617.5348709557612
1457.125,623.3242918376444,617.5348709557612
1457.875,623.3203025077585,617.5348709557612
1458.6089999999967,623.3256623770218,617.5348709557612
1459.375,623.3269983569205,617.5348709557612
1460.1399999999558,623.3245619870756,617.5348709557612
1460.905999999959,623.3176731720112,617.5348709557612
1461.6719999999623,623.3278613185922,617.5348709557612
1462.4529999999795,623.3273227307653,617.5348709557612
1463.2189999999828,623.3211698081291,617.5348709557612
1463.9839999999967,623.3183002315146,617.5348709557612
1464.75,623.3226909772444,617.5348709557612
1465.5,623.3213837528468,617.5348709557612
1466.2649999999558,623.3194368297665,617.5348709557612
1467.030999999959,623.3306399080697,617.5348709557612
1467.8119999999763,623.3191640277604,617.5348709557612
1468.5779999999795,623.3200687638493,617.5348709557612
1469.3439999999828,623.3333661027664,617.5348709557612
1470.1089999999967,623.3195794114039,617.5348709557612
1470.8899999999558,623.3255102940244,617.5348709557612
1471.7029999999795,623.3242798655508,617.5348709557612
1472.4689999999828,623.3273793205407,617.5348709557612
1473.2339999999967,623.3206459858756,617.5348709557612
1473.9839999999967,623.3331917121861,617.5348709557612
1474.7339999999967,623.3225610437198,617.5348709557612
1475.5149999999558,623.3243644025475,617.5348709557612
1476.280999999959,623.3417731841299,617.5348709557612
1477.0619999999763,623.3571502946556,617.5348709557612
1477.7969999999623,623.3633229674847,617.5348709557612
1478.5779999999795,623.3602986192236,617.5348709557612
1479.3439999999828,623.3841391291563,617.5348709557612
1480.0939999999828,623.3997423269765,617.5348709557612
1480.8439999999828,623.4061364571133,617.5348709557612
1481.5939999999828,623.4137298478167,617.5348709557612
1482.3279999999795,623.4107417177071,617.5348709557612
1483.0619999999763,623.4264019507195,617.5348709557612
1483.8119999999763,623.4237919009948,617.5348709557612
1484.5939999999828,623.4447240116576,617.5348709557612
1485.3439999999828,623.4428219002244,617.5348709557612
1486.1089999999967,623.4445148810063,617.5348709557612
1486.875,623.4460407290372,617.5348709557612
1487.6399999999558,623.4551698300029,617.5348709557612
1488.4219999999623,623.4803246286507,617.5348709557612
1489.1719999999623,623.4909810986325,617.5348709557612
1489.9369999999763,623.495744863677,617.5348709557612
1490.7189999999828,623.4952617864792,617.5348709557612
1491.4689999999828,623.4910169956815,617.5348709557612
1492.2339999999967,623.481117401565,617.5348709557612
1492.9839999999967,623.4720534121717,617.5348709557612
1493.7189999999828,623.4817840429463,617.5348709557612
1494.4689999999828,623.4716217194405,617.5348709557612
1495.25,623.4742564025354,617.5348709557612
1495.9839999999967,623.4738766865411,617.5348709557612
1496.7339999999967,623.4719422716202,617.5348709557612
1497.5,623.4611272581534,617.5348709557612
1498.25,623.4698437241368,617.5348709557612
1499.030999999959,623.463565300424,617.5348709557612
1499.7969999999623,623.4683275995085,617.5348709557612
1500.530999999959,623.4731024636,617.5348709557612
1501.2969999999623,623.4652702763315,617.5348709557612
1502.0779999999795,623.466309207087,617.5348709557612
1502.8439999999828,623.5064533939026,617.5348709557612
1503.6089999999967,623.4429636680156,617.5348709557612
1504.375,623.4210119173506,617.5348709557612
1505.125,623.396260558955,617.5348709557612
1505.8899999999558,623.3970591415367,617.5348709557612
1506.655999999959,623.3961073743918,617.5348709557612
1507.4529999999795,623.3898574515279,617.5348709557612
1508.2339999999967,623.3952414902353,617.5348709557612
1508.9839999999967,623.3836676088608,617.5348709557612
1509.75,623.3826085331877,617.5348709557612
1510.5149999999558,623.3754353200628,617.5348709557612
1511.280999999959,623.3807749727115,617.5348709557612
1512.0469999999623,623.3844626559383,617.5348709557612
1512.7969999999623,623.3754198614497,617.5348709557612
1513.5779999999795,623.3701369540665,617.5348709557612
1514.3279999999795,623.3639379753452,617.5348709557612
1515.0939999999828,623.3878376248134,617.5348709557612
1515.8439999999828,623.3865970592627,617.5348709557612
1516.5779999999795,623.3316662504405,617.5348709557612
1517.3119999999763,623.3304334533358,617.5348709557612
1518.0469999999623,623.3312014992971,617.5348709557612
1518.8119999999763,623.3361811629348,617.5348709557612
1519.6719999999623,623.3276951620977,617.5348709557612
1520.405999999959,623.33625441912,617.5348709557612
1521.155999999959,623.332958530876,617.5348709557612
1521.9219999999623,623.3298010669664,617.5348709557612
1522.6869999999763,623.3382040869105,617.5348709557612
1523.4529999999795,623.3202563680344,617.5348709557612
1524.1869999999763,623.327220070337,617.5348709557612
1524.9529999999795,623.3188208987588,617.5348709557612
1525.7189999999828,623.3284681742701,617.5348709557612
1526.4529999999795,623.3287872572013,617.5348709557612
1527.2339999999967,623.3181441321577,617.5348709557612
1527.9839999999967,623.3305150918598,617.5348709557612
1528.75,623.3924643811346,617.5348709557612
1529.5149999999558,623.410981348344,617.5348709557612
1530.25,623.4098537160739,617.5348709557612
1530.9839999999967,623.3989197548642,617.5348709557612
1531.7339999999967,623.3919750488968,617.5348709557612
1532.4839999999967,623.3906420164428,617.5348709557612
1533.2339999999967,623.3832926578491,617.5348709557612
1534.0,623.3793151561665,617.5348709557612
1534.7649999999558,623.383314004773,617.5348709557612
1535.5149999999558,623.3829929152337,617.5348709557612
1536.280999999959,623.3792224575525,617.5348709557612
1537.030999999959,623.3842974798082,617.5348709557612
1537.7969999999623,623.3769221884047,617.5348709557612
1538.5779999999795,623.386430825539,617.5348709557612
1539.3439999999828,623.3804835606863,617.5348709557612
1540.1089999999967,623.3759845336895,617.5348709557612
1540.8589999999967,623.3950525238223,617.5348709557612
1541.625,623.362556846196,617.5348709557612
1542.405999999959,623.347379961365,617.5348709557612
1543.1719999999623,623.3355062686107,617.5348709557612
1543.9219999999623,623.3191953803391,617.5348709557612
1544.6869999999763,623.3418871778152,617.5348709557612
1545.4529999999795,623.3267567726228,617.5348709557612
1546.2339999999967,623.3342423570169,617.5348709557612
1547.0,623.3323877624861,617.5348709557612
1547.7649999999558,623.3404334852696,617.5348709557612
1548.5,623.34710894535,617.5348709557612
1549.25,623.3565920336117,617.5348709557612
1550.0149999999558,623.3539591142702,617.5348709557612
1550.7969999999623,623.3437340524729,617.5348709557612
1551.530999999959,623.3427124841155,617.5348709557612
1552.2969999999623,623.3406392235835,617.5348709557612
1553.0779999999795,623.3306620059393,617.5348709557612
1553.8119999999763,623.3411751217144,617.5348709557612
1554.5469999999623,623.3353955546728,617.5348709557612
1555.2969999999623,623.33654865156,617.5348709557612
1556.0469999999623,623.3401595080094,617.5348709557612
1556.8119999999763,623.3321078074877,617.5348709557612
1557.5779999999795,623.3280985348532,617.5348709557612
1558.3119999999763,623.3379000117174,617.5348709557612
1559.0619999999763,623.3312069690286,617.5348709557612
1559.7969999999623,623.3260538141805,617.5348709557612
1560.5619999999763,623.3356583968184,617.5348709557612
1561.3119999999763,623.342779809822,617.5348709557612
1562.0939999999828,623.3579190053676,617.5348709557612
1562.8589999999967,623.3774649922275,617.5348709557612
1563.6399999999558,623.4013779384003,617.5348709557612
1564.3899999999558,623.410902354415,617.5348709557612
1565.155999999959,623.4136683185628,617.5348709557612
1565.905999999959,623.4200547180208,617.5348709557612
1566.6399999999558,623.442970031438,617.5348709557612
1567.405999999959,623.4486803073462,617.5348709557612
1568.1719999999623,623.4447149130466,617.5348709557612
1568.9219999999623,623.441924354028,617.5348709557612
1569.655999999959,623.4676815948152,617.5348709557612
1570.405999999959,623.4669330700897,617.5348709557612
1571.1399999999558,623.4792341806046,617.5348709557612
1571.8899999999558,623.4780356436594,617.5348709557612
1572.6399999999558,623.478442308688,617.5348709557612
1573.405999999959,623.4879930932234,617.5348709557612
1574.1869999999763,623.4907880694719,617.5348709557612
1574.9369999999763,623.4854828327119,617.5348709557612
1575.7029999999795,623.5016472047508,617.5348709557612
1576.4689999999828,623.5140728623146,617.5348709557612
1577.2189999999828,623.506563913008,617.5348709557612
1577.9689999999828,623.5030219973498,617.5348709557612
1578.7189999999828,623.5191660792493,617.5348709557612
1579.6399999999558,623.522601417411,617.5348709557612
1580.3899999999558,623.5201504523553,617.5348709557612
1581.155999999959,623.5277308391076,617.5348709557612
1581.905999999959,623.5318704911805,617.5348709557612
1582.655999999959,623.5372090193066,617.5348709557612
1583.405999999959,623.5409622951466,617.5348709557612
1584.155999999959,623.5342694510673,617.5348709557612
1584.9219999999623,623.5385784669636,617.5348709557612
1585.6719999999623,623.5385239331625,617.5348709557612
1586.4219999999623,623.54679861561,617.5348709557612
1587.1719999999623,623.5586484930602,617.5348709557612
1587.905999999959,623.5387621024564,617.5348709557612
1588.6719999999623,623.552313203443,617.5348709557612
1589.4369999999763,623.5569679414441,617.5348709557612
1590.1869999999763,623.5625300465961,617.5348709557612
1590.9219999999623,622.0638028971233,617.5348709557612
1591.6869999999763,623.5559269794145,617.5348709557612
1592.4529999999795,623.5572877749037,617.5348709557612
1593.2189999999828,623.5638254131412,617.5348709557612
1593.9529999999795,623.5606993021792,617.5348709557612
1594.7189999999828,623.5584965070087,617.5348709557612
1595.4529999999795,623.5753952650119,617.5348709557612
1596.2029999999795,623.5742906251227,617.5348709557612
1596.9369999999763,623.5628333839244,617.5348709557612
1597.6869999999763,623.5670884074716,617.5348709557612
1598.4219999999623,623.572570486305,617.5348709557612
1599.2029999999795,623.5776309270607,617.5348709557612
1599.9689999999828,623.5735225090123,617.5348709557612
1600.7339999999967,623.5761324350989,617.5348709557612
1601.4689999999828,623.567993131843,617.5348709557612
1602.2029999999795,623.5856809187217,617.5348709557612
1602.9529999999795,623.5795903831397,617.5348709557612
1603.7189999999828,623.5801775641758,617.5348709557612
1604.4529999999795,623.5820298284236,617.5348709557612
1605.2029999999795,623.5952187544707,617.5348709557612
1605.9529999999795,623.5831673695543,617.5348709557612
1606.7029999999795,623.5868899276826,617.5348709557612
1607.4369999999763,623.5903124550389,617.5348709557612
1608.2189999999828,623.5855393803536,617.5348709557612
1608.9689999999828,623.5831057700085,617.5348709557612
1609.7189999999828,623.597726753442,617.5348709557612
1610.4529999999795,623.5961241088588,617.5348709557612
1611.2029999999795,623.589319675614,617.5348709557612
1611.9529999999795,623.5919168868819,617.5348709557612
1612.7029999999795,623.5965116244201,617.5348709557612
1613.4839999999967,623.5899269555724,617.5348709557612
1614.25,623.6051279119743,617.5348709557612
1615.0149999999558,623.5963453271548,617.5348709557612
1615.75,623.5996946485309,617.5348709557612
1616.530999999959,623.5946764472736,617.5348709557612
1617.2969999999623,623.6042309436434,617.5348709557612
1618.0619999999763,623.6126102212033,617.5348709557612
1618.8119999999763,623.6130897408513,617.5348709557612
1619.5619999999763,623.602318872988,617.5348709557612
1620.2969999999623,623.6059481127629,617.5348709557612
1621.0619999999763,623.6066786315237,617.5348709557612
1621.8279999999795,623.607432433871,617.5348709557612
1622.5779999999795,623.6026174473784,617.5348709557612
1623.3439999999828,623.6123819033985,617.5348709557612
1624.1089999999967,623.6103988927645,617.5348709557612
1624.8439999999828,623.6107353892687,617.5348709557612
1625.5939999999828,623.6103774766199,617.5348709557612
1626.3279999999795,623.6048040160372,617.5348709557612
1627.0779999999795,623.6038469663742,617.5348709557612
1627.8119999999763,623.6113604027615,617.5348709557612
1628.5779999999795,623.613442006323,617.5348709557612
1629.3439999999828,623.6324765462839,617.5348709557612
1630.125,623.633480323086,617.5348709557612
1630.875,623.6311442914861,617.5348709557612
1631.6399999999558,623.6244874594345,617.5348709557612
1632.375,623.6213553339303,617.5348709557612
1633.125,623.6132715480956,617.5348709557612
1633.8899999999558,623.6091106020081,617.5348709557612
1634.655999999959,623.6127983847448,617.5348709557612
1635.4219999999623,623.6189763031088,617.5348709557612
1636.2029999999795,623.6029344185164,617.5348709557612
1636.9529999999795,623.6039470014624,617.5348709557612
1637.6869999999763,623.6010842038843,617.5348709557612
1638.4219999999623,623.6170738353057,617.5348709557612
1639.1719999999623,623.6018314989644,617.5348709557612
1639.9369999999763,623.6058956561059,617.5348709557612
1640.7029999999795,623.6012367037501,617.5348709557612
1641.4369999999763,623.5996500513875,617.5348709557612
1642.1869999999763,623.6019624531777,617.5348709557612
1642.9529999999795,623.610556405613,617.5348709557612
1643.7339999999967,623.6006626462091,617.5348709557612
1644.4839999999967,623.6011339417275,617.5348709557612
1645.2339999999967,623.599631871235,617.5348709557612
1645.9839999999967,623.603782779345,617.5348709557612
1646.7189999999828,623.5920970260022,617.5348709557612
1647.4529999999795,623.5995448117046,617.5348709557612
1648.2029999999795,623.5986788590989,617.5348709557612
1648.9529999999795,623.6079089609219,617.5348709557612
1649.6869999999763,623.601819324528,617.5348709557612
1650.4529999999795,623.5962983809761,617.5348709557612
1651.2189999999828,623.5977348010017,617.5348709557612
1651.9839999999967,623.5968971699356,617.5348709557612
1652.75,623.5960195575996,617.5348709557612
1653.4839999999967,623.6019567444779,617.5348709557612
1654.2649999999558,623.589969021911,617.5348709557612
1655.030999999959,623.5972045270755,617.5348709557612
1655.7649999999558,623.600562022277,617.5348709557612
1656.5149999999558,623.6092093291913,617.5348709557612
1657.25,623.595047407761,617.5348709557612
1657.9839999999967,623.5909775906334,617.5348709557612
1658.75,623.6034861573934,617.5348709557612
1659.4839999999967,623.5931802632958,617.5348709557612
1660.2339999999967,623.597354056231,617.5348709557612
1660.9839999999967,623.5904090961844,617.5348709557612
1661.7189999999828,623.6000115142745,617.5348709557612
1662.4689999999828,623.5996421095215,617.5348709557612
1663.2189999999828,623.5930239070465,617.5348709557612
1663.9689999999828,623.595663067284,617.5348709557612
1664.7029999999795,623.5938401994572,617.5348709557612
1665.4529999999795,623.6020668900127,617.5348709557612
1666.1869999999763,623.5971854655272,617.5348709557612
1666.9369999999763,623.5950131460208,617.5348709557612
1667.6869999999763,623.5878006958004,617.5348709557612
1668.4219999999623,623.5980140131151,617.5348709557612
1669.1719999999623,623.5990121142459,617.5348709557612
1669.9369999999763,623.5916442489348,617.5348709557612
1670.7029999999795,623.5953072118273,617.5348709557612
1671.4689999999828,623.5922708054978,617.5348709557612
1672.2339999999967,623.5913600809914,617.5348709557612
1673.0,623.5987301056487,617.5348709557612
1673.75,623.5862931615245,617.5348709557612
1674.5,623.5931021896195,617.5348709557612
1675.25,623.5889396857389,617.5348709557612
1675.9839999999967,623.5918618130726,617.5348709557612
1676.7339999999967,623.5874713103564,617.5348709557612
1677.4839999999967,623.5889691367339,617.5348709557612
1678.2339999999967,623.586107590571,617.5348709557612
1678.9689999999828,623.5882117272735,617.5348709557612
1679.75,623.5908476007505,617.5348709557612
1680.4839999999967,623.5955056248883,617.5348709557612
1681.2189999999828,623.5843530229527,617.5348709557612
1681.9689999999828,623.5933963306908,617.5348709557612
1682.7029999999795,623.5934596847684,617.5348709557612
1683.4529999999795,623.5885779839552,617.5348709557612
1684.2029999999795,623.5847122511664,617.5348709557612
1684.9369999999763,623.5931525836187,617.5348709557612
1685.7029999999795,623.5911425487067,617.5348709557612
1686.4689999999828,623.5906782322019,617.5348709557612
1687.2189999999828,623.5915622840583,617.5348709557612
1687.9839999999967,623.5856515751219,617.5348709557612
1688.7189999999828,623.5901636678319,617.5348709557612
1689.5,623.5828090421211,617.5348709557612
1690.2649999999558,623.5944052162189,617.5348709557612
1691.030999999959,623.5955205513976,617.5348709557612
1691.7969999999623,623.5991854139036,617.5348709557612
1692.5469999999623,623.4528178381005,617.5348709557612
1693.280999999959,623.427211400231,617.5348709557612
1694.0619999999763,623.4044829393197,617.5348709557612
1694.8119999999763,623.3920210994387,617.5348709557612
1695.5469999999623,623.3922505357202,617.5348709557612
1696.3119999999763,623.3819311584584,617.5348709557612
1697.0939999999828,623.3889998126127,617.5348709557612
1697.8589999999967,623.3938915562028,617.5348709557612
1698.6089999999967,623.3719149120185,617.5348709557612
1699.3589999999967,623.3775213621326,617.5348709557612
1700.125,623.3802536380944,617.5348709557612
1700.875,623.3777410531073,617.5348709557612
1701.6089999999967,623.3672809315136,617.5348709557612
1702.3439999999828,623.3701709752033,617.5348709557612
1703.0939999999828,623.3721837452778,617.5348709557612
1703.8589999999967,623.3892045633356,617.5348709557612
1704.625,623.3807354722586,617.5348709557612
1705.3899999999558,623.3500292881208,617.5348709557612
1706.155999999959,623.3303772696137,617.5348709557612
1706.9219999999623,623.3372779616219,617.5348709557612
1707.655999999959,623.3312681143827,617.5348709557612
1708.405999999959,623.3252135573335,617.5348709557612
1709.1399999999558,623.329764126789,617.5348709557612
1709.8899999999558,623.333757872396,617.5348709557612
1710.655999999959,623.3372043371452,617.5348709557612
1711.405999999959,623.3265819402818,617.5348709557612
1712.1869999999763,623.3331355112779,617.5348709557612
1712.9369999999763,623.3273534736333,617.5348709557612
1713.6719999999623,623.3261402107003,617.5348709557612
1714.4369999999763,623.3208265866667,617.5348709557612
1715.2189999999828,623.3323876424402,617.5348709557612
1715.9839999999967,623.3225528034261,617.5348709557612
1716.75,623.3383543528453,617.5348709557612
1717.5149999999558,623.4072284945588,617.5348709557612
1718.2649999999558,623.408614272271,617.5348709557612
1719.030999999959,623.4110296944651,617.5348709557612
1719.7969999999623,623.4078157186337,617.5348709557612
1720.5619999999763,623.3906517286962,617.5348709557612
1721.3279999999795,623.3801310295057,617.5348709557612
1722.0939999999828,623.3820991977017,617.5348709557612
1722.8439999999828,623.3847691430582,617.5348709557612
1723.7189999999828,623.3862868310841,617.5348709557612
1724.4529999999795,623.3854974530249,617.5348709557612
1725.2029999999795,623.3789930205054,617.5348709557612
1725.9529999999795,623.3744937023314,617.5348709557612
1726.7029999999795,623.3819475118711,617.5348709557612
1727.4689999999828,623.3860470427098,617.5348709557612
1728.2339999999967,623.382988987775,617.5348709557612
1729.0,623.3779136516923,617.5348709557612
1729.75,623.4008840866957,617.5348709557612
1730.4839999999967,623.3635204982191,617.5348709557612
1731.25,623.3521551460199,617.5348709557612
1732.0149999999558,623.3418644560825,617.5348709557612
1732.780999999959,623.3440763138049,617.5348709557612
1733.5469999999623,623.3328047575096,617.5348709557612
1734.280999999959,623.3361544599677,617.5348709557612
1735.0469999999623,623.3268178460369,617.5348709557612
1735.7969999999623,623.3331961942114,617.5348709557612
1736.5469999999623,623.358716329057,617.5348709557612
1737.2969999999623,623.3596511121336,617.5348709557612
1738.0619999999763,623.3524122082142,617.5348709557612
1738.8119999999763,623.3510750612614,617.5348709557612
1739.5779999999795,623.344690201709,617.5348709557612
1740.3439999999828,623.3345281818354,617.5348709557612
1741.0779999999795,623.3339199044683,617.5348709557612
1741.8119999999763,623.3355673825064,617.5348709557612
1742.5779999999795,623.3329490418457,617.5348709557612
1743.3279999999795,623.3342521219237,617.5348709557612
1744.0939999999828,623.334660189731,617.5348709557612
1744.8589999999967,623.3301012519634,617.5348709557612
1745.6089999999967,623.338395367771,617.5348709557612
1746.375,623.3331776940648,617.5348709557612
1747.1719999999623,623.3421513218225,617.5348709557612
1747.9219999999623,623.3393054851822,617.5348709557612
1748.655999999959,623.336583372299,617.5348709557612
1749.405999999959,623.3408658538646,617.5348709557612
1750.155999999959,623.3504285613648,617.5348709557612
1750.9219999999623,623.3725963540103,617.5348709557612
1751.6869999999763,623.3949386171756,617.5348709557612
1752.4529999999795,623.4039152885362,617.5348709557612
1753.2339999999967,623.4167904791622,617.5348709557612
1754.0,623.4284824225638,617.5348709557612
1754.7339999999967,623.4302536690446,617.5348709557612
1755.4839999999967,623.4442669725223,617.5348709557612
1756.2339999999967,623.4559433672761,617.5348709557612
1757.0,623.4608872307072,617.5348709557612
1757.7649999999558,623.4633385536965,617.5348709557612
1758.530999999959,623.4727852980603,617.5348709557612
1759.2649999999558,623.4768603848971,617.5348709557612
1760.030999999959,623.4742549764995,617.5348709557612
1760.8119999999763,623.4814366305322,617.5348709557612
1761.5619999999763,623.4859467882312,617.5348709557612
1762.2969999999623,623.500037035653,617.5348709557612
1763.0469999999623,623.4901295613507,617.5348709557612
1763.7969999999623,623.5043288193772,617.5348709557612
1764.530999999959,623.5035033069594,617.5348709557612
1765.280999999959,623.5095037259177,617.5348709557612
1766.030999999959,623.5117602082877,617.5348709557612
1766.7649999999558,623.5089878550862,617.5348709557612
1767.530999999959,623.5222776727022,617.5348709557612
1768.280999999959,623.5327093940828,617.5348709557612
1769.0469999999623,623.5220246735566,617.5348709557612
1769.7969999999623,623.5320282156147,617.5348709557612
1770.530999999959,623.5368317190354,617.5348709557612
1771.280999999959,623.518359207147,617.5348709557612
1772.0149999999558,623.5401013580185,617.5348709557612
1772.7649999999558,623.5474210489913,617.5348709557612
1773.5149999999558,623.5480575401764,617.5348709557612
1774.25,623.5452686971586,617.5348709557612
1775.0149999999558,623.549361165115,617.5348709557612
1775.75,623.5427054133957,617.5348709557612
1776.5149999999558,623.5500150499184,617.5348709557612
1777.280999999959,623.5527748103244,617.5348709557612
1778.0469999999623,623.5536367037046,617.5348709557612
1778.780999999959,623.5648670143253,617.5348709557612
1779.5469999999623,623.5664227953093,617.5348709557612
1780.280999999959,623.5548155255403,617.5348709557612
1781.0469999999623,623.5551613710622,617.5348709557612
1781.8119999999763,623.5602938925327,617.5348709557612
1782.5469999999623,623.5687032353603,617.5348709557612
1783.2969999999623,623.5563586008537,617.5348709557612
1784.0469999999623,623.5775779625388,617.5348709557612
1784.8119999999763,623.5703418171869,617.5348709557612
1785.5619999999763,623.5721664942533,617.5348709557612
1786.2969999999623,623.5792584797135,617.5348709557612
1787.0779999999795,623.5701748309685,617.5348709557612
1787.8119999999763,623.5750063670476,617.5348709557612
1788.5619999999763,623.5776050631391,617.5348709557612
1789.3279999999795,623.5752035070309,617.5348709557612
1790.0779999999795,623.580235118466,617.5348709557612
1790.8119999999763,623.5859841180725,617.5348709557612
1791.5619999999763,623.583288177282,617.5348709557612
1792.3439999999828,623.5945986021925,617.5348709557612
1793.1089999999967,623.5829403396843,617.5348709557612
1793.8439999999828,623.5896269081348,617.5348709557612
1794.6089999999967,623.5869629259172,617.5348709557612
1795.3439999999828,623.5823289613801,617.5348709557612
1796.0939999999828,623.5951549950751,617.5348709557612
1796.8589999999967,623.5923805507703,617.5348709557612
1797.6399999999558,623.5875932642649,617.5348709557612
1798.405999999959,623.5981746808203,617.5348709557612
1799.1399999999558,623.5921738831723,617.5348709557612
1799.9219999999623,623.6035980111983,617.5348709557612
1800.6719999999623,623.5941639561586,617.5348709557612
1801.4219999999623,623.5936441122461,617.5348709557612
1802.1869999999763,623.5956399607495,617.5348709557612
1802.9529999999795,623.6058446134351,617.5348709557612
1803.7189999999828,623.5970007971068,617.5348709557612
1804.4529999999795,623.5970857495465,617.5348709557612
1805.2339999999967,623.6008361726632,617.5348709557612
1806.0,623.6055228491961,617.5348709557612
1806.7649999999558,623.6008027062172,617.5348709557612
1807.655999999959,623.6041810312594,617.5348709557612
1808.4369999999763,623.6016045556016,617.5348709557612
1809.2029999999795,623.5999635993744,617.5348709557612
1809.9529999999795,623.6047361826695,617.5348709557612
1810.7189999999828,623.612833362439,617.5348709557612
1811.4529999999795,623.61032366873,617.5348709557612
1812.2189999999828,623.6073619192922,617.5348709557612
1812.9529999999795,623.6109345512572,617.5348709557612
1813.7339999999967,623.6041677600375,617.5348709557612
1814.4839999999967,623.6072126838276,617.5348709557612
1815.2339999999967,623.6170239106914,617.5348709557612
1816.0,623.6171421313439,617.5348709557612
1816.75,623.6050031450494,617.5348709557612
1817.530999999959,623.6210553812147,617.5348709557612
1818.2969999999623,623.6357929978433,617.5348709557612
1819.0619999999763,623.6360828462151,617.5348709557612
1819.8279999999795,623.6444591691865,617.5348709557612
1820.5939999999828,623.6243276496986,617.5348709557612
1821.3589999999967,623.6106222995683,617.5348709557612
1822.0939999999828,623.6090214989039,617.5348709557612
1822.8439999999828,623.6099256480219,617.5348709557612
1823.5939999999828,623.6161786239899,617.5348709557612
1824.3439999999828,623.6073942786353,617.5348709557612
1825.1089999999967,623.5954786961935,617.5348709557612
1825.8589999999967,623.6065624814485,617.5348709557612
1826.5939999999828,623.6104458541765,617.5348709557612
1827.3439999999828,623.6031157699296,617.5348709557612
1828.0779999999795,623.5991783703043,617.5348709557612
1828.8279999999795,623.6008316511878,617.5348709557612
1829.5619999999763,623.5997455919846,617.5348709557612
1830.3119999999763,623.6118115294678,617.5348709557612
1831.0619999999763,623.596748331219,617.5348709557612
1831.8279999999795,623.6123852488892,617.5348709557612
1832.5619999999763,623.6006681126593,617.5348709557612
1833.3119999999763,623.6100790099325,617.5348709557612
1834.0469999999623,623.5987066438554,617.5348709557612
1834.7969999999623,623.5956201423028,617.5348709557612
1835.5619999999763,623.603204366867,617.5348709557612
1836.3119999999763,623.6048148811165,617.5348709557612
1837.0469999999623,623.5980574885837,617.5348709557612
1837.8279999999795,623.5944948274343,617.5348709557612
1838.5619999999763,623.5947990121032,617.5348709557612
1839.3279999999795,623.6007696168988,617.5348709557612
1840.0939999999828,623.6064987906977,617.5348709557612
1840.8279999999795,623.6048869065812,617.5348709557612
1841.5779999999795,623.5838255736135,617.5348709557612
1842.3439999999828,623.6055487206687,617.5348709557612
1843.0939999999828,623.6035993453386,617.5348709557612
1843.8439999999828,623.5942720063276,617.5348709557612
1844.5779999999795,623.5973079890618,617.5348709557612
1845.3279999999795,623.5951329410705,617.5348709557612
1846.0939999999828,623.6016309816619,617.5348709557612
1846.8439999999828,623.593186860462,617.5348709557612
1847.5939999999828,623.5957203848739,617.5348709557612
1848.3439999999828,623.5995912625659,617.5348709557612
1849.0939999999828,623.5925750437856,617.5348709557612
1849.8439999999828,623.5947077000949,617.5348709557612
1850.5939999999828,623.597128913271,617.5348709557612
1851.3589999999967,623.5976016313011,617.5348709557612
1852.1089999999967,623.6104023608784,617.5348709557612
1852.875,623.5992422774044,617.5348709557612
1853.6399999999558,623.5896253301175,617.5348709557612
1854.405999999959,623.5999010682427,617.5348709557612
1855.1719999999623,623.5896885766551,617.5348709557612
1855.9219999999623,623.6008186056927,617.5348709557612
1856.6719999999623,623.5857942783807,617.5348709557612
1857.4219999999623,623.5974099949491,617.5348709557612
1858.2189999999828,623.5919024899334,617.5348709557612
1858.9689999999828,623.600027797057,617.5348709557612
1859.7189999999828,623.5965516967306,617.5348709557612
1860.4839999999967,623.5893822156108,617.5348709557612
1861.25,623.5980951297577,617.5348709557612
1861.9839999999967,623.5979030212889,617.5348709557612
1862.7339999999967,623.6012854404036,617.5348709557612
1863.4839999999967,623.5941597157439,617.5348709557612
1864.2339999999967,623.5953574845539,617.5348709557612
1864.9839999999967,623.5887352495808,617.5348709557612
1865.7339999999967,623.601813864574,617.5348709557612
1866.4839999999967,623.6025870852352,617.5348709557612
1867.2649999999558,623.5930366543993,617.5348709557612
1868.0,623.5967635231247,617.5348709557612
1868.75,623.5965032192759,617.5348709557612
1869.530999999959,623.5911561558501,617.5348709557612
1870.2969999999623,623.5950674081145,617.5348709557612
1871.0619999999763,623.5915174691655,617.5348709557612
1871.8279999999795,623.5878790075784,617.5348709557612
1872.5779999999795,623.5859585213867,617.5348709557612
1873.3279999999795,623.6026759346961,617.5348709557612
1874.0939999999828,623.6007929208901,617.5348709557612
1874.8589999999967,623.5883084046864,617.5348709557612
1875.625,623.6034731469726,617.5348709557612
1876.3899999999558,623.5982386516022,617.5348709557612
1877.155999999959,623.5960257500889,617.5348709557612
1877.9369999999763,623.5888574749264,617.5348709557612
1878.6869999999763,623.5944630585417,617.5348709557612
1879.5149999999558,623.5840571945503,617.5348709557612
1880.2649999999558,623.592112093962,617.5348709557612
1881.030999999959,623.5943974552573,617.5348709557612
1881.780999999959,623.4570401530888,617.5348709557612
1882.5619999999763,623.4236003834053,617.5348709557612
1883.3279999999795,623.4101494637675,617.5348709557612
1884.1089999999967,623.400908682753,617.5348709557612
1884.875,623.38926431881,617.5348709557612
1885.6089999999967,623.3907511532752,617.5348709557612
1886.3589999999967,623.3834929798437,617.5348709557612
1887.1089999999967,623.384276019801,617.5348709557612
1887.8439999999828,623.381533582829,617.5348709557612
1888.5939999999828,623.381516734088,617.5348709557612
1889.3439999999828,623.3906125389398,617.5348709557612
1890.0779999999795,623.3839604123071,617.5348709557612
1890.8279999999795,623.3717211860468,617.5348709557612
1891.6869999999763,623.3773744047069,617.5348709557612
1892.4219999999623,623.3808839905723,617.5348709557612
1893.1719999999623,623.388820950587,617.5348709557612
1893.9529999999795,623.3649740607918,617.5348709557612
1894.7189999999828,623.3331074609672,617.5348709557612
1895.4529999999795,623.3377020500698,617.5348709557612
1896.2029999999795,623.3283015890252,617.5348709557612
1896.9369999999763,623.3316219837135,617.5348709557612
1897.7189999999828,623.3293647239553,617.5348709557612
1898.4839999999967,623.3256998005239,617.5348709557612
1899.2189999999828,623.3340962544385,617.5348709557612
1899.9689999999828,623.3327599103105,617.5348709557612
1900.7189999999828,623.327131776171,617.5348709557612
1901.4839999999967,623.332610276206,617.5348709557612
1902.25,623.3351214060332,617.5348709557612
1903.0149999999558,623.3292460098752,617.5348709557612
1903.75,623.3285294964456,617.5348709557612
1904.5,623.3393726188565,617.5348709557612
1905.25,623.3240806074997,617.5348709557612
1905.9839999999967,623.3638064556221,617.5348709557612
1906.7339999999967,623.4050264203834,617.5348709557612
1907.5149999999558,623.418730819142,617.5348709557612
1908.25,623.398822313816,617.5348709557612
1908.9839999999967,623.3847028112473,617.5348709557612
1909.7339999999967,623.3989204539735,617.5348709557612
1910.4839999999967,623.3911077142568,617.5348709557612
1911.25,623.3853323953055,617.5348709557612
1912.0149999999558,623.3811145364299,617.5348709557612
1912.780999999959,623.3770415943545,617.5348709557612
1913.530999999959,623.3824367367422,617.5348709557612
1914.2969999999623,623.3749252116138,617.5348709557612
1915.0619999999763,623.3835711928555,617.5348709557612
1915.7969999999623,623.3796507295658,617.5348709557612
1916.5469999999623,623.3844223031323,617.5348709557612
1917.3279999999795,623.3732114564722,617.5348709557612
1918.0619999999763,623.3842772527262,617.5348709557612
1918.8119999999763,623.3960716095324,617.5348709557612
1919.5469999999623,623.3471003207123,617.5348709557612
1920.3119999999763,623.3406087901516,617.5348709557612
1921.0779999999795,623.3338388876034,617.5348709557612
1921.8119999999763,623.3359221549562,617.5348709557612
1922.6089999999967,623.3320082749397,617.5348709557612
1923.3589999999967,623.3317752109265,617.5348709557612
1924.125,623.3356595438718,617.5348709557612
1924.8589999999967,623.335808776477,617.5348709557612
1925.6089999999967,623.3588641127571,617.5348709557612
1926.3439999999828,623.3509158362945,617.5348709557612
1927.0939999999828,623.3531676911136,617.5348709557612
1927.8589999999967,623.3435178532856,617.5348709557612
1928.5939999999828,623.3440027974215,617.5348709557612
1929.3439999999828,623.330521944373,617.5348709557612
1930.1089999999967,623.3434364911266,617.5348709557612
1930.8439999999828,623.3307835020511,617.5348709557612
1931.5779999999795,623.3370341309969,617.5348709557612
1932.3439999999828,623.337396249674,617.5348709557612
1933.0939999999828,623.3333256530889,617.5348709557612
1933.8589999999967,623.336899227634,617.5348709557612
1934.625,623.3320731201354,617.5348709557612
1935.375,623.3373550759187,617.5348709557612
1936.1089999999967,623.3305053221918,617.5348709557612
1936.8589999999967,623.3417100810619,617.5348709557612
1937.6089999999967,623.3334681074673,617.5348709557612
1938.375,623.3363390077087,617.5348709557612
1939.1399999999558,623.3324469842057,617.5348709557612
1939.875,623.3335220060942,617.5348709557612
1940.6089999999967,623.3416540127807,617.5348709557612
1941.3899999999558,623.3381929609369,617.5348709557612
1942.155999999959,623.3390076211273,617.5348709557612
1942.9219999999623,623.3346374976003,617.5348709557612
1943.6719999999623,623.3274933618201,617.5348709557612
1944.4219999999623,623.334476038766,617.5348709557612
1945.2029999999795,623.3247982756565,617.5348709557612
1945.9369999999763,623.3383453340131,617.5348709557612
1946.7029999999795,623.3285649887584,617.5348709557612
1947.4689999999828,623.3430213592728,617.5348709557612
1948.2189999999828,623.3401023131967,617.5348709557612
1949.0,623.3274041086866,617.5348709557612
1949.7339999999967,623.3373332039743,617.5348709557612
1950.5149999999558,623.3341304094141,617.5348709557612
1951.2649999999558,623.332379253745,617.5348709557612
1952.0149999999558,623.3294080915705,617.5348709557612
1952.75,623.3399145755795,617.5348709557612
1953.4839999999967,623.3435584005197,617.5348709557612
1954.2649999999558,623.3282297160412,617.5348709557612
1955.0,623.3386937884338,617.5348709557612
1955.7649999999558,623.3274559384339,617.5348709557612
1956.530999999959,623.3327262922821,617.5348709557612
1957.2969999999623,623.3411997526949,617.5348709557612
1958.030999999959,623.3367839432627,617.5348709557612
1958.7969999999623,623.3341709644302,617.5348709557612
1959.5469999999623,623.3280690845631,617.5348709557612
1960.3279999999795,623.3318752782245,617.5348709557612
1961.0619999999763,623.3343516471414,617.5348709557612
1961.8439999999828,623.3274154553503,617.5348709557612
1962.5939999999828,623.3321151565868,617.5348709557612
1963.3589999999967,623.3327678746151,617.5348709557612
1964.125,623.34282067161,617.5348709557612
1964.875,623.3436270381711,617.5348709557612
1965.6399999999558,623.3356576287215,617.5348709557612
1966.4219999999623,623.3262955036606,617.5348709557612
1967.1869999999763,623.3332911547285,617.5348709557612
1967.9529999999795,623.3372652950786,617.5348709557612
1968.6869999999763,623.323847995594,617.5348709557612
1969.4689999999828,623.3373505429032,617.5348709557612
1970.2339999999967,623.3339979984063,617.5348709557612
1970.9839999999967,623.3365326634026,617.5348709557612
1971.7339999999967,623.3271680240562,617.5348709557612
1972.5,623.324610345355,617.5348709557612
1973.25,623.3269497226538,617.5348709557612
1974.0,623.3361902398585,617.5348709557612
1974.7649999999558,623.333868403106,617.5348709557612
1975.655999999959,623.3272088506566,617.5348709557612
1976.4369999999763,623.3308504124623,617.5348709557612
1977.2029999999795,623.328629406226,617.5348709557612
1977.9689999999828,623.3241007837006,617.5348709557612
1978.7029999999795,623.3350952826139,617.5348709557612
1979.4689999999828,623.3306041650458,617.5348709557612
1980.2339999999967,623.3289604802679,617.5348709557612
1981.0,623.3359001584339,617.5348709557612
1981.75,623.3384383437981,617.5348709557612
1982.530999999959,623.3346084529283,617.5348709557612
1983.280999999959,623.3283417882737,617.5348709557612
1984.0619999999763,623.3292838435004,617.5348709557612
1984.8279999999795,623.3291452608343,617.5348709557612
1985.6089999999967,623.3322675153521,617.5348709557612
1986.3589999999967,623.3340703291053,617.5348709557612
1987.125,623.3321746589052,617.5348709557612
1987.875,623.3336554341942,617.5348709557612
1988.6399999999558,623.3278939628418,617.5348709557612
1989.405999999959,623.3264066476204,617.5348709557612
1990.1719999999623,623.3302857804108,617.5348709557612
1990.9369999999763,623.3330304085597,617.5348709557612
1991.6869999999763,623.3345893923862,617.5348709557612
1992.4529999999795,623.3308056941693,617.5348709557612
1993.2189999999828,623.3214645420679,617.5348709557612
1994.0,623.3357953731374,617.5348709557612
1994.7649999999558,623.328441973936,617.5348709557612
1995.5,623.3365638284573,617.5348709557612
1996.25,623.3290080373234,617.5348709557612
1997.0149999999558,623.3218857634398,617.5348709557612
1997.7649999999558,623.3266189210901,617.5348709557612
1998.5,623.3394129287321,617.5348709557612
1999.280999999959,623.3357593263403,617.5348709557612
2000.0469999999623,623.3342451566112,617.5348709557612
2000.7969999999623,623.335378807951,617.5348709557612
2001.530999999959,623.3357781148342,617.5348709557612
2002.280999999959,623.3388735757453,617.5348709557612
2003.0469999999623,623.3315717213563,617.5348709557612
2003.7969999999623,623.3300584212324,617.5348709557612
2004.5619999999763,623.3291836688868,617.5348709557612
2005.3119999999763,623.3312425650399,617.5348709557612
2006.0619999999763,623.325961742929,617.5348709557612
2006.8279999999795,623.3402065638425,617.5348709557612
2007.6089999999967,623.3266578600618,617.5348709557612
2008.375,623.3287694761385,617.5348709557612
2009.1089999999967,623.332795663628,617.5348709557612
2009.8589999999967,623.3333426564341,617.5348709557612
2010.6089999999967,623.327009519144,617.5348709557612
2011.375,623.3345213077218,617.5348709557612
2012.1719999999623,623.3343174720587,617.5348709557612
2012.9369999999763,623.3364269177638,617.5348709557612
2013.7029999999795,623.330723536749,617.5348709557612
2014.4839999999967,623.3245709577694,617.5348709557612
2015.25,623.3373548577669,617.5348709557612
2016.0149999999558,623.3387902490344,617.5348709557612
2016.780999999959,623.332086415493,617.5348709557612
2017.530999999959,623.3276146578329,617.5348709557612
2018.2649999999558,623.3324049562551,617.5348709557612
2019.0149999999558,623.3360742657077,617.5348709557612
2019.780999999959,623.3276420400243,617.5348709557612
2020.5469999999623,623.3273436517071,617.5348709557612
2021.2969999999623,623.3312006020487,617.5348709557612
2022.0619999999763,623.3273828305444,617.5348709557612
2022.8119999999763,623.3286359550823,617.5348709557612
2023.7339999999967,623.3323916071997,617.5348709557612
2024.5,623.3255283761989,617.5348709557612
2025.2339999999967,623.3305092746504,617.5348709557612
2026.0,623.3274777458018,617.5348709557612
2026.7649999999558,623.3469180241436,617.5348709557612
2027.530999999959,623.3773899683807,617.5348709557612
2028.280999999959,623.3976014793461,617.5348709557612
2029.0469999999623,623.4078936619212,617.5348709557612
2029.8119999999763,623.3970183929201,617.5348709557612
2030.5779999999795,623.4137331175775,617.5348709557612
2031.3589999999967,623.4137646060171,617.5348709557612
2032.125,623.4377921565218,617.5348709557612
2032.8589999999967,623.4452802194063,617.5348709557612
2033.5939999999828,623.4466490518344,617.5348709557612
2034.3589999999967,623.4558647376914,617.5348709557612
2035.125,623.4629091693035,617.5348709557612
2035.8899999999558,623.4662934901663,617.5348709557612
2036.6399999999558,623.4776847813635,617.5348709557612
2037.3899999999558,623.4908183844833,617.5348709557612
2038.155999999959,623.4939578964007,617.5348709557612
2038.9219999999623,623.5815568146463,617.5348709557612
2039.6719999999623,623.5738416252005,617.5348709557612
2040.4219999999623,623.5597479002215,617.5348709557612
2041.155999999959,623.5655065371293,617.5348709557612
2041.905999999959,623.5622385239324,617.5348709557612
2042.6719999999623,623.5431981185538,617.5348709557612
2043.4219999999623,623.5476671085635,617.5348709557612
2044.2189999999828,623.5483628626172,617.5348709557612
2044.9689999999828,623.5469563605362,617.5348709557612
2045.7189999999828,623.5429803889133,617.5348709557612
2046.4529999999795,623.5470579553781,617.5348709557612
2047.2029999999795,623.5377506869206,617.5348709557612
2047.9529999999795,623.5442206338664,617.5348709557612
2048.7029999999795,623.5463168414193,617.5348709557612
2049.4529999999795,623.5416524375946,617.5348709557612
2050.2029999999795,623.5346966237076,617.5348709557612
2050.9529999999795,623.5365875722819,617.5348709557612
2051.6869999999763,623.5490855027293,617.5348709557612
2052.4529999999795,623.554405539705,617.5348709557612
2053.2029999999795,623.5127788581882,617.5348709557612
2053.9839999999967,623.4231926573696,617.5348709557612
2054.7339999999967,623.4140369011824,617.5348709557612
2055.4689999999828,623.3954421861149,617.5348709557612
2056.2189999999828,623.4020942270639,617.5348709557612
2056.9839999999967,623.3825319809692,617.5348709557612
2057.7189999999828,623.3764941087813,617.5348709557612
2058.5,623.3868429767952,617.5348709557612
2059.2339999999967,623.3729574468022,617.5348709557612
2059.9839999999967,623.375062859764,617.5348709557612
2060.7339999999967,623.3758391607398,617.5348709557612
2061.4689999999828,623.376436353411,617.5348709557612
2062.2189999999828,623.3677028615099,617.5348709557612
2062.9529999999795,623.3715833157858,617.5348709557612
2063.7029999999795,623.37256716844,617.5348709557612
2064.4529999999795,623.374365477641,617.5348709557612
2065.2339999999967,623.376323419995,617.5348709557612
2066.0469999999623,623.3704177352508,617.5348709557612
2066.8119999999763,623.3453122137622,617.5348709557612
2067.5779999999795,623.326584128105,617.5348709557612
2068.3439999999828,623.3311254284517,617.5348709557612
2069.1089999999967,623.3359734715057,617.5348709557612
2069.8439999999828,623.3374455433178,617.5348709557612
2070.5939999999828,623.3321373577974,617.5348709557612
2071.3279999999795,623.3381084826117,617.5348709557612
2072.0779999999795,623.3365012816821,617.5348709557612
2072.8279999999795,623.3335946948073,617.5348709557612
2073.5779999999795,623.3361728802271,617.5348709557612
2074.3119999999763,623.3332005878696,617.5348709557612
2075.0619999999763,623.3298134198383,617.5348709557612
2075.8279999999795,623.3377723852576,617.5348709557612
2076.5939999999828,623.3399118611316,617.5348709557612
2077.375,623.3320197297875,617.5348709557612
2078.1089999999967,623.3493225154048,617.5348709557612
2078.8439999999828,623.3926980917919,617.5348709557612
2079.5939999999828,623.4063010251778,617.5348709557612
2080.3439999999828,623.4074022482346,617.5348709557612
2081.1089999999967,623.3946738258647,617.5348709557612
2081.875,623.382486839152,617.5348709557612
2082.625,623.3725028072104,617.5348709557612
2083.3589999999967,623.3855182093719,617.5348709557612
2084.1089999999967,623.3777854906456,617.5348709557612
2084.875,623.3808073674367,617.5348709557612
2085.6399999999558,623.3821484185567,617.5348709557612
2086.405999999959,623.3722833590264,617.5348709557612
2087.155999999959,623.3805543202259,617.5348709557612
2087.8899999999558,623.3740022437926,617.5348709557612
2088.655999999959,623.3737352040458,617.5348709557612
2089.4219999999623,623.3752247502705,617.5348709557612
2090.2029999999795,623.3779132018126,617.5348709557612
2090.9369999999763,623.3906667055093,617.5348709557612
2091.6869999999763,623.3705630103235,617.5348709557612
2092.4529999999795,623.35534419991,617.5348709557612
2093.2339999999967,623.3457562567955,617.5348709557612
2093.9839999999967,623.3401576796934,617.5348709557612
2094.7649999999558,623.3383058381652,617.5348709557612
2095.6719999999623,623.3439036810923,617.5348709557612
2096.4219999999623,623.3362946500636,617.5348709557612
2097.2029999999795,623.3363463139211,617.5348709557612
2097.9689999999828,623.355833871186,617.5348709557612
2098.7339999999967,623.3559798722181,617.5348709557612
2099.4839999999967,623.3520983934325,617.5348709557612
2100.25,623.3534721825934,617.5348709557612
2101.030999999959,623.3305152249848,617.5348709557612
2101.780999999959,623.3346718356373,617.5348709557612
2102.5469999999623,623.3420392542807,617.5348709557612
2103.3119999999763,623.34786074925,617.5348709557612
2104.0779999999795,623.337682235351,617.5348709557612
2104.8439999999828,623.3341220461965,617.5348709557612
2105.6089999999967,623.3479083306305,617.5348709557612
2106.3589999999967,623.3375551077224,617.5348709557612
2107.1399999999558,623.3409105250457,617.5348709557612
2107.8899999999558,623.3404656308371,617.5348709557612
2108.655999999959,623.3419479012922,617.5348709557612
2109.3899999999558,623.3270862557508,617.5348709557612
2110.125,623.3316237011398,617.5348709557612
2110.875,623.3365124833359,617.5348709557612
2111.655999999959,623.3566273184454,617.5348709557612
2112.3899999999558,623.373696235816,617.5348709557612
2113.1869999999763,623.4280671005159,617.5348709557612
2113.9689999999828,623.4506864287365,617.5348709557612
2114.7339999999967,623.4662909631652,617.5348709557612
2115.5,623.4923603480499,617.5348709557612
2116.2649999999558,623.4941031211628,617.5348709557612
2117.030999999959,623.5175253723253,617.5348709557612
2117.780999999959,623.5164033890976,617.5348709557612
2118.5469999999623,623.5321777007526,617.5348709557612
2119.3119999999763,623.5359764378985,617.5348709557612
2120.0619999999763,623.5358906306242,617.5348709557612
2120.8279999999795,623.5518738528924,617.5348709557612
2121.5939999999828,623.5483009528291,617.5348709557612
2122.3439999999828,623.5594524830733,617.5348709557612
2123.0939999999828,623.5688756595122,617.5348709557612
2123.8439999999828,623.5819769419988,617.5348709557612
2124.5939999999828,623.5824685317583,617.5348709557612
2125.3439999999828,623.5803076790229,617.5348709557612
2126.1089999999967,623.5893402583616,617.5348709557612
2126.8439999999828,623.5810413817716,617.5348709557612
2127.625,623.5940070672275,617.5348709557612
2128.375,623.5988122660453,617.5348709557612
2129.125,623.5869323448483,617.5348709557612
2129.875,623.5988165236844,617.5348709557612
2130.6089999999967,623.6034494457615,617.5348709557612
2131.375,623.6107977419662,617.5348709557612
2132.125,623.5972455655071,617.5348709557612
2132.8589999999967,623.6117390125902,617.5348709557612
2133.6089999999967,623.6106385591496,617.5348709557612
2134.3589999999967,623.606586048891,617.5348709557612
2135.0939999999828,623.6051761381178,617.5348709557612
2135.8439999999828,623.6132317939711,617.5348709557612
2136.5939999999828,623.6231597642466,617.5348709557612
2137.3589999999967,623.6121823006297,617.5348709557612
2138.1089999999967,623.6245326644944,617.5348709557612
2138.875,623.6329785860249,617.5348709557612
2139.625,623.6325877461477,617.5348709557612
2140.3899999999558,623.6257422779778,617.5348709557612
2141.125,623.6236236784463,617.5348709557612
2141.875,623.6232980913094,617.5348709557612
2142.6399999999558,623.6426704713216,617.5348709557612
2143.3899999999558,623.6273693070775,617.5348709557612
2144.155999999959,623.6419076047334,617.5348709557612
2144.9219999999623,623.6394011334228,617.5348709557612
2145.6719999999623,623.6370681593053,617.5348709557612
2146.4529999999795,623.6356073628972,617.5348709557612
2147.2339999999967,623.634151460814,617.5348709557612
2147.9839999999967,623.6434739438366,617.5348709557612
2148.75,623.653373625406,617.5348709557612
2149.5149999999558,623.6360759752263,617.5348709557612
2150.280999999959,623.6374318232955,617.5348709557612
2151.030999999959,623.6421318366806,617.5348709557612
2151.780999999959,623.6385265578828,617.5348709557612
2152.530999999959,623.6568258154774,617.5348709557612
2153.3119999999763,623.658711032454,617.5348709557612
2154.0779999999795,623.6428572257123,617.5348709557612
2154.8439999999828,623.6507212935617,617.5348709557612
2155.655999999959,623.6440587672432,617.5348709557612
2156.4369999999763,623.6469068462103,617.5348709557612
2157.1719999999623,623.6477273732513,617.5348709557612
2157.905999999959,623.6468709313737,617.5348709557612
2158.6719999999623,623.6483731706674,617.5348709557612
2159.4219999999623,623.6553832848043,617.5348709557612
2160.155999999959,623.6541830066366,617.5348709557612
2160.8899999999558,623.6576550694949,617.5348709557612
2161.6399999999558,623.6607655735626,617.5348709557612
2162.375,623.6526220114774,617.5348709557612
2163.125,623.6601470888115,617.5348709557612
2163.8589999999967,623.6496322448994,617.5348709557612
2164.6089999999967,623.6385607915155,617.5348709557612
2165.375,623.6603998538038,617.5348709557612
2166.1869999999763,623.6607684979716,617.5348709557612
2166.9219999999623,623.6676662116224,617.5348709557612
2167.6869999999763,623.661738603093,617.5348709557612
2168.4369999999763,623.6649907658242,617.5348709557612
2169.2029999999795,623.6649932766416,617.5348709557612
2169.9529999999795,623.6705723987153,617.5348709557612
2170.6869999999763,623.6719525983237,617.5348709557612
2171.4369999999763,623.6647446570291,617.5348709557612
2172.1869999999763,623.6687590038495,617.5348709557612
2172.9219999999623,623.6568618088395,617.5348709557612
2173.6719999999623,623.6595370213101,617.5348709557612
2174.4369999999763,623.6652401758773,617.5348709557612
2175.1869999999763,623.6751008356774,617.5348709557612
2175.9689999999828,623.6640943170817,617.5348709557612
2176.7189999999828,623.6622210662659,617.5348709557612
2177.4839999999967,623.6664127974462,617.5348709557612
2178.25,623.6693226583994,617.5348709557612
2179.0149999999558,623.6686606517338,617.5348709557612
2179.75,623.6848463711137,617.5348709557612
2180.5149999999558,623.6889677627128,617.5348709557612
2181.2649999999558,623.6816744494009,617.5348709557612
2182.0149999999558,623.6818547127049,617.5348709557612
2182.7649999999558,623.6721680519698,617.5348709557612
2183.530999999959,623.6650125241582,617.5348709557612
2184.2969999999623,623.6701617865086,617.5348709557612
2185.0619999999763,623.6566046281316,617.5348709557612
2185.7969999999623,623.6616593950496,617.5348709557612
2186.5469999999623,623.669453330514,617.5348709557612
2187.280999999959,623.663300563987,617.5348709557612
2188.030999999959,623.6621268850564,617.5348709557612
2188.7649999999558,623.6578356393077,617.5348709557612
2189.530999999959,623.6546851948451,617.5348709557612
2190.280999999959,623.648258042706,617.5348709557612
2191.030999999959,623.6494808939666,617.5348709557612
2191.7649999999558,623.6438602048554,617.5348709557612
2192.530999999959,623.6496597572202,617.5348709557612
2193.2649999999558,623.6546211215641,617.5348709557612
2194.0149999999558,623.6572431511041,617.5348709557612
2194.75,623.6483170326028,617.5348709557612
2195.5,623.650716691908,617.5348709557612
2196.25,623.6397383958729,617.5348709557612
2197.0149999999558,623.6454511648851,617.5348709557612
2197.7649999999558,623.6497707787137,617.5348709557612
2198.530999999959,623.6504583531784,617.5348709557612
2199.280999999959,623.6531816860494,617.5348709557612
2200.0149999999558,623.6427287366919,617.5348709557612
2200.780999999959,623.639251685644,617.5348709557612
2201.5149999999558,623.6557240762315,617.5348709557612
2202.280999999959,623.6465273574789,617.5348709557612
2203.030999999959,623.6384155794984,617.5348709557612
2203.780999999959,623.645461484205,617.5348709557612
2204.530999999959,623.6383526112387,617.5348709557612
2205.2649999999558,623.6416511008836,617.5348709557612
2206.0149999999558,623.6470459516883,617.5348709557612
2206.75,623.6424153913154,617.5348709557612
2207.5,623.6377974883868,617.5348709557612
2208.25,623.6405490482376,617.5348709557612
2209.0,623.6431257396723,617.5348709557612
2209.780999999959,623.6427959446187,617.5348709557612
2210.530999999959,623.6322743460079,617.5348709557612
2211.280999999959,623.6469702206524,617.5348709557612
2212.0149999999558,623.6326382127305,617.5348709557612
2212.7649999999558,623.6449326085647,617.5348709557612
2213.5149999999558,623.6341399744315,617.5348709557612
2214.25,623.6496781863752,617.5348709557612
2215.0,623.642102520378,617.5348709557612
2215.75,623.6371820101156,617.5348709557612
2216.5149999999558,623.6330834905953,617.5348709557612
2217.2969999999623,623.6457434126118,617.5348709557612
2218.0469999999623,623.6423193848951,617.5348709557612
2218.780999999959,623.6402214609618,617.5348709557612
2219.5469999999623,623.6479415680328,617.5348709557612
2220.3119999999763,623.6394794842768,617.5348709557612
2221.0469999999623,623.6327968887184,617.5348709557612
2221.7969999999623,623.6271520437117,617.5348709557612
2222.530999999959,623.634718188161,617.5348709557612
2223.3119999999763,623.6364433458172,617.5348709557612
2224.0469999999623,623.643391079812,617.5348709557612
2224.7969999999623,623.6320006124573,617.5348709557612
2225.5469999999623,623.6375490602074,617.5348709557612
2226.2969999999623,623.638406582675,617.5348709557612
2227.030999999959,623.6332890474168,617.5348709557612
2227.780999999959,623.629518910809,617.5348709557612
2228.530999999959,623.6391825043348,617.5348709557612
2229.280999999959,623.630366879087,617.5348709557612
2230.030999999959,623.6370530190383,617.5348709557612
2230.7969999999623,623.6358606333256,617.5348709557612
2231.5469999999623,623.6317576458666,617.5348709557612
2232.2969999999623,623.6355708483168,617.5348709557612
2233.0469999999623,623.6418872850317,617.5348709557612
2233.8279999999795,623.6326800855688,617.5348709557612
2234.5779999999795,623.6331354653789,617.5348709557612
2235.3439999999828,623.628530558142,617.5348709557612
2236.0939999999828,623.6371832387434,617.5348709557612
2236.8439999999828,623.6323587862751,617.5348709557612
2237.625,623.6457550762887,617.5348709557612
2238.3899999999558,623.6318124363503,617.5348709557612
2239.1719999999623,623.6338507015631,617.5348709557612
2239.9219999999623,623.6240380203836,617.5348709557612
2240.6719999999623,623.6299960828752,617.5348709557612
2241.405999999959,623.6419418834776,617.5348709557612
2242.1719999999623,623.6131935040265,617.5348709557612
2242.9369999999763,623.4347271839454,617.5348709557612
2243.7029999999795,623.4152033158773,617.5348709557612
2244.4839999999967,623.4064123139013,617.5348709557612
2245.2339999999967,623.3925052105569,617.5348709557612
2245.9839999999967,623.386622450396,617.5348709557612
2246.7189999999828,623.3767018664593,617.5348709557612
2247.4529999999795,623.3857842788066,617.5348709557612
2248.2029999999795,623.3862761824938,617.5348709557612
2248.9839999999967,623.380422190822,617.5348709557612
2249.75,623.3846230091326,617.5348709557612
2250.5,623.3705853763437,617.5348709557612
2251.2649999999558,623.375229045809,617.5348709557612
2252.0149999999558,623.3673584522987,617.5348709557612
2252.780999999959,623.3720770850925,617.5348709557612
2253.5469999999623,623.375641853969,617.5348709557612
2254.3119999999763,623.3946946082051,617.5348709557612
2255.0939999999828,623.3784577821208,617.5348709557612
2255.8589999999967,623.339716457734,617.5348709557612
2256.625,623.3532158918655,617.5348709557612
2257.375,623.3427141730266,617.5348709557612
2258.1399999999558,623.3393765257132,617.5348709557612
2258.8899999999558,623.3283965074497,617.5348709557612
2259.6399999999558,623.3374145129773,617.5348709557612
2260.375,623.335491635364,617.5348709557612
2261.125,623.3390967651718,617.5348709557612
2261.875,623.3375178628653,617.5348709557612
2262.625,623.331788900005,617.5348709557612
2263.3899999999558,623.334346443655,617.5348709557612
2264.155999999959,623.3242997632187,617.5348709557612
2264.9219999999623,623.3307339143902,617.5348709557612
2265.6869999999763,623.339865806115,617.5348709557612
2266.4529999999795,623.3374020411976,617.5348709557612
2267.2339999999967,623.3424122339508,617.5348709557612
2267.9839999999967,623.3949804602862,617.5348709557612
2268.75,623.4078329867848,617.5348709557612
2269.5,623.3883639659597,617.5348709557612
2270.25,623.3917400837665,617.5348709557612
2270.9839999999967,623.3868389402287,617.5348709557612
2271.7339999999967,623.387671142524,617.5348709557612
2272.4839999999967,623.3839596236318,617.5348709557612
2273.2339999999967,623.3738236348701,617.5348709557612
2274.0,623.3800201785211,617.5348709557612
2274.75,623.3878934396398,617.5348709557612
2275.655999999959,623.3785167679235,617.5348709557612
2276.4369999999763,623.3930283145955,617.5348709557612
2277.2029999999795,623.3830322583092,617.5348709557612
2277.9529999999795,623.3730165562804,617.5348709557612
2278.7189999999828,623.374453344455,617.5348709557612
2279.4839999999967,623.3781397592663,617.5348709557612
2280.2339999999967,623.4011737995678,617.5348709557612
2280.9839999999967,623.3555959609919,617.5348709557612
2281.75,623.3434015259161,617.5348709557612
2282.5,623.3475522859951,617.5348709557612
2283.280999999959,623.3404957139306,617.5348709557612
2284.0149999999558,623.3427766766459,617.5348709557612
2284.7649999999558,623.3386591757325,617.5348709557612
2285.5469999999623,623.3396685180181,617.5348709557612
2286.3119999999763,623.3314907317555,617.5348709557612
2287.0779999999795,623.3507825789702,617.5348709557612
2287.8439999999828,623.3684305940089,617.5348709557612
2288.6089999999967,623.3503835112572,617.5348709557612
2289.3439999999828,623.3531998423057,617.5348709557612
2290.0939999999828,623.3397491412969,617.5348709557612
2290.8279999999795,623.3345116227157,617.5348709557612
2291.5939999999828,623.3367533480356,617.5348709557612
2292.3589999999967,623.3428391149146,617.5348709557612
2293.125,623.3274500544494,617.5348709557612
2293.875,623.3383502492972,617.5348709557612
2294.6399999999558,623.3384773807451,617.5348709557612
2295.405999999959,623.3341970826873,617.5348709557612
2296.155999999959,623.3388666557254,617.5348709557612
2296.9219999999623,623.3369042960226,617.5348709557612
2297.655999999959,623.3378046257873,617.5348709557612
2298.405999999959,623.3366130100871,617.5348709557612
2299.155999999959,623.33514095144,617.5348709557612
2299.905999999959,623.3367772087093,617.5348709557612
2300.655999999959,623.360546894113,617.5348709557612
2301.4219999999623,623.3684951632614,617.5348709557612
2302.2029999999795,623.4243796483568,617.5348709557612
2302.9529999999795,623.4466889386156,617.5348709557612
2303.7189999999828,623.4688883450561,617.5348709557612
2304.4839999999967,623.4833766822359,617.5348709557612
2305.2339999999967,623.4872483393556,617.5348709557612
2306.0,623.5147910039768,617.5348709557612
2306.780999999959,623.5206184043325,617.5348709557612
2307.530999999959,623.525719142537,617.5348709557612
2308.3119999999763,623.5388116311553,617.5348709557612
2309.0779999999795,623.54099643747,617.5348709557612
2309.8589999999967,623.5586060552284,617.5348709557612
2310.6089999999967,623.5589989670552,617.5348709557612
2311.3589999999967,623.553006604067,617.5348709557612
2312.0939999999828,623.5632776052086,617.5348709557612
2312.875,623.5700405451587,617.5348709557612
2313.6399999999558,623.5757548647306,617.5348709557612
2314.3899999999558,623.5834533939151,617.5348709557612
2315.1399999999558,623.5774306767661,617.5348709557612
2315.8899999999558,623.5962469707605,617.5348709557612
2316.6089999999967,623.5923018428423,617.5348709557612
2317.3589999999967,623.5870676132799,617.5348709557612
2318.125,623.6008414189904,617.5348709557612
2318.8899999999558,623.5855242207601,617.5348709557612
2319.6399999999558,623.6028072647124,617.5348709557612
2320.3899999999558,623.6117348610603,617.5348709557612
2321.125,623.6060322026265,617.5348709557612
2321.875,623.6081235717952,617.5348709557612
2322.655999999959,623.6154265581489,617.5348709557612
2323.405999999959,623.6119165242584,617.5348709557612
2324.155999999959,623.6095649630969,617.5348709557612
2324.9219999999623,623.6163107935622,617.5348709557612
2325.6719999999623,623.6219295739684,617.5348709557612
2326.4219999999623,623.6275452093731,617.5348709557612
2327.1719999999623,623.6183579715506,617.5348709557612
2327.9369999999763,623.6213086925807,617.5348709557612
2328.7029999999795,623.6208892581434,617.5348709557612
2329.4839999999967,623.6251153595483,617.5348709557612
2330.2339999999967,623.6202461266665,617.5348709557612
2330.9839999999967,623.6412296272599,617.5348709557612
2331.7339999999967,623.6290187882333,617.5348709557612
2332.4689999999828,623.638752627362,617.5348709557612
2333.2189999999828,623.62865858427,617.5348709557612
2333.9529999999795,623.6276698791157,617.5348709557612
2334.6869999999763,623.641960572858,617.5348709557612
2335.6399999999558,623.6295697475578,617.5348709557612
2336.3899999999558,623.6357250656305,617.5348709557612
2337.155999999959,623.6352365997103,617.5348709557612
2337.905999999959,623.635868767668,617.5348709557612
2338.6869999999763,623.6458738728322,617.5348709557612
2339.4689999999828,623.6345693606548,617.5348709557612
2340.2189999999828,623.6382425640172,617.5348709557612
2340.9689999999828,623.6389262300137,617.5348709557612
2341.7029999999795,623.6504413469611,617.5348709557612
2342.4369999999763,623.6549235642177,617.5348709557612
2343.2189999999828,623.6447615143488,617.5348709557612
2343.9529999999795,623.6468632294044,617.5348709557612
2344.7029999999795,623.6524549334573,617.5348709557612
2345.4369999999763,623.6644923799986,617.5348709557612
2346.2189999999828,623.6476864083862,617.5348709557612
2346.9839999999967,623.651381461568,617.5348709557612
2347.7189999999828,623.6467159300587,617.5348709557612
2348.4689999999828,623.6499550642058,617.5348709557612
2349.2029999999795,623.6555258735127,617.5348709557612
2349.9529999999795,623.6540139883107,617.5348709557612
2350.6869999999763,623.6511064491772,617.5348709557612
2351.4369999999763,623.6666493752491,617.5348709557612
2352.2029999999795,623.6615781790359,617.5348709557612
2352.9529999999795,623.6602440540032,617.5348709557612
2353.7189999999828,623.6561895671965,617.5348709557612
2354.4529999999795,623.6596989552414,617.5348709557612
2355.2339999999967,623.6474683672477,617.5348709557612
2356.0,623.6528170390784,617.5348709557612
2356.7649999999558,623.6610199421084,617.5348709557612
2357.530999999959,623.6594989435425,617.5348709557612
2358.2969999999623,623.6545413258455,617.5348709557612
2359.0619999999763,623.6673279292158,617.5348709557612
2359.8119999999763,623.6590298153435,617.5348709557612
2360.5779999999795,623.6691352902991,617.5348709557612
2361.3439999999828,623.6684618139997,617.5348709557612
2362.0779999999795,623.6689817147791,617.5348709557612
2362.8439999999828,623.6647311345093,617.5348709557612
2363.6089999999967,623.6654179030709,617.5348709557612
2364.375,623.6712655661906,617.5348709557612
2365.1089999999967,623.6665992012513,617.5348709557612
2365.8589999999967,623.6542673511588,617.5348709557612
2366.5939999999828,623.6659259602378,617.5348709557612
2367.3439999999828,623.6656779203299,617.5348709557612
2368.1089999999967,623.6751289630332,617.5348709557612
2368.875,623.6924895117043,617.5348709557612
2369.6089999999967,623.677256968501,617.5348709557612
2370.3589999999967,623.6803196113217,617.5348709557612
2371.0939999999828,623.6735362058024,617.5348709557612
2371.8439999999828,623.6680555555845,617.5348709557612
2372.5939999999828,623.6707770074094,617.5348709557612
2373.3589999999967,623.6591055277979,617.5348709557612
2374.125,623.664676562821,617.5348709557612
2374.875,623.654317620108,617.5348709557612
2375.6399999999558,623.652546857799,617.5348709557612
2376.3899999999558,623.6524263480052,617.5348709557612
2377.125,623.6677684914857,617.5348709557612
2377.875,623.6602495831878,617.5348709557612
2378.6399999999558,623.6507057461836,617.5348709557612
2379.405999999959,623.6496679762657,617.5348709557612
2380.155999999959,623.6475904554512,617.5348709557612
2380.9219999999623,623.6551410037955,617.5348709557612
2381.6719999999623,623.6570879141398,617.5348709557612
2382.405999999959,623.6488077388266,617.5348709557612
2383.1869999999763,623.6515152832991,617.5348709557612
2383.9529999999795,623.6360554459352,617.5348709557612
2384.7189999999828,623.6438203632839,617.5348709557612
2385.4529999999795,623.6456028156211,617.5348709557612
2386.2029999999795,623.6529394746613,617.5348709557612
2386.9529999999795,623.6521389338304,617.5348709557612
2387.6869999999763,623.6496293658303,617.5348709557612
2388.4369999999763,623.6344107369815,617.5348709557612
2389.1719999999623,623.645573268672,617.5348709557612
2389.9219999999623,623.6452052445405,617.5348709557612
2390.655999999959,623.6506240589406,617.5348709557612
2391.4369999999763,623.6413581530742,617.5348709557612
2392.2029999999795,623.646906077731,617.5348709557612
2392.9689999999828,623.63948630964,617.5348709557612
2393.7189999999828,623.6496241990276,617.5348709557612
2394.5,623.6492137457778,617.5348709557612
2395.2649999999558,623.650538437821,617.5348709557612
2396.030999999959,623.6461086747382,617.5348709557612
2396.780999999959,623.6405741641615,617.5348709557612
2397.5149999999558,623.6435202346721,617.5348709557612
2398.2649999999558,623.6404062484388,617.5348709557612
2399.0,623.642704401596,617.5348709557612
2399.7649999999558,623.6426057913899,617.5348709557612
2400.5149999999558,623.634350959281,617.5348709557612
2401.25,623.6396668643641,617.5348709557612
2402.0,623.6326750600765,617.5348709557612
2402.7339999999967,623.6420750036563,617.5348709557612
2403.5,623.6400762235802,617.5348709557612
2404.25,623.6447790717505,617.5348709557612
2405.0149999999558,623.6426123426153,617.5348709557612
2405.7649999999558,623.6379183529981,617.5348709557612
2406.5,623.637770987963,617.5348709557612
2407.25,623.6423206342906,617.5348709557612
2408.0149999999558,623.64044245025,617.5348709557612
2408.75,623.6336343623751,617.5348709557612
2409.5149999999558,623.6337029354175,617.5348709557612
2410.280999999959,623.6378957752661,617.5348709557612
2411.0469999999623,623.6311180369779,617.5348709557612
2411.780999999959,623.6362961338293,617.5348709557612
2412.530999999959,623.6330080231431,617.5348709557612
2413.2649999999558,623.6362809914904,617.5348709557612
2414.0469999999623,623.6206677643753,617.5348709557612
2414.7969999999623,623.6312847473213,617.5348709557612
2415.5619999999763,623.638363117428,617.5348709557612
2416.3119999999763,623.6302915755062,617.5348709557612
2417.0779999999795,623.6381904291651,617.5348709557612
2417.8119999999763,623.6370814727842,617.5348709557612
2418.5619999999763,623.6328285496891,617.5348709557612
2419.3119999999763,623.6381112595473,617.5348709557612
2420.0619999999763,623.6303531085697,617.5348709557612
2420.8119999999763,623.6388801233535,617.5348709557612
2421.5939999999828,623.6368706609957,617.5348709557612
2422.3439999999828,623.6402286673814,617.5348709557612
2423.0779999999795,623.6384672287616,617.5348709557612
2423.8279999999795,623.6261438762816,617.5348709557612
2424.5779999999795,623.6333192454531,617.5348709557612
2425.3279999999795,623.6324246064542,617.5348709557612
2426.0619999999763,623.6382294482722,617.5348709557612
2426.8279999999795,623.6390111817743,617.5348709557612
2427.5939999999828,623.6260085168119,617.5348709557612
2428.3439999999828,623.6225702690842,617.5348709557612
2429.0779999999795,623.6381426382433,617.5348709557612
2429.8279999999795,623.6376533615971,617.5348709557612
2430.5779999999795,623.6402368065731,617.5348709557612
2431.3439999999828,623.6287301979222,617.5348709557612
2432.0939999999828,623.4416262504799,617.5348709557612
2432.8439999999828,623.410521586633,617.5348709557612
2433.625,623.411122676036,617.5348709557612
2434.3899999999558,623.3931027079302,617.5348709557612
2435.155999999959,623.3869257361209,617.5348709557612
2435.8899999999558,623.3938190153572,617.5348709557612
2436.6719999999623,623.3839404432779,617.5348709557612
2437.4369999999763,623.3829588912004,617.5348709557612
2438.2339999999967,623.373137327561,617.5348709557612
2438.9839999999967,623.378111020954,617.5348709557612
2439.75,623.3773377465074,617.5348709557612
2440.5149999999558,623.3761990612044,617.5348709557612
2441.2649999999558,623.3835124821569,617.5348709557612
2442.0469999999623,623.3781856449507,617.5348709557612
2442.8119999999763,623.3663918863259,617.5348709557612
2443.6869999999763,623.3941953727737,617.5348709557612
2444.4369999999763,623.3500234369211,617.5348709557612
2445.1869999999763,623.351095176137,617.5348709557612
2445.9219999999623,623.3436272696689,617.5348709557612
2446.6869999999763,623.3436699773116,617.5348709557612
2447.4219999999623,623.3349476138908,617.5348709557612
2448.1719999999623,623.3492729255161,617.5348709557612
2448.9369999999763,623.3360814980375,617.5348709557612
2449.6869999999763,623.3362890941685,617.5348709557612
2450.4529999999795,623.3310454455051,617.5348709557612
2451.25,623.3348286119981,617.5348709557612
2451.9839999999967,623.3467551077944,617.5348709557612
2452.75,623.3399535200215,617.5348709557612
2453.5,623.3448913616849,617.5348709557612
2454.2649999999558,623.3342953721034,617.5348709557612
2455.030999999959,623.3326008116795,617.5348709557612
2455.780999999959,623.3306549478975,617.5348709557612
2456.530999999959,623.3805688989772,617.5348709557612
2457.280999999959,623.4084557513768,617.5348709557612
2458.030999999959,623.4126118279924,617.5348709557612
2458.7649999999558,623.4017824418133,617.5348709557612
2459.5,623.4012153718246,617.5348709557612
2460.25,623.3920038805027,617.5348709557612
2460.9839999999967,623.3925678870058,617.5348709557612
2461.7339999999967,623.3938843059643,617.5348709557612
2462.5,623.3851269602178,617.5348709557612
2463.2649999999558,623.3856883793841,617.5348709557612
2464.030999999959,623.3820888314588,617.5348709557612
2464.7969999999623,623.3757987109531,617.5348709557612
2465.5469999999623,623.3842874789478,617.5348709557612
2466.3119999999763,623.3761646582299,617.5348709557612
2467.0779999999795,623.3789080897545,617.5348709557612
2467.8279999999795,623.3740311408495,617.5348709557612
2468.5939999999828,623.3900184952089,617.5348709557612
2469.375,623.3732813165168,617.5348709557612
2470.1399999999558,623.3495477488974,617.5348709557612
2470.905999999959,623.3441220565538,617.5348709557612
2471.6719999999623,623.3482486279821,617.5348709557612
2472.4219999999623,623.3532111156894,617.5348709557612
2473.2029999999795,623.3404449868538,617.5348709557612
2473.9839999999967,623.33831391782,617.5348709557612
2474.7339999999967,623.3420794655203,617.5348709557612
2475.5,623.3520039140207,617.5348709557612
2476.25,623.3655111848914,617.5348709557612
2477.0,623.3651243995643,617.5348709557612
2477.7649999999558,623.3514724189585,617.5348709557612
2478.530999999959,623.3548523662289,617.5348709557612
2479.2649999999558,623.3406177744893,617.5348709557612
2480.030999999959,623.3426023787748,617.5348709557612
2480.8119999999763,623.3450817658387,617.5348709557612
2481.5619999999763,623.3356541245773,617.5348709557612
2482.3119999999763,623.3464318823229,617.5348709557612
2483.0779999999795,623.3454270794606,617.5348709557612
2483.8279999999795,623.3407156594113,617.5348709557612
2484.5939999999828,623.3443532057274,617.5348709557612
2485.3589999999967,623.3448948697285,617.5348709557612
2486.125,623.3455317038548,617.5348709557612
2486.8589999999967,623.3302220254276,617.5348709557612
2487.6089999999967,623.3405976736137,617.5348709557612
2488.375,623.3352061273399,617.5348709557612
2489.1089999999967,623.3384890493712,617.5348709557612
2489.875,623.3439491388982,617.5348709557612
2490.6399999999558,623.3420908280859,617.5348709557612
2491.3899999999558,623.344910332898,617.5348709557612
2492.1719999999623,623.3345614585442,617.5348709557612
2492.9369999999763,623.3380243768677,617.5348709557612
2493.7029999999795,623.3341509939506,617.5348709557612
2494.4529999999795,623.3368656221429,617.5348709557612
2495.2189999999828,623.3397933389109,617.5348709557612
2495.9689999999828,623.3320735594999,617.5348709557612
2496.7339999999967,623.3357021676916,617.5348709557612
2497.4839999999967,623.3309985971625,617.5348709557612
2498.25,623.3404183207831,617.5348709557612
2499.030999999959,623.3404765984264,617.5348709557612
2499.7969999999623,623.3413300031881,617.5348709557612
2500.5619999999763,623.3420560172309,617.5348709557612
2501.3279999999795,623.3338328324576,617.5348709557612
2502.0939999999828,623.3329095111214,617.5348709557612
2502.8279999999795,623.3429046418869,617.5348709557612
2503.75,623.3444935790243,617.5348709557612
2504.5,623.3414541954129,617.5348709557612
2505.2649999999558,623.3400657854409,617.5348709557612
2506.0149999999558,623.3339866952845,617.5348709557612
2506.75,623.336530371814,617.5348709557612
2507.4839999999967,623.3399412026657,617.5348709557612
2508.25,623.3393888118484,617.5348709557612
2509.0,623.3396323919769,617.5348709557612
2509.7339999999967,623.3323157576777,617.5348709557612
2510.4839999999967,623.3435051173277,617.5348709557612
2511.25,623.3379675682796,617.5348709557612
2512.0,623.3371236969176,617.5348709557612
2512.7339999999967,623.3379577480856,617.5348709557612
2513.4839999999967,623.3348367552927,617.5348709557612
2514.2189999999828,623.3399086782136,617.5348709557612
2514.9689999999828,623.3372803988251,617.5348709557612
2515.7189999999828,623.334887070987,617.5348709557612
2516.4689999999828,623.3438425464575,617.5348709557612
2517.25,623.3363374762362,617.5348709557612
2518.0149999999558,623.3292604475922,617.5348709557612
2518.7649999999558,623.335812668779,617.5348709557612
2519.5,623.3378589266069,617.5348709557612
2520.2649999999558,623.3411273223664,617.5348709557612
2521.0469999999623,623.33847575607,617.5348709557612
2521.7969999999623,623.3388071965793,617.5348709557612
2522.530999999959,623.3338415443313,617.5348709557612
2523.280999999959,623.3311466729917,617.5348709557612
2524.0469999999623,623.3339417503431,617.5348709557612
2524.780999999959,623.3313293331846,617.5348709557612
2525.530999999959,623.3303078192597,617.5348709557612
2526.280999999959,623.3433339266024,617.5348709557612
2527.0469999999623,623.3356754370358,617.5348709557612
2527.8119999999763,623.3402216230547,617.5348709557612
2528.5619999999763,621.9204303031448,617.5348709557612
2529.3279999999795,623.3376940801119,617.5348709557612
2530.1089999999967,623.3394667138019,617.5348709557612
2530.875,623.3265282904521,617.5348709557612
2531.6399999999558,623.3426928659632,617.5348709557612
2532.3899999999558,623.3387533268311,617.5348709557612
2533.155999999959,623.3265461131763,617.5348709557612
2533.905999999959,623.3321078033356,617.5348709557612
2534.6719999999623,623.3307630263957,617.5348709557612
2535.405999999959,623.3362527619344,617.5348709557612
2536.155999999959,623.342530984286,617.5348709557612
2536.905999999959,623.3357455847947,617.5348709557612
2537.6719999999623,623.3351833057948,617.5348709557612
2538.4369999999763,623.3300819415743,617.5348709557612
2539.2029999999795,623.3277011164092,617.5348709557612
2539.9689999999828,623.3380953148674,617.5348709557612
2540.7189999999828,623.3351214539006,617.5348709557612
2541.4839999999967,623.3278570154463,617.5348709557612
2542.25,623.3305112880644,617.5348709557612
2543.0,623.341252586705,617.5348709557612
2543.780999999959,623.3371930683874,617.5348709557612
2544.5469999999623,623.3391529820441,617.5348709557612
2545.2969999999623,623.3278571862564,617.5348709557612
2546.0619999999763,623.3344682532239,617.5348709557612
2546.8119999999763,623.3324073799301,617.5348709557612
2547.5619999999763,623.3370528260508,617.5348709557612
2548.3439999999828,623.3422462124488,617.5348709557612
2549.0939999999828,623.3464876612844,617.5348709557612
2549.8589999999967,623.3396297679013,617.5348709557612
2550.5939999999828,623.3420135123903,617.5348709557612
2551.3439999999828,623.3358693397055,617.5348709557612
2552.0939999999828,623.3336797881527,617.5348709557612
2552.8589999999967,623.3332319127818,617.5348709557612
2553.625,623.340126107895,617.5348709557612
2554.3589999999967,623.3373512141342,617.5348709557612
2555.1089999999967,623.3354849715388,617.5348709557612
2555.875,623.3410399430322,617.5348709557612
2556.625,623.3402708169756,617.5348709557612
2557.3589999999967,623.3367116408158,617.5348709557612
2558.125,623.3371099715002,617.5348709557612
2558.875,623.3350634443742,617.5348709557612
2559.655999999959,623.3421922943885,617.5348709557612
2560.405999999959,623.3285803474452,617.5348709557612
2561.155999999959,623.3327068528348,617.5348709557612
2561.9219999999623,623.3245665952592,617.5348709557612
2562.6869999999763,623.3454352150287,617.5348709557612
2563.4689999999828,623.3341728343272,617.5348709557612
2564.2189999999828,623.3306170294101,617.5348709557612
2564.9529999999795,623.3423842513131,617.5348709557612
2565.7029999999795,623.3306067581003,617.5348709557612
2566.4529999999795,623.3396982475039,617.5348709557612
2567.2189999999828,623.341530495261,617.5348709557612
2567.9839999999967,623.3309356259556,617.5348709557612
2568.75,623.338622415484,617.5348709557612
2569.5149999999558,623.3334098403668,617.5348709557612
2570.25,623.3263519495085,617.5348709557612
2571.0149999999558,623.3361044197696,617.5348709557612
2571.780999999959,623.3305817787311,617.5348709557612
2572.5149999999558,623.3324771892023,617.5348709557612
2573.280999999959,623.3442752228418,617.5348709557612
2574.0469999999623,623.329449052743,617.5348709557612
2574.8119999999763,623.3336857149734,617.5348709557612
2575.6719999999623,623.3383747391308,617.5348709557612
2576.4369999999763,623.3366366265437,617.5348709557612
2577.2029999999795,623.3569874903255,617.5348709557612
2578.0,623.3893196589344,617.5348709557612
2578.7649999999558,623.4446898438944,617.5348709557612
2579.5149999999558,623.4891445339829,617.5348709557612
2580.280999999959,623.5067527039798,617.5348709557612
2581.0149999999558,623.5252203982948,617.5348709557612
2581.7649999999558,623.5441453916038,617.5348709557612
2582.5149999999558,623.5605424109157,617.5348709557612
2583.2649999999558,623.5701086340233,617.5348709557612
2584.0,623.5747264680844,617.5348709557612
2584.75,623.5832440910774,617.5348709557612
2585.4839999999967,623.5933669684617,617.5348709557612
2586.280999999959,623.5969830053588,617.5348709557612
2587.0149999999558,623.5938212372362,617.5348709557612
2587.7649999999558,623.6174745970613,617.5348709557612
2588.5,623.6220169395547,617.5348709557612
2589.2649999999558,623.63760889559,617.5348709557612
2590.030999999959,623.638158453652,617.5348709557612
2590.7969999999623,623.630276407062,617.5348709557612
2591.530999999959,623.6378283928135,617.5348709557612
2592.2649999999558,623.6274735665611,617.5348709557612
2593.0149999999558,623.6158990837116,617.5348709557612
2593.7649999999558,623.6284481044513,617.5348709557612
2594.5,623.6211237677226,617.5348709557612
2595.25,623.612249344369,617.5348709557612
2596.0,623.6121626037507,617.5348709557612
2596.7339999999967,623.6164082439807,617.5348709557612
2597.5,623.6066358875056,617.5348709557612
2598.2649999999558,623.6094986437973,617.5348709557612
2599.030999999959,623.6065392984639,617.5348709557612
2599.7969999999623,623.6129961325165,617.5348709557612
2600.5779999999795,623.6016253491346,617.5348709557612
2601.3439999999828,623.6064560278895,617.5348709557612
2602.1089999999967,623.6000820232888,617.5348709557612
2602.875,623.6011689009285,617.5348709557612
2603.6399999999558,623.6162457019908,617.5348709557612
2604.405999999959,623.4530635138976,617.5348709557612
2605.1719999999623,623.4229333900556,617.5348709557612
2605.9529999999795,623.4044680273054,617.5348709557612
2606.7029999999795,623.3900706129683,617.5348709557612
2607.4529999999795,623.3942261400202,617.5348709557612
2608.1869999999763,623.3772294297347,617.5348709557612
2608.9689999999828,623.3779279076481,617.5348709557612
2609.7029999999795,623.3814587354572,617.5348709557612
2610.4689999999828,623.3691776094078,617.5348709557612
2611.25,623.3777441089067,617.5348709557612
2612.0149999999558,623.3791944973904,617.5348709557612
2612.780999999959,623.3725853598147,617.5348709557612
2613.530999999959,623.3765876931639,617.5348709557612
2614.3119999999763,623.3680474869199,617.5348709557612
2615.0779999999795,623.367733536696,617.5348709557612
2615.8589999999967,623.3794565972743,617.5348709557612
2616.625,623.3781941038379,617.5348709557612
2617.3899999999558,623.343407702793,617.5348709557612
2618.155999999959,623.3483400891192,617.5348709557612
2618.9219999999623,623.329835964243,617.5348709557612
2619.6869999999763,623.3375684890224,617.5348709557612
2620.4529999999795,623.3414619378698,617.5348709557612
2621.2189999999828,623.3350210135121,617.5348709557612
2621.9689999999828,623.3378992631741,617.5348709557612
2622.7189999999828,623.3313660362525,617.5348709557612
2623.6719999999623,623.3354792041877,617.5348709557612
2624.4369999999763,623.3355861722529,617.5348709557612
2625.2029999999795,623.3363079137046,617.5348709557612
2625.9689999999828,623.3349356561073,617.5348709557612
2626.7339999999967,623.3246810191407,617.5348709557612
2627.5149999999558,623.3417999319024,617.5348709557612
2628.25,623.3391780440684,617.5348709557612
2628.9839999999967,623.3524949128338,617.5348709557612
2629.7339999999967,623.4003244092274,617.5348709557612
2630.4839999999967,623.3999605789356,617.5348709557612
2631.25,623.3893117698886,617.5348709557612
2632.0149999999558,623.3836708210292,617.5348709557612
2632.7649999999558,623.3843605778616,617.5348709557612
2633.5149999999558,623.37719276709,617.5348709557612
2634.280999999959,623.3832166442153,617.5348709557612
2635.0469999999623,623.376418487927,617.5348709557612
2635.7969999999623,623.379903412258,617.5348709557612
2636.5619999999763,623.3742398050698,617.5348709557612
2637.3119999999763,623.3759968206377,617.5348709557612
2638.0469999999623,623.3843934419612,617.5348709557612
2638.7969999999623,623.3858192445778,617.5348709557612
2639.5469999999623,623.3802665397538,617.5348709557612
2640.2969999999623,623.3667754103614,617.5348709557612
2641.0619999999763,623.3822108470453,617.5348709557612
2641.8119999999763,623.4035725459379,617.5348709557612
2642.5779999999795,623.3573816479794,617.5348709557612
2643.3279999999795,623.3486544228259,617.5348709557612
2644.0939999999828,623.3440604038952,617.5348709557612
2644.8439999999828,623.3427805419925,617.5348709557612
2645.6089999999967,623.3375060692117,617.5348709557612
2646.375,623.3475821960062,617.5348709557612
2647.155999999959,623.3409709050767,617.5348709557612
2647.905999999959,623.3473621422248,617.5348709557612
2648.655999999959,623.3577412016692,617.5348709557612
2649.3899999999558,623.3613049908416,617.5348709557612
2650.155999999959,623.3559571505587,617.5348709557612
2650.9219999999623,623.3448350993212,617.5348709557612
2651.6869999999763,623.3431893013924,617.5348709557612
2652.4689999999828,623.3438743933558,617.5348709557612
2653.2339999999967,623.3456669094763,617.5348709557612
2654.0149999999558,623.3412254209727,617.5348709557612
2654.75,623.3440454382112,617.5348709557612
2655.5149999999558,623.3336795877232,617.5348709557612
2656.280999999959,623.3330070457275,617.5348709557612
2657.0149999999558,623.3379657708766,617.5348709557612
2657.7649999999558,623.3409725747215,617.5348709557612
2658.5149999999558,623.3424261553774,617.5348709557612
2659.280999999959,623.3422323438559,617.5348709557612
2660.030999999959,623.3464385712524,617.5348709557612
2660.7969999999623,623.3295734452274,617.5348709557612
2661.5779999999795,623.3314834970477,617.5348709557612
2662.3279999999795,623.3599645153903,617.5348709557612
2663.0939999999828,623.4071292613112,617.5348709557612
2663.875,623.4846914713087,617.5348709557612
2664.625,623.5094024322743,617.5348709557612
2665.3589999999967,623.5404559585958,617.5348709557612
2666.1399999999558,623.5634972621898,617.5348709557612
2666.8899999999558,623.578280376082,617.5348709557612
2667.6719999999623,623.5766197051012,617.5348709557612
2668.4369999999763,623.5970395386889,617.5348709557612
2669.2029999999795,623.6100790416625,617.5348709557612
2669.9689999999828,623.5996004555032,617.5348709557612
2670.7339999999967,623.6205940999976,617.5348709557612
2671.655999999959,623.6264157706272,617.5348709557612
2672.3899999999558,623.6286164685064,617.5348709557612
2673.125,623.6374527408851,617.5348709557612
2673.875,623.6450920313533,617.5348709557612
2674.625,623.6504953902697,617.5348709557612
2675.375,623.6413227091023,617.5348709557612
2676.125,623.6553675401304,617.5348709557612
2676.8589999999967,623.6570098901434,617.5348709557612
2677.5939999999828,623.6539427977123,617.5348709557612
2678.3439999999828,623.6628214236783,617.5348709557612
2679.0939999999828,623.665771714484,617.5348709557612
2679.8279999999795,623.6602304226847,617.5348709557612
2680.5939999999828,623.6596649620503,617.5348709557612
2681.375,623.6545074431555,617.5348709557612
2682.1399999999558,623.6664140035515,617.5348709557612
2682.875,623.6711566719187,617.5348709557612
2683.6869999999763,623.6699559341938,617.5348709557612
2684.4529999999795,623.6776468445717,617.5348709557612
2685.1869999999763,623.6729929091497,617.5348709557612
2685.9369999999763,623.6733080023912,617.5348709557612
2686.6869999999763,623.6714654795671,617.5348709557612
2687.4219999999623,623.6701048725885,617.5348709557612
2688.2029999999795,623.6793531745818,617.5348709557612
2688.9529999999795,623.6757184277583,617.5348709557612
2689.7029999999795,623.6879950679481,617.5348709557612
2690.4689999999828,623.6745076280074,617.5348709557612
2691.25,623.687184916335,617.5348709557612
2692.0149999999558,623.682879874749,617.5348709557612
2692.780999999959,623.6827032599906,617.5348709557612
2693.530999999959,623.6814953159264,617.5348709557612
2694.280999999959,623.681802693803,617.5348709557612
2695.0619999999763,623.689952243502,617.5348709557612
2695.7969999999623,623.6900460162193,617.5348709557612
2696.5469999999623,623.6942927026007,617.5348709557612
2697.3119999999763,623.6873136430413,617.5348709557612
2698.0469999999623,623.6954989594979,617.5348709557612
2698.7969999999623,623.691706569753,617.5348709557612
2699.5469999999623,623.7051029676405,617.5348709557612
2700.2969999999623,623.6925392077163,617.5348709557612
2701.0619999999763,623.699031718515,617.5348709557612
2701.8119999999763,623.6904173305243,617.5348709557612
2702.5939999999828,623.6963376042743,617.5348709557612
2703.3439999999828,623.6989237913629,617.5348709557612
2704.125,623.7000342256949,617.5348709557612
2704.8589999999967,623.6873443319167,617.5348709557612
2705.6089999999967,623.703093251027,617.5348709557612
2706.375,623.7061194325943,617.5348709557612
2707.1719999999623,623.6942265853199,617.5348709557612
2707.905999999959,623.6990859287818,617.5348709557612
2708.655999999959,623.6983348621991,617.5348709557612
2709.3899999999558,623.7056828342144,617.5348709557612
2710.1399999999558,623.7079823328506,617.5348709557612
2710.8899999999558,623.6961312684974,617.5348709557612
2711.625,623.7027049995277,617.5348709557612
2712.3899999999558,623.7040129939317,617.5348709557612
2713.1719999999623,623.6978759375404,617.5348709557612
2713.905999999959,623.7024212890685,617.5348709557612
2714.655999999959,623.710832117505,617.5348709557612
2715.3899999999558,623.7055926311322,617.5348709557612
2716.155999999959,623.7036935909207,617.5348709557612
2716.9219999999623,623.701006173612,617.5348709557612
2717.6719999999623,623.7056910888585,617.5348709557612
2718.4219999999623,623.7122012763033,617.5348709557612
2719.155999999959,623.7008115248866,617.5348709557612
2719.9219999999623,623.7096172032063,617.5348709557612
2720.6869999999763,623.7124970505323,617.5348709557612
2721.4529999999795,623.7073455580795,617.5348709557612
2722.1869999999763,623.7065906499713,617.5348709557612
2722.9369999999763,623.7043167341387,617.5348709557612
2723.7029999999795,623.714127427205,617.5348709557612
2724.4689999999828,623.7166801237829,617.5348709557612
2725.2189999999828,623.708750068912,617.5348709557612
2725.9839999999967,623.7074002315497,617.5348709557612
2726.75,623.7169986116688,617.5348709557612
2727.530999999959,623.7158490235939,617.5348709557612
2728.2969999999623,623.7115424449115,617.5348709557612
2729.0469999999623,623.7086392288762,617.5348709557612
2729.7969999999623,623.7326668871924,617.5348709557612
2730.530999999959,623.7384063339282,617.5348709557612
2731.280999999959,623.7387969642461,617.5348709557612
2732.030999999959,623.7234742737375,617.5348709557612
2732.7969999999623,623.7274749533093,617.5348709557612
2733.5469999999623,623.7226548031442,617.5348709557612
2734.280999999959,623.703876092617,617.5348709557612
2735.0469999999623,623.7032145263274,617.5348709557612
2735.8279999999795,623.6955847400169,617.5348709557612
2736.5619999999763,623.6998807023882,617.5348709557612
2737.2969999999623,623.6976651642777,617.5348709557612
2738.0619999999763,623.6966505153358,617.5348709557612
2738.8279999999795,623.6858038667616,617.5348709557612
2739.5779999999795,623.69874205234,617.5348709557612
2740.3279999999795,623.6922831308638,617.5348709557612
2741.0779999999795,623.6847765946819,617.5348709557612
2741.8119999999763,623.6984879137148,617.5348709557612
2742.5619999999763,623.6884037212707,617.5348709557612
2743.3279999999795,623.6838589749926,617.5348709557612
2744.0939999999828,623.6900799235648,617.5348709557612
2744.8589999999967,623.6886585549119,617.5348709557612
2745.5939999999828,623.6865949391689,617.5348709557612
2746.3279999999795,623.6906321699079,617.5348709557612
2747.0939999999828,623.6915079721366,617.5348709557612
2747.8439999999828,623.6900532540552,617.5348709557612
2748.5939999999828,623.6854338684768,617.5348709557612
2749.3439999999828,623.6855348017024,617.5348709557612
2750.0779999999795,623.6879897938994,617.5348709557612
2750.8439999999828,623.6795143645193,617.5348709557612
2751.6089999999967,623.6834044045576,617.5348709557612
2752.375,623.6816020859219,617.5348709557612
2753.1399999999558,623.6890450037121,617.5348709557612
2753.9219999999623,623.6827094914615,617.5348709557612
2754.6719999999623,623.6742542404082,617.5348709557612
2755.4529999999795,623.6739840380612,617.5348709557612
2756.2189999999828,623.680225955748,617.5348709557612
2756.9689999999828,623.6830018200801,617.5348709557612
2757.7029999999795,623.6869452459741,617.5348709557612
2758.4689999999828,623.678231121474,617.5348709557612
2759.2189999999828,623.6755540251474,617.5348709557612
2759.9529999999795,623.6806985916104,617.5348709557612
2760.7189999999828,623.6739304868908,617.5348709557612
2761.4839999999967,623.6751845899794,617.5348709557612
2762.2649999999558,623.6782635516303,617.5348709557612
2763.0,623.6820215931137,617.5348709557612
2763.7339999999967,623.6722168696476,617.5348709557612
2764.5149999999558,623.6735073216576,617.5348709557612
2765.2969999999623,623.6805684104025,617.5348709557612
2766.0469999999623,623.663010023929,617.5348709557612
2766.7969999999623,623.6832142502324,617.5348709557612
2767.6719999999623,623.6773801286213,617.5348709557612
2768.405999999959,623.6733924669593,617.5348709557612
2769.155999999959,623.6703603891501,617.5348709557612
2769.8899999999558,623.6802821099496,617.5348709557612
2770.6719999999623,623.6749517489799,617.5348709557612
2771.4369999999763,623.6715526172467,617.5348709557612
2772.1719999999623,623.6748002609834,617.5348709557612
2772.9529999999795,623.6827913917105,617.5348709557612
2773.7189999999828,623.6807191977907,617.5348709557612
2774.4839999999967,623.6703408221443,617.5348709557612
2775.2339999999967,623.6695599831983,617.5348709557612
2776.0,623.6692857785167,617.5348709557612
2776.75,623.6690413617642,617.5348709557612
2777.5,623.6708926751267,617.5348709557612
2778.2339999999967,623.666659508243,617.5348709557612
2778.9839999999967,623.6684563548815,617.5348709557612
2779.7339999999967,623.6658676458391,617.5348709557612
2780.5,623.6604441529909,617.5348709557612
2781.25,623.6642412028294,617.5348709557612
2782.0149999999558,623.6729467280182,617.5348709557612
2782.7649999999558,623.6653595158358,617.5348709557612
2783.5,623.6526775767076,617.5348709557612
2784.25,623.6585544567967,617.5348709557612
2785.030999999959,623.6566858678198,617.5348709557612
2785.7969999999623,623.6654994198589,617.5348709557612
2786.5469999999623,623.6682293488392,617.5348709557612
2787.3119999999763,623.6690002908377,617.5348709557612
2788.0779999999795,623.6705018985224,617.5348709557612
2788.8439999999828,623.6620603437221,617.5348709557612
2789.5939999999828,623.6731386814245,617.5348709557612
2790.375,623.6660988601158,617.5348709557612
2791.125,623.6715534181067,617.5348709557612
2791.905999999959,623.6840951090692,617.5348709557612
2792.6719999999623,623.6319652417872,617.5348709557612
2793.405999999959,623.4378414930732,617.5348709557612
2794.1869999999763,623.4138244472035,617.5348709557612
2794.9369999999763,623.4104196035285,617.5348709557612
2795.6719999999623,623.3923161236141,617.5348709557612
2796.4219999999623,623.3833695034341,617.5348709557612
2797.2189999999828,623.3756624447454,617.5348709557612
2797.9839999999967,623.3884997124243,617.5348709557612
2798.75,623.3817015869084,617.5348709557612
2799.5149999999558,623.3783574682003,617.5348709557612
2800.280999999959,623.3728119793838,617.5348709557612
2801.0149999999558,623.3755338109881,617.5348709557612
2801.75,623.3799377363175,617.5348709557612
2802.5149999999558,623.371224990156,617.5348709557612
2803.280999999959,623.378949103043,617.5348709557612
2804.0469999999623,623.3686126723892,617.5348709557612
2804.8119999999763,623.3980050986395,617.5348709557612
2805.5779999999795,623.3676290409485,617.5348709557612
2806.3439999999828,623.3475376688053,617.5348709557612
2807.1089999999967,623.3420074926065,617.5348709557612
2807.8589999999967,623.3390830756183,617.5348709557612
2808.5939999999828,623.3427913061095,617.5348709557612
2809.3439999999828,623.3419560285628,617.5348709557612
2810.0779999999795,623.3296610933627,617.5348709557612
2810.8279999999795,623.3419557390741,617.5348709557612
2811.5779999999795,623.3429884329898,617.5348709557612
2812.3439999999828,623.337947259709,617.5348709557612
2813.1089999999967,623.3369888089646,617.5348709557612
2813.8589999999967,623.337018721312,617.5348709557612
2814.625,623.334265605699,617.5348709557612
2815.375,623.3389903772819,617.5348709557612
2816.1719999999623,623.3423811347875,617.5348709557612
2816.905999999959,623.3372944211926,617.5348709557612
2817.655999999959,623.3439328482979,617.5348709557612
2818.405999999959,623.393542408884,617.5348709557612
2819.1719999999623,623.3970507098245,617.5348709557612
2819.9369999999763,623.3982195680196,617.5348709557612
2820.7029999999795,623.3914016169332,617.5348709557612
2821.4689999999828,623.3787923428864,617.5348709557612
2822.2339999999967,623.3863055289553,617.5348709557612
2823.0,623.3819462801741,617.5348709557612
2823.7649999999558,623.3858163922497,617.5348709557612
2824.530999999959,623.3825141148077,617.5348709557612
2825.280999999959,623.3819397361485,617.5348709557612
2826.0469999999623,623.372087705235,617.5348709557612
2826.8119999999763,623.3853592725537,617.5348709557612
2827.655999999959,623.38047464808,617.5348709557612
2828.4219999999623,623.3831532158822,617.5348709557612
2829.2339999999967,623.3808141073966,617.5348709557612
2830.0,623.3871070209593,617.5348709557612
2830.780999999959,623.3891890962785,617.5348709557612
2831.5469999999623,623.3473161739124,617.5348709557612
2832.3119999999763,623.3428335896725,617.5348709557612
2833.0939999999828,623.3426826323675,617.5348709557612
2833.8589999999967,623.3441066029205,617.5348709557612
2834.6089999999967,623.342731796357,617.5348709557612
2835.375,623.3384544458148,617.5348709557612
2836.155999999959,623.3440189837557,617.5348709557612
2836.905999999959,623.3366418420075,617.5348709557612
2837.6399999999558,623.3545505941146,617.5348709557612
2838.405999999959,623.3497413292471,617.5348709557612
2839.1399999999558,623.3487365831725,617.5348709557612
2839.905999999959,623.3495131424514,617.5348709557612
2840.655999999959,623.3360538572438,617.5348709557612
2841.405999999959,623.3563223266402,617.5348709557612
2842.1719999999623,623.348705430061,617.5348709557612
2842.9369999999763,623.3489412268116,617.5348709557612
2843.7029999999795,623.3371682393768,617.5348709557612
2844.4689999999828,623.3494627525054,617.5348709557612
2845.2339999999967,623.3488752662411,617.5348709557612
2845.9839999999967,623.3303334230058,617.5348709557612
2846.7189999999828,623.3320371774851,617.5348709557612
2847.4689999999828,623.3386898937129,617.5348709557612
2848.2189999999828,623.335964875891,617.5348709557612
2848.9529999999795,623.338515572043,617.5348709557612
2849.7189999999828,623.3450761914709,617.5348709557612
2850.4839999999967,623.338826222788,617.5348709557612
2851.25,623.3469115467929,617.5348709557612
2852.0149999999558,623.3724089426255,617.5348709557612
2852.780999999959,623.4663083069097,617.5348709557612
2853.530999999959,623.5061875726491,617.5348709557612
2854.3119999999763,623.5303748253966,617.5348709557612
2855.0779999999795,623.5554708289818,617.5348709557612
2855.8279999999795,623.5721646058958,617.5348709557612
2856.5939999999828,623.580477517085,617.5348709557612
2857.3589999999967,623.591418973565,617.5348709557612
2858.1089999999967,623.590821163551,617.5348709557612
2858.8439999999828,623.6114269922748,617.5348709557612
2859.5939999999828,623.6190807009921,617.5348709557612
2860.3279999999795,623.6239140746445,617.5348709557612
2861.0779999999795,623.6304900845989,617.5348709557612
2861.8279999999795,623.6263792761624,617.5348709557612
2862.5619999999763,623.6328264065518,617.5348709557612
2863.3279999999795,623.6379484875306,617.5348709557612
2864.0939999999828,623.6478777002559,617.5348709557612
2864.8279999999795,623.6462910521116,617.5348709557612
2865.6089999999967,623.6445380037061,617.5348709557612
2866.3589999999967,623.6533211678084,617.5348709557612
2867.1089999999967,623.6509806107168,617.5348709557612
2867.8589999999967,623.6563231834232,617.5348709557612
2868.5939999999828,623.6536307805869,617.5348709557612
2869.3439999999828,623.6619096268333,617.5348709557612
2870.0939999999828,623.6671795464583,617.5348709557612
2870.8279999999795,623.6661874378744,617.5348709557612
2871.5619999999763,623.6697400476959,617.5348709557612
2872.3119999999763,623.67286603763,617.5348709557612
2873.0619999999763,623.6612072215548,617.5348709557612
2873.8279999999795,623.6649085362513,617.5348709557612
2874.5779999999795,623.6718637653398,617.5348709557612
2875.3439999999828,623.6679047747713,617.5348709557612
2876.0939999999828,623.6747433946582,617.5348709557612
2876.8589999999967,623.6803420357151,617.5348709557612
2877.625,623.6815716442111,617.5348709557612
2878.3899999999558,623.6810434333231,617.5348709557612
2879.1399999999558,623.6841696432887,617.5348709557612
2879.8899999999558,623.6827816088098,617.5348709557612
2880.625,623.6903649917228,617.5348709557612
2881.3899999999558,623.6748865535864,617.5348709557612
2882.125,623.6852418106836,617.5348709557612
2882.875,623.6844267052015,617.5348709557612
2883.625,623.6892825198339,617.5348709557612
2884.375,623.6827803548883,617.5348709557612
2885.125,623.6937936103756,617.5348709557612
2885.8899999999558,623.6956683606777,617.5348709557612
2886.655999999959,623.6784647675037,617.5348709557612
2887.3899999999558,623.6955913813431,617.5348709557612
2888.125,623.6988942111129,617.5348709557612
2888.875,623.7036469231696,617.5348709557612
2889.625,623.6907673128104,617.5348709557612
2890.3589999999967,623.6860121296123,617.5348709557612
2891.0939999999828,623.7013166868559,617.5348709557612
2891.8439999999828,623.7028747151962,617.5348709557612
2892.5939999999828,623.706256790653,617.5348709557612
2893.3439999999828,623.6949519374216,617.5348709557612
2894.1089999999967,623.7015368110001,617.5348709557612
2894.8589999999967,623.7015287358538,617.5348709557612
2895.5939999999828,623.6967787475037,617.5348709557612
2896.3279999999795,623.7032365012182,617.5348709557612
2897.0779999999795,623.687371238399,617.5348709557612
2897.8279999999795,623.6990328584136,617.5348709557612
2898.5939999999828,623.698848010472,617.5348709557612
2899.3439999999828,623.6940875113744,617.5348709557612
2900.0939999999828,623.6954093996032,617.5348709557612
2900.8279999999795,623.706831923826,617.5348709557612
2901.5779999999795,623.7039242394044,617.5348709557612
2902.3119999999763,623.705852617458,617.5348709557612
2903.0619999999763,623.6995433803547,617.5348709557612
2903.8279999999795,623.7066203502152,617.5348709557612
2904.5779999999795,623.7031246455919,617.5348709557612
2905.3119999999763,623.6962088475275,617.5348709557612
2906.0619999999763,623.7212256083875,617.5348709557612
2906.8119999999763,623.6981356480785,617.5348709557612
2907.5469999999623,623.7129805512586,617.5348709557612
2908.2969999999623,623.715196573371,617.5348709557612
2909.0469999999623,623.7006073522061,617.5348709557612
2909.8279999999795,623.7225663892448,617.5348709557612
2910.5939999999828,623.7070106755559,617.5348709557612
2911.3439999999828,623.7064993841567,617.5348709557612
2912.0939999999828,623.7098652544017,617.5348709557612
2912.8439999999828,623.7142101024311,617.5348709557612
2913.5939999999828,623.7038923835171,617.5348709557612
2914.3589999999967,623.7182538887103,617.5348709557612
2915.125,623.7124782203291,617.5348709557612
2915.8589999999967,623.7105556598049,617.5348709557612
2916.6089999999967,623.7106759857858,617.5348709557612
2917.375,623.709817737475,617.5348709557612
2918.1399999999558,623.7159387083836,617.5348709557612
2918.8899999999558,623.7254230501206,617.5348709557612
2919.625,623.7283493911592,617.5348709557612
2920.3589999999967,623.7311246505465,617.5348709557612
2921.155999999959,623.7210400206252,617.5348709557612
2921.905999999959,623.7130943613261,617.5348709557612
2922.655999999959,623.7079118027804,617.5348709557612
2923.4529999999795,623.699310266714,617.5348709557612
2924.25,623.6907185973151,617.5348709557612
2924.9839999999967,623.7025528204933,617.5348709557612
2925.7189999999828,623.6982060873852,617.5348709557612
2926.4689999999828,623.6963161963964,617.5348709557612
2927.2189999999828,623.6976782960484,617.5348709557612
2927.9689999999828,623.6893521865849,617.5348709557612
2928.7029999999795,623.6856736785523,617.5348709557612
2929.4689999999828,623.6918769670974,617.5348709557612
2930.25,623.6936274655859,617.5348709557612
2931.0149999999558,623.6978138499039,617.5348709557612
2931.780999999959,623.6879957546994,617.5348709557612
2932.530999999959,623.6993384157932,617.5348709557612
2933.2649999999558,623.6827135422016,617.5348709557612
2934.030999999959,623.6823001032994,617.5348709557612
2934.780999999959,623.6826615383218,617.5348709557612
2935.6869999999763,623.6859272517196,617.5348709557612
2936.4369999999763,623.684018894273,617.5348709557612
2937.2029999999795,623.6797752031633,617.5348709557612
2937.9689999999828,623.6881801360929,617.5348709557612
2938.7339999999967,623.6855571302198,617.5348709557612
2939.4689999999828,623.6868099837228,617.5348709557612
2940.2339999999967,623.6812155717877,617.5348709557612
2941.0149999999558,623.6857349223147,617.5348709557612
2941.7649999999558,623.6722348022727,617.5348709557612
2942.5469999999623,623.6718701229404,617.5348709557612
2943.3119999999763,623.6816074193083,617.5348709557612
2944.0469999999623,623.6773586757623,617.5348709557612
2944.7969999999623,623.6817491649975,617.5348709557612
2945.5619999999763,623.680470134898,617.5348709557612
2946.3279999999795,623.6748931923964,617.5348709557612
2947.0939999999828,623.6781603185559,617.5348709557612
2947.8589999999967,623.6710975226424,617.5348709557612
2948.6089999999967,623.6851551346437,617.5348709557612
2949.3589999999967,623.6795090375956,617.5348709557612
2950.125,623.6660761247128,617.5348709557612
2950.875,623.6703988144618,617.5348709557612
2951.6399999999558,623.6785034549314,617.5348709557612
2952.405999999959,623.6704496547218,617.5348709557612
2953.1869999999763,623.6863833984736,617.5348709557612
2953.9529999999795,623.6590115583734,617.5348709557612
2954.7029999999795,623.6737826026028,617.5348709557612
2955.4369999999763,623.6763121442325,617.5348709557612
2956.2339999999967,623.67488194384,617.5348709557612
2956.9689999999828,623.6677761545856,617.5348709557612
2957.7189999999828,623.6699862042349,617.5348709557612
2958.4689999999828,623.6726661704586,617.5348709557612
2959.25,623.665379227605,617.5348709557612
2959.9839999999967,623.6680590061535,617.5348709557612
2960.7189999999828,623.6772534006711,617.5348709557612
2961.4689999999828,623.6708521890058,617.5348709557612
2962.2339999999967,623.6680262123698,617.5348709557612
2963.0149999999558,623.6732543112817,617.5348709557612
2963.780999999959,623.6695239658465,617.5348709557612
2964.5149999999558,623.671226499902,617.5348709557612
2965.2649999999558,623.6743423323136,617.5348709557612
2966.0,623.6626806101508,617.5348709557612
2966.75,623.6707269259934,617.5348709557612
2967.5149999999558,623.6614292271612,617.5348709557612
2968.2649999999558,623.6703626087084,617.5348709557612
2969.030999999959,623.660750986213,617.5348709557612
2969.7649999999558,623.6726896134512,617.5348709557612
2970.5149999999558,623.6704766053219,617.5348709557612
2971.25,623.6688308271698,617.5348709557612
2972.0149999999558,623.6640201190987,617.5348709557612
2972.780999999959,623.6691766675611,617.5348709557612
2973.530999999959,623.6655013918065,617.5348709557612
2974.2969999999623,623.6676564384638,617.5348709557612
2975.030999999959,623.6700134354817,617.5348709557612
2975.780999999959,623.6625200705498,617.5348709557612
2976.5469999999623,623.6620397046682,617.5348709557612
2977.2969999999623,623.6674136296385,617.5348709557612
2978.0469999999623,623.6623315214741,617.5348709557612
2978.780999999959,623.6692243915193,617.5348709557612
2979.5469999999623,623.6664540722445,617.5348709557612
2980.3119999999763,623.6617086521824,617.5348709557612
2981.0619999999763,623.6710712994435,617.5348709557612
2981.8279999999795,623.6521015344618,617.5348709557612
2982.5779999999795,623.4518802538163,617.5348709557612
2983.3439999999828,623.4095943650024,617.5348709557612
2984.0939999999828,623.3981364597873,617.5348709557612
2984.875,623.38146249457,617.5348709557612
2985.625,623.3839772689405,617.5348709557612
2986.405999999959,623.3773576728588,617.5348709557612
2987.1719999999623,623.3756385909196,617.5348709557612
2987.9529999999795,623.3774867404755,617.5348709557612
2988.7029999999795,623.375261397162,617.5348709557612
2989.4689999999828,623.3740853289647,617.5348709557612
2990.2189999999828,623.3684086587555,617.5348709557612
2990.9839999999967,623.3748062337671,617.5348709557612
2991.75,623.3766447806461,617.5348709557612
2992.5,623.37954816488,617.5348709557612
2993.2649999999558,623.3792114080803,617.5348709557612
2994.030999999959,623.3773095842962,617.5348709557612
2994.780999999959,623.3862737406535,617.5348709557612
2995.6719999999623,623.3453165929716,617.5348709557612
2996.4529999999795,623.3384069254415,617.5348709557612
2997.2189999999828,623.3456617034781,617.5348709557612
2997.9839999999967,623.3315454832821,617.5348709557612
2998.75,623.3351138579065,617.5348709557612
2999.530999999959,623.3329847512861,617.5348709557612
3000.2969999999623,623.3443818091224,617.5348709557612
3001.0779999999795,623.353494633048,617.5348709557612
3001.8589999999967,623.3637731912515,617.5348709557612
3002.625,623.3583139571448,617.5348709557612
3003.3899999999558,623.3480203679796,617.5348709557612
3004.125,623.3464050801961,617.5348709557612
3004.875,623.3453935572606,617.5348709557612
3005.655999999959,623.3385124859892,617.5348709557612
3006.3899999999558,623.3421016047873,617.5348709557612
3007.125,623.3346348716485,617.5348709557612
3007.8899999999558,623.3456798641396,617.5348709557612
3008.655999999959,623.3403510807558,617.5348709557612
3009.4369999999763,623.3419356573837,617.5348709557612
3010.2029999999795,623.341039357973,617.5348709557612
3010.9529999999795,623.340410386031,617.5348709557612
3011.7029999999795,623.325414935694,617.5348709557612
3012.4369999999763,623.3363691719229,617.5348709557612
3013.2029999999795,623.3474595482922,617.5348709557612
3013.9529999999795,623.3300105787612,617.5348709557612
3014.7029999999795,623.3381024190103,617.5348709557612
3015.4839999999967,623.3393097855295,617.5348709557612
3016.25,623.3364378824388,617.5348709557612
3017.0149999999558,623.3430183696986,617.5348709557612
3017.780999999959,623.3353935254182,617.5348709557612
3018.5469999999623,623.3385946835117,617.5348709557612
3019.2969999999623,623.3446543393591,617.5348709557612
3020.0469999999623,623.3373635639099,617.5348709557612
3020.8119999999763,623.3422444902492,617.5348709557612
3021.5779999999795,623.3419569621548,617.5348709557612
3022.3439999999828,623.3315109157338,617.5348709557612
3023.1089999999967,623.3316737336187,617.5348709557612
3023.8589999999967,623.3393073447714,617.5348709557612
3024.625,623.3361013442254,617.5348709557612
3025.3899999999558,623.3355902523407,617.5348709557612
3026.155999999959,623.3428043822113,617.5348709557612
3026.9219999999623,623.3425752949988,617.5348709557612
3027.6869999999763,623.3450155276566,617.5348709557612
3028.4369999999763,623.3386595164234,617.5348709557612
3029.2029999999795,623.3303298734396,617.5348709557612
3029.9529999999795,623.3386007541872,617.5348709557612
3030.7029999999795,623.3335465707064,617.5348709557612
3031.655999999959,623.3447708104605,617.5348709557612
3032.4219999999623,623.3401007449154,617.5348709557612
3033.1869999999763,623.3343916427096,617.5348709557612
3033.9369999999763,623.3373661012417,617.5348709557612
3034.6719999999623,623.3386497415413,617.5348709557612
3035.4369999999763,623.3328862637495,617.5348709557612
3036.2339999999967,623.3438921391771,617.5348709557612
3037.0,623.3350927009388,617.5348709557612
3037.780999999959,623.3264342995949,617.5348709557612
3038.530999999959,623.3369170092413,617.5348709557612
3039.3119999999763,623.3425504397466,617.5348709557612
3040.0469999999623,623.3440192723369,617.5348709557612
3040.7969999999623,623.3476501760877,617.5348709557612
3041.5619999999763,623.3365399758845,617.5348709557612
3042.3279999999795,623.3357222082769,617.5348709557612
3043.0619999999763,623.3372652842345,617.5348709557612
3043.8119999999763,623.341389667176,617.5348709557612
3044.5779999999795,623.3444113158521,617.5348709557612
3045.3279999999795,623.3279804099875,617.5348709557612
3046.0779999999795,623.3273348445538,617.5348709557612
3046.8279999999795,623.3385656702295,617.5348709557612
3047.5779999999795,623.3343330152178,617.5348709557612
3048.3279999999795,623.3401728336104,617.5348709557612
3049.0939999999828,623.3445080054521,617.5348709557612
3049.8589999999967,623.3376502863026,617.5348709557612
3050.625,623.3354944674136,617.5348709557612
3051.3589999999967,623.3351928648508,617.5348709557612
3052.1089999999967,623.3351534017265,617.5348709557612
3052.8589999999967,623.3446468762177,617.5348709557612
3053.625,623.3385661531083,617.5348709557612
3054.3899999999558,623.3361288002918,617.5348709557612
3055.125,623.3372819115225,617.5348709557612
3055.875,623.3459354815852,617.5348709557612
3056.6399999999558,623.3409699446047,617.5348709557612
3057.405999999959,623.3444919121257,617.5348709557612
3058.155999999959,623.3375517768616,617.5348709557612
3058.9219999999623,623.3350894512125,617.5348709557612
3059.655999999959,623.337335469996,617.5348709557612
3060.4369999999763,623.3342525634579,617.5348709557612
3061.2189999999828,623.3449846034505,617.5348709557612
3061.9689999999828,623.3311872410554,617.5348709557612
3062.7339999999967,623.3428635606723,617.5348709557612
3063.4689999999828,623.3446137158155,617.5348709557612
3064.25,623.336210495644,617.5348709557612
3065.0149999999558,623.3437889304582,617.5348709557612
3065.7649999999558,623.3471323542076,617.5348709557612
3066.5469999999623,623.3400525115292,617.5348709557612
3067.3119999999763,623.3296632585813,617.5348709557612
3068.0779999999795,623.3373896646643,617.5348709557612
3068.8279999999795,623.3440879094916,617.5348709557612
3069.5939999999828,623.3439922107659,617.5348709557612
3070.3439999999828,623.3371615554541,617.5348709557612
3071.1089999999967,623.3274725772035,617.5348709557612
3071.875,623.3371280724615,617.5348709557612
3072.655999999959,623.342634067405,617.5348709557612
3073.405999999959,623.3456024429441,617.5348709557612
3074.1719999999623,623.3382902683691,617.5348709557612
3074.9529999999795,623.3350009077037,617.5348709557612
3075.6869999999763,623.3339911815098,617.5348709557612
3076.4529999999795,623.3388614585804,617.5348709557612
3077.2339999999967,623.3400557548534,617.5348709557612
3078.0,623.3346916140463,617.5348709557612
3078.75,623.3391506499576,617.5348709557612
3079.6719999999623,623.3332213261305,617.5348709557612
3080.4219999999623,623.3402721498946,617.5348709557612
3081.1869999999763,623.3297612159339,617.5348709557612
3081.9689999999828,623.3416624176416,617.5348709557612
3082.7339999999967,623.3375211498483,617.5348709557612
3083.5,623.3388422319008,617.5348709557612
3084.25,621.9238574073909,617.5348709557612
3084.9839999999967,623.3340329216861,617.5348709557612
3085.7339999999967,623.3283845768444,617.5348709557612
3086.5,623.3402971225646,617.5348709557612
3087.25,623.3340671395038,617.5348709557612
3088.0,623.3354218776884,617.5348709557612
3088.75,623.3357467097923,617.5348709557612
3089.530999999959,623.3491123174837,617.5348709557612
3090.2969999999623,623.3440519985124,617.5348709557612
3091.0469999999623,623.3363657894045,617.5348709557612
3091.8119999999763,623.3454637978359,617.5348709557612
3092.5779999999795,623.3379907069813,617.5348709557612
3093.3119999999763,623.332596878234,617.5348709557612
3094.0779999999795,623.3307912523403,617.5348709557612
3094.8279999999795,623.3294067364724,617.5348709557612
3095.5939999999828,623.3270293692718,617.5348709557612
3096.3439999999828,623.3474648163,617.5348709557612
3097.0779999999795,623.3368861043435,617.5348709557612
3097.8119999999763,623.3328530823853,617.5348709557612
3098.5619999999763,623.3329268550116,617.5348709557612
3099.3279999999795,623.3331972727941,617.5348709557612
3100.0939999999828,623.3355176855966,617.5348709557612
3100.8439999999828,623.3325634247485,617.5348709557612
3101.5939999999828,623.3387000314951,617.5348709557612
3102.3279999999795,623.3360197087957,617.5348709557612
3103.0779999999795,623.3813386691096,617.5348709557612
3103.8119999999763,623.5418349517549,617.5348709557612
3104.5619999999763,623.62386903942,617.5348709557612
3105.3119999999763,623.6384474790392,617.5348709557612
3106.0779999999795,623.6622791119822,617.5348709557612
3106.8439999999828,623.6716378958716,617.5348709557612
3107.5939999999828,623.6911688049017,617.5348709557612
3108.3439999999828,623.7039989772392,617.5348709557612
3109.0939999999828,623.7073752412412,617.5348709557612
3109.875,623.7106931155768,617.5348709557612
3110.6399999999558,623.7170282206131,617.5348709557612
3111.375,623.7291822583246,617.5348709557612
3112.125,623.7288328995118,617.5348709557612
3112.8899999999558,623.7358781094005,617.5348709557612
3113.655999999959,623.7261700830028,617.5348709557612
3114.405999999959,623.7400088183307,617.5348709557612
3115.155999999959,623.7622686973923,617.5348709557612
3115.905999999959,623.737823533607,617.5348709557612
3116.655999999959,623.7300510731548,617.5348709557612
3117.4219999999623,623.7174113727219,617.5348709557612
3118.2029999999795,623.715428990672,617.5348709557612
3118.9689999999828,623.7138004904306,617.5348709557612
3119.7029999999795,623.7066245143216,617.5348709557612
3120.4369999999763,623.7101927957008,617.5348709557612
3121.2339999999967,623.6995701451792,617.5348709557612
3122.0,623.706194223165,617.5348709557612
3122.7649999999558,623.6952505144449,617.5348709557612
3123.5149999999558,623.6949538297873,617.5348709557612
3124.280999999959,623.6991961263466,617.5348709557612
3125.030999999959,623.6864016661607,617.5348709557612
3125.7649999999558,623.6812619274247,617.5348709557612
3126.530999999959,623.693242057238,617.5348709557612
3127.280999999959,623.6876090446605,617.5348709557612
3128.030999999959,623.6919803701559,617.5348709557612
3128.7969999999623,623.687628119481,617.5348709557612
3129.5469999999623,623.6110235199901,617.5348709557612
3130.2969999999623,623.4348054846952,617.5348709557612
3131.030999999959,623.4095749060183,617.5348709557612
3131.8119999999763,623.3962824293022,617.5348709557612
3132.5939999999828,623.389515789286,617.5348709557612
3133.3279999999795,623.3863606563797,617.5348709557612
3134.0779999999795,623.3833124495651,617.5348709557612
3134.8439999999828,623.3845179851988,617.5348709557612
3135.5779999999795,623.3824806782358,617.5348709557612
3136.3589999999967,623.3746580626328,617.5348709557612
3137.0939999999828,623.3755082038259,617.5348709557612
3137.8439999999828,623.371658499699,617.5348709557612
3138.5779999999795,623.3659696917474,617.5348709557612
3139.3439999999828,623.374793251643,617.5348709557612
3140.0939999999828,623.3723931139017,617.5348709557612
3140.875,623.3691756908762,617.5348709557612
3141.625,623.3921614009375,617.5348709557612
3142.375,623.3670639839258,617.5348709557612
3143.155999999959,623.3428328963882,617.5348709557612
3143.9219999999623,623.3437585501606,617.5348709557612
3144.655999999959,623.3460767692469,617.5348709557612
3145.4219999999623,623.3370411757884,617.5348709557612
3146.2029999999795,623.336348618006,617.5348709557612
3146.9689999999828,623.3354504586849,617.5348709557612
3147.7189999999828,623.3366817718943,617.5348709557612
3148.4839999999967,623.3357994805157,617.5348709557612
3149.2339999999967,623.3303903640017,617.5348709557612
3149.9839999999967,623.3316646508149,617.5348709557612
3150.7649999999558,623.3418578659881,617.5348709557612
3151.655999999959,623.3444344133975,617.5348709557612
3152.405999999959,623.3481859990337,617.5348709557612
3153.2339999999967,623.3421455338223,617.5348709557612
3154.0,623.3390790076045,617.5348709557612
3154.7339999999967,623.3744872923112,617.5348709557612
3155.4839999999967,623.4019549476449,617.5348709557612
3156.2339999999967,623.4124363004851,617.5348709557612
3157.0149999999558,623.399714390437,617.5348709557612
3157.7649999999558,623.3800234260885,617.5348709557612
3158.5149999999558,623.3863100020056,617.5348709557612
3159.2969999999623,623.3732604464159,617.5348709557612
3160.0619999999763,623.380422824777,617.5348709557612
3160.8279999999795,623.3783316517491,617.5348709557612
3161.5939999999828,623.3770008571305,617.5348709557612
3162.3589999999967,623.3705951148712,617.5348709557612
3163.125,623.3747841435886,617.5348709557612
3163.8899999999558,623.3760484131873,617.5348709557612
3164.655999999959,623.3710645833935,617.5348709557612
3165.3899999999558,623.3748749501443,617.5348709557612
3166.1719999999623,623.384784082292,617.5348709557612
3166.9369999999763,623.3908398829572,617.5348709557612
3167.7029999999795,623.3705366112138,617.5348709557612
3168.4369999999763,623.3485990638885,617.5348709557612
3169.2339999999967,623.347992824979,617.5348709557612
3170.0,623.3373874062714,617.5348709557612
3170.7649999999558,623.3342543871611,617.5348709557612
3171.5,623.3423193259016,617.5348709557612
3172.25,623.3311891931751,617.5348709557612
3172.9839999999967,623.3396571659264,617.5348709557612
3173.7649999999558,623.3358864165267,617.5348709557612
3174.530999999959,623.3622587714896,617.5348709557612
3175.280999999959,623.3601448786983,617.5348709557612
3176.0469999999623,623.3594214769271,617.5348709557612
3176.8119999999763,623.3583652536911,617.5348709557612
3177.5779999999795,623.3399336500611,617.5348709557612
3178.3589999999967,623.3526876909928,617.5348709557612
3179.1089999999967,623.3531778464666,617.5348709557612
3179.8589999999967,623.3533402837625,617.5348709557612
3180.6089999999967,623.3339732078515,617.5348709557612
3181.3439999999828,623.3376575260252,617.5348709557612
3182.0939999999828,623.3399171854837,617.5348709557612
3182.8439999999828,623.347808127954,617.5348709557612
3183.6089999999967,623.3439200581973,617.5348709557612
3184.375,623.3454317068042,617.5348709557612
3185.1869999999763,623.3363233918557,617.5348709557612
3185.9369999999763,623.3366148883466,617.5348709557612
3186.6869999999763,623.3473762911863,617.5348709557612
3187.5,623.3585318068418,617.5348709557612
3188.2649999999558,623.4875684099873,617.5348709557612
3189.030999999959,623.623303839268,617.5348709557612
3189.7649999999558,623.6644080501868,617.5348709557612
3190.530999999959,623.6831312954286,617.5348709557612
3191.280999999959,623.6963811532784,617.5348709557612
3192.0149999999558,623.7180067878049,617.5348709557612
3192.780999999959,623.7088366400706,617.5348709557612
3193.5469999999623,623.7157163901794,617.5348709557612
3194.2969999999623,623.7226105540087,617.5348709557612
3195.0469999999623,623.7239466405782,617.5348709557612
3195.7969999999623,623.7465103150489,617.5348709557612
3196.5469999999623,623.7398706599149,617.5348709557612
3197.2969999999623,623.74978054863,617.5348709557612
3198.0469999999623,623.7461672597032,617.5348709557612
3198.780999999959,623.7591880648201,617.5348709557612
3199.6719999999623,623.764462356658,617.5348709557612
3200.4369999999763,623.7586253816074,617.5348709557612
3201.2649999999558,623.765241641644,617.5348709557612
3202.0,623.7557850855434,617.5348709557612
3202.75,623.7694016914817,617.5348709557612
3203.4839999999967,623.7750251157102,617.5348709557612
3204.2189999999828,623.7746773112605,617.5348709557612
3204.9689999999828,623.7665497886628,617.5348709557612
3205.7029999999795,623.770391842566,617.5348709557612
3206.4689999999828,623.7788740346292,617.5348709557612
3207.2189999999828,623.7738419633416,617.5348709557612
3207.9839999999967,623.7885171147602,617.5348709557612
3208.75,623.7773053484356,617.5348709557612
3209.5149999999558,623.7830081538351,617.5348709557612
3210.280999999959,623.7794157998247,617.5348709557612
3211.0469999999623,623.7770768936201,617.5348709557612
3211.7969999999623,623.7802841778604,617.5348709557612
3212.5619999999763,623.7931237813472,617.5348709557612
3213.2969999999623,623.7741404610686,617.5348709557612
3214.0619999999763,623.7861626615947,617.5348709557612
3214.8279999999795,623.7850991918176,617.5348709557612
3215.6089999999967,623.7806479379734,617.5348709557612
3216.375,623.7860259384499,617.5348709557612
3217.1719999999623,623.7838260840583,617.5348709557612
3217.9529999999795,623.7848367265369,617.5348709557612
3218.7189999999828,623.7770295104104,617.5348709557612
3219.5,623.7830728981424,617.5348709557612
3220.2649999999558,623.7839318712195,617.5348709557612
3221.030999999959,623.7968796665841,617.5348709557612
3221.780999999959,623.7963296315478,617.5348709557612
3222.5149999999558,623.796745317438,617.5348709557612
3223.2649999999558,623.7935749885139,617.5348709557612
3224.0149999999558,623.7935588315302,617.5348709557612
3224.7649999999558,623.7907185939206,617.5348709557612
3225.5149999999558,623.7955482356224,617.5348709557612
3226.280999999959,623.79668653415,617.5348709557612
3227.0469999999623,623.8000544221136,617.5348709557612
3227.7969999999623,623.8013388943886,617.5348709557612
3228.5469999999623,623.795238445645,617.5348709557612
3229.2969999999623,623.7990104637494,617.5348709557612
3230.0619999999763,623.792909964821,617.5348709557612
3230.8279999999795,623.8044772562723,617.5348709557612
3231.5619999999763,623.8038020535615,617.5348709557612
3232.2969999999623,623.8072755044346,617.5348709557612
3233.0619999999763,623.7901677910978,617.5348709557612
3233.8119999999763,623.7941601418071,617.5348709557612
3234.5619999999763,623.7949494976582,617.5348709557612
3235.3119999999763,623.7896629631869,617.5348709557612
3236.0619999999763,623.8051333202768,617.5348709557612
3236.8119999999763,623.8009065405221,617.5348709557612
3237.5779999999795,623.8015585112296,617.5348709557612
3238.3279999999795,623.8130378165448,617.5348709557612
3239.0939999999828,623.797991123888,617.5348709557612
3239.8589999999967,623.8123919758416,617.5348709557612
3240.625,623.8055889494475,617.5348709557612
3241.405999999959,623.8069176168516,617.5348709557612
3242.1719999999623,623.8031319696707,617.5348709557612
3242.9529999999795,623.7953978927117,617.5348709557612
3243.7029999999795,623.8044353278353,617.5348709557612
3244.4529999999795,623.8010991089092,617.5348709557612
3245.2029999999795,623.8131283736853,617.5348709557612
3245.9839999999967,623.8029183580622,617.5348709557612
3246.7189999999828,623.80945554809,617.5348709557612
3247.6719999999623,623.8054499756611,617.5348709557612
3248.405999999959,623.8093338169816,617.5348709557612
3249.2189999999828,623.8031721130185,617.5348709557612
3249.9689999999828,623.8138539687131,617.5348709557612
3250.7339999999967,623.8070554421739,617.5348709557612
3251.5,623.8118998594066,617.5348709557612
3252.2649999999558,623.8110324248244,617.5348709557612
3253.0,623.8161364564987,617.5348709557612
3253.7969999999623,623.8090469748038,617.5348709557612
3254.5619999999763,623.8048068540157,617.5348709557612
3255.3119999999763,623.8352873914703,617.5348709557612
3256.0939999999828,623.7996600455867,617.5348709557612
3256.8589999999967,623.8104634031055,617.5348709557612
3257.6089999999967,623.7945919328175,617.5348709557612
3258.375,623.7896017915615,617.5348709557612
3259.1089999999967,623.7789822074909,617.5348709557612
3259.8589999999967,623.7664590632598,617.5348709557612
3260.6089999999967,623.7622070833272,617.5348709557612
3261.3589999999967,623.7714148533496,617.5348709557612
3262.0939999999828,623.7598987369391,617.5348709557612
3262.8589999999967,623.7611690485392,617.5348709557612
3263.6089999999967,623.7619927732908,617.5348709557612
3264.3439999999828,623.7709851687367,617.5348709557612
3265.125,623.7563044473322,617.5348709557612
3265.9369999999763,623.7607243043418,617.5348709557612
3266.6869999999763,623.7484130131618,617.5348709557612
3267.4369999999763,623.745304210617,617.5348709557612
3268.2189999999828,623.7470999633676,617.5348709557612
3268.9839999999967,623.7462110513859,617.5348709557612
3269.7029999999795,623.7536881470002,617.5348709557612
3270.4689999999828,623.7365793003643,617.5348709557612
3271.2189999999828,623.7446750765893,617.5348709557612
3271.9529999999795,623.7429258727517,617.5348709557612
3272.7189999999828,623.7499545282591,617.5348709557612
3273.4839999999967,623.7454099843562,617.5348709557612
3274.25,623.7406030437108,617.5348709557612
3275.0149999999558,623.7502861089297,617.5348709557612
3275.780999999959,623.7354772559397,617.5348709557612
3276.5149999999558,623.7364003291665,617.5348709557612
3277.2649999999558,623.7432798435834,617.5348709557612
3278.0149999999558,623.7463361113294,617.5348709557612
3278.75,623.7244388015899,617.5348709557612
3279.5,623.7292069185276,617.5348709557612
3280.2339999999967,623.7419585690574,617.5348709557612
3281.0149999999558,623.7424903213895,617.5348709557612
3281.780999999959,623.733012194533,617.5348709557612
3282.5149999999558,623.7369869656841,617.5348709557612
3283.2649999999558,623.7406124525173,617.5348709557612
3284.030999999959,623.7313206795772,617.5348709557612
3284.7649999999558,623.7376200546613,617.5348709557612
3285.5469999999623,623.7382008523425,617.5348709557612
3286.3119999999763,623.7309322688651,617.5348709557612
3287.0469999999623,623.7323508663266,617.5348709557612
3287.7969999999623,623.7351460851054,617.5348709557612
3288.5619999999763,623.7338232382597,617.5348709557612
3289.3439999999828,623.7282684663335,617.5348709557612
3290.125,623.7345687317988,617.5348709557612
3290.8899999999558,623.7316791137737,617.5348709557612
3291.625,623.7302972635646,617.5348709557612
3292.375,623.726795570378,617.5348709557612
3293.125,623.7290883688679,617.5348709557612
3293.8589999999967,623.7356875717403,617.5348709557612
3294.6089999999967,623.7296675520332,617.5348709557612
3295.3589999999967,623.7293777952434,617.5348709557612
3296.125,623.7262063218056,617.5348709557612
3296.875,623.7233422788318,617.5348709557612
3297.625,623.7256444835431,617.5348709557612
3298.375,623.7305391286833,617.5348709557612
3299.1089999999967,623.7339497033855,617.5348709557612
3299.8589999999967,623.7218454301251,617.5348709557612
3300.5939999999828,623.7216729350927,617.5348709557612
3301.3439999999828,623.7302201463856,617.5348709557612
3302.0939999999828,623.7234304234206,617.5348709557612
3302.8439999999828,623.7285856816313,617.5348709557612
3303.5939999999828,623.7243246206405,617.5348709557612
3304.3589999999967,623.7168473265731,617.5348709557612
3305.125,623.7236811552538,617.5348709557612
3305.8899999999558,623.7306183340215,617.5348709557612
3306.655999999959,623.7320418321867,617.5348709557612
3307.4369999999763,623.7287241235869,617.5348709557612
3308.1869999999763,623.7216673970693,617.5348709557612
3308.9369999999763,623.7246697552465,617.5348709557612
3309.6869999999763,623.7182415996225,617.5348709557612
3310.4219999999623,623.7192152158925,617.5348709557612
3311.155999999959,623.71660178007,617.5348709557612
3311.9219999999623,623.715136929323,617.5348709557612
3312.6869999999763,623.7266913036287,617.5348709557612
3313.4839999999967,623.7226214617366,617.5348709557612
3314.2339999999967,623.7295880143898,617.5348709557612
3314.9689999999828,623.716103615743,617.5348709557612
3315.75,623.7156896702559,617.5348709557612
3316.5,623.7242206269374,617.5348709557612
3317.2649999999558,623.7270358459069,617.5348709557612
3318.0,623.6343610387842,617.5348709557612
3318.7649999999558,623.4407115479896,617.5348709557612
3319.6719999999623,623.4152613989568,617.5348709557612
3320.405999999959,623.3929808674615,617.5348709557612
3321.155999999959,623.3846333180052,617.5348709557612
3321.8899999999558,623.3802486642186,617.5348709557612
3322.6719999999623,623.3771116799298,617.5348709557612
3323.4529999999795,623.3817809968256,617.5348709557612
3324.2189999999828,623.3703826106712,617.5348709557612
3324.9839999999967,623.378221387898,617.5348709557612
3325.7189999999828,623.3726752825991,617.5348709557612
3326.4689999999828,623.3759385219564,617.5348709557612
3327.2029999999795,623.3739497695033,617.5348709557612
3327.9529999999795,623.37057928834,617.5348709557612
3328.7029999999795,623.3784086804136,617.5348709557612
3329.4689999999828,623.387047356395,617.5348709557612
3330.2339999999967,623.3897261494991,617.5348709557612
3331.0,623.3488701920634,617.5348709557612
3331.7339999999967,623.3433799661525,617.5348709557612
3332.5149999999558,623.3480207322302,617.5348709557612
3333.2649999999558,623.3408326508037,617.5348709557612
3334.0149999999558,623.3404063669775,617.5348709557612
3334.7649999999558,623.3321003498064,617.5348709557612
3335.5149999999558,623.3335104490061,617.5348709557612
3336.25,623.329507924289,617.5348709557612
3337.0,623.3512741290838,617.5348709557612
3337.75,623.3413591441273,617.5348709557612
3338.4839999999967,623.3323824361586,617.5348709557612
3339.25,623.339793922679,617.5348709557612
3340.030999999959,623.3395090414165,617.5348709557612
3340.7649999999558,623.3438009802712,617.5348709557612
3341.5149999999558,623.3325750102503,617.5348709557612
3342.280999999959,623.3373892170034,617.5348709557612
3343.0469999999623,623.3755536776347,617.5348709557612
3343.780999999959,623.4065687828097,617.5348709557612
3344.5469999999623,623.4023802101108,617.5348709557612
3345.280999999959,623.401294981904,617.5348709557612
3346.0469999999623,623.3823414614277,617.5348709557612
3346.8119999999763,623.3916406698768,617.5348709557612
3347.5779999999795,623.3856992332619,617.5348709557612
3348.3589999999967,623.3830595589425,617.5348709557612
3349.1089999999967,623.3888987914231,617.5348709557612
3349.8439999999828,623.3732153927375,617.5348709557612
3350.625,623.3822375554822,617.5348709557612
3351.375,623.3808631171873,617.5348709557612
3352.1399999999558,623.3771868082645,617.5348709557612
3352.905999999959,623.381228444413,617.5348709557612
3353.6719999999623,623.3736757998056,617.5348709557612
3354.4369999999763,623.3769243820075,617.5348709557612
3355.2339999999967,623.3933459811017,617.5348709557612
3356.0,623.3808691277545,617.5348709557612
3356.75,623.3539770720379,617.5348709557612
3357.5149999999558,623.3411879396807,617.5348709557612
3358.280999999959,623.3424781938647,617.5348709557612
3359.030999999959,623.3398583111175,617.5348709557612
3359.7969999999623,623.3431422411246,617.5348709557612
3360.5469999999623,623.3382100086957,617.5348709557612
3361.280999999959,623.3424195443437,617.5348709557612
3362.030999999959,623.344089603991,617.5348709557612
3362.7969999999623,623.358309021609,617.5348709557612
3363.5619999999763,623.3641515853109,617.5348709557612
3364.3439999999828,623.3540251218939,617.5348709557612
3365.0779999999795,623.3547426504255,617.5348709557612
3365.8439999999828,623.3475720317704,617.5348709557612
3366.5939999999828,623.3518148948049,617.5348709557612
3367.3589999999967,623.3433384352404,617.5348709557612
3368.1089999999967,623.3362675369195,617.5348709557612
3368.8589999999967,623.3476529339771,617.5348709557612
3369.625,623.3547116851804,617.5348709557612
3370.3899999999558,623.3447058750336,617.5348709557612
3371.2029999999795,623.3423081475275,617.5348709557612
3371.9689999999828,623.3308934646658,617.5348709557612
3372.7189999999828,623.3370046098344,617.5348709557612
3373.4839999999967,623.340336097522,617.5348709557612
3374.25,623.3411791683491,617.5348709557612
3375.0149999999558,623.3404553587045,617.5348709557612
3375.780999999959,623.3465579591509,617.5348709557612
3376.5619999999763,623.4154385324431,617.5348709557612
3377.3119999999763,623.6094884569,617.5348709557612
3378.0779999999795,623.6611726037307,617.5348709557612
3378.8279999999795,623.6902046005276,617.5348709557612
3379.6719999999623,623.7068470938751,617.5348709557612
3380.4369999999763,623.7097146419055,617.5348709557612
3381.1869999999763,623.7227876490603,617.5348709557612
3381.9219999999623,623.7218730620015,617.5348709557612
3382.6719999999623,623.7403836328685,617.5348709557612
3383.4369999999763,623.7342023973596,617.5348709557612
3384.1719999999623,623.7421993426723,617.5348709557612
3384.9529999999795,623.7530414138555,617.5348709557612
3385.6869999999763,623.7394872678276,617.5348709557612
3386.4369999999763,623.7550105138932,617.5348709557612
3387.25,623.7560245674946,617.5348709557612
3388.0149999999558,623.7536790773531,617.5348709557612
3388.780999999959,623.7682049123949,617.5348709557612
3389.5149999999558,623.7693551622729,617.5348709557612
3390.280999999959,623.7690274872082,617.5348709557612
3391.0149999999558,623.7729144042462,617.5348709557612
3391.780999999959,623.7699364052529,617.5348709557612
3392.5469999999623,623.769400930903,617.5348709557612
3393.3119999999763,623.7721649120522,617.5348709557612
3394.0619999999763,623.7714510398466,617.5348709557612
3394.8279999999795,623.7744868146776,617.5348709557612
3395.6089999999967,623.7703814358333,617.5348709557612
3396.375,623.7711972743327,617.5348709557612
3397.125,623.7832404665503,617.5348709557612
3397.8899999999558,623.7627936375193,617.5348709557612
3398.6719999999623,623.7824196129654,617.5348709557612
3399.4369999999763,623.7787133193723,617.5348709557612
3400.2029999999795,623.7849416134704,617.5348709557612
3400.9839999999967,623.7770338037184,617.5348709557612
3401.7339999999967,623.7826125690003,617.5348709557612
3402.4689999999828,623.7833311922933,617.5348709557612
3403.25,623.790550448376,617.5348709557612
3404.0149999999558,623.7906194584742,617.5348709557612
3404.780999999959,623.7755735078213,617.5348709557612
3405.530999999959,623.7959396185449,617.5348709557612
3406.3119999999763,623.7856695871973,617.5348709557612
3407.0619999999763,623.7973641585298,617.5348709557612
3407.7969999999623,623.7950791246268,617.5348709557612
3408.5619999999763,623.7847188019962,617.5348709557612
3409.2969999999623,623.7905609792754,617.5348709557612
3410.0469999999623,623.7958849239858,617.5348709557612
3410.8119999999763,623.7952277022481,617.5348709557612
3411.5779999999795,623.7904477888616,617.5348709557612
3412.3279999999795,623.803799026188,617.5348709557612
3413.0619999999763,623.7951114227551,617.5348709557612
3413.8279999999795,623.7849128603449,617.5348709557612
3414.5939999999828,623.7948954349107,617.5348709557612
3415.3439999999828,623.8019129510434,617.5348709557612
3416.1089999999967,623.7979837513934,617.5348709557612
3416.8589999999967,623.7978541324354,617.5348709557612
3417.6399999999558,623.8065807760387,617.5348709557612
3418.405999999959,623.7920959550295,617.5348709557612
3419.2029999999795,623.7930582922621,617.5348709557612
3419.9529999999795,623.8047674521938,617.5348709557612
3420.7189999999828,623.7985119105304,617.5348709557612
3421.4839999999967,623.8003371370905,617.5348709557612
3422.25,623.8076401312854,617.5348709557612
3423.0149999999558,623.7985285922603,617.5348709557612
3423.75,623.7994934897323,617.5348709557612
3424.5,623.806965126633,617.5348709557612
3425.25,623.7982267265958,617.5348709557612
3426.0149999999558,623.8033120710887,617.5348709557612
3426.780999999959,623.7979420513869,617.5348709557612
3427.6719999999623,623.800989323742,617.5348709557612
3428.4369999999763,623.8101957736766,617.5348709557612
3429.2029999999795,623.8043909847644,617.5348709557612
3429.9529999999795,623.8097477603498,617.5348709557612
3430.7029999999795,623.8198950520173,617.5348709557612
3431.4839999999967,623.795049084193,617.5348709557612
3432.2339999999967,623.8074056004663,617.5348709557612
3432.9839999999967,623.8127398965102,617.5348709557612
3433.7189999999828,623.8078475648977,617.5348709557612
3434.4839999999967,623.8119807793665,617.5348709557612
3435.25,623.8146973780921,617.5348709557612
3436.0149999999558,623.8091012940854,617.5348709557612
3436.780999999959,623.8183951909581,617.5348709557612
3437.5469999999623,623.808110806406,617.5348709557612
3438.3119999999763,623.8090325081974,617.5348709557612
3439.0939999999828,623.8131219443995,617.5348709557612
3439.8439999999828,623.8109907169403,617.5348709557612
3440.5779999999795,623.8160686709344,617.5348709557612
3441.3439999999828,623.812247346316,617.5348709557612
3442.125,623.8024148351818,617.5348709557612
3442.8899999999558,623.8178491889391,617.5348709557612
3443.6399999999558,623.8347029960787,617.5348709557612
3444.3899999999558,623.8211322946967,617.5348709557612
3445.155999999959,623.8102192966026,617.5348709557612
3445.9219999999623,623.8020956683397,617.5348709557612
3446.6869999999763,623.7774316819894,617.5348709557612
3447.4219999999623,623.7747779233673,617.5348709557612
3448.2029999999795,623.7761860902739,617.5348709557612
3448.9529999999795,623.7689715978777,617.5348709557612
3449.7189999999828,623.759516832893,617.5348709557612
3450.4689999999828,623.75796193598,617.5348709557612
3451.25,623.7575483973473,617.5348709557612
3452.0149999999558,623.752652518093,617.5348709557612
3452.7649999999558,623.7618184172103,617.5348709557612
3453.530999999959,623.7581533405005,617.5348709557612
3454.2649999999558,623.755603991391,617.5348709557612
3455.0149999999558,623.7488302989568,617.5348709557612
3455.7969999999623,623.7590661901661,617.5348709557612
3456.5469999999623,623.754810447629,617.5348709557612
3457.280999999959,623.7505334446156,617.5348709557612
3458.030999999959,623.7453605888898,617.5348709557612
3458.7649999999558,623.7430929654791,617.5348709557612
3459.530999999959,623.748380581962,617.5348709557612
3460.2649999999558,623.7455757611316,617.5348709557612
3461.0149999999558,623.7597620598318,617.5348709557612
3461.7649999999558,623.7460375236643,617.5348709557612
3462.530999999959,623.7483962724466,617.5348709557612
3463.280999999959,623.7485700830422,617.5348709557612
3464.030999999959,623.7455582702808,617.5348709557612
3464.8119999999763,623.7461502132022,617.5348709557612
3465.5779999999795,623.7504600481503,617.5348709557612
3466.3439999999828,623.7404635992065,617.5348709557612
3467.1089999999967,623.7420019229227,617.5348709557612
3467.875,623.7315566387509,617.5348709557612
3468.6399999999558,623.7330722438666,617.5348709557612
3469.375,623.7386115754318,617.5348709557612
3470.155999999959,623.7489802497414,617.5348709557612
3470.905999999959,623.7268474428517,617.5348709557612
3471.6399999999558,623.7311217126274,617.5348709557612
3472.3899999999558,623.734469393624,617.5348709557612
3473.1399999999558,623.7281750764191,617.5348709557612
3473.8899999999558,623.73207232603,617.5348709557612
3474.6399999999558,623.7367856211631,617.5348709557612
3475.405999999959,623.7263449271655,617.5348709557612
3476.1399999999558,623.7264232955184,617.5348709557612
3476.905999999959,623.736584251854,617.5348709557612
3477.6719999999623,623.7461072191747,617.5348709557612
3478.4529999999795,623.7330816267162,617.5348709557612
3479.2189999999828,623.741563965871,617.5348709557612
3480.0,623.7317213579576,617.5348709557612
3480.7649999999558,623.7311500685456,617.5348709557612
3481.530999999959,623.7341476903234,617.5348709557612
3482.280999999959,623.7393168768525,617.5348709557612
3483.030999999959,623.7303546946946,617.5348709557612
3483.7969999999623,623.7313386484701,617.5348709557612
3484.5619999999763,623.7385313726363,617.5348709557612
3485.3119999999763,623.7261493084363,617.5348709557612
3486.0779999999795,623.7218348892301,617.5348709557612
3486.8279999999795,623.7343298086377,617.5348709557612
3487.655999999959,623.7262784258716,617.5348709557612
3488.4219999999623,623.7316320130077,617.5348709557612
3489.1869999999763,623.7212681246812,617.5348709557612
3489.9689999999828,623.7194781477547,617.5348709557612
3490.7339999999967,623.7298255457034,617.5348709557612
3491.4839999999967,623.7230591085394,617.5348709557612
3492.2189999999828,623.7201758298781,617.5348709557612
3492.9689999999828,623.7327247902082,617.5348709557612
3493.7339999999967,623.7335929687742,617.5348709557612
3494.4689999999828,623.715428766328,617.5348709557612
3495.2189999999828,623.7240621587974,617.5348709557612
3495.9529999999795,623.7320282912237,617.5348709557612
3496.7029999999795,623.7220725521612,617.5348709557612
3497.4529999999795,623.7183104418774,617.5348709557612
3498.2189999999828,623.7187194011635,617.5348709557612
3498.9689999999828,623.7326853213317,617.5348709557612
3499.7339999999967,623.7215105346777,617.5348709557612
3500.5149999999558,623.7263164602388,617.5348709557612
3501.280999999959,623.7217945139997,617.5348709557612
3502.0469999999623,623.7205023460862,617.5348709557612
3502.780999999959,623.7203041039526,617.5348709557612
3503.530999999959,623.718722845308,617.5348709557612
3504.2969999999623,623.7175864582014,617.5348709557612
3505.0619999999763,623.7232338177785,617.5348709557612
3505.8279999999795,623.7259010691837,617.5348709557612
3506.5779999999795,623.7273116511167,617.5348709557612
3507.3119999999763,623.6769187005282,617.5348709557612
3508.0469999999623,623.4394845971732,617.5348709557612
3508.7969999999623,623.4283560808062,617.5348709557612
3509.5469999999623,623.3996926091995,617.5348709557612
3510.3119999999763,623.390682907649,617.5348709557612
3511.0939999999828,623.3992249448647,617.5348709557612
3511.8439999999828,623.383509963168,617.5348709557612
3512.5939999999828,623.3900726263412,617.5348709557612
3513.3439999999828,623.3706912186921,617.5348709557612
3514.0939999999828,623.3638748968384,617.5348709557612
3514.8279999999795,623.3673495878606,617.5348709557612
3515.5939999999828,623.3714253890511,617.5348709557612
3516.3279999999795,623.3705166814578,617.5348709557612
3517.0939999999828,623.3732041010318,617.5348709557612
3517.875,623.37824615807,617.5348709557612
3518.6089999999967,623.3718719091077,617.5348709557612
3519.375,623.3863103750331,617.5348709557612
3520.1869999999763,623.381166354463,617.5348709557612
3520.9529999999795,623.351254417065,617.5348709557612
3521.6869999999763,623.3431720906942,617.5348709557612
3522.4529999999795,623.3421791482554,617.5348709557612
3523.2029999999795,623.3401074989899,617.5348709557612
3523.9369999999763,623.3412306538146,617.5348709557612
3524.7029999999795,623.3388474417516,617.5348709557612
3525.4689999999828,623.331256769998,617.5348709557612
3526.2339999999967,623.3539467088068,617.5348709557612
3526.9689999999828,623.3597461819676,617.5348709557612
3527.7029999999795,623.3602865655675,617.5348709557612
3528.4529999999795,623.3562968283672,617.5348709557612
3529.2029999999795,623.3433747298589,617.5348709557612
3529.9529999999795,623.342829014346,617.5348709557612
3530.7189999999828,623.3560294664277,617.5348709557612
3531.4839999999967,623.3555921218065,617.5348709557612
3532.2339999999967,623.3431361043304,617.5348709557612
3532.9689999999828,623.3381589961916,617.5348709557612
3533.75,623.3470490783393,617.5348709557612
3534.4839999999967,623.3446739264253,617.5348709557612
3535.25,623.3411306266806,617.5348709557612
3535.9839999999967,623.3409064235901,617.5348709557612
3536.7339999999967,623.3411110703676,617.5348709557612
3537.5,623.3547642065986,617.5348709557612
3538.2339999999967,623.3396036350327,617.5348709557612
3539.0,623.3425834051908,617.5348709557612
3539.7649999999558,623.3405900652375,617.5348709557612
3540.5149999999558,623.3394982689151,617.5348709557612
3541.280999999959,623.344441958495,617.5348709557612
3542.030999999959,623.3334966938825,617.5348709557612
3542.7649999999558,623.3471521175732,617.5348709557612
3543.530999999959,623.342942698858,617.5348709557612
3544.2649999999558,623.339044058436,617.5348709557612
3545.0149999999558,623.3404310544489,617.5348709557612
3545.7649999999558,623.3405823504849,617.5348709557612
3546.5,623.3430598751054,617.5348709557612
3547.25,623.3399112958364,617.5348709557612
3548.0,623.3464073594895,617.5348709557612
3548.7649999999558,623.3531055294649,617.5348709557612
3549.530999999959,623.3499474239242,617.5348709557612
3550.2969999999623,623.429538597627,617.5348709557612
3551.0779999999795,623.6488068488086,617.5348709557612
3551.8279999999795,623.6914022792009,617.5348709557612
3552.5939999999828,623.7156734596648,617.5348709557612
3553.375,623.737628256736,617.5348709557612
3554.1399999999558,623.7368894609527,617.5348709557612
3554.905999999959,623.7447723436557,617.5348709557612
3555.6719999999623,623.7608022146741,617.5348709557612
3556.405999999959,623.7633759717183,617.5348709557612
3557.2029999999795,623.7789078472397,617.5348709557612
3557.9689999999828,623.7680615365094,617.5348709557612
3558.7339999999967,623.7791019957742,617.5348709557612
3559.655999999959,623.7839134896964,617.5348709557612
3560.3899999999558,623.7834293106508,617.5348709557612
3561.1399999999558,623.7908013745736,617.5348709557612
3561.8899999999558,623.7813650664993,617.5348709557612
3562.655999999959,623.7972909862606,617.5348709557612
3563.4219999999623,623.7677938068989,617.5348709557612
3564.2029999999795,623.7611119662056,617.5348709557612
3564.9529999999795,623.7531381648242,617.5348709557612
3565.7189999999828,623.740657636393,617.5348709557612
3566.4529999999795,623.7419118357357,617.5348709557612
3567.2189999999828,623.7348761902082,617.5348709557612
3567.9839999999967,623.7211754355801,617.5348709557612
3568.75,623.7179991829993,617.5348709557612
3569.4839999999967,623.7279316441601,617.5348709557612
3570.2649999999558,623.7327631860975,617.5348709557612
3571.030999999959,623.7314721422031,617.5348709557612
3571.7969999999623,623.7216477917556,617.5348709557612
3572.5619999999763,623.7180857265625,617.5348709557612
3573.2969999999623,623.7265361120659,617.5348709557612
3574.0469999999623,623.715376416448,617.5348709557612
3574.8119999999763,623.7139323427426,617.5348709557612
3575.5619999999763,623.7151820336286,617.5348709557612
3576.3279999999795,623.7068551268228,617.5348709557612
3577.0779999999795,623.4577340331562,617.5348709557612
3577.8279999999795,623.422287453675,617.5348709557612
3578.5779999999795,623.4099438429399,617.5348709557612
3579.3279999999795,623.4037698158404,617.5348709557612
3580.0939999999828,623.3972748955039,617.5348709557612
3580.8439999999828,623.397207799478,617.5348709557612
3581.5939999999828,623.3822691058766,617.5348709557612
3582.3279999999795,623.3844952400785,617.5348709557612
3583.0939999999828,623.3778491777189,617.5348709557612
3583.8439999999828,623.3852884802893,617.5348709557612
3584.5939999999828,623.3896826453117,617.5348709557612
3585.3279999999795,623.3784860141766,617.5348709557612
3586.0779999999795,623.3803019713939,617.5348709557612
3586.8439999999828,623.3798685344775,617.5348709557612
3587.5939999999828,623.3736389201576,617.5348709557612
3588.3589999999967,623.3854560278265,617.5348709557612
3589.125,623.3913165105184,617.5348709557612
3589.8899999999558,623.3546100820378,617.5348709557612
3590.655999999959,623.3511080639867,617.5348709557612
3591.4219999999623,623.3482836897869,617.5348709557612
3592.1869999999763,623.3479233723599,617.5348709557612
3592.9369999999763,623.3538748070056,617.5348709557612
3593.6719999999623,623.3426977423811,617.5348709557612
3594.4219999999623,623.3384953960606,617.5348709557612
3595.1719999999623,623.3467024784559,617.5348709557612
3595.9219999999623,623.3441306817866,617.5348709557612
3596.7029999999795,623.3411578953189,617.5348709557612
3597.4689999999828,623.3513509024118,617.5348709557612
3598.2339999999967,623.3484378350187,617.5348709557612
3598.9839999999967,623.3435133430306,617.5348709557612
3599.7339999999967,623.3510788458232,617.5348709557612
3600.4839999999967,623.3438481193454,617.5348709557612
3601.25,623.3487299815826,617.5348709557612
3602.0,623.3985748418364,617.5348709557612
3602.7339999999967,623.4049956491394,617.5348709557612
3603.4689999999828,623.4052501316108,617.5348709557612
3604.2189999999828,623.3850875050641,617.5348709557612
3604.9689999999828,623.3919244686005,617.5348709557612
3605.7029999999795,623.3892205145789,617.5348709557612
3606.4529999999795,623.3914293984817,617.5348709557612
3607.2029999999795,623.3908421456688,617.5348709557612
3607.9529999999795,623.3801851540612,617.5348709557612
3608.7029999999795,623.3914305459987,617.5348709557612
3609.4839999999967,623.3864101299353,617.5348709557612
3610.2649999999558,623.3772529268139,617.5348709557612
3611.030999999959,623.3811321473735,617.5348709557612
3611.7969999999623,623.371840759343,617.5348709557612
3612.5779999999795,623.3850164205538,617.5348709557612
3613.3439999999828,623.382182225753,617.5348709557612
3614.1089999999967,623.4024113553935,617.5348709557612
3614.875,623.3837609927139,617.5348709557612
3615.6399999999558,623.3514185719185,617.5348709557612
3616.375,623.3546479195189,617.5348709557612
3617.125,623.3562783367656,617.5348709557612
3617.8899999999558,623.3550182528005,617.5348709557612
3618.655999999959,623.3451889103618,617.5348709557612
3619.4689999999828,623.3392801137339,617.5348709557612
3620.2339999999967,623.3506264267459,617.5348709557612
3621.0,623.3682022051817,617.5348709557612
3621.7649999999558,623.3673662498239,617.5348709557612
3622.530999999959,623.365910610292,617.5348709557612
3623.2969999999623,623.3611724884473,617.5348709557612
3624.0619999999763,623.3569587887403,617.5348709557612
3624.8279999999795,623.3499178213655,617.5348709557612
3625.6089999999967,623.3549162774797,617.5348709557612
3626.3589999999967,623.3516776384583,617.5348709557612
3627.1399999999558,623.3485844795885,617.5348709557612
3627.905999999959,623.3587540407892,617.5348709557612
3628.655999999959,623.3488912463146,617.5348709557612
3629.4219999999623,623.3468166243407,617.5348709557612
3630.2029999999795,623.35129333499,617.5348709557612
3630.9369999999763,623.3492748968857,617.5348709557612
3631.6869999999763,623.3461816931633,617.5348709557612
3632.4529999999795,623.3448125947042,617.5348709557612
3633.2189999999828,623.3452126623546,617.5348709557612
3633.9689999999828,623.3527866770302,617.5348709557612
3634.7339999999967,623.4274741282795,617.5348709557612
3635.4689999999828,623.6546453677806,617.5348709557612
3636.2339999999967,623.6969801516208,617.5348709557612
3637.0,623.7219646243561,617.5348709557612
3637.7339999999967,623.7479990395889,617.5348709557612
3638.5,623.7528278007582,617.5348709557612
3639.2339999999967,623.7621904697276,617.5348709557612
3639.9839999999967,623.7722161529637,617.5348709557612
3640.7189999999828,623.7739313843754,617.5348709557612
3641.4689999999828,623.7850488412333,617.5348709557612
3642.25,623.7842091937041,617.5348709557612
3643.0,623.7992334336813,617.5348709557612
3643.75,623.7994402125724,617.5348709557612
3644.5,623.7961755369003,617.5348709557612
3645.2649999999558,623.8038948493851,617.5348709557612
3646.030999999959,623.8049144545195,617.5348709557612
3646.7969999999623,623.7983387925492,617.5348709557612
3647.5619999999763,623.797810568794,617.5348709557612
3648.3279999999795,623.8158150945866,617.5348709557612
3649.0939999999828,623.8128310048733,617.5348709557612
3649.875,623.8086645702517,617.5348709557612
3650.6089999999967,623.8098957127646,617.5348709557612
3651.375,623.8195316272898,617.5348709557612
3652.125,623.8206722892531,617.5348709557612
3652.8899999999558,623.8231210335354,617.5348709557612
3653.6399999999558,623.8271550815009,617.5348709557612
3654.3899999999558,623.8186472334252,617.5348709557612
3655.125,623.8205320470518,617.5348709557612
3655.8899999999558,623.8324768697483,617.5348709557612
3656.655999999959,623.8197800435609,617.5348709557612
3657.4219999999623,623.8238917766386,617.5348709557612
3658.25,623.8241478624188,617.5348709557612
3659.0,623.8276978622766,617.5348709557612
3659.7649999999558,623.8299417924111,617.5348709557612
3660.5,623.8277416587234,617.5348709557612
3661.25,623.8309125009204,617.5348709557612
3662.0149999999558,623.8354428563332,617.5348709557612
3662.7649999999558,623.8341188614095,617.5348709557612
3663.5149999999558,623.83419118752,617.5348709557612
3664.2649999999558,623.8275926429088,617.5348709557612
3665.0149999999558,623.8429900278602,617.5348709557612
3665.75,623.8290555652068,617.5348709557612
3666.5,623.8368996741125,617.5348709557612
3667.2339999999967,623.8362105999834,617.5348709557612
3667.9839999999967,623.8405968913593,617.5348709557612
3668.7339999999967,623.8250984349958,617.5348709557612
3669.4839999999967,623.838227411067,617.5348709557612
3670.2189999999828,623.84029191194,617.5348709557612
3670.9839999999967,623.8296148628435,617.5348709557612
3671.75,623.8340043598791,617.5348709557612
3672.530999999959,623.848915555886,617.5348709557612
3673.2969999999623,623.8390306364987,617.5348709557612
3674.0619999999763,623.8412719879892,617.5348709557612
3674.8119999999763,623.8515057488096,617.5348709557612
3675.5779999999795,623.8463156163228,617.5348709557612
3676.3279999999795,623.8500441392648,617.5348709557612
3677.0939999999828,623.8321012609981,617.5348709557612
3677.8589999999967,623.8518037408754,617.5348709557612
3678.6399999999558,623.8393435075994,617.5348709557612
3679.3899999999558,623.8497425519564,617.5348709557612
3680.155999999959,623.8419807413596,617.5348709557612
3680.8899999999558,623.8419644241995,617.5348709557612
3681.625,623.846125594052,617.5348709557612
3682.375,623.8551415736889,617.5348709557612
3683.125,623.8490373812072,617.5348709557612
3683.8589999999967,623.8486785987275,617.5348709557612
3684.625,623.8463632141975,617.5348709557612
3685.375,623.8519058665964,617.5348709557612
3686.1399999999558,623.8500915422155,617.5348709557612
3686.9219999999623,623.8385121629402,617.5348709557612
3687.6869999999763,623.857246668524,617.5348709557612
3688.4529999999795,623.8549538473151,617.5348709557612
3689.2029999999795,623.8662310161526,617.5348709557612
3689.9689999999828,623.8469698907496,617.5348709557612
3690.7339999999967,623.8587989424452,617.5348709557612
3691.655999999959,623.8557775815998,617.5348709557612
3692.405999999959,623.8489485932944,617.5348709557612
3693.1399999999558,623.8511886354969,617.5348709557612
3693.8899999999558,623.8641455606821,617.5348709557612
3694.625,623.8471312088012,617.5348709557612
3695.375,623.8631425125004,617.5348709557612
3696.155999999959,623.8426670142155,617.5348709557612
3696.9219999999623,623.8613572767911,617.5348709557612
3697.6719999999623,623.8648767340275,617.5348709557612
3698.4529999999795,623.8614548386037,617.5348709557612
3699.2189999999828,623.8578868184827,617.5348709557612
3699.9839999999967,623.85685655109,617.5348709557612
3700.7339999999967,623.8579216581344,617.5348709557612
3701.4839999999967,623.8526327686074,617.5348709557612
3702.2649999999558,623.8870661650093,617.5348709557612
3703.030999999959,623.8363159704503,617.5348709557612
3703.780999999959,623.8297424179938,617.5348709557612
3704.530999999959,623.8187114167819,617.5348709557612
3705.280999999959,623.8151343838267,617.5348709557612
3706.0469999999623,623.8051865774712,617.5348709557612
3706.8119999999763,623.7948577476785,617.5348709557612
3707.5939999999828,623.7927596542495,617.5348709557612
3708.3589999999967,623.7998084315773,617.5348709557612
3709.125,623.7882716347615,617.5348709557612
3709.8899999999558,623.7899681968081,617.5348709557612
3710.655999999959,623.7959221681841,617.5348709557612
3711.4219999999623,623.7900601118166,617.5348709557612
3712.1719999999623,623.7845711082527,617.5348709557612
3712.9369999999763,623.7847804497218,617.5348709557612
3713.7029999999795,623.7762462298857,617.5348709557612
3714.4689999999828,623.7806597253767,617.5348709557612
3715.2189999999828,623.7831950766074,617.5348709557612
3715.9689999999828,623.7763507202071,617.5348709557612
3716.7339999999967,623.7673498031457,617.5348709557612
3717.5149999999558,623.7672642214322,617.5348709557612
3718.280999999959,623.7795652146334,617.5348709557612
3719.0469999999623,623.7674947245159,617.5348709557612
3719.8119999999763,623.7637572274043,617.5348709557612
3720.5779999999795,623.766154369155,617.5348709557612
3721.3439999999828,623.776272525715,617.5348709557612
3722.125,623.7687931027448,617.5348709557612
3722.8899999999558,623.7719875822194,617.5348709557612
3723.6719999999623,623.7758365330105,617.5348709557612
3724.4369999999763,623.76663417894,617.5348709557612
3725.2029999999795,623.7571720590913,617.5348709557612
3725.9689999999828,623.7641337544117,617.5348709557612
3726.7029999999795,623.7650597483052,617.5348709557612
3727.655999999959,623.7541111665903,617.5348709557612
3728.405999999959,623.7590407474935,617.5348709557612
3729.1399999999558,623.7694473324237,617.5348709557612
3729.905999999959,623.7662440763984,617.5348709557612
3730.6719999999623,623.7510773479167,617.5348709557612
3731.4219999999623,623.7560083538776,617.5348709557612
3732.155999999959,623.7590186714912,617.5348709557612
3732.9369999999763,623.7551413168977,617.5348709557612
3733.7029999999795,623.7559829499775,617.5348709557612
3734.4689999999828,623.7640710295836,617.5348709557612
3735.2189999999828,623.7536133959265,617.5348709557612
3735.9839999999967,623.7564070291363,617.5348709557612
3736.75,623.7503269193836,617.5348709557612
3737.4839999999967,623.7612353973617,617.5348709557612
3738.2649999999558,623.7470014677673,617.5348709557612
3739.030999999959,623.7481252432003,617.5348709557612
3739.7649999999558,623.7602737078241,617.5348709557612
3740.5149999999558,623.7520545250794,617.5348709557612
3741.2649999999558,623.7484266196071,617.5348709557612
3742.0,623.7505978578585,617.5348709557612
3742.7649999999558,623.7542495764882,617.5348709557612
3743.5149999999558,623.7567167596023,617.5348709557612
3744.280999999959,623.7489260220707,617.5348709557612
3745.0469999999623,623.7453165258538,617.5348709557612
3745.8119999999763,623.7485091031116,617.5348709557612
3746.5779999999795,623.7438750722108,617.5348709557612
3747.3589999999967,623.7539148025176,617.5348709557612
3748.125,623.7496191388999,617.5348709557612
3748.8899999999558,623.7461297784464,617.5348709557612
3749.6719999999623,623.7439662958705,617.5348709557612
3750.405999999959,623.7631320396048,617.5348709557612
3751.155999999959,623.7446713171032,617.5348709557612
3751.9219999999623,623.7468101975384,617.5348709557612
3752.6869999999763,623.7467097784556,617.5348709557612
3753.4529999999795,623.7505464233977,617.5348709557612
3754.25,623.7565690413713,617.5348709557612
3754.9839999999967,623.7494493987397,617.5348709557612
3755.7339999999967,623.7468487477377,617.5348709557612
3756.4839999999967,623.7387759518874,617.5348709557612
3757.2189999999828,623.7359995944236,617.5348709557612
3758.0,623.7529934484011,617.5348709557612
3758.7339999999967,623.7424304092222,617.5348709557612
3759.5,623.7293610804181,617.5348709557612
3760.25,623.7335730440444,617.5348709557612
3760.9839999999967,623.7343363936343,617.5348709557612
3761.7339999999967,623.7410740336079,617.5348709557612
3762.5,623.7293236816283,617.5348709557612
3763.2649999999558,623.7374170587516,617.5348709557612
3764.0149999999558,623.7378261387904,617.5348709557612
3764.780999999959,623.7449142206755,617.5348709557612
3765.5469999999623,623.715418740119,617.5348709557612
3766.3119999999763,623.4562823414836,617.5348709557612
3767.0619999999763,623.4129690136693,617.5348709557612
3767.7969999999623,623.3953844392128,617.5348709557612
3768.5469999999623,623.410059457132,617.5348709557612
3769.2969999999623,623.3955529172845,617.5348709557612
3770.0619999999763,623.3820819121568,617.5348709557612
3770.8119999999763,623.3847134215911,617.5348709557612
3771.5619999999763,623.3811408042598,617.5348709557612
3772.2969999999623,623.3863278133308,617.5348709557612
3773.0469999999623,623.3847875003598,617.5348709557612
3773.8119999999763,623.386023042453,617.5348709557612
3774.5619999999763,623.3814414320135,617.5348709557612
3775.2969999999623,623.381546748559,617.5348709557612
3776.0619999999763,623.3738342934038,617.5348709557612
3776.8439999999828,623.3846744893993,617.5348709557612
3777.6089999999967,623.4057391761783,617.5348709557612
3778.375,623.3616071925184,617.5348709557612
3779.125,623.3552650430836,617.5348709557612
3779.8589999999967,623.3432589501424,617.5348709557612
3780.6089999999967,623.3453157686179,617.5348709557612
3781.3439999999828,623.3411006903688,617.5348709557612
3782.0939999999828,623.3532631421875,617.5348709557612
3782.8439999999828,623.3380317383023,617.5348709557612
3783.5779999999795,623.346780643042,617.5348709557612
3784.3279999999795,623.3486474689304,617.5348709557612
3785.0939999999828,623.3446979231398,617.5348709557612
3785.8589999999967,623.3527471603701,617.5348709557612
3786.625,623.3394096205824,617.5348709557612
3787.3899999999558,623.345417111529,617.5348709557612
3788.155999999959,623.3405397867317,617.5348709557612
3788.8899999999558,623.3494086725609,617.5348709557612
3789.6719999999623,623.3548113902742,617.5348709557612
3790.4369999999763,623.3788557792446,617.5348709557612
3791.2649999999558,623.40765269504,617.5348709557612
3792.030999999959,623.4151761361956,617.5348709557612
3792.7969999999623,623.398871882536,617.5348709557612
3793.5469999999623,623.3996628513332,617.5348709557612
3794.3119999999763,623.3861305851502,617.5348709557612
3795.0619999999763,623.3862501311985,617.5348709557612
3795.8119999999763,623.3822011439,617.5348709557612
3796.5779999999795,623.3868302944419,617.5348709557612
3797.3439999999828,623.3871951367955,617.5348709557612
3798.1089999999967,623.3796593597233,617.5348709557612
3798.8439999999828,623.3793331674741,617.5348709557612
3799.6719999999623,623.3913842797076,617.5348709557612
3800.4529999999795,623.3878903151141,617.5348709557612
3801.2189999999828,623.3915196917718,617.5348709557612
3801.9689999999828,623.3843144537808,617.5348709557612
3802.7189999999828,623.3961794266764,617.5348709557612
3803.4839999999967,623.3912145102088,617.5348709557612
3804.2339999999967,623.3613338588405,617.5348709557612
3805.0149999999558,623.361676402704,617.5348709557612
3805.75,623.3476883573815,617.5348709557612
3806.5,623.3592253056905,617.5348709557612
3807.25,623.3520113716528,617.5348709557612
3808.0,623.347508435862,617.5348709557612
3808.7339999999967,623.3440897404112,617.5348709557612
3809.5149999999558,623.3476349902814,617.5348709557612
3810.280999999959,623.3504114945166,617.5348709557612
3811.0469999999623,623.3491590760451,617.5348709557612
3811.7969999999623,623.3480391909326,617.5348709557612
3812.5469999999623,623.3463604377334,617.5348709557612
3813.2969999999623,623.3452525194923,617.5348709557612
3814.0469999999623,623.3500247797416,617.5348709557612
3814.780999999959,623.352809018965,617.5348709557612
3815.5619999999763,623.3773175626667,617.5348709557612
3816.3119999999763,623.3570085465199,617.5348709557612
3817.0779999999795,623.3642814880662,617.5348709557612
3817.8439999999828,623.3588515940743,617.5348709557612
3818.5939999999828,623.3581417444747,617.5348709557612
3819.3279999999795,623.3602639526758,617.5348709557612
3820.0619999999763,623.3590040512529,617.5348709557612
3820.8279999999795,623.3567047102781,617.5348709557612
3821.5939999999828,623.3576100265107,617.5348709557612
3822.3589999999967,623.3478566767816,617.5348709557612
3823.125,623.3541054814656,617.5348709557612
3823.8899999999558,623.3546954151899,617.5348709557612
3824.655999999959,623.3470623580616,617.5348709557612
3825.4219999999623,623.362194049558,617.5348709557612
3826.1719999999623,623.3467166435207,617.5348709557612
3826.9369999999763,623.3450840451605,617.5348709557612
3827.6869999999763,623.3434047118657,617.5348709557612
3828.4369999999763,623.3699843785123,617.5348709557612
3829.1719999999623,623.5382775312573,617.5348709557612
3829.9219999999623,623.7032793449339,617.5348709557612
3830.655999999959,623.7199569326514,617.5348709557612
3831.405999999959,623.7324958264893,617.5348709557612
3832.1399999999558,623.7527546979323,617.5348709557612
3832.8899999999558,623.7553688659497,617.5348709557612
3833.655999999959,623.7666253455809,617.5348709557612
3834.3899999999558,623.7720261270347,617.5348709557612
3835.155999999959,623.7799460491697,617.5348709557612
3835.905999999959,623.7851410820731,617.5348709557612
3836.6719999999623,623.7889085635602,617.5348709557612
3837.4529999999795,623.7906696902204,617.5348709557612
3838.2189999999828,623.7846812798177,617.5348709557612
3838.9839999999967,623.7921260249149,617.5348709557612
3839.7339999999967,623.7931170956874,617.5348709557612
3840.5,623.8112061591769,617.5348709557612
3841.25,623.8049087692791,617.5348709557612
3842.0149999999558,623.7958148519232,617.5348709557612
3842.7649999999558,623.8140440827154,617.5348709557612
3843.5149999999558,623.8087839121158,617.5348709557612
3844.280999999959,623.8019472868439,617.5348709557612
3845.030999999959,623.8141825299538,617.5348709557612
3845.780999999959,623.8198139397159,617.5348709557612
3846.5469999999623,623.8234768314417,617.5348709557612
3847.3119999999763,623.8193176183338,617.5348709557612
3848.0779999999795,623.8221203371623,617.5348709557612
3848.8279999999795,623.8303634028065,617.5348709557612
3849.5779999999795,623.8252738475746,617.5348709557612
3850.3279999999795,623.8307636724608,617.5348709557612
3851.0619999999763,623.8200420837532,617.5348709557612
3851.8119999999763,623.826466596761,617.5348709557612
3852.5939999999828,623.8287745923263,617.5348709557612
3853.3589999999967,623.839155307487,617.5348709557612
3854.125,623.8374457754862,617.5348709557612
3854.8899999999558,623.8337908165428,617.5348709557612
3855.6399999999558,623.8284940751498,617.5348709557612
3856.3899999999558,623.8432801776147,617.5348709557612
3857.125,623.8354002501648,617.5348709557612
3857.875,623.8281413369259,617.5348709557612
3858.655999999959,623.8367683927137,617.5348709557612
3859.405999999959,623.8361559535858,617.5348709557612
3860.2189999999828,623.834978056381,617.5348709557612
3860.9839999999967,623.8361165598055,617.5348709557612
3861.7649999999558,623.8439406987176,617.5348709557612
3862.530999999959,623.8419917039498,617.5348709557612
3863.2649999999558,623.8337713255175,617.5348709557612
3864.030999999959,623.844426229347,617.5348709557612
3864.780999999959,623.8429757189841,617.5348709557612
3865.530999999959,623.8495944173839,617.5348709557612
3866.2969999999623,623.8495790697073,617.5348709557612
3867.0619999999763,623.8491509222654,617.5348709557612
3867.8119999999763,623.8443614074254,617.5348709557612
3868.5469999999623,623.853876528695,617.5348709557612
3869.2969999999623,623.8537613513685,617.5348709557612
3870.030999999959,623.849603221764,617.5348709557612
3870.780999999959,623.8463417017675,617.5348709557612
3871.6719999999623,623.8365868679584,617.5348709557612
3872.4219999999623,623.8482759218334,617.5348709557612
3873.155999999959,623.8462601862883,617.5348709557612
3873.905999999959,623.8486004004895,617.5348709557612
3874.6399999999558,623.8513732267464,617.5348709557612
3875.405999999959,623.8511070908754,617.5348709557612
3876.2339999999967,623.8446211229777,617.5348709557612
3876.9689999999828,623.8535172102931,617.5348709557612
3877.7029999999795,623.8381474831943,617.5348709557612
3878.4529999999795,623.8397209142912,617.5348709557612
3879.2029999999795,623.8449768769657,617.5348709557612
3879.9369999999763,623.8475724837552,617.5348709557612
3880.6719999999623,623.8534922133693,617.5348709557612
3881.4219999999623,623.8569140038026,617.5348709557612
3882.1719999999623,623.8474583017087,617.5348709557612
3882.9219999999623,623.8472072047766,617.5348709557612
3883.7029999999795,623.8529946252352,617.5348709557612
3884.4529999999795,623.8555442552841,617.5348709557612
3885.1869999999763,623.8399100874208,617.5348709557612
3885.9529999999795,623.8519747349229,617.5348709557612
3886.7189999999828,623.8594247096811,617.5348709557612
3887.4689999999828,623.8584023975942,617.5348709557612
3888.2189999999828,623.849876059776,617.5348709557612
3888.9839999999967,623.8585230134526,617.5348709557612
3889.7339999999967,623.8513364749879,617.5348709557612
3890.4839999999967,623.8563929830336,617.5348709557612
3891.2189999999828,623.8505505474781,617.5348709557612
3891.9689999999828,623.8569614425868,617.5348709557612
3892.7189999999828,623.8561582445376,617.5348709557612
3893.4839999999967,623.8537404140351,617.5348709557612
3894.2189999999828,623.8505030789318,617.5348709557612
3894.9689999999828,623.8636263883246,617.5348709557612
3895.7339999999967,623.8640252009319,617.5348709557612
3896.4689999999828,623.8694466905462,617.5348709557612
3897.25,623.8335411420911,617.5348709557612
3898.0149999999558,623.8226518016586,617.5348709557612
3898.780999999959,623.8173403303483,617.5348709557612
3899.530999999959,623.808387254276,617.5348709557612
3900.2649999999558,623.8005251921288,617.5348709557612
3901.0149999999558,623.7939723608766,617.5348709557612
3901.75,623.7979131728599,617.5348709557612
3902.530999999959,623.7829989403648,617.5348709557612
3903.3119999999763,623.7920002606584,617.5348709557612
3904.0469999999623,623.7912161962403,617.5348709557612
3904.7969999999623,623.7921953775663,617.5348709557612
3905.530999999959,623.7868528219832,617.5348709557612
3906.3119999999763,623.7745210607884,617.5348709557612
3907.0779999999795,623.7841893275004,617.5348709557612
3907.8279999999795,623.7864244471997,617.5348709557612
3908.5779999999795,623.7769457708634,617.5348709557612
3909.3589999999967,623.7852525927053,617.5348709557612
3910.1089999999967,623.7761552368784,617.5348709557612
3910.8589999999967,623.7672091767712,617.5348709557612
3911.6089999999967,623.7748572797993,617.5348709557612
3912.3439999999828,623.7757531893438,617.5348709557612
3913.0939999999828,623.7641866458904,617.5348709557612
3913.8589999999967,623.7632693195602,617.5348709557612
3914.625,623.7716084080918,617.5348709557612
3915.375,623.7765319296652,617.5348709557612
3916.155999999959,623.7636487516459,617.5348709557612
3916.9219999999623,623.7676772062515,617.5348709557612
3917.6719999999623,623.75680251594,617.5348709557612
3918.4219999999623,623.7620632768527,617.5348709557612
3919.1719999999623,623.7572333626787,617.5348709557612
3919.9529999999795,623.7664273834921,617.5348709557612
3920.7189999999828,623.7593284195491,617.5348709557612
3921.4689999999828,623.7617455255853,617.5348709557612
3922.2029999999795,623.7606069342664,617.5348709557612
3922.9529999999795,623.7578015196449,617.5348709557612
3923.7029999999795,623.7621165332777,617.5348709557612
3924.4689999999828,623.7604538836217,617.5348709557612
3925.2189999999828,623.7551062642566,617.5348709557612
3925.9839999999967,623.7619477338826,617.5348709557612
3926.75,623.7594740643208,617.5348709557612
3927.5149999999558,623.7545773830698,617.5348709557612
3928.25,623.7480286464464,617.5348709557612
3929.030999999959,623.7528313865487,617.5348709557612
3929.7969999999623,623.7515718307396,617.5348709557612
3930.530999999959,623.7618180778395,617.5348709557612
3931.280999999959,623.7447947658371,617.5348709557612
3932.030999999959,623.7566341671665,617.5348709557612
3932.7969999999623,623.7563859549898,617.5348709557612
3933.5619999999763,623.7553096458832,617.5348709557612
3934.3279999999795,623.7605203897069,617.5348709557612
3935.0939999999828,623.7418361202257,617.5348709557612
3935.8279999999795,623.7540818943788,617.5348709557612
3936.5619999999763,623.7449422497579,617.5348709557612
3937.3279999999795,623.7457419042869,617.5348709557612
3938.0779999999795,623.7485663699003,617.5348709557612
3938.8119999999763,623.7429252880384,617.5348709557612
3939.5939999999828,623.7513547028981,617.5348709557612
3940.3279999999795,623.7360683001496,617.5348709557612
3941.0779999999795,623.7451740408927,617.5348709557612
3941.8119999999763,623.749553057949,617.5348709557612
3942.5939999999828,623.7428399376951,617.5348709557612
3943.3439999999828,623.7548352011954,617.5348709557612
3944.1089999999967,623.7480216891528,617.5348709557612
3944.8899999999558,623.7418422436439,617.5348709557612
3945.625,623.7527425103193,617.5348709557612
3946.375,623.7393792289004,617.5348709557612
3947.1399999999558,623.7378108430312,617.5348709557612
3947.8899999999558,623.7390231831228,617.5348709557612
3948.625,623.7470041805402,617.5348709557612
3949.405999999959,623.7382764150193,617.5348709557612
3950.2029999999795,623.7444999471335,617.5348709557612
3950.9689999999828,623.751554780603,617.5348709557612
3951.7189999999828,623.7412581627474,617.5348709557612
3952.4689999999828,623.7464257543656,617.5348709557612
3953.25,623.7489783045932,617.5348709557612
3954.0,623.742116827538,617.5348709557612
3954.75,623.7495356361388,617.5348709557612
3955.6719999999623,623.733248789255,617.5348709557612
3956.4369999999763,623.7421398896025,617.5348709557612
3957.2029999999795,623.7360201845405,617.5348709557612
3957.9689999999828,623.7450223564573,617.5348709557612
3958.7339999999967,623.7584453061372,617.5348709557612
3959.5,623.5947157360524,617.5348709557612
3960.280999999959,623.4330021752581,617.5348709557612
3961.0469999999623,623.4114588010095,617.5348709557612
3961.7969999999623,623.4085194406621,617.5348709557612
3962.530999999959,623.3992606288541,617.5348709557612
3963.2969999999623,623.3990556555318,617.5348709557612
3964.0619999999763,623.3879354698989,617.5348709557612
3964.8279999999795,623.3864670479337,617.5348709557612
3965.5939999999828,623.3854960470453,617.5348709557612
3966.3589999999967,623.3871738026825,617.5348709557612
3967.0939999999828,623.3803899387254,617.5348709557612
3967.875,623.3854833849113,617.5348709557612
3968.6399999999558,623.3762150766706,617.5348709557612
3969.375,623.3843583175252,617.5348709557612
3970.1089999999967,623.3820914166457,617.5348709557612
3970.8589999999967,623.391210583673,617.5348709557612
3971.6089999999967,623.3998947027728,617.5348709557612
3972.375,623.3638540570166,617.5348709557612
3973.155999999959,623.3566745183525,617.5348709557612
3973.9219999999623,623.3543491765171,617.5348709557612
3974.6719999999623,623.3552874612202,617.5348709557612
3975.405999999959,623.346936795862,617.5348709557612
3976.155999999959,623.3495531432,617.5348709557612
3976.9219999999623,623.3489265638852,617.5348709557612
3977.6869999999763,623.3554142787061,617.5348709557612
3978.4529999999795,623.3452280325317,617.5348709557612
3979.2339999999967,623.3506646624247,617.5348709557612
3980.0,623.3403336670114,617.5348709557612
3980.7649999999558,623.3490015692736,617.5348709557612
3981.530999999959,623.3407566859572,617.5348709557612
3982.2969999999623,623.3512332465134,617.5348709557612
3983.0469999999623,623.3517706169285,617.5348709557612
3983.8279999999795,623.3493587395768,617.5348709557612
3984.5939999999828,623.4079436221871,617.5348709557612
3985.375,623.4067362803647,617.5348709557612
3986.1399999999558,623.4080935717304,617.5348709557612
3986.905999999959,623.3966081423457,617.5348709557612
3987.655999999959,623.3962648092124,617.5348709557612
3988.405999999959,623.394083467541,617.5348709557612
3989.155999999959,623.3955373326849,617.5348709557612
3989.9219999999623,623.3918049230443,617.5348709557612
3990.655999999959,623.3800373835777,617.5348709557612
3991.4529999999795,623.3846134466187,617.5348709557612
3992.2029999999795,623.3874867670266,617.5348709557612
3992.9839999999967,623.3875289281353,617.5348709557612
3993.7339999999967,623.3811269178899,617.5348709557612
3994.5,623.3856377095399,617.5348709557612
3995.2649999999558,623.391674888735,617.5348709557612
3996.030999999959,623.3907335965639,617.5348709557612
3996.7969999999623,623.3988961167357,617.5348709557612
3997.5619999999763,623.381609290522,617.5348709557612
3998.3279999999795,623.3661204276859,617.5348709557612
3999.0939999999828,623.3523193851703,617.5348709557612
3999.8589999999967,623.3516033896708,617.5348709557612
4000.6399999999558,623.3584414132913,617.5348709557612
4001.405999999959,623.3365001725074,617.5348709557612
4002.1869999999763,623.3592555798415,617.5348709557612
4002.9219999999623,623.345044125616,617.5348709557612
4003.7189999999828,623.3653542123623,617.5348709557612
4004.4839999999967,623.371596527722,617.5348709557612
4005.25,623.3777589875183,617.5348709557612
4005.9839999999967,623.3637365182357,617.5348709557612
4006.7649999999558,623.3633331827024,617.5348709557612
4007.5149999999558,623.3616003922339,617.5348709557612
4008.280999999959,623.3517550842575,617.5348709557612
4009.030999999959,623.3568933304422,617.5348709557612
4009.7649999999558,623.3541996321874,617.5348709557612
4010.530999999959,623.3521916818731,617.5348709557612
4011.2969999999623,623.3565384075281,617.5348709557612
4012.030999999959,623.3531067203744,617.5348709557612
4012.780999999959,623.365675410637,617.5348709557612
4013.530999999959,623.3590897600394,617.5348709557612
4014.2969999999623,623.361949137899,617.5348709557612
4015.0619999999763,623.3474063368823,617.5348709557612
4015.8119999999763,623.3534755923249,617.5348709557612
4016.5619999999763,623.3507607016337,617.5348709557612
4017.3119999999763,623.3506828293694,617.5348709557612
4018.0619999999763,623.3480944128378,617.5348709557612
4018.7969999999623,623.3581898679579,617.5348709557612
4019.5619999999763,623.3560425356867,617.5348709557612
4020.3279999999795,623.3555049443837,617.5348709557612
4021.0779999999795,623.3455669414931,617.5348709557612
4021.8439999999828,623.3550579380163,617.5348709557612
4022.6089999999967,623.3503621776828,617.5348709557612
4023.3589999999967,623.3562406043682,617.5348709557612
4024.125,623.3572236552524,617.5348709557612
4024.8589999999967,623.3481487514805,617.5348709557612
4025.625,623.3521945381473,617.5348709557612
4026.3899999999558,623.3482172547212,617.5348709557612
4027.155999999959,623.3469060290818,617.5348709557612
4027.905999999959,623.349430414797,617.5348709557612
4028.6719999999623,623.3543323512008,617.5348709557612
4029.4219999999623,623.3490710386235,617.5348709557612
4030.25,623.3520784196021,617.5348709557612
4031.0,623.3551901694799,617.5348709557612
4031.7339999999967,623.3552971622953,617.5348709557612
4032.5149999999558,623.3537047076478,617.5348709557612
4033.280999999959,623.3568715542491,617.5348709557612
4034.0619999999763,623.3599199010457,617.5348709557612
4034.8439999999828,623.3505592016502,617.5348709557612
4035.5939999999828,623.3539891474659,617.5348709557612
4036.3589999999967,623.347026869527,617.5348709557612
4037.1089999999967,623.3513343707633,617.5348709557612
4037.8899999999558,623.3575329549327,617.5348709557612
4038.655999999959,623.3491282495576,617.5348709557612
4039.405999999959,623.3524007165853,617.5348709557612
4040.155999999959,623.3441408204362,617.5348709557612
4040.9369999999763,623.3438530208739,617.5348709557612
4041.6869999999763,623.3520310812983,617.5348709557612
4042.4369999999763,623.3542509854263,617.5348709557612
4043.2029999999795,623.3551798950782,617.5348709557612
4043.9689999999828,623.349067143616,617.5348709557612
4044.7339999999967,623.3528816283942,617.5348709557612
4045.5,623.3502514848245,617.5348709557612
4046.25,623.351120864853,617.5348709557612
4047.030999999959,623.3468690458838,617.5348709557612
4047.8119999999763,623.3526731807128,617.5348709557612
4048.5779999999795,623.3528968888514,617.5348709557612
4049.3439999999828,623.3530355877436,617.5348709557612
4050.0939999999828,623.3441779109708,617.5348709557612
4050.8439999999828,623.3509042051711,617.5348709557612
4051.7029999999795,623.3579682864462,617.5348709557612
4052.4689999999828,623.3563563747708,617.5348709557612
4053.25,623.3582709278041,617.5348709557612
4053.9839999999967,623.3538003197137,617.5348709557612
4054.7339999999967,623.3499982669824,617.5348709557612
4055.5,623.3505508607461,617.5348709557612
4056.2649999999558,623.3527123196741,617.5348709557612
4057.0469999999623,623.3532744385149,617.5348709557612
4057.7969999999623,623.3421281946819,617.5348709557612
4058.625,623.3469097141367,617.5348709557612
