0.5459999999729916,623.2057821720468,617.590659478334
0.9059999999590218,623.1984004534949,617.590659478334
1.234000000054948,623.1967463142479,617.590659478334
1.577999999979511,623.1922941679326,617.590659478334
1.9209999999729916,623.1979311564374,617.590659478334
2.26500000001397,623.1833231838273,617.590659478334
2.609000000054948,623.1961897559725,617.590659478334
2.952999999979511,623.1973841253102,617.590659478334
3.2959999999729916,623.1982557574902,617.590659478334
3.655999999959022,623.1898430751064,617.590659478334
3.984000000054948,623.1904212506673,617.590659478334
4.342999999993481,623.2016330116321,617.590659478334
4.687000000034459,623.1962553319113,617.590659478334
5.01500000001397,623.1914863794328,617.590659478334
5.375,623.1960177889209,617.590659478334
5.717999999993481,623.1951164462438,617.590659478334
6.062000000034459,623.1951196139313,617.590659478334
6.405999999959022,623.1955465287755,617.590659478334
6.76500000001397,623.1902874213639,617.590659478334
7.109000000054948,623.1858476446032,617.590659478334
7.452999999979511,623.1918645885895,617.590659478334
7.812000000034459,623.205804598399,617.590659478334
8.155999999959022,623.1924132926104,617.590659478334
8.5,623.190293307902,617.590659478334
8.84299999999348,623.1942594501451,617.590659478334
9.187000000034459,623.1914826585207,617.590659478334
9.545999999972992,623.1901879384423,617.590659478334
9.89000000001397,623.1955302041937,617.590659478334
10.234000000054948,623.1926227666984,617.590659478334
10.625,623.1969879977033,617.590659478334
10.96799999999348,623.1826440299569,617.590659478334
11.327999999979511,623.1938345797934,617.590659478334
11.670999999972992,623.1982196321031,617.590659478334
12.0,623.1921811127914,617.590659478334
12.359000000054948,623.200635234163,617.590659478334
12.702999999979511,623.1969867049398,617.590659478334
13.045999999972992,623.1922879349079,617.590659478334
13.375,623.1873910624113,617.590659478334
13.71799999999348,623.1984507034389,617.590659478334
14.062000000034459,623.195986880009,617.590659478334
14.405999999959022,623.1961016443814,617.590659478334
14.75,623.1895957910325,617.590659478334
15.09299999999348,623.2008616831121,617.590659478334
15.437000000034459,623.1997320573779,617.590659478334
15.76500000001397,623.1952425176448,617.590659478334
16.125,623.1976643165257,617.590659478334
16.46799999999348,623.1908503813813,617.590659478334
16.79599999997299,623.188330151759,617.590659478334
17.14000000001397,623.1956032808304,617.590659478334
17.5,623.1937263751169,617.590659478334
17.82799999997951,623.1900126469877,617.590659478334
18.17099999997299,623.1898407397704,617.590659478334
18.51500000001397,623.1974215240471,617.590659478334
18.859000000054948,623.1978402082892,617.590659478334
19.20299999997951,623.1952747264733,617.590659478334
19.54599999997299,623.1947168363704,617.590659478334
19.89000000001397,623.2007419208215,617.590659478334
20.234000000054948,623.1937500282371,617.590659478334
20.56200000003446,623.1907468027625,617.590659478334
20.92099999997299,623.1954911499821,617.590659478334
21.25,623.1934404919408,617.590659478334
21.59299999999348,623.1985280937407,617.590659478334
21.93700000003446,623.1979925735503,617.590659478334
22.280999999959022,623.189658200402,617.590659478334
22.655999999959022,623.1922030972219,617.590659478334
22.984000000054948,623.1996006190833,617.590659478334
23.32799999997951,623.1841266842414,617.590659478334
23.68700000003446,623.19385702819,617.590659478334
24.01500000001397,623.1862325155523,617.590659478334
24.375,623.1858469963029,617.590659478334
24.70299999997951,623.1954413780966,617.590659478334
25.04599999997299,623.1925390428571,617.590659478334
25.39000000001397,623.1968357653442,617.590659478334
25.734000000054948,623.1939737593248,617.590659478334
26.07799999997951,623.1980492882774,617.590659478334
26.405999999959022,623.1950509257338,617.590659478334
26.75,623.1955644251354,617.590659478334
27.09299999999348,623.192592602424,617.590659478334
27.43700000003446,623.2009509951718,617.590659478334
27.780999999959022,623.1856392839878,617.590659478334
28.125,623.1998580061008,617.590659478334
28.46799999999348,623.1880577465286,617.590659478334
28.81200000003446,623.1930936424693,617.590659478334
29.17099999997299,623.2058769178323,617.590659478334
29.51500000001397,623.2420417350569,617.590659478334
29.84299999999348,623.2294027093054,617.590659478334
30.20299999997951,623.2284468671495,617.590659478334
30.54599999997299,623.2329354352111,617.590659478334
30.89000000001397,623.2305366768387,617.590659478334
31.234000000054948,623.2286519308327,617.590659478334
31.56200000003446,623.219599878748,617.590659478334
31.92099999997299,623.2301210376659,617.590659478334
32.26500000001397,623.2223295901974,617.590659478334
32.60900000005495,623.2347993685205,617.590659478334
32.96799999999348,623.2229225934263,617.590659478334
33.31200000003446,623.2332617587126,617.590659478334
33.65599999995902,623.2334233645793,617.590659478334
34.0,623.2245539106078,617.590659478334
34.34299999999348,623.2302900453012,617.590659478334
34.68700000003446,623.229485175391,617.590659478334
35.03099999995902,623.2301347507043,617.590659478334
35.375,623.2219877978966,617.590659478334
35.73400000005495,623.2339339686239,617.590659478334
36.07799999997951,623.2375755297514,617.590659478334
36.42099999997299,623.2351964021835,617.590659478334
36.76500000001397,623.2285548326079,617.590659478334
37.10900000005495,623.2397852557258,617.590659478334
37.46799999999348,623.2313060858701,617.590659478334
37.81200000003446,623.241297072242,617.590659478334
38.15599999995902,623.2332677218985,617.590659478334
38.5,623.2326251356426,617.590659478334
38.84299999999348,623.242979648625,617.590659478334
39.18700000003446,623.2392018777375,617.590659478334
39.53099999995902,623.2472590992626,617.590659478334
39.875,623.2369933802091,617.590659478334
40.21799999999348,623.2363951109672,617.590659478334
40.56200000003446,623.2407955708348,617.590659478334
40.92099999997299,623.2384039102768,617.590659478334
41.26500000001397,623.2460904996822,617.590659478334
41.625,623.2454910944577,617.590659478334
41.98400000005495,623.2457160759558,617.590659478334
42.32799999997951,623.2469685690603,617.590659478334
42.68700000003446,623.2490178632185,617.590659478334
43.04599999997299,623.2459092233116,617.590659478334
43.40599999995902,623.2433601140641,617.590659478334
43.76500000001397,623.2467241008846,617.590659478334
44.125,623.2537404740223,617.590659478334
44.46799999999348,623.2447481356496,617.590659478334
44.81200000003446,623.2558934160762,617.590659478334
45.17099999997299,623.2485898611985,617.590659478334
45.51500000001397,623.244199445683,617.590659478334
45.85900000005495,623.2496936429353,617.590659478334
46.21799999999348,623.2554820527341,617.590659478334
46.57799999997951,623.2432626321473,617.590659478334
46.92099999997299,623.2524213966998,617.590659478334
47.26500000001397,623.2602682373481,617.590659478334
47.625,623.2444848569974,617.590659478334
47.96799999999348,623.2540129131133,617.590659478334
48.31200000003446,623.2595302012834,617.590659478334
48.65599999995902,623.2603312641704,617.590659478334
49.01500000001397,623.2535150513239,617.590659478334
49.34299999999348,623.2609816514204,617.590659478334
49.68700000003446,623.2494819353068,617.590659478334
50.04599999997299,623.2488008988391,617.590659478334
50.39000000001397,623.2585319549379,617.590659478334
50.73400000005495,623.2596411827168,617.590659478334
51.07799999997951,623.2631590338815,617.590659478334
51.42099999997299,623.2629514732328,617.590659478334
51.76500000001397,623.2623638502303,617.590659478334
52.10900000005495,623.258243663484,617.590659478334
52.45299999997951,623.2548985165005,617.590659478334
52.79599999997299,623.2662289737483,617.590659478334
53.14000000001397,623.2553569306342,617.590659478334
53.48400000005495,623.264560504245,617.590659478334
53.82799999997951,623.2654042068824,617.590659478334
54.17099999997299,623.2624919622479,617.590659478334
54.51500000001397,623.2599585584281,617.590659478334
54.875,623.257768781805,617.590659478334
55.21799999999348,623.2693696569738,617.590659478334
55.54599999997299,623.2683767869661,617.590659478334
55.90599999995902,623.2678759194347,617.590659478334
56.25,623.2593463924396,617.590659478334
56.59299999999348,623.2706660123462,617.590659478334
56.93700000003446,623.2586013516394,617.590659478334
57.28099999995902,623.270321237962,617.590659478334
57.64000000001397,623.2735330937073,617.590659478334
58.0,623.2617159549652,617.590659478334
58.34299999999348,623.2736801197306,617.590659478334
58.71799999999348,623.2601448247423,617.590659478334
59.06200000003446,623.2736898918417,617.590659478334
59.40599999995902,623.2691310757299,617.590659478334
59.75,623.278053875158,617.590659478334
60.09299999999348,623.2738433343792,617.590659478334
60.45299999997951,623.2741147587059,617.590659478334
60.79599999997299,623.2639940150929,617.590659478334
61.14000000001397,623.2739027212841,617.590659478334
61.48400000005495,623.276542306769,617.590659478334
61.82799999997951,623.273745726645,617.590659478334
62.18700000003446,623.2759356180017,617.590659478334
62.51500000001397,623.2749441750516,617.590659478334
62.875,623.2657361343514,617.590659478334
63.21799999999348,623.2719941590882,617.590659478334
63.54599999997299,623.2688621716761,617.590659478334
63.90599999995902,623.2764505941377,617.590659478334
64.26500000001397,623.2693962780615,617.590659478334
64.60900000005495,623.2700941528697,617.590659478334
64.96799999999348,623.2758880591851,617.590659478334
65.31200000003446,623.2759122278887,617.590659478334
65.67099999997299,623.2710365716041,617.590659478334
66.03099999995902,623.2677771106596,617.590659478334
66.375,623.265094376943,617.590659478334
66.73400000005495,623.2827049299931,617.590659478334
67.09299999999348,623.2852401647024,617.590659478334
67.43700000003446,623.2856285229445,617.590659478334
67.79599999997299,623.2776315883447,617.590659478334
68.15599999995902,623.2808104775823,617.590659478334
68.5,623.2817286319923,617.590659478334
68.85900000005495,623.2778837479393,617.590659478334
69.20299999997951,623.2764350411269,617.590659478334
69.54599999997299,623.2751246736543,617.590659478334
69.90599999995902,623.2791292919607,617.590659478334
70.25,623.2706625915952,617.590659478334
70.60900000005495,623.2834107455142,617.590659478334
70.95299999997951,623.2817558895399,617.590659478334
71.29599999997299,623.2904608922336,617.590659478334
71.64000000001397,623.2855617863423,617.590659478334
71.98400000005495,623.2684107236241,617.590659478334
72.32799999997951,623.280839949026,617.590659478334
72.68700000003446,623.2881483892708,617.590659478334
73.01500000001397,623.2768968728494,617.590659478334
73.375,623.2781155614452,617.590659478334
73.71799999999348,623.2840558333406,617.590659478334
74.06200000003446,623.289575875647,617.590659478334
74.40599999995902,623.2861482411763,617.590659478334
74.75,623.2799722344103,617.590659478334
75.09299999999348,623.2752967271902,617.590659478334
75.42099999997299,623.2805142775921,617.590659478334
75.78099999995902,623.2886551232052,617.590659478334
76.125,623.286204236404,617.590659478334
76.46799999999348,623.279240210179,617.590659478334
76.82799999997951,623.2938156057555,617.590659478334
77.17099999997299,623.2861848747123,617.590659478334
77.51500000001397,623.2883304149127,617.590659478334
77.875,623.2816169939592,617.590659478334
78.21799999999348,623.2905479250057,617.590659478334
78.54599999997299,623.2952843757864,617.590659478334
78.90599999995902,623.2832891953617,617.590659478334
79.25,623.2957083934117,617.590659478334
79.59299999999348,623.2859885736245,617.590659478334
79.93700000003446,623.2809397049814,617.590659478334
80.29599999997299,623.2927932356026,617.590659478334
80.64000000001397,623.2912452594751,617.590659478334
80.98400000005495,623.2950823197134,617.590659478334
81.32799999997951,623.2889826710929,617.590659478334
81.67099999997299,623.2921276014006,617.590659478334
82.01500000001397,623.296474402411,617.590659478334
82.35900000005495,623.2930355565125,617.590659478334
82.70299999997951,623.2851953618697,617.590659478334
83.04599999997299,623.2874762103222,617.590659478334
83.40599999995902,623.2928285645178,617.590659478334
83.73400000005495,623.2960640361516,617.590659478334
84.07799999997951,623.291463807804,617.590659478334
84.42099999997299,623.2908155398607,617.590659478334
84.78099999995902,623.292269432842,617.590659478334
85.125,623.2869173391532,617.590659478334
85.46799999999348,623.2947189399537,617.590659478334
85.81200000003446,623.2898545403525,617.590659478334
86.15599999995902,623.2931577438035,617.590659478334
86.5,623.2923290366874,617.590659478334
86.84299999999348,623.2934446024111,617.590659478334
87.18700000003446,623.2960093721435,617.590659478334
87.53099999995902,623.2861895680952,617.590659478334
87.875,623.2978785364445,617.590659478334
88.21799999999348,623.2889724855739,617.590659478334
88.57799999997951,623.2924847401861,617.590659478334
88.93700000003446,623.3012518314131,617.590659478334
89.29599999997299,623.3022708750306,617.590659478334
89.65599999995902,623.3064101967244,617.590659478334
90.0,623.2970285598917,617.590659478334
90.35900000005495,623.2876911289926,617.590659478334
90.70299999997951,623.3014816139107,617.590659478334
91.06200000003446,623.2934127583502,617.590659478334
91.40599999995902,623.2986373163125,617.590659478334
91.75,623.2964856945853,617.590659478334
92.10900000005495,623.3040411476709,617.590659478334
92.45299999997951,623.2919521655768,617.590659478334
92.81200000003446,623.292352377383,617.590659478334
93.17099999997299,623.303670613313,617.590659478334
93.51500000001397,623.3046262832067,617.590659478334
93.85900000005495,623.2979353277756,617.590659478334
94.20299999997951,623.3034974807518,617.590659478334
94.60900000005495,623.3005396362287,617.590659478334
94.96799999999348,623.3033037654945,617.590659478334
95.31200000003446,623.300198964135,617.590659478334
95.65599999995902,623.3002614808266,617.590659478334
96.01500000001397,623.2934165475136,617.590659478334
96.34299999999348,623.302103312301,617.590659478334
96.70299999997951,623.2955787309751,617.590659478334
97.04599999997299,623.2988920851744,617.590659478334
97.375,623.3018860063631,617.590659478334
97.71799999999348,623.3120654913026,617.590659478334
98.07799999997951,623.3013532323106,617.590659478334
98.42099999997299,623.3000843847151,617.590659478334
98.76500000001397,623.3033069734562,617.590659478334
99.10900000005495,623.3103110179494,617.590659478334
99.45299999997951,623.3081167603394,617.590659478334
99.79599999997299,623.3006452949754,617.590659478334
100.15599999995902,623.3085761413178,617.590659478334
100.5,623.2947208181681,617.590659478334
100.84299999999348,623.3063953457604,617.590659478334
101.20299999997951,623.3048285328841,617.590659478334
101.53099999995902,623.30346009132,617.590659478334
101.875,623.3110952692425,617.590659478334
102.21799999999348,623.3077663518105,617.590659478334
102.56200000003446,623.3026422596289,617.590659478334
102.92099999997299,623.3061809538856,617.590659478334
103.25,623.2964827339458,617.590659478334
103.60900000005495,623.307829358542,617.590659478334
103.95299999997951,623.3016432782814,617.590659478334
104.29599999997299,623.3018131946046,617.590659478334
104.64000000001397,623.3051756636257,617.590659478334
104.98400000005495,623.3173776641739,617.590659478334
105.32799999997951,623.3055416683056,617.590659478334
105.67099999997299,623.3082161148752,617.590659478334
106.03099999995902,623.3126044542421,617.590659478334
106.375,623.3005189682306,617.590659478334
106.71799999999348,623.30479465569,617.590659478334
107.07799999997951,623.3008927435179,617.590659478334
107.40599999995902,623.3010789551944,617.590659478334
107.76500000001397,623.2926836407134,617.590659478334
108.10900000005495,623.2988887033794,617.590659478334
108.45299999997951,623.3142721842387,617.590659478334
108.79599999997299,623.2948159715829,617.590659478334
109.15599999995902,623.3110009020254,617.590659478334
109.5,623.3014037103884,617.590659478334
109.84299999999348,623.3097263144831,617.590659478334
110.18700000003446,623.3126410207338,617.590659478334
110.53099999995902,623.3030367077118,617.590659478334
110.875,623.3064759856313,617.590659478334
111.23400000005495,623.3067697588798,617.590659478334
111.57799999997951,623.2974566943141,617.590659478334
111.92099999997299,623.30373800795,617.590659478334
112.26500000001397,623.3130663719903,617.590659478334
112.625,623.3055485596748,617.590659478334
112.96799999999348,623.3120055744664,617.590659478334
113.31200000003446,623.2991819507083,617.590659478334
113.65599999995902,623.3148974550642,617.590659478334
114.01500000001397,623.3087657002505,617.590659478334
114.35900000005495,623.3084589948569,617.590659478334
114.70299999997951,623.3088547693345,617.590659478334
115.04599999997299,623.3180198038942,617.590659478334
115.39000000001397,623.3125922432956,617.590659478334
115.73400000005495,623.3073553271781,617.590659478334
116.07799999997951,623.30260475614,617.590659478334
116.43700000003446,623.3102468795108,617.590659478334
116.78099999995902,623.3102464947862,617.590659478334
117.125,623.3141898755221,617.590659478334
117.48400000005495,623.3157178232643,617.590659478334
117.82799999997951,623.3122208904556,617.590659478334
118.18700000003446,623.3148637917363,617.590659478334
118.60900000005495,623.3073267338805,617.590659478334
118.96799999999348,623.3196093858526,617.590659478334
119.29599999997299,623.3137023722703,617.590659478334
119.64000000001397,623.3196138021278,617.590659478334
120.0,623.3098194652821,617.590659478334
120.35900000005495,623.3053577482436,617.590659478334
120.68700000003446,623.2986818773434,617.590659478334
121.03099999995902,623.3108737293138,617.590659478334
121.39000000001397,623.3057581399676,617.590659478334
121.73400000005495,623.3163129954235,617.590659478334
122.07799999997951,623.317140509703,617.590659478334
122.42099999997299,623.3160763644303,617.590659478334
122.78099999995902,623.3055551027072,617.590659478334
123.125,623.3144724202465,617.590659478334
123.46799999999348,623.3074784736795,617.590659478334
123.81200000003446,623.3182757319902,617.590659478334
124.15599999995902,623.3163450467158,617.590659478334
124.51500000001397,623.3142845766557,617.590659478334
124.85900000005495,623.3174360587898,617.590659478334
125.21799999999348,623.317913656985,617.590659478334
125.56200000003446,623.3074463913426,617.590659478334
125.90599999995902,623.3016830424526,617.590659478334
126.25,623.30837346877,617.590659478334
126.59299999999348,623.3224532713555,617.590659478334
126.95299999997951,623.3168485986528,617.590659478334
127.29599999997299,623.3168373972494,617.590659478334
127.64000000001397,623.3112262657629,617.590659478334
127.98400000005495,623.3138126544504,617.590659478334
128.3279999999795,623.3121337791491,617.590659478334
128.670999999973,623.3141023285349,617.590659478334
129.0,623.3149203920041,617.590659478334
129.35900000005495,623.3252652472924,617.590659478334
129.7029999999795,623.312371989764,617.590659478334
130.045999999973,623.3154862438703,617.590659478334
130.39000000001397,623.319700427563,617.590659478334
130.73400000005495,623.3182287698282,617.590659478334
131.0779999999795,623.320462030513,617.590659478334
131.43700000003446,623.3203536618694,617.590659478334
131.76500000001397,623.3275393658382,617.590659478334
132.10900000005495,623.3131044119219,617.590659478334
132.4529999999795,623.3199538210048,617.590659478334
132.81200000003446,623.3165315110673,617.590659478334
133.14000000001397,623.3200098623146,617.590659478334
133.5,623.30868328334,617.590659478334
133.84299999999348,623.3227767822576,617.590659478334
134.18700000003446,623.3217227757406,617.590659478334
134.53099999995902,623.3140425225242,617.590659478334
134.875,623.3198712267069,617.590659478334
135.21799999999348,623.318694816616,617.590659478334
135.56200000003446,623.3226939693989,617.590659478334
135.90599999995902,623.3256569967741,617.590659478334
136.25,623.3142698731914,617.590659478334
136.60900000005495,623.3177829177125,617.590659478334
136.9529999999795,623.3217926925664,617.590659478334
137.31200000003446,623.3131629960179,617.590659478334
137.65599999995902,623.3221060375524,617.590659478334
138.0,623.3248328737386,617.590659478334
138.35900000005495,623.3228643662732,617.590659478334
138.7029999999795,623.3032575412318,617.590659478334
139.03099999995902,623.3172889358938,617.590659478334
139.39000000001397,623.3209716980367,617.590659478334
139.73400000005495,623.3321067332776,617.590659478334
140.06200000003446,623.3156077297857,617.590659478334
140.40599999995902,623.3151780203666,617.590659478334
140.76500000001397,623.3231792496782,617.590659478334
141.10900000005495,623.3144996509852,617.590659478334
141.4529999999795,623.3188541290591,617.590659478334
141.795999999973,623.3172741156685,617.590659478334
142.14000000001397,623.3251795633239,617.590659478334
142.545999999973,623.3277465012097,617.590659478334
142.875,623.3244330268511,617.590659478334
143.23400000005495,623.3183509055281,617.590659478334
143.56200000003446,623.3175786718441,617.590659478334
143.90599999995902,623.3258638961319,617.590659478334
144.25,623.3192772338253,617.590659478334
144.59299999999348,623.3157397357182,617.590659478334
144.93700000003446,623.3301744960468,617.590659478334
145.295999999973,623.3250229559973,617.590659478334
145.64000000001397,623.3237509210246,617.590659478334
145.98400000005495,623.3228120190931,617.590659478334
146.3279999999795,623.3217491974796,617.590659478334
146.670999999973,623.3225260625951,617.590659478334
147.01500000001397,623.3290740311203,617.590659478334
147.35900000005495,623.3268090254469,617.590659478334
147.7029999999795,623.3297392513614,617.590659478334
148.045999999973,623.324008811828,617.590659478334
148.39000000001397,623.3253459530705,617.590659478334
148.71799999999348,623.3245966257455,617.590659478334
149.0779999999795,623.3033399666926,617.590659478334
149.420999999973,623.3256383274357,617.590659478334
149.76500000001397,623.3235279611816,617.590659478334
150.10900000005495,623.3273001739444,617.590659478334
150.4529999999795,623.31534263833,617.590659478334
150.795999999973,623.3167057433141,617.590659478334
151.14000000001397,623.3261299516558,617.590659478334
151.48400000005495,623.3277716304203,617.590659478334
151.84299999999348,623.3210294860498,617.590659478334
152.18700000003446,623.3268432431521,617.590659478334
152.53099999995902,623.3325986848969,617.590659478334
152.85900000005495,623.3233939736074,617.590659478334
153.2029999999795,623.3199064309217,617.590659478334
153.56200000003446,623.3201011496867,617.590659478334
153.90599999995902,623.3238271278219,617.590659478334
154.25,623.3242182851625,617.590659478334
154.60900000005495,623.3227092355647,617.590659478334
154.96799999999348,623.3207965140484,617.590659478334
155.31200000003446,623.3236458296818,617.590659478334
155.65599999995902,623.3219118308208,617.590659478334
156.01500000001397,623.322906881848,617.590659478334
156.34299999999348,623.3254110368625,617.590659478334
156.68700000003446,623.3185672462189,617.590659478334
157.03099999995902,623.3281065839283,617.590659478334
157.375,623.3276756479925,617.590659478334
157.71799999999348,623.3325567826274,617.590659478334
158.06200000003446,623.3329337855657,617.590659478334
158.40599999995902,623.3150313910897,617.590659478334
158.75,623.3197424865587,617.590659478334
159.09299999999348,623.3295670099951,617.590659478334
159.420999999973,623.3323065012436,617.590659478334
159.76500000001397,623.3191290175764,617.590659478334
160.10900000005495,623.3209927123874,617.590659478334
160.4529999999795,623.3170655848535,617.590659478334
160.795999999973,623.3240713718961,617.590659478334
161.14000000001397,623.3260537316672,617.590659478334
161.48400000005495,623.3282789598063,617.590659478334
161.81200000003446,623.3246664968607,617.590659478334
162.170999999973,623.3192112952843,617.590659478334
162.51500000001397,623.3309668718806,617.590659478334
162.85900000005495,623.3288214616052,617.590659478334
163.2029999999795,623.320740199965,617.590659478334
163.545999999973,623.3238246455256,617.590659478334
163.89000000001397,623.3278474204332,617.590659478334
164.23400000005495,623.327745972279,617.590659478334
164.5779999999795,623.3271199040257,617.590659478334
164.90599999995902,623.3241794443841,617.590659478334
165.25,623.3235689717308,617.590659478334
165.60900000005495,623.3264174251754,617.590659478334
165.93700000003446,623.3278832974852,617.590659478334
166.295999999973,623.3159749046436,617.590659478334
166.65599999995902,623.3381663272163,617.590659478334
167.01500000001397,623.3289663390215,617.590659478334
167.35900000005495,623.3304557277838,617.590659478334
167.7029999999795,623.3241167633038,617.590659478334
168.045999999973,623.3280020635772,617.590659478334
168.375,623.3393838283773,617.590659478334
168.71799999999348,623.3250504583374,617.590659478334
169.0779999999795,623.3215213408595,617.590659478334
169.420999999973,623.3354804294707,617.590659478334
169.76500000001397,623.3290975703991,617.590659478334
170.09299999999348,623.3261768275864,617.590659478334
170.4529999999795,623.3329735382873,617.590659478334
170.795999999973,623.3293598127138,617.590659478334
171.14000000001397,623.3257337713496,617.590659478334
171.48400000005495,623.3360832782787,617.590659478334
171.81200000003446,623.3273817671085,617.590659478334
172.170999999973,623.3254933756675,617.590659478334
172.51500000001397,623.3316440542762,617.590659478334
172.85900000005495,623.334629280683,617.590659478334
173.2029999999795,623.3228715573769,617.590659478334
173.56200000003446,623.330597169187,617.590659478334
173.90599999995902,623.3308055043412,617.590659478334
174.25,623.3139015914985,617.590659478334
174.59299999999348,623.3161477786775,617.590659478334
174.9529999999795,623.3245536031756,617.590659478334
175.31200000003446,623.3284944660865,617.590659478334
175.65599999995902,623.3325246643997,617.590659478334
176.0,623.3391225342749,617.590659478334
176.34299999999348,623.331762188739,617.590659478334
176.68700000003446,623.3215737063342,617.590659478334
177.045999999973,623.3312561066243,617.590659478334
177.39000000001397,623.3248954812524,617.590659478334
177.73400000005495,623.3327999688217,617.590659478334
178.0779999999795,623.324065341578,617.590659478334
178.420999999973,623.3274377192741,617.590659478334
178.78099999995902,623.3239375491428,617.590659478334
179.125,623.3331628419857,617.590659478334
179.46799999999348,623.33020172515,617.590659478334
179.81200000003446,623.3300973666743,617.590659478334
180.15599999995902,623.3255393881537,617.590659478334
180.5,623.32392667596,617.590659478334
180.85900000005495,623.3261418589614,617.590659478334
181.2029999999795,623.3242810893872,617.590659478334
181.545999999973,623.3190632032354,617.590659478334
181.89000000001397,623.3220607086463,617.590659478334
182.23400000005495,623.3257683547878,617.590659478334
182.5779999999795,623.337703380915,617.590659478334
182.920999999973,623.3262798129878,617.590659478334
183.26500000001397,623.3332059429341,617.590659478334
183.60900000005495,623.3254287527435,617.590659478334
183.96799999999348,623.3229752265906,617.590659478334
184.31200000003446,623.3238698482627,617.590659478334
184.65599999995902,623.3359963222639,617.590659478334
185.0,623.339888220749,617.590659478334
185.34299999999348,623.3259458404444,617.590659478334
185.68700000003446,623.3381267033378,617.590659478334
186.03099999995902,623.3230267161288,617.590659478334
186.375,623.3300421350291,617.590659478334
186.71799999999348,623.333884910871,617.590659478334
187.06200000003446,623.325617018445,617.590659478334
187.40599999995902,623.3287925852422,617.590659478334
187.76500000001397,623.3340384550379,617.590659478334
188.10900000005495,623.3295440665298,617.590659478334
188.4529999999795,623.3342544358763,617.590659478334
188.78099999995902,623.3242941728212,617.590659478334
189.14000000001397,623.3239829585353,617.590659478334
189.48400000005495,623.3299343128969,617.590659478334
189.8279999999795,623.3237288656012,617.590659478334
190.18700000003446,623.333242442034,617.590659478334
190.60900000005495,623.3291024229122,617.590659478334
190.96799999999348,623.3322538883184,617.590659478334
191.31200000003446,623.3398765260432,617.590659478334
191.65599999995902,623.3396822788867,617.590659478334
192.01500000001397,623.3261562981681,617.590659478334
192.34299999999348,623.3337176133521,617.590659478334
192.7029999999795,623.3288336420057,617.590659478334
193.045999999973,623.3322569506207,617.590659478334
193.39000000001397,623.3373321695601,617.590659478334
193.73400000005495,623.3358810731106,617.590659478334
194.09299999999348,623.3315728783754,617.590659478334
194.420999999973,623.3307460990535,617.590659478334
194.76500000001397,623.3277297910275,617.590659478334
195.10900000005495,623.332039840737,617.590659478334
195.46799999999348,623.3323304702438,617.590659478334
195.81200000003446,623.3247328220499,617.590659478334
196.15599999995902,623.3247177569269,617.590659478334
196.51500000001397,623.3300592854262,617.590659478334
196.85900000005495,623.3415860082654,617.590659478334
197.2029999999795,623.3260518924778,617.590659478334
197.545999999973,623.3303869767618,617.590659478334
197.90599999995902,623.3387552849317,617.590659478334
198.25,623.3242609661404,617.590659478334
198.59299999999348,623.3279946284863,617.590659478334
198.93700000003446,623.3355461053491,617.590659478334
199.28099999995902,623.339012789556,617.590659478334
199.625,623.3417201075861,617.590659478334
199.96799999999348,623.3313445932198,617.590659478334
200.3279999999795,623.3441236905489,617.590659478334
200.670999999973,623.3372325936452,617.590659478334
201.01500000001397,623.3276287369976,617.590659478334
201.35900000005495,623.3333235228624,617.590659478334
201.7029999999795,623.3292211462613,617.590659478334
202.045999999973,623.3320459629143,617.590659478334
202.39000000001397,623.3315902366892,617.590659478334
202.73400000005495,623.3265045137173,617.590659478334
203.0779999999795,623.3309004345596,617.590659478334
203.43700000003446,623.3425474204743,617.590659478334
203.78099999995902,623.3279163876006,617.590659478334
204.125,623.3194464942579,617.590659478334
204.46799999999348,623.332924358613,617.590659478334
204.81200000003446,623.3306552872962,617.590659478334
205.15599999995902,623.3339570063147,617.590659478334
205.5,623.3385512006408,617.590659478334
205.84299999999348,623.3421985750201,617.590659478334
206.2029999999795,623.3288906491649,617.590659478334
206.53099999995902,623.3263680236664,617.590659478334
206.89000000001397,623.32467415622,617.590659478334
207.23400000005495,623.3301771112002,617.590659478334
207.5779999999795,623.3318644050903,617.590659478334
207.93700000003446,623.338065686879,617.590659478334
208.28099999995902,623.3316857778641,617.590659478334
208.625,623.3380721357412,617.590659478334
208.96799999999348,623.3284124267435,617.590659478334
209.3279999999795,623.3356201616969,617.590659478334
209.670999999973,623.3297842318694,617.590659478334
210.01500000001397,623.3240514337958,617.590659478334
210.375,623.3360536598369,617.590659478334
210.71799999999348,623.3324683524169,617.590659478334
211.06200000003446,623.3378678746686,617.590659478334
211.420999999973,623.3381757764686,617.590659478334
211.76500000001397,623.3277327735541,617.590659478334
212.10900000005495,623.3247222209585,617.590659478334
212.46799999999348,623.3335581850806,617.590659478334
212.8279999999795,623.3302239578609,617.590659478334
213.170999999973,623.3348801627105,617.590659478334
213.53099999995902,623.3424111464254,617.590659478334
213.875,623.3255691280067,617.590659478334
214.23400000005495,623.3352492401126,617.590659478334
214.625,623.3346872447453,617.590659478334
214.9529999999795,623.3368895854287,617.590659478334
215.31200000003446,623.3415567250214,617.590659478334
215.65599999995902,623.3337603379017,617.590659478334
216.0,623.3346613784478,617.590659478334
216.34299999999348,623.3366034902537,617.590659478334
216.7029999999795,623.3324501495631,617.590659478334
217.045999999973,623.3374786307772,617.590659478334
217.39000000001397,623.3314096934799,617.590659478334
217.73400000005495,623.3416689140277,617.590659478334
218.0779999999795,623.3322498900203,617.590659478334
218.43700000003446,623.3269785850453,617.590659478334
218.78099999995902,623.3269088455446,617.590659478334
219.125,623.3385763672361,617.590659478334
219.46799999999348,623.3327228380317,617.590659478334
219.81200000003446,623.3332833540594,617.590659478334
220.170999999973,623.339378122787,617.590659478334
220.51500000001397,623.3388352417445,617.590659478334
220.85900000005495,623.3427789918504,617.590659478334
221.2029999999795,623.3373676538661,617.590659478334
221.545999999973,623.3211961533482,617.590659478334
221.90599999995902,623.3303855772706,617.590659478334
222.25,623.3268793598685,617.590659478334
222.60900000005495,623.3359889363926,617.590659478334
222.9529999999795,623.3374009122017,617.590659478334
223.31200000003446,623.3379322487032,617.590659478334
223.670999999973,623.3380578120674,617.590659478334
224.01500000001397,623.3371945631,617.590659478334
224.375,623.3373660292311,617.590659478334
224.71799999999348,623.3333951279471,617.590659478334
225.06200000003446,623.3365555586065,617.590659478334
225.420999999973,623.3376278374946,617.590659478334
225.78099999995902,623.3302879673969,617.590659478334
226.14000000001397,623.3330107244911,617.590659478334
226.5,623.3391418151351,617.590659478334
226.85900000005495,623.3333896505152,617.590659478334
227.2029999999795,623.3390233918427,617.590659478334
227.545999999973,623.3384899364547,617.590659478334
227.89000000001397,623.3382945056992,617.590659478334
228.25,623.3452772740258,617.590659478334
228.5779999999795,623.3345161707792,617.590659478334
228.93700000003446,623.3327080226381,617.590659478334
229.295999999973,623.3394253086284,617.590659478334
229.64000000001397,623.3301370891008,617.590659478334
229.98400000005495,623.3376349933872,617.590659478334
230.3279999999795,623.3250343812314,617.590659478334
230.670999999973,623.3370260893814,617.590659478334
231.01500000001397,623.3368302550905,617.590659478334
231.375,623.3405295095405,617.590659478334
231.71799999999348,623.3293303964037,617.590659478334
232.045999999973,623.3281032213121,617.590659478334
232.40599999995902,623.338821238304,617.590659478334
232.75,623.335963599315,617.590659478334
233.10900000005495,623.3344962528274,617.590659478334
233.43700000003446,623.3406012047251,617.590659478334
233.795999999973,623.3430971507773,617.590659478334
234.14000000001397,623.3358991268196,617.590659478334
234.48400000005495,623.3310217144369,617.590659478334
234.8279999999795,623.3405397989713,617.590659478334
235.170999999973,623.3266992964362,617.590659478334
235.53099999995902,623.3410547784804,617.590659478334
235.875,623.332702496944,617.590659478334
236.21799999999348,623.3334764653046,617.590659478334
236.56200000003446,623.3387316754042,617.590659478334
236.90599999995902,623.3414164060813,617.590659478334
237.26500000001397,623.3292360281997,617.590659478334
237.60900000005495,623.3415719431744,617.590659478334
237.9529999999795,623.3266348585335,617.590659478334
238.31200000003446,623.3374747286111,617.590659478334
238.65599999995902,623.3339842003493,617.590659478334
239.01500000001397,623.3390553154843,617.590659478334
239.35900000005495,623.3809441951214,617.590659478334
239.7029999999795,623.373492692261,617.590659478334
240.045999999973,623.3693734059858,617.590659478334
240.39000000001397,623.364370960337,617.590659478334
240.75,623.3669772744258,617.590659478334
241.09299999999348,623.3605580677876,617.590659478334
241.43700000003446,623.3533700829499,617.590659478334
241.78099999995902,623.3659456187444,617.590659478334
242.10900000005495,623.3521190040602,617.590659478334
242.4529999999795,623.3576590854876,617.590659478334
242.795999999973,623.3507154595986,617.590659478334
243.15599999995902,623.362701627753,617.590659478334
243.48400000005495,623.3658630296823,617.590659478334
243.8279999999795,623.3575911906136,617.590659478334
244.170999999973,623.3567654433624,617.590659478334
244.51500000001397,623.3530766209432,617.590659478334
244.85900000005495,623.3575703028066,617.590659478334
245.2029999999795,623.3490012311634,617.590659478334
245.545999999973,623.3585184175333,617.590659478334
245.90599999995902,623.356832120461,617.590659478334
246.25,623.3475199530734,617.590659478334
246.59299999999348,623.3545230537292,617.590659478334
246.93700000003446,623.3587088887159,617.590659478334
247.28099999995902,623.35442779124,617.590659478334
247.625,623.3587267107742,617.590659478334
247.96799999999348,623.3522604016625,617.590659478334
248.31200000003446,623.3615867133079,617.590659478334
248.65599999995902,623.3592680206926,617.590659478334
249.0,623.3555473471062,617.590659478334
249.34299999999348,623.3532964127379,617.590659478334
249.68700000003446,623.3609248518147,617.590659478334
250.03099999995902,623.359472759318,617.590659478334
250.375,623.3661328770073,617.590659478334
250.71799999999348,623.3632831217033,617.590659478334
251.06200000003446,623.3635784341557,617.590659478334
251.40599999995902,623.3913782535849,617.590659478334
251.75,623.3963194918531,617.590659478334
252.09299999999348,623.3991533587481,617.590659478334
252.43700000003446,623.3977939856517,617.590659478334
252.76500000001397,623.4044169246478,617.590659478334
253.10900000005495,623.4065145349124,617.590659478334
253.4529999999795,623.4012861279074,617.590659478334
253.795999999973,623.3999521397634,617.590659478334
254.14000000001397,623.3786888054303,617.590659478334
254.48400000005495,623.3849174742398,617.590659478334
254.8279999999795,623.3779655203688,617.590659478334
255.170999999973,623.3815794882613,617.590659478334
255.51500000001397,623.3800954211052,617.590659478334
255.85900000005495,623.3722365823047,617.590659478334
256.18700000003446,623.367114330278,617.590659478334
256.545999999973,623.3721196930295,617.590659478334
256.875,623.371003710071,617.590659478334
257.23400000005495,623.3567246208241,617.590659478334
257.56200000003446,623.3725355766722,617.590659478334
257.905999999959,623.3717344893171,617.590659478334
258.25,623.3703364676996,617.590659478334
258.5929999999935,623.3711809348174,617.590659478334
258.93700000003446,623.3596828076717,617.590659478334
259.280999999959,623.3616170191419,617.590659478334
259.625,623.3671617040749,617.590659478334
259.9529999999795,623.3618038680813,617.590659478334
260.31200000003446,623.3558313798678,617.590659478334
260.655999999959,623.3528184893273,617.590659478334
261.0,623.3593064465833,617.590659478334
261.3429999999935,623.3600997236783,617.590659478334
261.68700000003446,623.3632638628735,617.590659478334
262.030999999959,623.3686494457427,617.590659478334
262.375,623.3585492414194,617.590659478334
262.7179999999935,623.3624267207158,617.590659478334
263.06200000003446,623.3710000712824,617.590659478334
263.405999999959,623.3560449177456,617.590659478334
263.75,623.3525380516941,617.590659478334
264.0929999999935,623.3542082914781,617.590659478334
264.43700000003446,623.3602259318826,617.590659478334
264.780999999959,623.3584731410601,617.590659478334
265.10900000005495,623.3904491193567,617.590659478334
265.4529999999795,623.1929536104759,617.590659478334
265.81200000003446,623.1207728110675,617.590659478334
266.14000000001397,623.0911242099902,617.590659478334
266.48400000005495,623.0697275889286,617.590659478334
266.8279999999795,623.0406566158143,617.590659478334
267.170999999973,623.0339649579612,617.590659478334
267.51500000001397,623.0166683436365,617.590659478334
267.85900000005495,623.0091549282066,617.590659478334
268.2029999999795,623.0057278772495,617.590659478334
268.545999999973,622.9885632004246,617.590659478334
268.89000000001397,622.9662192761077,617.590659478334
269.23400000005495,622.9672183992179,617.590659478334
269.5779999999795,622.9647438715598,617.590659478334
269.905999999959,622.9570031518947,617.590659478334
270.25,622.9478889563889,617.590659478334
270.5929999999935,622.9507757529284,617.590659478334
270.920999999973,622.9533092062467,617.590659478334
271.280999999959,622.945812279227,617.590659478334
271.625,622.9496045197802,617.590659478334
271.9679999999935,622.9301501885783,617.590659478334
272.31200000003446,622.9315131482731,617.590659478334
272.655999999959,622.9252330177022,617.590659478334
273.01500000001397,622.9255728257757,617.590659478334
273.35900000005495,622.9258812487919,617.590659478334
273.7029999999795,622.9201353286936,617.590659478334
274.06200000003446,622.9234147303723,617.590659478334
274.405999999959,622.9093876160902,617.590659478334
274.75,622.9152039694086,617.590659478334
275.0929999999935,622.9192510167071,617.590659478334
275.43700000003446,622.9128065848715,617.590659478334
275.76500000001397,622.9120296756521,617.590659478334
276.10900000005495,622.906376320771,617.590659478334
276.4529999999795,622.9071075355015,617.590659478334
276.795999999973,622.8947902519003,617.590659478334
277.14000000001397,622.9103607557064,617.590659478334
277.48400000005495,622.9851600952119,617.590659478334
277.8279999999795,622.93300721744,617.590659478334
278.170999999973,623.1083705997859,617.590659478334
278.5,623.1382795391615,617.590659478334
278.85900000005495,623.1519931051095,617.590659478334
279.18700000003446,623.1300420663499,617.590659478334
279.530999999959,623.1288952877339,617.590659478334
279.875,623.115141284728,617.590659478334
280.2179999999935,623.121560343809,617.590659478334
280.56200000003446,623.1193955158164,617.590659478334
280.89000000001397,623.1214978113723,617.590659478334
281.23400000005495,623.1221274422219,617.590659478334
281.5929999999935,623.1104883450366,617.590659478334
281.93700000003446,623.1084718861836,617.590659478334
282.280999999959,623.1239998134952,617.590659478334
282.625,623.109905033696,617.590659478334
282.9679999999935,623.121430484545,617.590659478334
283.31200000003446,623.1195702643645,617.590659478334
283.670999999973,623.1165171741119,617.590659478334
284.01500000001397,623.1198133921189,617.590659478334
284.35900000005495,623.1048018455058,617.590659478334
284.7179999999935,623.1215695401081,617.590659478334
285.06200000003446,623.1077638978094,617.590659478334
285.405999999959,623.1154578462116,617.590659478334
285.76500000001397,623.1106611976908,617.590659478334
286.0929999999935,623.1087779738156,617.590659478334
286.4529999999795,623.1128163451148,617.590659478334
286.795999999973,623.1049979038855,617.590659478334
287.14000000001397,623.1115651037658,617.590659478334
287.5,623.11239873844,617.590659478334
287.8429999999935,623.1171346310747,617.590659478334
288.18700000003446,623.1126990997184,617.590659478334
288.530999999959,623.1145725496976,617.590659478334
288.875,623.1053083183851,617.590659478334
289.2179999999935,623.1033642982889,617.590659478334
289.56200000003446,623.1159308314685,617.590659478334
289.905999999959,623.1151895407077,617.590659478334
290.23400000005495,623.092872694598,617.590659478334
290.5779999999795,622.9362844837616,617.590659478334
290.920999999973,622.9497181064138,617.590659478334
291.26500000001397,622.9322712872955,617.590659478334
291.60900000005495,622.9340251045311,617.590659478334
291.9529999999795,622.9419026797522,617.590659478334
292.295999999973,622.9230526596151,617.590659478334
292.655999999959,622.9176922598342,617.590659478334
293.0,622.9081423879859,617.590659478334
293.3429999999935,622.9063559942954,617.590659478334
293.7029999999795,622.9157136887918,617.590659478334
294.045999999973,622.9115616946746,617.590659478334
294.39000000001397,622.9012761176967,617.590659478334
294.73400000005495,622.9063912759219,617.590659478334
295.0929999999935,622.9015638761075,617.590659478334
295.43700000003446,622.8919147164378,617.590659478334
295.795999999973,622.8903682840592,617.590659478334
296.155999999959,622.8949064668799,617.590659478334
296.51500000001397,622.9031471101474,617.590659478334
296.85900000005495,622.892200461743,617.590659478334
297.2029999999795,622.888085725306,617.590659478334
297.545999999973,622.889880740848,617.590659478334
297.920999999973,622.8919127074538,617.590659478334
298.26500000001397,622.8912178657273,617.590659478334
298.60900000005495,622.8948481195727,617.590659478334
298.9679999999935,622.8894570626055,617.590659478334
299.31200000003446,622.8892466270447,617.590659478334
299.655999999959,622.8845181835384,617.590659478334
300.0,622.886390872212,617.590659478334
300.3429999999935,622.8848576577018,617.590659478334
300.670999999973,622.8848025722313,617.590659478334
301.030999999959,622.8893573014691,617.590659478334
301.375,622.8884970692793,617.590659478334
301.7029999999795,622.8928661011421,617.590659478334
302.06200000003446,622.8907627670412,617.590659478334
302.405999999959,622.8941004947259,617.590659478334
302.75,622.9151753544619,617.590659478334
303.0929999999935,622.9875933188875,617.590659478334
303.43700000003446,623.1240000750458,617.590659478334
303.780999999959,623.1298044181094,617.590659478334
304.125,623.1249491509824,617.590659478334
304.4679999999935,623.1133197946913,617.590659478334
304.81200000003446,623.1141419353532,617.590659478334
305.155999999959,623.0998534711516,617.590659478334
305.5,623.1055094897858,617.590659478334
305.8429999999935,623.1075805636392,617.590659478334
306.18700000003446,623.0923765684087,617.590659478334
306.530999999959,623.0964779402002,617.590659478334
306.875,623.1001564171457,617.590659478334
307.2179999999935,623.1133308711984,617.590659478334
307.56200000003446,623.0876600748628,617.590659478334
307.905999999959,623.1054258517499,617.590659478334
308.25,623.0919160909257,617.590659478334
308.60900000005495,623.1020685674978,617.590659478334
308.9529999999795,623.0959616395467,617.590659478334
309.31200000003446,623.095303055183,617.590659478334
309.655999999959,623.1258963058397,617.590659478334
310.01500000001397,623.1396749601635,617.590659478334
310.35900000005495,623.146791218465,617.590659478334
310.7179999999935,623.1417927296442,617.590659478334
311.06200000003446,623.1179783499553,617.590659478334
311.420999999973,623.1205930685447,617.590659478334
311.76500000001397,623.1175927214789,617.590659478334
312.10900000005495,623.1188506776158,617.590659478334
312.4529999999795,623.1129223902271,617.590659478334
312.795999999973,623.1113524060498,617.590659478334
313.14000000001397,623.1087115849853,617.590659478334
313.48400000005495,623.1125003112471,617.590659478334
313.8429999999935,623.1088032457801,617.590659478334
314.18700000003446,623.1028226417674,617.590659478334
314.545999999973,623.1019927225242,617.590659478334
314.875,623.1061232852476,617.590659478334
315.23400000005495,623.0975315736864,617.590659478334
315.56200000003446,623.1142055986572,617.590659478334
315.920999999973,623.1044282322121,617.590659478334
316.26500000001397,623.1063519076754,617.590659478334
316.60900000005495,623.0986472386699,617.590659478334
316.9529999999795,623.1046071562349,617.590659478334
317.31200000003446,623.1092856389098,617.590659478334
317.655999999959,623.1039569861058,617.590659478334
318.0,623.1067404130481,617.590659478334
318.3429999999935,623.0936414671422,617.590659478334
318.68700000003446,623.099968599372,617.590659478334
319.045999999973,623.1086978607642,617.590659478334
319.39000000001397,623.1119887824053,617.590659478334
319.73400000005495,623.1093768441156,617.590659478334
320.0779999999795,623.0971608106895,617.590659478334
320.43700000003446,623.1088004981467,617.590659478334
320.780999999959,623.0924564241159,617.590659478334
321.125,623.1049810308931,617.590659478334
321.4679999999935,623.0978131301242,617.590659478334
321.8279999999795,623.091217232069,617.590659478334
322.170999999973,623.10576854717,617.590659478334
322.625,623.1163799159456,617.590659478334
322.9529999999795,623.1330978436805,617.590659478334
323.31200000003446,623.1426278627081,617.590659478334
323.655999999959,623.1367851492338,617.590659478334
324.0,623.1258129340968,617.590659478334
324.3429999999935,623.128323514945,617.590659478334
324.7029999999795,623.1211250671162,617.590659478334
325.045999999973,623.1248857429513,617.590659478334
325.39000000001397,623.1178532894603,617.590659478334
325.73400000005495,623.1269254155357,617.590659478334
326.0929999999935,623.1178997265835,617.590659478334
326.43700000003446,623.1122205443086,617.590659478334
326.780999999959,623.1145328078628,617.590659478334
327.125,623.114993754751,617.590659478334
327.4679999999935,623.1219706990134,617.590659478334
327.81200000003446,623.1192575342706,617.590659478334
328.155999999959,623.1090203887627,617.590659478334
328.51500000001397,623.1133514193208,617.590659478334
328.85900000005495,623.1109306423097,617.590659478334
329.2029999999795,623.1091782404735,617.590659478334
329.545999999973,623.1198624335203,617.590659478334
329.905999999959,623.1219568245889,617.590659478334
330.25,623.11581428394,617.590659478334
330.60900000005495,623.1196796822655,617.590659478334
330.9529999999795,623.1221634059211,617.590659478334
331.31200000003446,623.1143715438878,617.590659478334
331.670999999973,623.1212476076341,617.590659478334
332.0,623.126398237686,617.590659478334
332.35900000005495,623.1198164203656,617.590659478334
332.68700000003446,623.1144365921155,617.590659478334
333.045999999973,623.1218713429922,617.590659478334
333.39000000001397,623.1100672829178,617.590659478334
333.73400000005495,623.1219614794967,617.590659478334
334.0779999999795,623.1146478240281,617.590659478334
334.420999999973,623.1293998355928,617.590659478334
334.76500000001397,623.1206319719977,617.590659478334
335.125,623.1271071307268,617.590659478334
335.4679999999935,623.110304969622,617.590659478334
335.81200000003446,623.1223075182663,617.590659478334
336.155999999959,623.1166356495096,617.590659478334
336.5,623.1206959777473,617.590659478334
336.8429999999935,623.1185789674363,617.590659478334
337.18700000003446,623.1264791869091,617.590659478334
337.530999999959,623.1137646211185,617.590659478334
337.89000000001397,623.1175482564738,617.590659478334
338.23400000005495,623.1202862936728,617.590659478334
338.5779999999795,623.1148473197084,617.590659478334
338.93700000003446,623.1165902931848,617.590659478334
339.280999999959,623.1282531894065,617.590659478334
339.625,623.1125035804339,617.590659478334
339.98400000005495,623.1096703113438,617.590659478334
340.3429999999935,623.1324223644322,617.590659478334
340.68700000003446,623.1279998947805,617.590659478334
341.030999999959,623.1271612208538,617.590659478334
341.375,623.1243388354783,617.590659478334
341.73400000005495,623.1293129831564,617.590659478334
342.0779999999795,623.1196398551305,617.590659478334
342.420999999973,623.1220623802692,617.590659478334
342.780999999959,623.1257884298121,617.590659478334
343.125,623.131678806378,617.590659478334
343.4679999999935,623.1170573203153,617.590659478334
343.8279999999795,623.1175050691561,617.590659478334
344.170999999973,623.1143205393604,617.590659478334
344.530999999959,623.1188616961547,617.590659478334
344.875,623.1186773424565,617.590659478334
345.2179999999935,623.1240427837052,617.590659478334
345.5779999999795,623.1269922927124,617.590659478334
345.920999999973,623.1274491696436,617.590659478334
346.26500000001397,623.1161615390031,617.590659478334
346.7029999999795,623.1257358934928,617.590659478334
347.045999999973,623.1203452690424,617.590659478334
347.39000000001397,623.1228579031664,617.590659478334
347.73400000005495,623.1157048071004,617.590659478334
348.0779999999795,623.1235411887413,617.590659478334
348.420999999973,623.124974488841,617.590659478334
348.76500000001397,623.117116728097,617.590659478334
349.10900000005495,623.1354422228513,617.590659478334
349.4529999999795,623.1196651723842,617.590659478334
349.795999999973,623.1323172171013,617.590659478334
350.14000000001397,623.1287995122394,617.590659478334
350.48400000005495,623.1282174622869,617.590659478334
350.8429999999935,623.1393096103171,617.590659478334
351.18700000003446,623.1228167941291,617.590659478334
351.530999999959,623.1306152597843,617.590659478334
351.875,623.1224144589621,617.590659478334
352.2179999999935,623.1169012714557,617.590659478334
352.5779999999795,623.1286536136256,617.590659478334
352.905999999959,623.1181670092478,617.590659478334
353.25,623.1296467886795,617.590659478334
353.60900000005495,623.1311900255034,617.590659478334
353.9679999999935,623.1351334152015,617.590659478334
354.31200000003446,623.1292029480613,617.590659478334
354.670999999973,623.1325670293111,617.590659478334
355.01500000001397,623.1066215207585,617.590659478334
355.375,623.1317666382215,617.590659478334
355.73400000005495,623.120014801772,617.590659478334
356.0779999999795,623.1230273461521,617.590659478334
356.43700000003446,623.1419989454303,617.590659478334
356.780999999959,623.121855600508,617.590659478334
357.14000000001397,623.1259885953481,617.590659478334
357.48400000005495,623.1287340442066,617.590659478334
357.8279999999795,623.120799158617,617.590659478334
358.18700000003446,623.1276427822104,617.590659478334
358.625,623.1218396715337,617.590659478334
358.9679999999935,623.122066945237,617.590659478334
359.3279999999795,623.1303913778675,617.590659478334
359.655999999959,623.1275861550112,617.590659478334
360.01500000001397,623.1260279959298,617.590659478334
360.35900000005495,623.1285975838075,617.590659478334
360.7029999999795,623.1322134718872,617.590659478334
361.045999999973,623.1272821562402,617.590659478334
361.39000000001397,623.1241317252174,617.590659478334
361.7179999999935,623.1233058582903,617.590659478334
362.0779999999795,623.1268505687715,617.590659478334
362.420999999973,623.128174352724,617.590659478334
362.76500000001397,623.1195419401704,617.590659478334
363.10900000005495,623.1294732687436,617.590659478334
363.4529999999795,623.1276483487846,617.590659478334
363.795999999973,623.1286040244823,617.590659478334
364.14000000001397,623.1237420070025,617.590659478334
364.5,623.128531604559,617.590659478334
364.8429999999935,623.1334687853447,617.590659478334
365.2029999999795,623.1189875212054,617.590659478334
365.56200000003446,623.1225979876849,617.590659478334
365.905999999959,623.1287542548336,617.590659478334
366.26500000001397,623.1274786646711,617.590659478334
366.60900000005495,623.1296419836226,617.590659478334
366.9679999999935,623.1203938209719,617.590659478334
367.31200000003446,623.1390269049353,617.590659478334
367.670999999973,623.1314764140325,617.590659478334
368.01500000001397,623.1310386766205,617.590659478334
368.35900000005495,623.1187386218448,617.590659478334
368.7179999999935,623.1199993532698,617.590659478334
369.06200000003446,623.1225856385946,617.590659478334
369.405999999959,623.1237849397338,617.590659478334
369.76500000001397,623.1307253870064,617.590659478334
370.10900000005495,623.1329555712688,617.590659478334
370.4529999999795,623.1240840002583,617.590659478334
370.795999999973,623.1203342690537,617.590659478334
371.125,623.1279914539293,617.590659478334
371.48400000005495,623.1251993482606,617.590659478334
371.81200000003446,623.1364783044042,617.590659478334
372.170999999973,623.1282324058463,617.590659478334
372.51500000001397,623.1173930062907,617.590659478334
372.8429999999935,623.1399648283223,617.590659478334
373.18700000003446,623.1326987225564,617.590659478334
373.530999999959,623.1375476556158,617.590659478334
373.875,623.1405607889523,617.590659478334
374.2029999999795,623.1182635060981,617.590659478334
374.56200000003446,623.1338375758314,617.590659478334
374.905999999959,623.1270252146285,617.590659478334
375.23400000005495,623.1217700138561,617.590659478334
375.5929999999935,623.1286844205014,617.590659478334
375.920999999973,623.1380618190036,617.590659478334
376.280999999959,623.1330499364318,617.590659478334
376.625,623.1240136571055,617.590659478334
376.98400000005495,623.1288150066971,617.590659478334
377.3279999999795,623.1328714982097,617.590659478334
377.670999999973,623.1268761180891,617.590659478334
378.01500000001397,623.1311184706975,617.590659478334
378.375,623.1257141286987,617.590659478334
378.7179999999935,623.1210646472987,617.590659478334
379.06200000003446,623.1305826567439,617.590659478334
379.420999999973,623.1267396427595,617.590659478334
379.76500000001397,623.1327036477492,617.590659478334
380.10900000005495,623.1287681863066,617.590659478334
380.4529999999795,623.1285848276272,617.590659478334
380.81200000003446,623.1270786255238,617.590659478334
381.170999999973,623.1260824732747,617.590659478334
381.5,623.1376806858816,617.590659478334
381.85900000005495,623.1298948037521,617.590659478334
382.2179999999935,623.1270564425098,617.590659478334
382.60900000005495,623.1347568997287,617.590659478334
382.9529999999795,623.1217106465693,617.590659478334
383.295999999973,623.1263455030393,617.590659478334
383.64000000001397,623.1333235725895,617.590659478334
383.98400000005495,623.1339952422961,617.590659478334
384.3279999999795,623.1360048177431,617.590659478334
384.670999999973,623.1348306358349,617.590659478334
385.01500000001397,623.1384295169486,617.590659478334
385.35900000005495,623.1360769309406,617.590659478334
385.7029999999795,623.1285445054159,617.590659478334
386.045999999973,623.1322447944872,617.590659478334
386.39000000001397,623.1294064407446,617.590659478334
386.7179999999935,623.1323361519849,617.590659478334
387.06200000003446,623.136618215774,617.590659478334
387.420999999973,623.1264222649492,617.590659478334
387.76500000001397,623.1398364099537,617.590659478334
388.10900000005495,623.1302754894381,617.590659478334
388.4679999999935,623.1390838413184,617.590659478334
388.81200000003446,623.1325040319728,617.590659478334
389.170999999973,623.1312730269943,617.590659478334
389.5,623.124033096611,617.590659478334
389.85900000005495,623.1278926896268,617.590659478334
390.2179999999935,623.1347430997743,617.590659478334
390.56200000003446,623.1639549950521,617.590659478334
390.905999999959,623.1667188823104,617.590659478334
391.25,623.1748074009107,617.590659478334
391.60900000005495,623.180475900292,617.590659478334
391.9529999999795,623.1824469074697,617.590659478334
392.31200000003446,623.1734256776672,617.590659478334
392.655999999959,623.1718208705042,617.590659478334
393.0,623.1734093169401,617.590659478334
393.35900000005495,623.1509055764304,617.590659478334
393.7029999999795,623.1542464803338,617.590659478334
394.045999999973,623.1585169662362,617.590659478334
394.39000000001397,623.1545111925886,617.590659478334
394.76500000001397,623.1493853648216,617.590659478334
395.10900000005495,623.1536413341221,617.590659478334
395.43700000003446,623.1489089701354,617.590659478334
395.795999999973,623.1414515071484,617.590659478334
396.14000000001397,623.1332628478987,617.590659478334
396.48400000005495,623.1425785709479,617.590659478334
396.8279999999795,623.1481637750101,617.590659478334
397.155999999959,623.135451109385,617.590659478334
397.51500000001397,623.1446681924426,617.590659478334
397.8429999999935,623.1384525019619,617.590659478334
398.18700000003446,623.1351003305181,617.590659478334
398.530999999959,623.136293474591,617.590659478334
398.89000000001397,623.1423907898869,617.590659478334
399.23400000005495,623.1373132895704,617.590659478334
399.5929999999935,623.1335036898381,617.590659478334
399.93700000003446,623.135032947152,617.590659478334
400.295999999973,623.1305683433782,617.590659478334
400.64000000001397,623.1341468857939,617.590659478334
401.0,623.1311411653672,617.590659478334
401.3429999999935,623.1326700544269,617.590659478334
401.7029999999795,623.1326000162386,617.590659478334
402.045999999973,623.1451115452253,617.590659478334
402.405999999959,623.1277333340407,617.590659478334
402.75,623.1354965243933,617.590659478334
403.10900000005495,623.1363466992644,617.590659478334
403.43700000003446,623.1343406540733,617.590659478334
403.795999999973,623.1347874363081,617.590659478334
404.155999999959,623.1341267533855,617.590659478334
404.5,623.1419978400465,617.590659478334
404.8429999999935,623.1408722784449,617.590659478334
405.2029999999795,623.1308349167471,617.590659478334
405.56200000003446,623.1418217165688,617.590659478334
405.905999999959,623.1235071244225,617.590659478334
406.26500000001397,623.1370759714127,617.590659478334
406.7179999999935,623.1320222280717,617.590659478334
407.06200000003446,623.1244261983146,617.590659478334
407.39000000001397,623.1289131881608,617.590659478334
407.75,623.1375764043831,617.590659478334
408.0929999999935,623.1305382405221,617.590659478334
408.43700000003446,623.1261859765166,617.590659478334
408.780999999959,623.1343810723204,617.590659478334
409.125,623.1271237698227,617.590659478334
409.4529999999795,623.1327698503268,617.590659478334
409.81200000003446,623.1302198945807,617.590659478334
410.155999999959,623.1254397142275,617.590659478334
410.5,623.133101621747,617.590659478334
410.85900000005495,623.1468988578946,617.590659478334
411.2029999999795,623.1284194433674,617.590659478334
411.545999999973,623.1406716994353,617.590659478334
411.89000000001397,623.1351874057688,617.590659478334
412.23400000005495,623.1205676898303,617.590659478334
412.5779999999795,623.1313869049606,617.590659478334
412.93700000003446,623.1330295438194,617.590659478334
413.280999999959,623.1347022893394,617.590659478334
413.64000000001397,623.1325392685571,617.590659478334
413.98400000005495,623.1244628528902,617.590659478334
414.3429999999935,623.1303553799974,617.590659478334
414.68700000003446,623.1239646456675,617.590659478334
415.030999999959,623.1325892761812,617.590659478334
415.375,623.1322391602545,617.590659478334
415.7179999999935,623.1333701360425,617.590659478334
416.0779999999795,623.13838169738,617.590659478334
416.43700000003446,623.1316255132789,617.590659478334
416.780999999959,623.1381462608009,617.590659478334
417.125,623.1346475429593,617.590659478334
417.4679999999935,623.1239027489707,617.590659478334
417.8279999999795,623.1200278400453,617.590659478334
418.170999999973,623.1291211600268,617.590659478334
418.60900000005495,623.1306023626834,617.590659478334
418.9529999999795,623.1206094707986,617.590659478334
419.31200000003446,623.1293710567865,617.590659478334
419.655999999959,623.1334626047768,617.590659478334
420.0,623.1332736410052,617.590659478334
420.3429999999935,623.125547371281,617.590659478334
420.7029999999795,623.1338692296958,617.590659478334
421.030999999959,623.1339008213287,617.590659478334
421.375,623.1322601312137,617.590659478334
421.7179999999935,623.1276136874905,617.590659478334
422.06200000003446,623.1275676445545,617.590659478334
422.405999999959,623.1272788234505,617.590659478334
422.75,623.1173918793845,617.590659478334
423.10900000005495,623.1243463401205,617.590659478334
423.4529999999795,623.1311825607746,617.590659478334
423.795999999973,623.136695108888,617.590659478334
424.155999999959,623.1369640283908,617.590659478334
424.5,623.1224555347044,617.590659478334
424.85900000005495,623.1293707424518,617.590659478334
425.2029999999795,623.1288535675762,617.590659478334
425.56200000003446,623.1295369418498,617.590659478334
425.905999999959,623.1293137334202,617.590659478334
426.26500000001397,623.1312943044638,617.590659478334
426.5929999999935,623.1338170967231,617.590659478334
426.9529999999795,623.1375395002963,617.590659478334
427.31200000003446,623.1323356936314,617.590659478334
427.670999999973,623.1344431111017,617.590659478334
428.0,623.1289580099776,617.590659478334
428.3429999999935,623.1270592267732,617.590659478334
428.7029999999795,623.1281322589272,617.590659478334
429.06200000003446,623.125465716139,617.590659478334
429.405999999959,623.1278223619427,617.590659478334
429.75,623.1290599150369,617.590659478334
430.125,623.1372240407114,617.590659478334
430.48400000005495,623.1318206884033,617.590659478334
430.81200000003446,623.1374766070048,617.590659478334
431.155999999959,623.1282083008181,617.590659478334
431.5,623.1305482360365,617.590659478334
431.8429999999935,623.1261693234965,617.590659478334
432.18700000003446,623.1297153226064,617.590659478334
432.530999999959,623.1226423699128,617.590659478334
432.875,623.1333704103248,617.590659478334
433.2029999999795,623.1407036331816,617.590659478334
433.56200000003446,623.1270826601572,617.590659478334
433.905999999959,623.129925739539,617.590659478334
434.25,623.1219390806863,617.590659478334
434.5929999999935,623.1211894256147,617.590659478334
434.93700000003446,623.1262460443182,617.590659478334
435.280999999959,623.1316105418166,617.590659478334
435.625,623.1154375531855,617.590659478334
435.9529999999795,623.1394794190822,617.590659478334
436.31200000003446,623.1337996627299,617.590659478334
436.655999999959,623.13078661022,617.590659478334
437.0,623.128991943004,617.590659478334
437.3429999999935,623.1286236489264,617.590659478334
437.68700000003446,623.1262115559535,617.590659478334
438.030999999959,623.1208662704753,617.590659478334
438.375,623.1197507995886,617.590659478334
438.7179999999935,623.1229228434717,617.590659478334
439.06200000003446,623.1290756455282,617.590659478334
439.405999999959,623.1189795853126,617.590659478334
439.75,623.1343159540118,617.590659478334
440.0929999999935,623.1149895595534,617.590659478334
440.43700000003446,623.1238498620942,617.590659478334
440.76500000001397,623.1228245359979,617.590659478334
441.10900000005495,623.1283956338493,617.590659478334
441.4529999999795,623.1242823662191,617.590659478334
441.795999999973,623.1261038102258,617.590659478334
442.14000000001397,623.1273899712398,617.590659478334
442.48400000005495,623.1353665919502,617.590659478334
442.8279999999795,623.119123846809,617.590659478334
443.170999999973,623.1257525980302,617.590659478334
443.51500000001397,623.1304349392366,617.590659478334
443.85900000005495,623.1162480763502,617.590659478334
444.2029999999795,623.123127501561,617.590659478334
444.545999999973,623.126188901975,617.590659478334
444.89000000001397,623.1264316919256,617.590659478334
445.23400000005495,623.130253186849,617.590659478334
445.5779999999795,623.133965846315,617.590659478334
445.920999999973,623.1238015761668,617.590659478334
446.26500000001397,623.1286875523184,617.590659478334
446.5929999999935,623.1334186291109,617.590659478334
446.9529999999795,623.13339517877,617.590659478334
447.31200000003446,623.1245886758295,617.590659478334
447.655999999959,623.1225821223844,617.590659478334
447.98400000005495,623.1389260764234,617.590659478334
448.3279999999795,623.1241270362856,617.590659478334
448.670999999973,623.128225044927,617.590659478334
449.01500000001397,623.1387966676059,617.590659478334
449.35900000005495,623.128016973546,617.590659478334
449.7029999999795,623.1224861803802,617.590659478334
450.045999999973,623.1215643232268,617.590659478334
450.39000000001397,623.121400386923,617.590659478334
450.73400000005495,623.1290661900898,617.590659478334
451.06200000003446,623.1285560878248,617.590659478334
451.420999999973,623.1227423927386,617.590659478334
451.76500000001397,623.1233578879669,617.590659478334
452.10900000005495,623.1291473256352,617.590659478334
452.43700000003446,623.1423539590448,617.590659478334
452.780999999959,623.0803841026122,617.590659478334
453.125,622.9577842732817,617.590659478334
453.4679999999935,622.9435284758404,617.590659478334
453.81200000003446,622.9383379872381,617.590659478334
454.155999999959,622.9195679183474,617.590659478334
454.545999999973,622.9260361749587,617.590659478334
454.920999999973,622.9121057513214,617.590659478334
455.26500000001397,622.9059628225037,617.590659478334
455.60900000005495,622.8940283293215,617.590659478334
455.9529999999795,622.8905244620187,617.590659478334
456.31200000003446,622.8921630821508,617.590659478334
456.64000000001397,622.892084975741,617.590659478334
456.98400000005495,622.8909611593247,617.590659478334
457.3279999999795,622.8809074675346,617.590659478334
457.670999999973,622.8943001175778,617.590659478334
458.01500000001397,622.8818584174974,617.590659478334
458.35900000005495,622.8853610111925,617.590659478334
458.7029999999795,622.876526934125,617.590659478334
459.045999999973,622.8785866640142,617.590659478334
459.39000000001397,622.8731223212117,617.590659478334
459.73400000005495,622.881154878612,617.590659478334
460.0779999999795,622.8715561415967,617.590659478334
460.43700000003446,622.8781854662383,617.590659478334
460.780999999959,622.8768083061643,617.590659478334
461.170999999973,622.8779306841209,617.590659478334
461.530999999959,622.8712617253968,617.590659478334
461.875,622.8763581504443,617.590659478334
462.2179999999935,622.8773572939012,617.590659478334
462.56200000003446,622.8757539024369,617.590659478334
462.905999999959,622.8693728810725,617.590659478334
463.26500000001397,622.8710490461937,617.590659478334
463.60900000005495,622.8743129482808,617.590659478334
463.9529999999795,622.8625169989296,617.590659478334
464.31200000003446,622.8653235554833,617.590659478334
464.655999999959,622.8764634541316,617.590659478334
465.0,622.891471100232,617.590659478334
465.35900000005495,622.9195069135219,617.590659478334
465.7029999999795,623.1183245376228,617.590659478334
466.045999999973,623.1165292995084,617.590659478334
466.39000000001397,623.1093490588923,617.590659478334
466.7179999999935,623.1210023999499,617.590659478334
467.0779999999795,623.0982811324734,617.590659478334
467.420999999973,623.0918617043365,617.590659478334
467.76500000001397,623.0927353998493,617.590659478334
468.10900000005495,623.0899114596893,617.590659478334
468.4529999999795,623.0919055051469,617.590659478334
468.795999999973,623.0889201777035,617.590659478334
469.14000000001397,623.0853485590857,617.590659478334
469.5,623.0728527776898,617.590659478334
469.8429999999935,623.0809806697293,617.590659478334
470.18700000003446,623.088671427278,617.590659478334
470.530999999959,623.0810904701617,617.590659478334
470.875,623.0809825880424,617.590659478334
471.2179999999935,623.0762807814539,617.590659478334
471.56200000003446,623.0801350706595,617.590659478334
471.905999999959,623.0789140509269,617.590659478334
472.25,623.0753243137436,617.590659478334
472.5929999999935,623.0779100010559,617.590659478334
472.93700000003446,623.0819422322638,617.590659478334
473.295999999973,623.0771485379859,617.590659478334
473.655999999959,623.083346659426,617.590659478334
474.01500000001397,623.0801034712284,617.590659478334
474.35900000005495,623.0807315455169,617.590659478334
474.7179999999935,623.0783541159516,617.590659478334
475.06200000003446,623.0770992206983,617.590659478334
475.420999999973,623.0814128527849,617.590659478334
475.76500000001397,623.0791211217881,617.590659478334
476.125,623.0756698345452,617.590659478334
476.4679999999935,623.0765597009027,617.590659478334
476.8279999999795,623.0829685127943,617.590659478334
477.170999999973,623.0904435623082,617.590659478334
477.530999999959,623.0835519892861,617.590659478334
477.875,623.012888069888,617.590659478334
478.23400000005495,622.9156023811446,617.590659478334
478.625,622.9156230926288,617.590659478334
478.9529999999795,622.914076687438,617.590659478334
479.31200000003446,622.9201700043961,617.590659478334
479.655999999959,622.9064363984421,617.590659478334
480.01500000001397,622.8936076388641,617.590659478334
480.3429999999935,622.8960012604877,617.590659478334
480.68700000003446,622.8905627624559,617.590659478334
481.045999999973,622.8936288016779,617.590659478334
481.39000000001397,622.8920044412924,617.590659478334
481.73400000005495,622.8780231608838,617.590659478334
482.0779999999795,622.8857211146269,617.590659478334
482.420999999973,622.8923956899184,617.590659478334
482.780999999959,622.8837773229432,617.590659478334
483.125,622.8871167566616,617.590659478334
483.4679999999935,622.8724504161737,617.590659478334
483.8279999999795,622.8735174446888,617.590659478334
484.170999999973,622.8719186371749,617.590659478334
484.51500000001397,622.8736296104904,617.590659478334
484.875,622.8768904058069,617.590659478334
485.23400000005495,622.8731144905556,617.590659478334
485.5779999999795,622.8782192170117,617.590659478334
485.93700000003446,622.8660649353482,617.590659478334
486.280999999959,622.8802128904451,617.590659478334
486.625,622.8755662555482,617.590659478334
486.98400000005495,622.8776640509634,617.590659478334
487.3279999999795,622.87096525527,617.590659478334
487.68700000003446,622.8794555476816,617.590659478334
488.030999999959,622.8688261038493,617.590659478334
488.375,622.8793891117268,617.590659478334
488.7179999999935,622.8646055393615,617.590659478334
489.0779999999795,622.8644481753947,617.590659478334
489.420999999973,622.8737528911657,617.590659478334
489.795999999973,622.8667734895606,617.590659478334
490.14000000001397,622.8940853079533,617.590659478334
490.48400000005495,622.929807425543,617.590659478334
490.8429999999935,623.110229331328,617.590659478334
491.170999999973,623.1205491896341,617.590659478334
491.51500000001397,623.1151859586882,617.590659478334
491.85900000005495,623.0988752361493,617.590659478334
492.2029999999795,623.0956727725813,617.590659478334
492.545999999973,623.0968327220198,617.590659478334
492.89000000001397,623.0858261660685,617.590659478334
493.25,623.0903556109846,617.590659478334
493.5929999999935,623.0774476148879,617.590659478334
493.9529999999795,623.0772903889135,617.590659478334
494.31200000003446,623.0891623250438,617.590659478334
494.670999999973,623.0780074133013,617.590659478334
495.030999999959,623.0824339101596,617.590659478334
495.375,623.082310421083,617.590659478334
495.73400000005495,623.081033087046,617.590659478334
496.0779999999795,623.0777116038496,617.590659478334
496.43700000003446,623.0946773327975,617.590659478334
496.795999999973,623.0793334475946,617.590659478334
497.14000000001397,623.1118502004957,617.590659478334
497.5,623.1170467885919,617.590659478334
497.8429999999935,623.1184381945274,617.590659478334
498.2029999999795,623.1146946493843,617.590659478334
498.545999999973,623.1133904528742,617.590659478334
498.905999999959,623.1003921942258,617.590659478334
499.25,623.0969592114915,617.590659478334
499.5929999999935,623.0896295672507,617.590659478334
499.93700000003446,623.0904772204927,617.590659478334
500.295999999973,623.0991515052657,617.590659478334
500.64000000001397,623.0880138979537,617.590659478334
500.98400000005495,623.0946887092466,617.590659478334
501.3279999999795,623.0818282892182,617.590659478334
501.68700000003446,623.0933949928065,617.590659478334
502.030999999959,623.0844793131735,617.590659478334
502.39000000001397,623.0917129269658,617.590659478334
502.73400000005495,623.0868126325029,617.590659478334
503.0929999999935,623.0933241152394,617.590659478334
503.420999999973,623.0872417814857,617.590659478334
503.76500000001397,623.0742363702918,617.590659478334
504.10900000005495,623.0770555681947,617.590659478334
504.4529999999795,623.0992951846747,617.590659478334
504.81200000003446,623.0859485034529,617.590659478334
505.14000000001397,623.0905217668196,617.590659478334
505.48400000005495,623.086739226198,617.590659478334
505.8429999999935,623.0836651259337,617.590659478334
506.18700000003446,623.079393818109,617.590659478334
506.530999999959,623.0947364677891,617.590659478334
506.875,623.0905224852964,617.590659478334
507.2179999999935,623.0801142010528,617.590659478334
507.56200000003446,623.0870239948558,617.590659478334
507.905999999959,623.0914559896455,617.590659478334
508.26500000001397,623.0937128599347,617.590659478334
508.60900000005495,623.0807295503777,617.590659478334
508.9679999999935,623.0803679984436,617.590659478334
509.31200000003446,623.0848121967233,617.590659478334
509.670999999973,623.0943219963827,617.590659478334
510.01500000001397,623.1186364498705,617.590659478334
510.35900000005495,623.114084233805,617.590659478334
510.7029999999795,623.1179797389105,617.590659478334
511.045999999973,623.1194563146241,617.590659478334
511.39000000001397,623.1067756746774,617.590659478334
511.73400000005495,623.1160750931647,617.590659478334
512.0779999999795,623.1100739777531,617.590659478334
512.420999999973,623.1055225901044,617.590659478334
512.765000000014,623.1014501032311,617.590659478334
513.125,623.1146847576962,617.590659478334
513.4529999999795,623.1061466567837,617.590659478334
513.8120000000345,623.1044425164708,617.590659478334
514.155999999959,623.1032593273261,617.590659478334
514.545999999973,623.095613092142,617.590659478334
514.890000000014,623.1110366775523,617.590659478334
515.234000000055,623.0997014985047,617.590659478334
515.5779999999795,623.1050867468003,617.590659478334
515.920999999973,623.1056563085934,617.590659478334
516.265000000014,623.0975060716037,617.590659478334
516.609000000055,623.1037987941536,617.590659478334
516.9529999999795,623.09712296519,617.590659478334
517.295999999973,623.1048734788242,617.590659478334
517.640000000014,623.1119103259442,617.590659478334
517.984000000055,623.0992929074807,617.590659478334
518.3279999999795,623.104996992233,617.590659478334
518.670999999973,623.1054834234408,617.590659478334
519.030999999959,623.0978667337878,617.590659478334
519.375,623.102199733476,617.590659478334
519.7179999999935,623.1062054474396,617.590659478334
520.0779999999795,623.0999603591432,617.590659478334
520.420999999973,623.1062280831746,617.590659478334
520.765000000014,623.1011635247736,617.590659478334
521.125,623.1079740904078,617.590659478334
521.4679999999935,623.1118360408844,617.590659478334
521.8120000000345,623.1042286683958,617.590659478334
522.170999999973,623.1035251318209,617.590659478334
522.5,623.104544524413,617.590659478334
522.859000000055,623.1042159309878,617.590659478334
523.2029999999795,623.1024288415125,617.590659478334
523.545999999973,623.1025733518902,617.590659478334
523.890000000014,623.1028417082761,617.590659478334
524.25,623.1011625754082,617.590659478334
524.5929999999935,623.1070218085955,617.590659478334
524.9370000000345,623.1030304142031,617.590659478334
525.280999999959,623.1008702143645,617.590659478334
525.640000000014,623.1093675482249,617.590659478334
525.984000000055,623.1085155719267,617.590659478334
526.3279999999795,623.1104433044455,617.590659478334
526.7029999999795,623.1042306086072,617.590659478334
527.0620000000345,623.0975044984042,617.590659478334
527.405999999959,623.0994335504834,617.590659478334
527.734000000055,623.10648821597,617.590659478334
528.0929999999935,623.1047442301372,617.590659478334
528.420999999973,623.1027501244354,617.590659478334
528.765000000014,623.1092275251896,617.590659478334
529.109000000055,623.0947887021335,617.590659478334
529.4529999999795,623.1021518794887,617.590659478334
529.795999999973,623.1057446354835,617.590659478334
530.140000000014,623.1004422797445,617.590659478334
530.5,623.1143993611887,617.590659478334
530.8429999999935,623.1075716312738,617.590659478334
531.2029999999795,623.1015119178136,617.590659478334
531.545999999973,623.1105388735048,617.590659478334
531.890000000014,623.1042974660104,617.590659478334
532.25,623.1023506874708,617.590659478334
532.609000000055,623.1037733785842,617.590659478334
532.9529999999795,623.1088572527796,617.590659478334
533.295999999973,623.1027577039847,617.590659478334
533.640000000014,623.1110992397373,617.590659478334
534.0,623.1092061829718,617.590659478334
534.359000000055,623.1029952980452,617.590659478334
534.7029999999795,623.104491561988,617.590659478334
535.0620000000345,623.1081123192992,617.590659478334
535.405999999959,623.1025632783712,617.590659478334
535.765000000014,623.102561314168,617.590659478334
536.0929999999935,623.1064767240388,617.590659478334
536.4529999999795,623.1090229944672,617.590659478334
536.795999999973,623.1083838302162,617.590659478334
537.140000000014,623.1047695278758,617.590659478334
537.484000000055,623.106379632747,617.590659478334
537.8429999999935,623.1176913665249,617.590659478334
538.1870000000345,623.1084562032859,617.590659478334
538.625,623.0965413646204,617.590659478334
538.9679999999935,623.1055926574321,617.590659478334
539.3120000000345,623.1084240138875,617.590659478334
539.655999999959,623.0985433179382,617.590659478334
539.984000000055,623.1085181121954,617.590659478334
540.3279999999795,623.1089030272573,617.590659478334
540.670999999973,623.1115151649601,617.590659478334
541.015000000014,623.1100182670908,617.590659478334
541.359000000055,623.103012785278,617.590659478334
541.7029999999795,623.1033324143615,617.590659478334
542.045999999973,623.1158332886343,617.590659478334
542.405999999959,623.1083030176665,617.590659478334
542.734000000055,623.1110071312811,617.590659478334
543.0779999999795,623.1059235345238,617.590659478334
543.420999999973,623.1073667517153,617.590659478334
543.765000000014,623.1098829332938,617.590659478334
544.109000000055,623.107629432594,617.590659478334
544.4529999999795,623.1187718700209,617.590659478334
544.8120000000345,623.1094807275966,617.590659478334
545.155999999959,623.1165631884284,617.590659478334
545.484000000055,623.1049554699024,617.590659478334
545.8429999999935,623.1090347448715,617.590659478334
546.1870000000345,623.1077837929391,617.590659478334
546.530999999959,623.1217820158577,617.590659478334
546.875,623.1154802341155,617.590659478334
547.2179999999935,623.0992033238825,617.590659478334
547.5779999999795,623.1163623056959,617.590659478334
547.920999999973,623.1153817916702,617.590659478334
548.265000000014,623.1063981256333,617.590659478334
548.609000000055,623.1054566863273,617.590659478334
548.9529999999795,623.1125119309692,617.590659478334
549.3120000000345,623.1164823089717,617.590659478334
549.655999999959,623.1084989754357,617.590659478334
550.0,623.1124908860589,617.590659478334
550.359000000055,623.1080658324817,617.590659478334
550.6870000000345,623.11078605233,617.590659478334
551.030999999959,623.1100261436519,617.590659478334
551.390000000014,623.1062656861405,617.590659478334
551.734000000055,623.1141514101128,617.590659478334
552.0779999999795,623.1049640258449,617.590659478334
552.420999999973,623.1126260665419,617.590659478334
552.765000000014,623.1181181337585,617.590659478334
553.109000000055,623.1107767999113,617.590659478334
553.4529999999795,623.1198821417382,617.590659478334
553.8120000000345,623.1133201194788,617.590659478334
554.140000000014,623.1109793751325,617.590659478334
554.484000000055,623.1163212782579,617.590659478334
554.8279999999795,623.1122637836171,617.590659478334
555.170999999973,623.1243186152675,617.590659478334
555.515000000014,623.1113896371712,617.590659478334
555.859000000055,623.1060984050137,617.590659478334
556.2179999999935,623.1073409314389,617.590659478334
556.5620000000345,623.0996693992474,617.590659478334
556.905999999959,623.1107552768482,617.590659478334
557.25,623.1157360695066,617.590659478334
557.5929999999935,623.1099122737816,617.590659478334
557.9370000000345,623.1200040605711,617.590659478334
558.280999999959,623.1134787038544,617.590659478334
558.625,623.1155790762496,617.590659478334
558.9679999999935,623.117353741506,617.590659478334
559.3120000000345,623.1186054993377,617.590659478334
559.655999999959,623.1165969649603,617.590659478334
560.0,623.1161739772755,617.590659478334
560.359000000055,623.1187207951185,617.590659478334
560.6870000000345,623.1110510469175,617.590659478334
561.030999999959,623.1093569593866,617.590659478334
561.375,623.1142815321331,617.590659478334
561.7179999999935,623.1180530525272,617.590659478334
562.0620000000345,623.1161241863962,617.590659478334
562.405999999959,623.1135954522221,617.590659478334
562.734000000055,623.1203233948954,617.590659478334
563.0779999999795,623.1203785498994,617.590659478334
563.420999999973,623.1158173462918,617.590659478334
563.765000000014,623.1131200532673,617.590659478334
564.109000000055,623.1126273043077,617.590659478334
564.4679999999935,623.1191451650594,617.590659478334
564.795999999973,623.1143371015754,617.590659478334
565.155999999959,623.1150130932025,617.590659478334
565.5,623.1067759459169,617.590659478334
565.8429999999935,623.1198461339056,617.590659478334
566.1870000000345,623.1128564819355,617.590659478334
566.515000000014,623.1156033576814,617.590659478334
566.875,623.1209820514911,617.590659478334
567.2029999999795,623.1160529306235,617.590659478334
567.545999999973,623.1273134743483,617.590659478334
567.890000000014,623.1172245644216,617.590659478334
568.234000000055,623.1171974690355,617.590659478334
568.5779999999795,623.1091997701883,617.590659478334
568.920999999973,623.1189002921906,617.590659478334
569.265000000014,623.1115568812239,617.590659478334
569.625,623.1158061561246,617.590659478334
569.9529999999795,623.1211888694869,617.590659478334
570.295999999973,623.1090238282161,617.590659478334
570.640000000014,623.1279431771491,617.590659478334
571.0,623.1061078363791,617.590659478334
571.3429999999935,623.113812902991,617.590659478334
571.6870000000345,623.1170191571767,617.590659478334
572.030999999959,623.1240940252258,617.590659478334
572.359000000055,623.1254270016366,617.590659478334
572.7179999999935,623.1124238914067,617.590659478334
573.0620000000345,623.1127236261103,617.590659478334
573.390000000014,623.1225326799656,617.590659478334
573.75,623.1150222267004,617.590659478334
574.0929999999935,623.1075734330549,617.590659478334
574.4370000000345,623.1216730584747,617.590659478334
574.795999999973,623.1099184163478,617.590659478334
575.125,623.1107398221591,617.590659478334
575.4679999999935,623.1202768970088,617.590659478334
575.8120000000345,623.1173341677836,617.590659478334
576.155999999959,623.119252678285,617.590659478334
576.5,623.113170793562,617.590659478334
576.8429999999935,623.1126576721676,617.590659478334
577.1870000000345,623.1192250086474,617.590659478334
577.530999999959,623.1326540755975,617.590659478334
577.875,623.1543778092743,617.590659478334
578.2029999999795,623.1588546112356,617.590659478334
578.545999999973,623.1554897707525,617.590659478334
578.905999999959,623.1539464044243,617.590659478334
579.234000000055,623.1621375477969,617.590659478334
579.5929999999935,623.1528004316775,617.590659478334
579.920999999973,623.1567245389709,617.590659478334
580.280999999959,623.1605864250782,617.590659478334
580.640000000014,623.148569491126,617.590659478334
580.984000000055,623.1422436945563,617.590659478334
581.3279999999795,623.1447519909115,617.590659478334
581.7029999999795,623.1367321203167,617.590659478334
582.045999999973,623.1365660670408,617.590659478334
582.390000000014,623.1326714699587,617.590659478334
582.75,623.12839318569,617.590659478334
583.0929999999935,623.1373420619352,617.590659478334
583.4529999999795,623.1325712173888,617.590659478334
583.8120000000345,623.132975470459,617.590659478334
584.155999999959,623.1265234201388,617.590659478334
584.515000000014,623.1234144829632,617.590659478334
584.875,623.1434017794625,617.590659478334
585.2179999999935,623.1263985811889,617.590659478334
585.5779999999795,623.1283220609597,617.590659478334
585.920999999973,623.1298523902808,617.590659478334
586.295999999973,623.1231549114309,617.590659478334
586.655999999959,623.1264174185469,617.590659478334
587.0,623.119313811143,617.590659478334
587.359000000055,623.1116563630524,617.590659478334
587.7179999999935,623.1263552144466,617.590659478334
588.0620000000345,623.1276892591053,617.590659478334
588.405999999959,623.1278088521345,617.590659478334
588.75,623.1205913829341,617.590659478334
589.109000000055,623.1230031462962,617.590659478334
589.4529999999795,623.1231416454509,617.590659478334
589.795999999973,623.1203232036579,617.590659478334
590.140000000014,623.1168791086761,617.590659478334
590.484000000055,623.1246535022768,617.590659478334
590.8429999999935,623.1191384474685,617.590659478334
591.170999999973,623.1140568683595,617.590659478334
591.515000000014,623.1195549465536,617.590659478334
591.875,623.1187614921133,617.590659478334
592.2179999999935,623.1162297114988,617.590659478334
592.5620000000345,623.1182071414548,617.590659478334
592.905999999959,623.1191637433926,617.590659478334
593.25,623.1213889503699,617.590659478334
593.5929999999935,623.1228124279774,617.590659478334
593.9529999999795,623.1223694947506,617.590659478334
594.295999999973,623.1215392608435,617.590659478334
594.655999999959,623.1222710249567,617.590659478334
594.984000000055,623.1244449652323,617.590659478334
595.3429999999935,623.1150373454931,617.590659478334
595.6870000000345,623.1297912613989,617.590659478334
596.045999999973,623.1193551070633,617.590659478334
596.390000000014,623.1154843401707,617.590659478334
596.734000000055,623.1210463099478,617.590659478334
597.0779999999795,623.1130754073292,617.590659478334
597.4370000000345,623.1193100911662,617.590659478334
597.795999999973,623.1119093473133,617.590659478334
598.140000000014,623.1123314294841,617.590659478334
598.609000000055,623.1145171327867,617.590659478334
598.9529999999795,623.1147573287328,617.590659478334
599.3120000000345,623.1126790318955,617.590659478334
599.655999999959,623.1125211465825,617.590659478334
600.0,623.1177873251228,617.590659478334
600.359000000055,623.1070862413194,617.590659478334
600.7029999999795,623.122533139167,617.590659478334
601.045999999973,623.1198925316228,617.590659478334
601.405999999959,623.1104003903923,617.590659478334
601.75,623.1178594113994,617.590659478334
602.0929999999935,623.1198503975404,617.590659478334
602.4529999999795,623.1164696504734,617.590659478334
602.795999999973,623.1229766074564,617.590659478334
603.140000000014,623.1192406608468,617.590659478334
603.484000000055,623.1150679881258,617.590659478334
603.8279999999795,623.1175726995231,617.590659478334
604.170999999973,623.1150615608497,617.590659478334
604.530999999959,623.1127729730534,617.590659478334
604.875,623.1183835272416,617.590659478334
605.2179999999935,623.1129646220007,617.590659478334
605.5779999999795,623.1283667298994,617.590659478334
605.920999999973,623.1124591973364,617.590659478334
606.280999999959,623.1156762701454,617.590659478334
606.640000000014,623.1089545555382,617.590659478334
606.984000000055,623.111460556147,617.590659478334
607.3429999999935,623.110405132022,617.590659478334
607.6870000000345,623.106949329523,617.590659478334
608.045999999973,623.1078052825166,617.590659478334
608.390000000014,623.1167906084909,617.590659478334
608.75,623.1137740981175,617.590659478334
609.109000000055,623.11804093073,617.590659478334
609.4679999999935,623.1254400960909,617.590659478334
609.8120000000345,623.1077355617545,617.590659478334
610.170999999973,623.1168170003513,617.590659478334
610.625,623.1194799810554,617.590659478334
610.9679999999935,623.1217568026929,617.590659478334
611.3120000000345,623.1111220702769,617.590659478334
611.670999999973,623.1117549462472,617.590659478334
612.015000000014,623.1145491911109,617.590659478334
612.359000000055,623.1061898630255,617.590659478334
612.7029999999795,623.1170814672352,617.590659478334
613.045999999973,623.1220807580701,617.590659478334
613.390000000014,623.1226590336114,617.590659478334
613.734000000055,623.1015127396819,617.590659478334
614.0779999999795,623.1226452746762,617.590659478334
614.420999999973,623.115187312821,617.590659478334
614.765000000014,623.1200323820929,617.590659478334
615.109000000055,623.109358911446,617.590659478334
615.4529999999795,623.1175838676039,617.590659478334
615.795999999973,623.1042912326512,617.590659478334
616.140000000014,623.1156544712208,617.590659478334
616.484000000055,623.1198305826744,617.590659478334
616.8279999999795,623.108229477842,617.590659478334
617.1870000000345,623.1087384668739,617.590659478334
617.530999999959,623.1094809235184,617.590659478334
617.875,623.112194370264,617.590659478334
618.234000000055,623.1123273064333,617.590659478334
618.5779999999795,623.1055604454062,617.590659478334
618.920999999973,623.1109087487218,617.590659478334
619.280999999959,623.1087059593934,617.590659478334
619.640000000014,623.1134354293214,617.590659478334
619.984000000055,623.1163531319081,617.590659478334
620.3279999999795,623.115138272014,617.590659478334
620.670999999973,623.1142915685954,617.590659478334
621.015000000014,623.1227263368451,617.590659478334
621.375,623.1111586826927,617.590659478334
621.7179999999935,623.1196757060967,617.590659478334
622.0620000000345,623.111112371074,617.590659478334
622.405999999959,623.1119901441638,617.590659478334
622.75,623.106551854201,617.590659478334
623.0929999999935,623.1061701843021,617.590659478334
623.4370000000345,623.1045645503366,617.590659478334
623.780999999959,623.1181748517429,617.590659478334
624.140000000014,623.1115124969524,617.590659478334
624.484000000055,623.1101087224044,617.590659478334
624.8279999999795,623.1110391085165,617.590659478334
625.170999999973,623.114372826958,617.590659478334
625.5,623.1058474761878,617.590659478334
625.8429999999935,623.1213488704108,617.590659478334
626.1870000000345,623.1103172264147,617.590659478334
626.545999999973,623.1142781084433,617.590659478334
626.875,623.1085420633934,617.590659478334
627.2179999999935,623.1121214842632,617.590659478334
627.5620000000345,623.1149363631232,617.590659478334
627.905999999959,623.1172794543825,617.590659478334
628.25,623.1103080515367,617.590659478334
628.5779999999795,623.1112744358177,617.590659478334
628.920999999973,623.1122471315374,617.590659478334
629.265000000014,623.1107030255246,617.590659478334
629.609000000055,623.1074389691568,617.590659478334
629.9529999999795,623.1218504329089,617.590659478334
630.295999999973,623.1162667018638,617.590659478334
630.640000000014,623.1101570823623,617.590659478334
630.984000000055,623.1078344260254,617.590659478334
631.3279999999795,623.1145751451222,617.590659478334
631.655999999959,623.1130003155569,617.590659478334
632.0,623.1174360286691,617.590659478334
632.3429999999935,623.1134867413239,617.590659478334
632.6870000000345,623.1116831920289,617.590659478334
633.030999999959,623.1080270274111,617.590659478334
633.375,623.1034294856672,617.590659478334
633.7179999999935,623.1162886355912,617.590659478334
634.0620000000345,623.1148984656958,617.590659478334
634.405999999959,623.1062307423117,617.590659478334
634.75,623.1169188884094,617.590659478334
635.0929999999935,623.1196023296616,617.590659478334
635.4370000000345,623.113040184316,617.590659478334
635.780999999959,623.1221505928559,617.590659478334
636.109000000055,623.1012306274711,617.590659478334
636.4679999999935,623.1045299622758,617.590659478334
636.8120000000345,623.1074915684866,617.590659478334
637.140000000014,623.108240066309,617.590659478334
637.484000000055,623.1100441134665,617.590659478334
637.8279999999795,623.1097538490192,617.590659478334
638.170999999973,623.1150101951936,617.590659478334
638.515000000014,623.1147793082824,617.590659478334
638.859000000055,623.0987658579969,617.590659478334
639.1870000000345,623.1078952450781,617.590659478334
639.545999999973,623.1190176345041,617.590659478334
639.890000000014,623.1289676526873,617.590659478334
640.2179999999935,623.0503921751379,617.590659478334
640.5779999999795,622.9420542513175,617.590659478334
640.905999999959,622.9368523112776,617.590659478334
641.25,622.9243301938352,617.590659478334
641.5929999999935,622.9195000782826,617.590659478334
641.9370000000345,622.9183210982702,617.590659478334
642.280999999959,622.8926849947461,617.590659478334
642.625,622.8907064619433,617.590659478334
642.9529999999795,622.8834547216384,617.590659478334
643.295999999973,622.8883659725773,617.590659478334
643.640000000014,622.8883212315384,617.590659478334
644.0,622.8841695120169,617.590659478334
644.3429999999935,622.874374297641,617.590659478334
644.7029999999795,622.8742926271821,617.590659478334
645.045999999973,622.8752276791416,617.590659478334
645.390000000014,622.8725341895873,617.590659478334
645.734000000055,622.8649117850302,617.590659478334
646.0779999999795,622.8823199584659,617.590659478334
646.4370000000345,622.8789826572759,617.590659478334
646.780999999959,622.8591013552825,617.590659478334
647.109000000055,622.8649258989756,617.590659478334
647.4529999999795,622.8654695770189,617.590659478334
647.795999999973,622.8652526682629,617.590659478334
648.140000000014,622.8749528896161,617.590659478334
648.484000000055,622.8626345849697,617.590659478334
648.8279999999795,622.8716610413197,617.590659478334
649.155999999959,622.8578027667135,617.590659478334
649.5,622.8628523425944,617.590659478334
649.859000000055,622.8595325025863,617.590659478334
650.2029999999795,622.8582267900318,617.590659478334
650.530999999959,622.8638937934222,617.590659478334
650.890000000014,622.870919638986,617.590659478334
651.234000000055,622.8735650765593,617.590659478334
651.5779999999795,622.8669774041912,617.590659478334
651.920999999973,622.863115113015,617.590659478334
652.265000000014,622.8874860064861,617.590659478334
652.5929999999935,622.9124758107428,617.590659478334
652.9529999999795,623.0928009909505,617.590659478334
653.295999999973,623.1068897649438,617.590659478334
653.625,623.1074280337543,617.590659478334
653.9679999999935,623.1016012177562,617.590659478334
654.3120000000345,623.0843316911782,617.590659478334
654.655999999959,623.0908544449078,617.590659478334
655.0,623.0824606509168,617.590659478334
655.3429999999935,623.0765488603995,617.590659478334
655.6870000000345,623.078167137651,617.590659478334
656.030999999959,623.0736144880846,617.590659478334
656.359000000055,623.0663175151383,617.590659478334
656.7029999999795,623.0731508859587,617.590659478334
657.045999999973,623.0790285455184,617.590659478334
657.390000000014,623.0750438027002,617.590659478334
657.75,623.0767093995839,617.590659478334
658.0929999999935,623.069549665544,617.590659478334
658.420999999973,623.071280476457,617.590659478334
658.795999999973,623.0730860778411,617.590659478334
659.140000000014,623.0797302843937,617.590659478334
659.484000000055,623.0728697313649,617.590659478334
659.8279999999795,623.0762605364695,617.590659478334
660.170999999973,623.0671872248085,617.590659478334
660.515000000014,623.0734684623754,617.590659478334
660.859000000055,623.0741549822712,617.590659478334
661.2029999999795,623.0749015513636,617.590659478334
661.545999999973,623.0844236758885,617.590659478334
661.905999999959,623.0740212977298,617.590659478334
662.25,623.0769170264773,617.590659478334
662.5779999999795,623.0743183888926,617.590659478334
662.920999999973,623.0769406583178,617.590659478334
663.280999999959,623.077379030795,617.590659478334
663.609000000055,623.0708496040758,617.590659478334
663.9529999999795,623.0691540474998,617.590659478334
664.3120000000345,623.0815810495851,617.590659478334
664.655999999959,623.0797175648091,617.590659478334
665.0,623.0685836827598,617.590659478334
665.3429999999935,622.9082661476417,617.590659478334
665.6870000000345,622.9021548091175,617.590659478334
666.030999999959,622.9070262748861,617.590659478334
666.390000000014,622.9002098199055,617.590659478334
666.734000000055,622.9065875824665,617.590659478334
667.109000000055,622.8915168225697,617.590659478334
667.4370000000345,622.8901348635256,617.590659478334
667.780999999959,622.8855019538067,617.590659478334
668.140000000014,622.8795782623366,617.590659478334
668.5,622.8733772261787,617.590659478334
668.8429999999935,622.8804884101503,617.590659478334
669.1870000000345,622.8715529807918,617.590659478334
669.545999999973,622.8728262204783,617.590659478334
669.875,622.8731220469724,617.590659478334
670.2179999999935,622.8747771538254,617.590659478334
670.609000000055,622.8721645582226,617.590659478334
670.9679999999935,622.877272844501,617.590659478334
671.3120000000345,622.8730566974713,617.590659478334
671.655999999959,622.8650181901088,617.590659478334
672.0,622.8761299302752,617.590659478334
672.3429999999935,622.8683300621676,617.590659478334
672.6870000000345,622.8642293076017,617.590659478334
673.030999999959,622.8645053483208,617.590659478334
673.375,622.870309710377,617.590659478334
673.7029999999795,622.867603456568,617.590659478334
674.0620000000345,622.8709219314879,617.590659478334
674.405999999959,622.8694009084294,617.590659478334
674.734000000055,622.8672443271503,617.590659478334
675.0929999999935,622.8591824977809,617.590659478334
675.4370000000345,622.8698525737013,617.590659478334
675.780999999959,622.8684305686015,617.590659478334
676.125,622.8725847992613,617.590659478334
676.4679999999935,622.8599406439533,617.590659478334
676.8120000000345,622.8594322400237,617.590659478334
677.155999999959,622.8863062629035,617.590659478334
677.5,622.8952105894721,617.590659478334
677.859000000055,623.0771802140368,617.590659478334
678.1870000000345,623.1048154641189,617.590659478334
678.545999999973,623.1054880169356,617.590659478334
678.890000000014,623.0978866011671,617.590659478334
679.234000000055,623.0978593216397,617.590659478334
679.5779999999795,623.0909712253567,617.590659478334
679.920999999973,623.0853805856487,617.590659478334
680.280999999959,623.0800308623271,617.590659478334
680.625,623.0871479383446,617.590659478334
680.9679999999935,623.0783702674182,617.590659478334
681.3120000000345,623.0722688637773,617.590659478334
681.655999999959,623.0739273732241,617.590659478334
682.015000000014,623.073880922687,617.590659478334
682.375,623.0780347484834,617.590659478334
682.7179999999935,623.0700815173008,617.590659478334
683.0779999999795,623.0701728407396,617.590659478334
683.420999999973,623.0772722522023,617.590659478334
683.765000000014,623.0617781657663,617.590659478334
684.109000000055,623.0895169617265,617.590659478334
684.4529999999795,623.1153606629452,617.590659478334
684.795999999973,623.1096316319305,617.590659478334
685.155999999959,623.1171757200641,617.590659478334
685.5,623.1069823794364,617.590659478334
685.8429999999935,623.0980148438335,617.590659478334
686.1870000000345,623.1017493973,617.590659478334
686.530999999959,623.099343036208,617.590659478334
686.890000000014,623.0840871013249,617.590659478334
687.234000000055,623.0850713167999,617.590659478334
687.5779999999795,623.0872382858314,617.590659478334
687.920999999973,623.0853918278783,617.590659478334
688.265000000014,623.0846233753738,617.590659478334
688.625,623.0899210956823,617.590659478334
688.984000000055,623.0847401520382,617.590659478334
689.3279999999795,623.0787576680167,617.590659478334
689.6870000000345,623.0872376986009,617.590659478334
690.030999999959,623.0884075284373,617.590659478334
690.375,623.0829458404853,617.590659478334
690.734000000055,623.084882879613,617.590659478334
691.0779999999795,623.0897760268357,617.590659478334
691.420999999973,623.0765547968421,617.590659478334
691.780999999959,623.0819052079889,617.590659478334
692.140000000014,623.0839077332417,617.590659478334
692.5,623.074609181948,617.590659478334
692.8429999999935,623.0811383874141,617.590659478334
693.2029999999795,623.0839227906635,617.590659478334
693.530999999959,623.0809964518005,617.590659478334
693.890000000014,623.0782106459551,617.590659478334
694.234000000055,623.0753999598477,617.590659478334
694.609000000055,623.0612056496892,617.590659478334
694.9679999999935,623.0779275306841,617.590659478334
695.295999999973,623.0720906165877,617.590659478334
695.655999999959,623.0909088462935,617.590659478334
696.015000000014,623.0794601768404,617.590659478334
696.375,623.0891540848033,617.590659478334
696.7179999999935,623.0899138596999,617.590659478334
697.0779999999795,623.0848059992425,617.590659478334
697.420999999973,623.073904677604,617.590659478334
697.765000000014,623.086206378747,617.590659478334
698.109000000055,623.0798164402704,617.590659478334
698.4679999999935,623.0662849019335,617.590659478334
698.8120000000345,623.0793567008803,617.590659478334
699.155999999959,623.078817854979,617.590659478334
699.5,623.0701483794307,617.590659478334
699.8429999999935,623.0898138656323,617.590659478334
700.1870000000345,623.0720626358424,617.590659478334
700.530999999959,623.0767559878768,617.590659478334
700.890000000014,623.0829365998874,617.590659478334
701.234000000055,623.0676123691505,617.590659478334
701.5779999999795,623.0746352285306,617.590659478334
701.9370000000345,623.0814767053737,617.590659478334
702.280999999959,623.0694035205453,617.590659478334
702.625,623.080841015035,617.590659478334
702.9679999999935,623.0844311649078,617.590659478334
703.3120000000345,623.0823663915437,617.590659478334
703.655999999959,623.0778874134622,617.590659478334
704.0,623.0722068401338,617.590659478334
704.3429999999935,623.0798102977834,617.590659478334
704.7029999999795,623.0764494814314,617.590659478334
705.045999999973,623.073395103944,617.590659478334
705.405999999959,623.076388215038,617.590659478334
705.75,623.0785229359049,617.590659478334
706.0929999999935,623.0705119195782,617.590659478334
706.4529999999795,623.0700008767093,617.590659478334
706.8120000000345,623.0766698925426,617.590659478334
707.155999999959,623.0730174503386,617.590659478334
707.5,623.0742526316288,617.590659478334
707.8429999999935,623.0814068301244,617.590659478334
708.1870000000345,623.0815443186311,617.590659478334
708.530999999959,623.076553636917,617.590659478334
708.890000000014,623.0673512214606,617.590659478334
709.234000000055,623.0758223134006,617.590659478334
709.5779999999795,623.080677842947,617.590659478334
709.920999999973,623.0795437451675,617.590659478334
710.265000000014,623.0853356938478,617.590659478334
710.609000000055,623.0756455081763,617.590659478334
710.9529999999795,623.0794513841895,617.590659478334
711.295999999973,623.0791217117651,617.590659478334
711.640000000014,623.0696051285933,617.590659478334
711.984000000055,623.0687821461735,617.590659478334
712.3279999999795,623.0780106982861,617.590659478334
712.670999999973,623.0780391984429,617.590659478334
713.030999999959,623.0658682036984,617.590659478334
713.375,623.0806062837125,617.590659478334
713.734000000055,623.070164238572,617.590659478334
714.0929999999935,623.0685354736339,617.590659478334
714.4370000000345,623.0704878320846,617.590659478334
714.780999999959,623.0654548236009,617.590659478334
715.125,623.0654751716017,617.590659478334
715.484000000055,623.0736398224636,617.590659478334
715.8429999999935,623.0761851856578,617.590659478334
716.170999999973,623.0837924055144,617.590659478334
716.515000000014,623.0718349844695,617.590659478334
716.875,623.0730750181344,617.590659478334
717.234000000055,623.0734516049166,617.590659478334
717.5779999999795,623.0850534570803,617.590659478334
717.920999999973,623.0778812935805,617.590659478334
718.280999999959,623.0724873330578,617.590659478334
718.640000000014,623.0787287667987,617.590659478334
719.0,623.0738207396948,617.590659478334
719.359000000055,623.0832076761167,617.590659478334
719.7029999999795,623.0770595945344,617.590659478334
720.045999999973,623.0731182121434,617.590659478334
720.375,623.0812226432879,617.590659478334
720.7179999999935,623.0672215807109,617.590659478334
721.0620000000345,623.0713730264832,617.590659478334
721.420999999973,623.0800811323381,617.590659478334
721.75,623.0715213918105,617.590659478334
722.109000000055,623.0793176914071,617.590659478334
722.4529999999795,623.0806739045934,617.590659478334
722.795999999973,623.0728719638383,617.590659478334
723.140000000014,623.0689743793995,617.590659478334
723.5,623.0743296185186,617.590659478334
723.8279999999795,623.065265706582,617.590659478334
724.170999999973,623.0829574713382,617.590659478334
724.515000000014,623.0774372533796,617.590659478334
724.859000000055,623.076441424996,617.590659478334
725.2179999999935,623.0717595931687,617.590659478334
725.5620000000345,623.0654645620135,617.590659478334
725.905999999959,623.0687216201261,617.590659478334
726.265000000014,623.069252303367,617.590659478334
726.609000000055,623.0684327830493,617.590659478334
726.9529999999795,623.0719680364332,617.590659478334
727.3120000000345,623.0759663308412,617.590659478334
727.670999999973,623.0681444631612,617.590659478334
728.015000000014,623.071641210153,617.590659478334
728.359000000055,623.0721799933564,617.590659478334
728.7179999999935,623.0770780631531,617.590659478334
729.0779999999795,623.0646442249873,617.590659478334
729.405999999959,623.067563959599,617.590659478334
729.765000000014,623.0650802157274,617.590659478334
730.125,623.0702685037016,617.590659478334
730.4679999999935,623.0769678048072,617.590659478334
730.8120000000345,623.0643297648287,617.590659478334
731.155999999959,623.0829679457283,617.590659478334
731.5,623.0708558046848,617.590659478334
731.8429999999935,623.0680548167336,617.590659478334
732.1870000000345,623.0715503929523,617.590659478334
732.530999999959,623.06782032416,617.590659478334
732.875,623.0670014699799,617.590659478334
733.2179999999935,623.074777971841,617.590659478334
733.5620000000345,623.072173460685,617.590659478334
733.905999999959,623.0659851365223,617.590659478334
734.25,623.0733378757134,617.590659478334
734.5929999999935,623.0689100183912,617.590659478334
734.9370000000345,623.0664154599375,617.590659478334
735.265000000014,623.0764995193844,617.590659478334
735.625,623.063621336938,617.590659478334
735.9679999999935,623.0783950130058,617.590659478334
736.3120000000345,623.0735529564952,617.590659478334
736.655999999959,623.0669748111779,617.590659478334
737.0,623.072550435068,617.590659478334
737.3279999999795,623.0698773093729,617.590659478334
737.6870000000345,623.065280855104,617.590659478334
738.030999999959,623.0724000298783,617.590659478334
738.359000000055,623.0652900683185,617.590659478334
738.7179999999935,623.0742729456297,617.590659478334
739.045999999973,623.0607704785135,617.590659478334
739.390000000014,623.0700802124597,617.590659478334
739.734000000055,623.0751400298517,617.590659478334
740.0929999999935,623.0699869187072,617.590659478334
740.420999999973,623.0643078530829,617.590659478334
740.765000000014,623.0726666482931,617.590659478334
741.109000000055,623.0744948948154,617.590659478334
741.4529999999795,623.0699070184852,617.590659478334
741.795999999973,623.0625056577284,617.590659478334
742.125,623.0718999074458,617.590659478334
742.484000000055,623.0632151162459,617.590659478334
742.8279999999795,623.0665287883097,617.590659478334
743.170999999973,623.0656673355113,617.590659478334
743.515000000014,623.0667068329797,617.590659478334
743.859000000055,623.0765968703007,617.590659478334
744.2029999999795,623.0702279377313,617.590659478334
744.545999999973,623.072195001857,617.590659478334
744.890000000014,623.0776572365053,617.590659478334
745.234000000055,623.0720119356621,617.590659478334
745.5779999999795,623.0687815205079,617.590659478334
745.920999999973,623.0773133928764,617.590659478334
746.265000000014,623.0766591586971,617.590659478334
746.609000000055,623.0827716149536,617.590659478334
746.9529999999795,623.0801892209554,617.590659478334
747.295999999973,623.0734356545022,617.590659478334
747.640000000014,623.0787807907816,617.590659478334
747.984000000055,623.0692872250563,617.590659478334
748.3279999999795,623.074402220766,617.590659478334
748.670999999973,623.0648449965646,617.590659478334
749.015000000014,623.0687718957124,617.590659478334
749.375,623.0746544971723,617.590659478334
749.7179999999935,623.0582731636007,617.590659478334
750.0779999999795,623.065330752344,617.590659478334
750.405999999959,623.0701361234446,617.590659478334
750.75,623.0665502291778,617.590659478334
751.109000000055,623.0666138056584,617.590659478334
751.4679999999935,623.0692481252123,617.590659478334
751.8120000000345,623.0710699812491,617.590659478334
752.155999999959,623.075006024915,617.590659478334
752.515000000014,623.0748211025079,617.590659478334
752.859000000055,623.0751685940907,617.590659478334
753.2029999999795,623.0733092347173,617.590659478334
753.5620000000345,623.0690136995537,617.590659478334
753.890000000014,623.0727268716981,617.590659478334
754.234000000055,623.0757009016351,617.590659478334
754.609000000055,623.0617109798087,617.590659478334
754.9529999999795,623.0708051492877,617.590659478334
755.3120000000345,623.0727681199735,617.590659478334
755.655999999959,623.0722810796449,617.590659478334
755.984000000055,623.0786057902723,617.590659478334
756.3429999999935,623.0634277165312,617.590659478334
756.6870000000345,623.0704467759867,617.590659478334
757.015000000014,623.0599771832161,617.590659478334
757.375,623.0734280202819,617.590659478334
757.7179999999935,623.0693824192402,617.590659478334
758.0620000000345,623.0663170418384,617.590659478334
758.390000000014,623.0632576964141,617.590659478334
758.75,623.0614888866636,617.590659478334
759.0929999999935,623.0753040260952,617.590659478334
759.4370000000345,623.0736301990809,617.590659478334
759.780999999959,623.0698959196401,617.590659478334
760.125,623.0635518385639,617.590659478334
760.4679999999935,623.0683380698271,617.590659478334
760.795999999973,623.0759126586321,617.590659478334
761.155999999959,623.0622254152106,617.590659478334
761.5,623.0641850720423,617.590659478334
761.8429999999935,623.0687474111231,617.590659478334
762.1870000000345,623.0708003966519,617.590659478334
762.515000000014,623.0655517516662,617.590659478334
762.859000000055,623.0677954364731,617.590659478334
763.2029999999795,623.0758032067237,617.590659478334
763.545999999973,623.0652473850381,617.590659478334
763.890000000014,623.0692905611802,617.590659478334
764.234000000055,623.0587269958929,617.590659478334
764.5620000000345,623.0690725655306,617.590659478334
764.920999999973,623.0603098896119,617.590659478334
765.265000000014,623.0679886650513,617.590659478334
765.609000000055,623.0702558136189,617.590659478334
765.9529999999795,623.0610571760808,617.590659478334
766.280999999959,623.0712903659809,617.590659478334
766.655999999959,623.0686258619596,617.590659478334
767.0,623.0695741980473,617.590659478334
767.3429999999935,623.0607899533804,617.590659478334
767.670999999973,623.0669696425183,617.590659478334
768.030999999959,623.071589576025,617.590659478334
768.375,623.0709771910497,617.590659478334
768.7179999999935,623.0725664499382,617.590659478334
769.0620000000345,623.075952743197,617.590659478334
769.405999999959,623.0736494508785,617.590659478334
769.75,623.0592928378901,617.590659478334
770.0779999999795,623.0830217179108,617.590659478334
770.420999999973,623.0657932403781,617.590659478334
770.765000000014,623.0673528286152,617.590659478334
771.109000000055,623.0662704921623,617.590659478334
771.4529999999795,623.0658302240681,617.590659478334
771.8120000000345,623.0681015483783,617.590659478334
772.140000000014,623.0644520747373,617.590659478334
772.5,623.0627577566459,617.590659478334
772.859000000055,623.0766744578489,617.590659478334
773.2029999999795,623.0659970250827,617.590659478334
773.545999999973,623.0632511000027,617.590659478334
773.890000000014,623.07137006756,617.590659478334
774.234000000055,623.0620822141103,617.590659478334
774.5929999999935,623.0689265269876,617.590659478334
774.9370000000345,623.068489459351,617.590659478334
775.295999999973,623.0680669289693,617.590659478334
775.655999999959,623.0675232537097,617.590659478334
776.015000000014,623.0742138469689,617.590659478334
776.359000000055,623.0688919940058,617.590659478334
776.7029999999795,623.0665267284633,617.590659478334
777.0620000000345,623.0767164606182,617.590659478334
777.405999999959,623.0744684471094,617.590659478334
777.765000000014,623.0741723799497,617.590659478334
778.125,623.0693427737699,617.590659478334
778.4679999999935,623.0664654937319,617.590659478334
778.8279999999795,623.0630614752545,617.590659478334
779.155999999959,623.065666890302,617.590659478334
779.5,623.0662446790162,617.590659478334
779.8429999999935,623.0706303233063,617.590659478334
780.1870000000345,623.0710308158754,617.590659478334
780.530999999959,623.0646457784699,617.590659478334
780.875,623.0642798717182,617.590659478334
781.234000000055,623.0790926299699,617.590659478334
781.5779999999795,623.0674878692002,617.590659478334
781.920999999973,623.071844952828,617.590659478334
782.265000000014,623.0666394528537,617.590659478334
782.609000000055,623.0685176661162,617.590659478334
782.9529999999795,623.0689082690383,617.590659478334
783.3120000000345,623.0676919408122,617.590659478334
783.655999999959,623.0682374403912,617.590659478334
784.0,623.0745136694081,617.590659478334
784.3429999999935,623.068649235432,617.590659478334
784.7029999999795,623.0698961108352,617.590659478334
785.045999999973,623.0665695113888,617.590659478334
785.390000000014,623.0682206947754,617.590659478334
785.75,623.0748762818118,617.590659478334
786.0929999999935,623.0721995298909,617.590659478334
786.4529999999795,623.0708148807186,617.590659478334
786.8120000000345,623.0691487273128,617.590659478334
787.170999999973,623.0684872884173,617.590659478334
787.515000000014,623.0710971787078,617.590659478334
787.875,623.0684836094873,617.590659478334
788.234000000055,623.0726062476057,617.590659478334
788.5779999999795,623.074662690524,617.590659478334
788.920999999973,623.0654432626518,617.590659478334
789.265000000014,623.0625058603217,617.590659478334
789.625,623.0628385773102,617.590659478334
789.9529999999795,623.0650776479106,617.590659478334
790.3120000000345,623.0656743091726,617.590659478334
790.655999999959,623.0673593159787,617.590659478334
791.015000000014,623.0686116455953,617.590659478334
791.359000000055,623.0697407305248,617.590659478334
791.7179999999935,623.0592956414087,617.590659478334
792.0620000000345,623.0597175327777,617.590659478334
792.405999999959,623.0672386290959,617.590659478334
792.75,623.0733406281366,617.590659478334
793.0929999999935,623.0526380487863,617.590659478334
793.4529999999795,623.0717074261579,617.590659478334
793.795999999973,623.0708473861628,617.590659478334
794.140000000014,623.0686960741122,617.590659478334
794.4679999999935,623.0475291485695,617.590659478334
794.8120000000345,623.0658376160409,617.590659478334
795.140000000014,623.0667099676948,617.590659478334
795.484000000055,623.0643958331092,617.590659478334
795.8279999999795,623.0724169997148,617.590659478334
796.170999999973,623.06426501294,617.590659478334
796.530999999959,623.0682050654839,617.590659478334
796.875,623.0650889829939,617.590659478334
797.2179999999935,623.0649083378187,617.590659478334
797.545999999973,623.063069310541,617.590659478334
797.890000000014,623.0673601393007,617.590659478334
798.25,623.070244596371,617.590659478334
798.5929999999935,623.0650153439504,617.590659478334
798.9370000000345,623.0625925699607,617.590659478334
799.280999999959,623.0629661167522,617.590659478334
799.625,623.0673209835448,617.590659478334
799.9679999999935,623.0635754311595,617.590659478334
800.3120000000345,623.061556173155,617.590659478334
800.655999999959,623.0676352359928,617.590659478334
801.0,623.0606023906615,617.590659478334
801.3429999999935,623.0636974623744,617.590659478334
801.6870000000345,623.0747587474748,617.590659478334
802.015000000014,623.0673140341089,617.590659478334
802.375,623.073768879544,617.590659478334
802.7179999999935,623.0633952964297,617.590659478334
803.045999999973,623.0700983670216,617.590659478334
803.390000000014,623.0721162551798,617.590659478334
803.734000000055,623.0643719343915,617.590659478334
804.0929999999935,623.059507702635,617.590659478334
804.420999999973,623.0577290638421,617.590659478334
804.780999999959,623.06775712667,617.590659478334
805.125,623.0574471303531,617.590659478334
805.4679999999935,623.0640635869654,617.590659478334
805.8120000000345,623.0666284646985,617.590659478334
806.155999999959,623.0605075566504,617.590659478334
806.5,623.0677754064105,617.590659478334
806.8429999999935,623.0627916405099,617.590659478334
807.1870000000345,623.0650042978931,617.590659478334
807.545999999973,623.0658429543579,617.590659478334
807.890000000014,623.0630243885483,617.590659478334
808.234000000055,623.0744922354825,617.590659478334
808.5779999999795,623.0651107701442,617.590659478334
808.920999999973,623.0660797155901,617.590659478334
809.265000000014,623.0670998405217,617.590659478334
809.609000000055,623.0639732702102,617.590659478334
809.9679999999935,623.0717374192279,617.590659478334
810.3120000000345,623.067521141687,617.590659478334
810.655999999959,623.0645139184647,617.590659478334
811.0,623.065335257612,617.590659478334
811.3429999999935,623.0682092378486,617.590659478334
811.6870000000345,623.0741681454537,617.590659478334
812.045999999973,623.0777865475144,617.590659478334
812.390000000014,623.0765531337843,617.590659478334
812.75,623.0654982509321,617.590659478334
813.0929999999935,623.0679568481239,617.590659478334
813.4370000000345,623.0603071141566,617.590659478334
813.780999999959,623.0573762723122,617.590659478334
814.140000000014,623.0655341423295,617.590659478334
814.484000000055,623.0690872575958,617.590659478334
814.8279999999795,623.0695982634142,617.590659478334
815.170999999973,623.0562307469172,617.590659478334
815.515000000014,623.0640712381155,617.590659478334
815.859000000055,623.0618138346099,617.590659478334
816.2029999999795,623.0651929664342,617.590659478334
816.545999999973,623.0664635718305,617.590659478334
816.890000000014,623.0617721306916,617.590659478334
817.25,623.0645592200282,617.590659478334
817.5929999999935,623.0655561259157,617.590659478334
817.9370000000345,623.0682089167399,617.590659478334
818.265000000014,623.0598115270565,617.590659478334
818.609000000055,623.0598095271275,617.590659478334
818.9529999999795,623.0559858529073,617.590659478334
819.295999999973,623.0636800595446,617.590659478334
819.640000000014,623.0708255566763,617.590659478334
820.0,623.064276358846,617.590659478334
820.3279999999795,623.0653442302254,617.590659478334
820.7029999999795,623.065671634451,617.590659478334
821.045999999973,623.0666527094871,617.590659478334
821.390000000014,623.0694559690132,617.590659478334
821.75,623.0594514561203,617.590659478334
822.0929999999935,623.0626150479337,617.590659478334
822.4370000000345,623.0573034721227,617.590659478334
822.795999999973,623.065451668502,617.590659478334
823.140000000014,623.0647464377148,617.590659478334
823.484000000055,623.057258561915,617.590659478334
823.8279999999795,623.0652379537541,617.590659478334
824.1870000000345,623.0707238574513,617.590659478334
824.530999999959,623.0746236595409,617.590659478334
824.890000000014,623.074733034239,617.590659478334
825.234000000055,623.0632506102928,617.590659478334
825.5779999999795,623.0619416669005,617.590659478334
825.9370000000345,623.0659302097423,617.590659478334
826.280999999959,623.0584485734341,617.590659478334
826.655999999959,623.0628421953035,617.590659478334
827.0,623.0568810068755,617.590659478334
827.3429999999935,623.0602537109124,617.590659478334
827.670999999973,623.0675094070588,617.590659478334
828.015000000014,623.0623523159793,617.590659478334
828.375,623.0695557927878,617.590659478334
828.7179999999935,623.0554898329956,617.590659478334
829.0620000000345,623.0678045318967,617.590659478334
829.405999999959,623.0636046709731,617.590659478334
829.765000000014,623.0627933566803,617.590659478334
830.0929999999935,623.0566681854492,617.590659478334
830.4370000000345,623.061748896901,617.590659478334
830.780999999959,623.0580355935504,617.590659478334
831.140000000014,623.059594115714,617.590659478334
831.484000000055,623.0644204917512,617.590659478334
831.8120000000345,623.0706272741261,617.590659478334
832.155999999959,623.0721765849598,617.590659478334
832.515000000014,623.0707118936563,617.590659478334
832.859000000055,623.0643921719814,617.590659478334
833.2029999999795,623.0652710138282,617.590659478334
833.5779999999795,623.071609504652,617.590659478334
833.920999999973,623.0663413404138,617.590659478334
834.265000000014,623.0572696104305,617.590659478334
834.609000000055,623.0618423423726,617.590659478334
834.9529999999795,623.0659283760118,617.590659478334
835.3120000000345,623.0623928107063,617.590659478334
835.670999999973,623.0658007098101,617.590659478334
836.015000000014,623.0622750012669,617.590659478334
836.359000000055,623.0681160644571,617.590659478334
836.7179999999935,623.064514776735,617.590659478334
837.0620000000345,623.0688947162198,617.590659478334
837.405999999959,623.0659103245956,617.590659478334
837.75,623.0652755298372,617.590659478334
838.109000000055,623.060008595012,617.590659478334
838.4679999999935,623.0588476020058,617.590659478334
838.8279999999795,623.0637202165459,617.590659478334
839.170999999973,623.0659307775102,617.590659478334
839.515000000014,623.0601727501278,617.590659478334
839.859000000055,623.0638035812677,617.590659478334
840.1870000000345,623.0569972487895,617.590659478334
840.530999999959,623.0711541678985,617.590659478334
840.875,623.0689661740711,617.590659478334
841.2179999999935,623.0580498152759,617.590659478334
841.5620000000345,623.0655202148487,617.590659478334
841.905999999959,623.0697191988756,617.590659478334
842.25,623.0634662958264,617.590659478334
842.5929999999935,623.0673730862653,617.590659478334
842.9370000000345,623.0597592634498,617.590659478334
843.295999999973,623.0707089764039,617.590659478334
843.625,623.0580116148129,617.590659478334
843.9679999999935,623.063302583633,617.590659478334
844.3279999999795,623.0642489177395,617.590659478334
844.6870000000345,623.0631071052594,617.590659478334
845.030999999959,623.0917754950378,617.590659478334
845.375,623.1142246869156,617.590659478334
845.7179999999935,623.0971017354475,617.590659478334
846.0779999999795,623.0846678646541,617.590659478334
846.420999999973,623.0875542344788,617.590659478334
846.765000000014,623.0996725868133,617.590659478334
847.125,623.0845426805195,617.590659478334
847.4679999999935,623.0933661465779,617.590659478334
847.8279999999795,623.094413967214,617.590659478334
848.155999999959,623.0903060585961,617.590659478334
848.5,623.0930003641208,617.590659478334
848.859000000055,623.0981709435091,617.590659478334
849.2179999999935,623.1034631845808,617.590659478334
849.5620000000345,623.0980659412413,617.590659478334
849.920999999973,623.0849624008092,617.590659478334
850.280999999959,623.1018201060273,617.590659478334
850.625,623.0919819491247,617.590659478334
850.9679999999935,623.0911664557789,617.590659478334
851.3279999999795,623.0906350775342,617.590659478334
851.670999999973,623.0909779864656,617.590659478334
852.015000000014,623.0956420241599,617.590659478334
852.359000000055,623.1089187056267,617.590659478334
852.7029999999795,623.0988092303659,617.590659478334
853.045999999973,623.098212390222,617.590659478334
853.390000000014,623.1064363290094,617.590659478334
853.75,623.0981606933607,617.590659478334
854.0929999999935,623.1074127206593,617.590659478334
854.420999999973,623.1027727359348,617.590659478334
854.765000000014,623.1051233633185,617.590659478334
855.109000000055,623.0956289911908,617.590659478334
855.4529999999795,623.1049946528531,617.590659478334
855.8120000000345,623.1035805044107,617.590659478334
856.155999999959,623.1086399316547,617.590659478334
856.5,623.1045207890518,617.590659478334
856.859000000055,623.1073250054121,617.590659478334
857.2179999999935,623.1333554894001,617.590659478334
857.545999999973,623.1335523395823,617.590659478334
857.890000000014,623.1425799256489,617.590659478334
858.234000000055,623.1456862286418,617.590659478334
858.5929999999935,623.1454299670312,617.590659478334
858.9370000000345,623.1449573076083,617.590659478334
859.280999999959,623.1500165640276,617.590659478334
859.625,623.135960940992,617.590659478334
859.9679999999935,623.1417176632639,617.590659478334
860.3120000000345,623.1306018123348,617.590659478334
860.655999999959,623.1237755746558,617.590659478334
861.0,623.1178377315438,617.590659478334
861.3429999999935,623.1221209152576,617.590659478334
861.6870000000345,623.1290479695234,617.590659478334
862.030999999959,623.1200043602481,617.590659478334
862.375,623.120992379138,617.590659478334
862.7179999999935,623.1122780346471,617.590659478334
863.0620000000345,623.11973728335,617.590659478334
863.420999999973,623.1138758161771,617.590659478334
863.75,623.1189743346847,617.590659478334
864.0929999999935,623.1163881115995,617.590659478334
864.4529999999795,623.1124747039781,617.590659478334
864.795999999973,623.1143580350154,617.590659478334
865.125,623.1187039989081,617.590659478334
865.484000000055,623.1107128377641,617.590659478334
865.8120000000345,623.1166560373197,617.590659478334
866.170999999973,623.114939036816,617.590659478334
866.5,623.1027027926691,617.590659478334
866.8429999999935,623.1125626210418,617.590659478334
867.2029999999795,623.1165939006213,617.590659478334
867.545999999973,623.121182805366,617.590659478334
867.890000000014,623.1088703090346,617.590659478334
868.234000000055,623.1015155391701,617.590659478334
868.5779999999795,623.1042922183838,617.590659478334
868.9370000000345,623.1106419720724,617.590659478334
869.280999999959,623.1050876291504,617.590659478334
869.625,623.1017051726608,617.590659478334
869.984000000055,623.1022309073624,617.590659478334
870.3120000000345,623.1073253209067,617.590659478334
870.670999999973,623.106944412944,617.590659478334
871.0,623.1338924458204,617.590659478334
871.3429999999935,623.0096376387381,617.590659478334
871.7029999999795,622.9259783617658,617.590659478334
872.030999999959,622.9240989261244,617.590659478334
872.390000000014,622.9153521961135,617.590659478334
872.75,622.9142274865911,617.590659478334
873.0929999999935,622.900283939414,617.590659478334
873.4370000000345,622.8978697435057,617.590659478334
873.795999999973,622.8847257729996,617.590659478334
874.140000000014,622.8831001551694,617.590659478334
874.484000000055,622.8751522979132,617.590659478334
874.8429999999935,622.8882075228612,617.590659478334
875.1870000000345,622.872710942728,617.590659478334
875.530999999959,622.8798999933283,617.590659478334
875.875,622.8853910779794,617.590659478334
876.2179999999935,622.866814305486,617.590659478334
876.5620000000345,622.8746886855196,617.590659478334
876.905999999959,622.8664640635836,617.590659478334
877.25,622.8659661909348,617.590659478334
877.5929999999935,622.8680604503762,617.590659478334
877.9370000000345,622.8713476473687,617.590659478334
878.280999999959,622.865530027921,617.590659478334
878.625,622.8558228490426,617.590659478334
878.9679999999935,622.8715274892484,617.590659478334
879.3120000000345,622.8687495425561,617.590659478334
879.655999999959,622.8665966177482,617.590659478334
880.0,622.8597834566123,617.590659478334
880.3429999999935,622.8533671999977,617.590659478334
880.670999999973,622.8709248587879,617.590659478334
881.030999999959,622.8628533261954,617.590659478334
881.390000000014,622.85755985681,617.590659478334
881.734000000055,622.8599534963402,617.590659478334
882.0929999999935,622.8640064121022,617.590659478334
882.4370000000345,622.859408441557,617.590659478334
882.795999999973,622.8567727575696,617.590659478334
883.140000000014,622.8630729016922,617.590659478334
883.484000000055,622.885452427664,617.590659478334
883.8429999999935,622.9033965274745,617.590659478334
884.1870000000345,623.0947608500358,617.590659478334
884.530999999959,623.1130438424749,617.590659478334
884.875,623.1169698372876,617.590659478334
885.234000000055,623.1003740963373,617.590659478334
885.5779999999795,623.0918115958681,617.590659478334
885.920999999973,623.0747496267645,617.590659478334
886.265000000014,623.0754679460185,617.590659478334
886.655999999959,623.0752971893421,617.590659478334
887.0,623.0814499885429,617.590659478334
887.3429999999935,623.0850735216575,617.590659478334
887.6870000000345,623.074885254454,617.590659478334
888.030999999959,623.0760046457744,617.590659478334
888.375,623.0754073743351,617.590659478334
888.7179999999935,623.0706243685705,617.590659478334
889.0620000000345,623.0723279262047,617.590659478334
889.405999999959,623.0649950576201,617.590659478334
889.75,623.078187913362,617.590659478334
890.0929999999935,623.0741964398921,617.590659478334
890.4370000000345,623.0583914441706,617.590659478334
890.780999999959,623.0646239667783,617.590659478334
891.125,623.0765112973264,617.590659478334
891.4679999999935,623.0639485443456,617.590659478334
891.8120000000345,623.067269660651,617.590659478334
892.155999999959,623.0702176105461,617.590659478334
892.5,623.0672894080697,617.590659478334
892.8429999999935,623.0679692342959,617.590659478334
893.2029999999795,623.068830961332,617.590659478334
893.530999999959,623.0743399269911,617.590659478334
893.890000000014,623.0701151619053,617.590659478334
894.234000000055,623.0689815206816,617.590659478334
894.5929999999935,623.0796065500433,617.590659478334
894.9370000000345,623.0722101553023,617.590659478334
895.280999999959,623.0723303420311,617.590659478334
895.625,623.0552885209275,617.590659478334
895.984000000055,623.0718078765532,617.590659478334
896.3120000000345,622.9800567759095,617.590659478334
896.655999999959,622.9027577753842,617.590659478334
897.0,622.9041449497289,617.590659478334
897.3429999999935,622.9105966321816,617.590659478334
897.6870000000345,622.91294379109,617.590659478334
898.030999999959,622.8954855356167,617.590659478334
898.375,622.8905018658957,617.590659478334
898.7179999999935,622.8836858847391,617.590659478334
899.045999999973,622.8844127552461,617.590659478334
899.390000000014,622.8767971197944,617.590659478334
899.734000000055,622.8844086032905,617.590659478334
900.0779999999795,622.8762293558366,617.590659478334
900.420999999973,622.8710161923274,617.590659478334
900.765000000014,622.878388216152,617.590659478334
901.109000000055,622.8714931068075,617.590659478334
901.4529999999795,622.8722742069782,617.590659478334
901.780999999959,622.8790516040293,617.590659478334
902.140000000014,622.8809328010378,617.590659478334
902.484000000055,622.8784453777607,617.590659478334
902.8120000000345,622.8724601928072,617.590659478334
903.170999999973,622.8715161602573,617.590659478334
903.5,622.8724835163143,617.590659478334
903.8429999999935,622.8686550009335,617.590659478334
904.2029999999795,622.8685883263382,617.590659478334
904.545999999973,622.869159848326,617.590659478334
904.890000000014,622.8647619847364,617.590659478334
905.234000000055,622.8682570695746,617.590659478334
905.5929999999935,622.8643451801669,617.590659478334
905.9370000000345,622.8611411402792,617.590659478334
906.295999999973,622.856817268415,617.590659478334
906.640000000014,622.869308329071,617.590659478334
907.0,622.8619239528446,617.590659478334
907.3429999999935,622.8609982169704,617.590659478334
907.670999999973,622.861966083752,617.590659478334
908.030999999959,622.8624654076312,617.590659478334
908.390000000014,622.8839388381106,617.590659478334
908.734000000055,622.9010476042216,617.590659478334
909.0929999999935,623.0677757433127,617.590659478334
909.4370000000345,623.1020426141868,617.590659478334
909.780999999959,623.1131465473048,617.590659478334
910.125,623.0976928486314,617.590659478334
910.4679999999935,623.0928589455336,617.590659478334
910.8429999999935,623.0857446760914,617.590659478334
911.1870000000345,623.0842499838388,617.590659478334
911.530999999959,623.0868694781475,617.590659478334
911.875,623.0778753025352,617.590659478334
912.2179999999935,623.0732286358773,617.590659478334
912.5620000000345,623.0713153106698,617.590659478334
912.890000000014,623.0825275625257,617.590659478334
913.234000000055,623.0861533758936,617.590659478334
913.5779999999795,623.0832257079867,617.590659478334
913.920999999973,623.0819857501095,617.590659478334
914.265000000014,623.0785851487944,617.590659478334
914.609000000055,623.0682150478124,617.590659478334
914.9370000000345,623.0648989058684,617.590659478334
915.295999999973,623.0965505716829,617.590659478334
915.640000000014,623.1214125109243,617.590659478334
915.984000000055,623.1199798402237,617.590659478334
916.3279999999795,623.1240186768382,617.590659478334
916.655999999959,623.0948613463114,617.590659478334
917.0,623.107311247612,617.590659478334
917.3429999999935,623.0988848977819,617.590659478334
917.6870000000345,623.0940555138676,617.590659478334
918.030999999959,623.0965898061621,617.590659478334
918.375,623.084127687653,617.590659478334
918.7179999999935,623.0906673475893,617.590659478334
919.0620000000345,623.0989894928961,617.590659478334
919.405999999959,623.0823769210471,617.590659478334
919.75,623.0838950261306,617.590659478334
920.0929999999935,623.0854049672167,617.590659478334
920.420999999973,623.0835299214089,617.590659478334
920.765000000014,623.0810621520352,617.590659478334
921.109000000055,623.0833694287717,617.590659478334
921.4529999999795,623.0863930802316,617.590659478334
921.795999999973,623.0791043820515,617.590659478334
922.140000000014,623.0800169219202,617.590659478334
922.5779999999795,623.0825160690147,617.590659478334
922.9370000000345,623.0791027187887,617.590659478334
923.265000000014,623.0817459724339,617.590659478334
923.609000000055,623.086406315489,617.590659478334
923.9529999999795,623.0785772343355,617.590659478334
924.3120000000345,623.068260713074,617.590659478334
924.655999999959,623.0786941607641,617.590659478334
925.0,623.0788988782786,617.590659478334
925.3429999999935,623.0921859439331,617.590659478334
925.6870000000345,623.0786535027712,617.590659478334
926.030999999959,623.0786450861019,617.590659478334
926.375,623.0737270556515,617.590659478334
926.7179999999935,623.0789031659311,617.590659478334
927.0620000000345,623.0863040825554,617.590659478334
927.405999999959,623.0791950265052,617.590659478334
927.75,623.0715427094714,617.590659478334
928.0929999999935,623.0869807455946,617.590659478334
928.4370000000345,623.1072837882746,617.590659478334
928.765000000014,623.1194115960012,617.590659478334
929.109000000055,623.1166637918257,617.590659478334
929.4529999999795,623.1063305925138,617.590659478334
929.795999999973,623.105059113956,617.590659478334
930.140000000014,623.0985927654283,617.590659478334
930.484000000055,623.109498988249,617.590659478334
930.8279999999795,623.1069610481543,617.590659478334
931.155999999959,623.1164030692274,617.590659478334
931.5,623.1028686868525,617.590659478334
931.8429999999935,623.1061454149399,617.590659478334
932.1870000000345,623.1045662967749,617.590659478334
932.530999999959,623.1034747741544,617.590659478334
932.875,623.1052049492132,617.590659478334
933.2179999999935,623.1065618769208,617.590659478334
933.5620000000345,623.1105363853396,617.590659478334
933.905999999959,623.118293345115,617.590659478334
934.265000000014,623.1209373547329,617.590659478334
934.609000000055,623.1049066581253,617.590659478334
934.9679999999935,623.1158207637508,617.590659478334
935.3120000000345,623.1093296354378,617.590659478334
935.655999999959,623.1024488596894,617.590659478334
936.0,623.1148438557985,617.590659478334
936.359000000055,623.1146997011977,617.590659478334
936.7029999999795,623.1097117878147,617.590659478334
937.045999999973,623.1168411007179,617.590659478334
937.405999999959,623.1109027923522,617.590659478334
937.75,623.1027446407901,617.590659478334
938.0929999999935,623.1144379898259,617.590659478334
938.4370000000345,623.1154973450037,617.590659478334
938.780999999959,623.1124916485991,617.590659478334
939.125,623.1194811855247,617.590659478334
939.4679999999935,623.1220047417222,617.590659478334
939.8120000000345,623.1178938978089,617.590659478334
940.140000000014,623.1113940468416,617.590659478334
940.484000000055,623.1139418569384,617.590659478334
940.8279999999795,623.1285464036599,617.590659478334
941.170999999973,623.1338373529574,617.590659478334
941.515000000014,623.1324658122163,617.590659478334
941.859000000055,623.1091347123391,617.590659478334
942.2029999999795,623.1259195338255,617.590659478334
942.545999999973,623.1161512836193,617.590659478334
942.890000000014,623.1272651563303,617.590659478334
943.234000000055,623.1251717954301,617.590659478334
943.5779999999795,623.1140176379879,617.590659478334
943.920999999973,623.1244360615075,617.590659478334
944.265000000014,623.1233536995613,617.590659478334
944.609000000055,623.1293752162089,617.590659478334
944.9529999999795,623.1233179214574,617.590659478334
945.295999999973,623.1307208551881,617.590659478334
945.655999999959,623.1284438268035,617.590659478334
946.0,623.1226332332617,617.590659478334
946.3429999999935,623.1315412373566,617.590659478334
946.7029999999795,623.1297619357485,617.590659478334
947.045999999973,623.1261278595623,617.590659478334
947.390000000014,623.1275685554,617.590659478334
947.7179999999935,623.1267904525989,617.590659478334
948.0779999999795,623.1268600116682,617.590659478334
948.420999999973,623.1277009083223,617.590659478334
948.765000000014,623.13247010248,617.590659478334
949.0929999999935,623.1219592185319,617.590659478334
949.4529999999795,623.1377388296135,617.590659478334
949.795999999973,623.1237724475809,617.590659478334
950.140000000014,623.1339546506176,617.590659478334
950.484000000055,623.1286262409102,617.590659478334
950.8120000000345,623.1227570114823,617.590659478334
951.170999999973,623.1391289842212,617.590659478334
951.515000000014,623.1371531065537,617.590659478334
951.8429999999935,623.131975948771,617.590659478334
952.1870000000345,623.1291514733106,617.590659478334
952.545999999973,623.1255544403828,617.590659478334
952.890000000014,623.1354315813692,617.590659478334
953.234000000055,623.1373574868167,617.590659478334
953.5779999999795,623.1293796506802,617.590659478334
953.920999999973,623.1347689075366,617.590659478334
954.280999999959,623.1303520065244,617.590659478334
954.640000000014,623.1294712271178,617.590659478334
954.984000000055,623.1328087845378,617.590659478334
955.3429999999935,623.1410040819893,617.590659478334
955.7029999999795,623.1339003955648,617.590659478334
956.0620000000345,623.1361501957265,617.590659478334
956.420999999973,623.1348039160323,617.590659478334
956.765000000014,623.1417535490682,617.590659478334
957.109000000055,623.1482172159208,617.590659478334
957.4679999999935,623.1290744650801,617.590659478334
957.8279999999795,623.1377362686829,617.590659478334
958.1870000000345,623.1317784827623,617.590659478334
958.625,623.1437408105903,617.590659478334
958.9679999999935,623.136021138434,617.590659478334
959.3279999999795,623.1336838620774,617.590659478334
959.670999999973,623.1412628543726,617.590659478334
960.015000000014,623.1401243029785,617.590659478334
960.359000000055,623.1517295914445,617.590659478334
960.7179999999935,623.1348573682205,617.590659478334
961.0620000000345,623.1379669896247,617.590659478334
961.405999999959,623.1448963344346,617.590659478334
961.75,623.1386373057121,617.590659478334
962.0929999999935,623.1370196605156,617.590659478334
962.4370000000345,623.1401460351009,617.590659478334
962.795999999973,623.144879070925,617.590659478334
963.125,623.1399030769064,617.590659478334
963.484000000055,623.1441546686157,617.590659478334
963.8279999999795,623.140188061934,617.590659478334
964.1870000000345,623.1455944447272,617.590659478334
964.530999999959,623.1434087982498,617.590659478334
964.890000000014,623.1505891485123,617.590659478334
965.234000000055,623.1468165082415,617.590659478334
965.5779999999795,623.1349904046012,617.590659478334
965.9370000000345,623.1453845388122,617.590659478334
966.280999999959,623.1372465573972,617.590659478334
966.640000000014,623.1425407741498,617.590659478334
966.984000000055,623.1461255300421,617.590659478334
967.3429999999935,623.1550923610848,617.590659478334
967.6870000000345,623.1363628515609,617.590659478334
968.030999999959,623.1498179061181,617.590659478334
968.375,623.137427914704,617.590659478334
968.734000000055,623.1502784714083,617.590659478334
969.0929999999935,623.1462031728281,617.590659478334
969.4370000000345,623.1432150038163,617.590659478334
969.780999999959,623.1549055951837,617.590659478334
970.140000000014,623.1490981214997,617.590659478334
970.530999999959,623.1512945292283,617.590659478334
970.890000000014,623.1378503869319,617.590659478334
971.234000000055,623.1437439682029,617.590659478334
971.5779999999795,623.1473940642292,617.590659478334
971.9370000000345,623.1556514115504,617.590659478334
972.265000000014,623.1551025801962,617.590659478334
972.625,623.1533085281102,617.590659478334
972.9679999999935,623.1498034297574,617.590659478334
973.3120000000345,623.1536866071618,617.590659478334
973.655999999959,623.1454758543174,617.590659478334
974.0,623.1468010458267,617.590659478334
974.3429999999935,623.1553088901135,617.590659478334
974.6870000000345,623.1507773868482,617.590659478334
975.045999999973,623.1468186748442,617.590659478334
975.390000000014,623.1509874862032,617.590659478334
975.734000000055,623.1551298329125,617.590659478334
976.0779999999795,623.1618017818885,617.590659478334
976.4370000000345,623.1539821849449,617.590659478334
976.780999999959,623.1530222551746,617.590659478334
977.140000000014,623.1602806234818,617.590659478334
977.484000000055,623.1580292775395,617.590659478334
977.8279999999795,623.1531201779479,617.590659478334
978.170999999973,623.151424661325,617.590659478334
978.530999999959,623.1530276794047,617.590659478334
978.875,623.1663097489113,617.590659478334
979.2179999999935,623.1606648541776,617.590659478334
979.5620000000345,623.1510474117466,617.590659478334
979.905999999959,623.1591814839785,617.590659478334
980.265000000014,623.1536849114938,617.590659478334
980.5929999999935,623.1504974789816,617.590659478334
980.9529999999795,623.1552612323684,617.590659478334
981.295999999973,623.1635575013931,617.590659478334
981.640000000014,623.1560953174758,617.590659478334
981.984000000055,623.1520481947491,617.590659478334
982.3429999999935,623.1463641726875,617.590659478334
982.670999999973,623.1524381108705,617.590659478334
983.030999999959,623.1503544192904,617.590659478334
983.375,623.1560252855568,617.590659478334
983.7179999999935,623.1666619044306,617.590659478334
984.0620000000345,623.1595255559936,617.590659478334
984.405999999959,623.1552064397976,617.590659478334
984.75,623.1606729134089,617.590659478334
985.0929999999935,623.1601057226217,617.590659478334
985.4370000000345,623.1550678935323,617.590659478334
985.780999999959,623.1523479687653,617.590659478334
986.125,623.1616629538125,617.590659478334
986.4529999999795,623.1605409660274,617.590659478334
986.795999999973,623.1568065891597,617.590659478334
987.140000000014,623.1639178941198,617.590659478334
987.4679999999935,623.1649475034039,617.590659478334
987.8279999999795,623.1598023308597,617.590659478334
988.170999999973,623.1701262227789,617.590659478334
988.515000000014,623.156524596057,617.590659478334
988.859000000055,623.1643005846151,617.590659478334
989.2179999999935,623.1556573988973,617.590659478334
989.5620000000345,623.1632362353852,617.590659478334
989.905999999959,623.1630853714264,617.590659478334
990.25,623.1680686512987,617.590659478334
990.609000000055,623.1640905743644,617.590659478334
990.9529999999795,623.1621014419176,617.590659478334
991.295999999973,623.1519852468172,617.590659478334
991.655999999959,623.1577595516965,617.590659478334
992.015000000014,623.1573267440424,617.590659478334
992.3429999999935,623.1660193735115,617.590659478334
992.7029999999795,623.1551201777445,617.590659478334
993.045999999973,623.1712530928578,617.590659478334
993.390000000014,623.1700852943725,617.590659478334
993.734000000055,623.1684893345024,617.590659478334
994.0779999999795,623.1652074408505,617.590659478334
994.4370000000345,623.1530033083457,617.590659478334
994.780999999959,623.16200856978,617.590659478334
995.125,623.1655763704737,617.590659478334
995.4679999999935,623.1591459026432,617.590659478334
995.8120000000345,623.186149272202,617.590659478334
996.155999999959,623.2011195637916,617.590659478334
996.484000000055,623.2127738535563,617.590659478334
996.8429999999935,623.199851270799,617.590659478334
997.170999999973,623.208833624295,617.590659478334
997.515000000014,623.2060293574086,617.590659478334
997.859000000055,623.2109158513334,617.590659478334
998.2029999999795,623.2106223798801,617.590659478334
998.545999999973,623.2069885622701,617.590659478334
998.890000000014,623.1932502758013,617.590659478334
999.234000000055,623.185349519801,617.590659478334
999.5779999999795,623.1820715607572,617.590659478334
999.920999999973,623.1819842096761,617.590659478334
1000.265000000014,623.1667338360733,617.590659478334
1000.609000000055,623.1728652078966,617.590659478334
1000.9370000000345,623.1809248332697,617.590659478334
1001.295999999973,623.1802039116374,617.590659478334
1001.625,623.177140468487,617.590659478334
1001.9679999999935,623.1739043484815,617.590659478334
1002.3120000000345,623.1665858703406,617.590659478334
1002.655999999959,623.1653956600677,617.590659478334
1003.0,623.1757386433858,617.590659478334
1003.3429999999935,623.1719641809559,617.590659478334
1003.6870000000345,623.1745629349767,617.590659478334
1004.030999999959,623.1644687155884,617.590659478334
1004.375,623.168821809737,617.590659478334
1004.7179999999935,623.1767731212828,617.590659478334
1005.0620000000345,623.1711524848967,617.590659478334
1005.405999999959,623.178367466634,617.590659478334
1005.734000000055,623.1733905526412,617.590659478334
1006.0929999999935,623.17094884633,617.590659478334
1006.4370000000345,623.1694059822082,617.590659478334
1006.795999999973,623.1696107106249,617.590659478334
1007.140000000014,623.1683436391751,617.590659478334
1007.484000000055,623.1746694159499,617.590659478334
1007.8279999999795,623.1689168557015,617.590659478334
1008.155999999959,623.162909859891,617.590659478334
1008.5,623.1576324990921,617.590659478334
1008.8429999999935,623.1681871435464,617.590659478334
1009.170999999973,623.1670902487707,617.590659478334
1009.530999999959,623.1696542507345,617.590659478334
1009.875,623.1690356684832,617.590659478334
1010.2029999999795,623.1688123025905,617.590659478334
1010.5620000000345,623.1697827906357,617.590659478334
1010.905999999959,623.1630378225141,617.590659478334
1011.234000000055,623.1577040476624,617.590659478334
1011.5929999999935,623.1612481411751,617.590659478334
1011.920999999973,623.1714173661424,617.590659478334
1012.265000000014,623.1681651132624,617.590659478334
1012.609000000055,623.164683219997,617.590659478334
1012.9529999999795,623.1652877945623,617.590659478334
1013.295999999973,623.1682605198544,617.590659478334
1013.640000000014,623.1599618975677,617.590659478334
1013.984000000055,623.1734741974084,617.590659478334
1014.3279999999795,623.1625553810015,617.590659478334
1014.670999999973,623.1695771815936,617.590659478334
1015.015000000014,623.1713953554422,617.590659478334
1015.359000000055,623.1619902520463,617.590659478334
1015.6870000000345,623.1687977527462,617.590659478334
1016.045999999973,623.1698656537687,617.590659478334
1016.390000000014,623.1650332931267,617.590659478334
1016.734000000055,623.1640545491751,617.590659478334
1017.0779999999795,623.1686657825331,617.590659478334
1017.4370000000345,623.1788477700389,617.590659478334
1017.795999999973,623.1635134052417,617.590659478334
1018.140000000014,623.1638404977053,617.590659478334
1018.530999999959,623.1578433366433,617.590659478334
1018.875,623.169346671715,617.590659478334
1019.2179999999935,623.1685226401057,617.590659478334
1019.5620000000345,623.1601347470729,617.590659478334
1019.905999999959,623.1614675097603,617.590659478334
1020.25,623.1669047673298,617.590659478334
1020.5929999999935,623.1549653171658,617.590659478334
1020.920999999973,623.1741412310595,617.590659478334
1021.280999999959,623.1592423489029,617.590659478334
1021.625,623.1637431035147,617.590659478334
1021.9679999999935,623.1631894629852,617.590659478334
1022.3120000000345,623.1632443076506,617.590659478334
1022.640000000014,623.1664289375286,617.590659478334
1023.0,623.1571113124073,617.590659478334
1023.3429999999935,623.1604060655864,617.590659478334
1023.670999999973,623.1648033909554,617.590659478334
1024.015000000014,623.1662361318341,617.590659478334
1024.359000000055,623.1596730137131,617.590659478334
1024.7179999999935,623.1592557295922,617.590659478334
1025.0620000000345,623.1626904731221,617.590659478334
1025.420999999973,623.1619390420469,617.590659478334
1025.765000000014,623.1623357093426,617.590659478334
1026.109000000055,623.1668285348017,617.590659478334
1026.4529999999795,623.1567051774853,617.590659478334
1026.795999999973,623.1695544158495,617.590659478334
1027.140000000014,623.1708139282263,617.590659478334
1027.5,623.1641407915231,617.590659478334
1027.8429999999935,623.1622858568451,617.590659478334
1028.2029999999795,623.1643534143321,617.590659478334
1028.545999999973,623.1550443487827,617.590659478334
1028.905999999959,623.1637671020728,617.590659478334
1029.25,623.1595164294722,617.590659478334
1029.609000000055,623.1621898943419,617.590659478334
1029.9529999999795,623.1635562822465,617.590659478334
1030.3120000000345,623.1648656482326,617.590659478334
1030.640000000014,623.1611335653183,617.590659478334
1031.0,623.1592299023489,617.590659478334
1031.3279999999795,623.1695438187419,617.590659478334
1031.670999999973,623.1597436984403,617.590659478334
1032.015000000014,623.158804801168,617.590659478334
1032.359000000055,623.1674379411598,617.590659478334
1032.7029999999795,623.1658430096926,617.590659478334
1033.045999999973,623.1543974421996,617.590659478334
1033.390000000014,623.1488208908424,617.590659478334
1033.734000000055,623.1690123869646,617.590659478334
1034.0620000000345,623.1561976125,617.590659478334
1034.420999999973,623.1673633445815,617.590659478334
1034.75,623.1658595434766,617.590659478334
1035.0929999999935,623.1622438801004,617.590659478334
1035.4370000000345,623.1701683474486,617.590659478334
1035.780999999959,623.16756727555,617.590659478334
1036.125,623.1668004912092,617.590659478334
1036.4679999999935,623.1612795354217,617.590659478334
1036.8120000000345,623.1612261038819,617.590659478334
1037.140000000014,623.1578703381641,617.590659478334
1037.5,623.1638677946746,617.590659478334
1037.8429999999935,623.1632314858036,617.590659478334
1038.170999999973,623.162578417368,617.590659478334
1038.515000000014,623.1594369380426,617.590659478334
1038.859000000055,623.1528138008402,617.590659478334
1039.2029999999795,623.1737724292658,617.590659478334
1039.545999999973,623.1617668463324,617.590659478334
1039.890000000014,623.1526020295494,617.590659478334
1040.234000000055,623.1619882238684,617.590659478334
1040.5779999999795,623.1651390686274,617.590659478334
1040.920999999973,623.1590926683524,617.590659478334
1041.265000000014,623.1593728023547,617.590659478334
1041.609000000055,623.1711581985705,617.590659478334
1041.9529999999795,623.1568247208239,617.590659478334
1042.3120000000345,623.160199260479,617.590659478334
1042.655999999959,623.162534799058,617.590659478334
1043.0,623.172363606866,617.590659478334
1043.3429999999935,623.1678003204291,617.590659478334
1043.6870000000345,623.1600648800851,617.590659478334
1044.015000000014,623.155956479193,617.590659478334
1044.359000000055,623.1608058536398,617.590659478334
1044.7029999999795,623.1471208746224,617.590659478334
1045.045999999973,623.1725807327055,617.590659478334
1045.390000000014,623.1642591831657,617.590659478334
1045.7179999999935,623.1490277054274,617.590659478334
1046.0779999999795,623.1630572165858,617.590659478334
1046.420999999973,623.1640032656958,617.590659478334
1046.765000000014,623.1563689352013,617.590659478334
1047.109000000055,623.1605406131257,617.590659478334
1047.4679999999935,623.1633349138741,617.590659478334
1047.8120000000345,623.1558762521263,617.590659478334
1048.155999999959,623.155856249813,617.590659478334
1048.5,623.1562600100907,617.590659478334
1048.8429999999935,623.1672348629106,617.590659478334
1049.2029999999795,623.1626403163203,617.590659478334
1049.5620000000345,623.1674408316586,617.590659478334
1049.905999999959,623.1593317583983,617.590659478334
1050.25,623.1650438796584,617.590659478334
1050.609000000055,623.1646804821702,617.590659478334
1050.9529999999795,623.1567109017928,617.590659478334
1051.3120000000345,623.1774989005522,617.590659478334
1051.670999999973,623.1600093424869,617.590659478334
1052.030999999959,623.1614632157499,617.590659478334
1052.375,623.1598347529979,617.590659478334
1052.7179999999935,623.1637575146722,617.590659478334
1053.045999999973,623.1663287848265,617.590659478334
1053.405999999959,623.1658706765926,617.590659478334
1053.75,623.1577841703714,617.590659478334
1054.0929999999935,623.164739953207,617.590659478334
1054.4529999999795,623.1559079862191,617.590659478334
1054.795999999973,623.1590849284108,617.590659478334
1055.140000000014,623.1648891853719,617.590659478334
1055.484000000055,623.158184537497,617.590659478334
1055.8279999999795,623.1631269391719,617.590659478334
1056.1870000000345,623.158699927809,617.590659478334
1056.530999999959,623.1633102133663,617.590659478334
1056.890000000014,623.1500398808863,617.590659478334
1057.2179999999935,623.159889488776,617.590659478334
1057.5779999999795,623.162437771755,617.590659478334
1057.920999999973,623.1707565433918,617.590659478334
1058.265000000014,623.1651440165645,617.590659478334
1058.5929999999935,623.1874795695488,617.590659478334
1058.9529999999795,623.050797775247,617.590659478334
1059.295999999973,622.9680902507952,617.590659478334
1059.640000000014,622.9608268703846,617.590659478334
1060.0,622.942667270836,617.590659478334
1060.3429999999935,622.9461510086937,617.590659478334
1060.6870000000345,622.9259499248016,617.590659478334
1061.045999999973,622.9049613422081,617.590659478334
1061.390000000014,622.9078057505988,617.590659478334
1061.75,622.887447854279,617.590659478334
1062.0929999999935,622.9180522285891,617.590659478334
1062.4529999999795,622.8934243127131,617.590659478334
1062.795999999973,622.8837138979525,617.590659478334
1063.140000000014,622.8895637470861,617.590659478334
1063.484000000055,622.8791883210134,617.590659478334
1063.8279999999795,622.8934415477493,617.590659478334
1064.170999999973,622.8843418267116,617.590659478334
1064.530999999959,622.8851831846247,617.590659478334
1064.875,622.8838543919817,617.590659478334
1065.2179999999935,622.8790240308389,617.590659478334
1065.5620000000345,622.879569937764,617.590659478334
1065.920999999973,622.8846458932813,617.590659478334
1066.265000000014,622.8745894312129,617.590659478334
1066.655999999959,622.8664975034442,617.590659478334
1067.015000000014,622.8734362630207,617.590659478334
1067.3429999999935,622.8654550365932,617.590659478334
1067.7029999999795,622.8657632879966,617.590659478334
1068.030999999959,622.8654432073267,617.590659478334
1068.390000000014,622.865065667166,617.590659478334
1068.734000000055,622.8722578153302,617.590659478334
1069.0779999999795,622.8643812280433,617.590659478334
1069.420999999973,622.865808262572,617.590659478334
1069.765000000014,622.867977848137,617.590659478334
1070.109000000055,622.8630401836349,617.590659478334
1070.4529999999795,622.8753868227976,617.590659478334
1070.795999999973,622.875736468851,617.590659478334
1071.140000000014,622.8957330644852,617.590659478334
1071.484000000055,623.0048932543631,617.590659478334
1071.8429999999935,623.1169426535232,617.590659478334
1072.1870000000345,623.1155335835485,617.590659478334
1072.530999999959,623.1070813172503,617.590659478334
1072.875,623.0964350107636,617.590659478334
1073.234000000055,623.0917978786749,617.590659478334
1073.5779999999795,623.0815444665247,617.590659478334
1073.920999999973,623.0875813898942,617.590659478334
1074.265000000014,623.0859610915095,617.590659478334
1074.625,623.0866734740847,617.590659478334
1074.9679999999935,623.0853444602134,617.590659478334
1075.3120000000345,623.070390854402,617.590659478334
1075.655999999959,623.0661821352762,617.590659478334
1076.015000000014,623.0887613457252,617.590659478334
1076.359000000055,623.0839987001289,617.590659478334
1076.7029999999795,623.084215785028,617.590659478334
1077.045999999973,623.0785958363913,617.590659478334
1077.405999999959,623.0735997612386,617.590659478334
1077.75,623.0769567334552,617.590659478334
1078.109000000055,623.0721518338895,617.590659478334
1078.4529999999795,623.0878505603972,617.590659478334
1078.795999999973,623.0823416048565,617.590659478334
1079.140000000014,623.071473061463,617.590659478334
1079.484000000055,623.0771246989261,617.590659478334
1079.8120000000345,623.0741051588473,617.590659478334
1080.155999999959,623.0754930429459,617.590659478334
1080.515000000014,623.079137286002,617.590659478334
1080.8429999999935,623.0630622692253,617.590659478334
1081.2029999999795,623.0657735249048,617.590659478334
1081.545999999973,623.0802007668519,617.590659478334
1081.905999999959,623.0724215127982,617.590659478334
1082.234000000055,623.0749327400339,617.590659478334
1082.5779999999795,623.0736385161498,617.590659478334
1082.920999999973,623.0728485642061,617.590659478334
1083.265000000014,623.0731520648313,617.590659478334
1083.609000000055,623.0654861503275,617.590659478334
1083.9529999999795,622.9370653479006,617.590659478334
1084.3120000000345,622.9112346337864,617.590659478334
1084.655999999959,622.9048321201265,617.590659478334
1085.015000000014,622.9016787693635,617.590659478334
1085.359000000055,622.9072082036657,617.590659478334
1085.7029999999795,622.899656276387,617.590659478334
1086.0620000000345,622.8954133098026,617.590659478334
1086.405999999959,622.8907082374022,617.590659478334
1086.75,622.8904327477055,617.590659478334
1087.0929999999935,622.8821049402452,617.590659478334
1087.4529999999795,622.8793212715592,617.590659478334
1087.795999999973,622.8796573218357,617.590659478334
1088.140000000014,622.8754701696741,617.590659478334
1088.5,622.8789910482226,617.590659478334
1088.8429999999935,622.883212056809,617.590659478334
1089.2029999999795,622.8728838661328,617.590659478334
1089.545999999973,622.8784645235438,617.590659478334
1089.905999999959,622.8792931387658,617.590659478334
1090.25,622.8713450583874,617.590659478334
1090.625,622.8707941633656,617.590659478334
1090.9679999999935,622.8738134772101,617.590659478334
1091.3120000000345,622.866586503557,617.590659478334
1091.655999999959,622.872662083384,617.590659478334
1092.0,622.8682984060601,617.590659478334
1092.3429999999935,622.8712691740303,617.590659478334
1092.6870000000345,622.8795338316396,617.590659478334
1093.030999999959,622.8680615143119,617.590659478334
1093.375,622.861588716163,617.590659478334
1093.7179999999935,622.8674110709499,617.590659478334
1094.0620000000345,622.8649260918019,617.590659478334
1094.405999999959,622.8694350923374,617.590659478334
1094.765000000014,622.8649918515761,617.590659478334
1095.109000000055,622.8693611949548,617.590659478334
1095.4529999999795,622.8707453380696,617.590659478334
1095.795999999973,622.8776291032914,617.590659478334
1096.140000000014,622.908109220086,617.590659478334
1096.484000000055,623.0337596603418,617.590659478334
1096.8279999999795,623.1065818860106,617.590659478334
1097.170999999973,623.1200276430876,617.590659478334
1097.515000000014,623.1045044244004,617.590659478334
1097.859000000055,623.0955005481793,617.590659478334
1098.2179999999935,623.0895498981549,617.590659478334
1098.5620000000345,623.0894751931415,617.590659478334
1098.905999999959,623.0798862650872,617.590659478334
1099.25,623.0870111823264,617.590659478334
1099.5929999999935,623.0827529803051,617.590659478334
1099.9370000000345,623.0789550765205,617.590659478334
1100.295999999973,623.0708153953125,617.590659478334
1100.625,623.0752254581071,617.590659478334
1100.9679999999935,623.0704174055003,617.590659478334
1101.3120000000345,623.080634592502,617.590659478334
1101.655999999959,623.0692077957433,617.590659478334
1102.0,623.0831190263432,617.590659478334
1102.359000000055,623.0739133955301,617.590659478334
1102.6870000000345,623.0864834537815,617.590659478334
1103.030999999959,623.1112706071996,617.590659478334
1103.375,623.112582945576,617.590659478334
1103.7179999999935,623.1218016420577,617.590659478334
1104.0620000000345,623.121024292013,617.590659478334
1104.405999999959,623.1074145186793,617.590659478334
1104.75,623.1022685960329,617.590659478334
1105.109000000055,623.0871638130278,617.590659478334
1105.4529999999795,623.0977936981903,617.590659478334
1105.795999999973,623.1017072884023,617.590659478334
1106.140000000014,623.0907134335775,617.590659478334
1106.484000000055,623.0886474561505,617.590659478334
1106.8279999999795,623.0906214301856,617.590659478334
1107.170999999973,623.0978479840778,617.590659478334
1107.515000000014,623.0963131023155,617.590659478334
1107.859000000055,623.0791948398971,617.590659478334
1108.1870000000345,623.0912704383844,617.590659478334
1108.545999999973,623.099347329107,617.590659478334
1108.890000000014,623.0813278224853,617.590659478334
1109.25,623.0850431449521,617.590659478334
1109.5929999999935,623.0841047140866,617.590659478334
1109.9370000000345,623.0743724893204,617.590659478334
1110.295999999973,623.0804873041553,617.590659478334
1110.640000000014,623.0811704209782,617.590659478334
1110.984000000055,623.0893869104286,617.590659478334
1111.3429999999935,623.0846669348881,617.590659478334
1111.6870000000345,623.0852877218291,617.590659478334
1112.030999999959,623.0918079064792,617.590659478334
1112.390000000014,623.0809074696753,617.590659478334
1112.734000000055,623.0786318372935,617.590659478334
1113.0779999999795,623.0761001608043,617.590659478334
1113.4370000000345,623.0808240680152,617.590659478334
1113.780999999959,623.0912868441503,617.590659478334
1114.125,623.088783560156,617.590659478334
1114.4679999999935,623.0743266634471,617.590659478334
1114.8279999999795,623.0878261063109,617.590659478334
1115.155999999959,623.0787336435762,617.590659478334
1115.515000000014,623.0861191739909,617.590659478334
1115.859000000055,623.1004467474211,617.590659478334
1116.2029999999795,623.1100606892608,617.590659478334
1116.545999999973,623.1243151813458,617.590659478334
1116.875,623.1113429426933,617.590659478334
1117.234000000055,623.120781942797,617.590659478334
1117.5779999999795,623.1146041480714,617.590659478334
1117.905999999959,623.1062092653791,617.590659478334
1118.25,623.1102652884331,617.590659478334
1118.5929999999935,623.1054367132518,617.590659478334
1118.920999999973,623.118596406067,617.590659478334
1119.280999999959,623.1085500430725,617.590659478334
1119.625,623.1111166726507,617.590659478334
1119.9679999999935,623.1165382877623,617.590659478334
1120.3120000000345,623.110905016194,617.590659478334
1120.655999999959,623.1127673842617,617.590659478334
1121.0,623.121267645659,617.590659478334
1121.359000000055,623.1184254777254,617.590659478334
1121.7029999999795,623.1155560085137,617.590659478334
1122.045999999973,623.1184509576435,617.590659478334
1122.390000000014,623.118331811385,617.590659478334
1122.734000000055,623.1141371510221,617.590659478334
1123.0929999999935,623.1218526481322,617.590659478334
1123.4370000000345,623.1196877702666,617.590659478334
1123.780999999959,623.1238426432244,617.590659478334
1124.125,623.1244303208045,617.590659478334
1124.4679999999935,623.130065078086,617.590659478334
1124.8120000000345,623.1096329933115,617.590659478334
1125.155999999959,623.110487616941,617.590659478334
1125.5,623.1137760243945,617.590659478334
1125.859000000055,623.1196405839011,617.590659478334
1126.2029999999795,623.1177808320422,617.590659478334
1126.655999999959,623.1232879336796,617.590659478334
1127.0,623.1289890446849,617.590659478334
1127.359000000055,623.124544891932,617.590659478334
1127.6870000000345,623.1181945419729,617.590659478334
1128.030999999959,623.1271305255864,617.590659478334
1128.375,623.1355421226623,617.590659478334
1128.7179999999935,623.1236777805083,617.590659478334
1129.0620000000345,623.1268836112285,617.590659478334
1129.390000000014,623.1281918555721,617.590659478334
1129.75,623.1228714778807,617.590659478334
1130.0929999999935,623.1237999171199,617.590659478334
1130.4370000000345,623.131781161293,617.590659478334
1130.780999999959,623.1362986439063,617.590659478334
1131.125,623.1270162636692,617.590659478334
1131.4529999999795,623.1250716677888,617.590659478334
1131.8120000000345,623.1341394401142,617.590659478334
1132.140000000014,623.1228303533182,617.590659478334
1132.515000000014,623.1219339801557,617.590659478334
1132.859000000055,623.1214868144341,617.590659478334
1133.1870000000345,623.137756562197,617.590659478334
1133.545999999973,623.1351351036977,617.590659478334
1133.905999999959,623.1330192259688,617.590659478334
1134.25,623.1309201017118,617.590659478334
1134.5929999999935,623.1392566878302,617.590659478334
1134.9370000000345,623.1235640605737,617.590659478334
1135.295999999973,623.1386735152505,617.590659478334
1135.640000000014,623.1312426540944,617.590659478334
1135.984000000055,623.1241266269205,617.590659478334
1136.3279999999795,623.1317041482465,617.590659478334
1136.670999999973,623.1388763843071,617.590659478334
1137.030999999959,623.1310044551527,617.590659478334
1137.375,623.1413283208733,617.590659478334
1137.7179999999935,623.1373980049036,617.590659478334
1138.0779999999795,623.1356593330465,617.590659478334
1138.420999999973,623.1412544444743,617.590659478334
1138.765000000014,623.1334511185818,617.590659478334
1139.125,623.1363513443408,617.590659478334
1139.4529999999795,623.1374510883787,617.590659478334
1139.795999999973,623.1324856968142,617.590659478334
1140.140000000014,623.1359471091442,617.590659478334
1140.484000000055,623.1392171740556,617.590659478334
1140.8279999999795,623.138896689462,617.590659478334
1141.170999999973,623.1414104367916,617.590659478334
1141.515000000014,623.1385268200247,617.590659478334
1141.8429999999935,623.1381210577123,617.590659478334
1142.2029999999795,623.1413521009537,617.590659478334
1142.545999999973,623.1342809548047,617.590659478334
1142.890000000014,623.1382778938082,617.590659478334
1143.234000000055,623.1398444343828,617.590659478334
1143.5779999999795,623.1388383873893,617.590659478334
1143.920999999973,623.1344720213833,617.590659478334
1144.265000000014,623.1483296133501,617.590659478334
1144.625,623.1357255855842,617.590659478334
1144.9679999999935,623.1574587685102,617.590659478334
1145.3279999999795,623.140845243237,617.590659478334
1145.670999999973,623.1437290881113,617.590659478334
1146.015000000014,623.1461768920827,617.590659478334
1146.359000000055,623.1429803914144,617.590659478334
1146.7029999999795,623.1357887149916,617.590659478334
1147.045999999973,623.1420421723229,617.590659478334
1147.405999999959,623.1453400427073,617.590659478334
1147.734000000055,623.1491744085215,617.590659478334
1148.0779999999795,623.1408703234797,617.590659478334
1148.4370000000345,623.1480541352221,617.590659478334
1148.765000000014,623.1336117286344,617.590659478334
1149.109000000055,623.136183704854,617.590659478334
1149.4529999999795,623.1457134384198,617.590659478334
1149.795999999973,623.1526480259482,617.590659478334
1150.140000000014,623.1425689481031,617.590659478334
1150.530999999959,623.1424099929303,617.590659478334
1150.890000000014,623.1549420695251,617.590659478334
1151.2179999999935,623.1484612284496,617.590659478334
1151.5620000000345,623.1474979274258,617.590659478334
1151.905999999959,623.1463482011809,617.590659478334
1152.25,623.1522624613916,617.590659478334
1152.609000000055,623.1514291721602,617.590659478334
1152.9529999999795,623.1394844425188,617.590659478334
1153.295999999973,623.1511466393436,617.590659478334
1153.640000000014,623.1447386737523,617.590659478334
1153.984000000055,623.1550850233647,617.590659478334
1154.3279999999795,623.1557452202067,617.590659478334
1154.670999999973,623.137823487307,617.590659478334
1155.015000000014,623.1501258153002,617.590659478334
1155.375,623.1434265624508,617.590659478334
1155.7179999999935,623.1510996967882,617.590659478334
1156.0620000000345,623.1648222529485,617.590659478334
1156.405999999959,623.1518598361714,617.590659478334
1156.765000000014,623.1454835792221,617.590659478334
1157.109000000055,623.1536441552892,617.590659478334
1157.4679999999935,623.1537328714253,617.590659478334
1157.8120000000345,623.1578241748964,617.590659478334
1158.155999999959,623.1552018193152,617.590659478334
1158.484000000055,623.1554720996146,617.590659478334
1158.8279999999795,623.1572478914655,617.590659478334
1159.170999999973,623.1643775496624,617.590659478334
1159.530999999959,623.1507701956085,617.590659478334
1159.859000000055,623.154721205445,617.590659478334
1160.2029999999795,623.1529492320263,617.590659478334
1160.5620000000345,623.1535359448477,617.590659478334
1160.905999999959,623.1598895750909,617.590659478334
1161.25,623.1461300232025,617.590659478334
1161.5929999999935,623.1615978105143,617.590659478334
1161.9529999999795,623.1617361530003,617.590659478334
1162.295999999973,623.1573935303437,617.590659478334
1162.655999999959,623.1575166534888,617.590659478334
1162.984000000055,623.1573133593644,617.590659478334
1163.3429999999935,623.1620922663187,617.590659478334
1163.6870000000345,623.157341354207,617.590659478334
1164.030999999959,623.1648765415508,617.590659478334
1164.375,623.1570192808211,617.590659478334
1164.7029999999795,623.1623052368195,617.590659478334
1165.045999999973,623.1610525110875,617.590659478334
1165.405999999959,623.1509385525736,617.590659478334
1165.75,623.1504424700134,617.590659478334
1166.0929999999935,623.157412105762,617.590659478334
1166.4370000000345,623.1652551455693,617.590659478334
1166.780999999959,623.1563695187966,617.590659478334
1167.125,623.1611419604875,617.590659478334
1167.4679999999935,623.1569867097515,617.590659478334
1167.8120000000345,623.1591400488873,617.590659478334
1168.155999999959,623.1549305235721,617.590659478334
1168.515000000014,623.1601582836292,617.590659478334
1168.859000000055,623.1610329104111,617.590659478334
1169.1870000000345,623.1573147936123,617.590659478334
1169.545999999973,623.1666826865595,617.590659478334
1169.890000000014,623.1513644931222,617.590659478334
1170.234000000055,623.1711201285003,617.590659478334
1170.5620000000345,623.1633734027031,617.590659478334
1170.920999999973,623.1552312979363,617.590659478334
1171.265000000014,623.1693418755385,617.590659478334
1171.609000000055,623.1590582271409,617.590659478334
1171.9370000000345,623.1563901251881,617.590659478334
1172.280999999959,623.1634758177802,617.590659478334
1172.640000000014,623.1693691304154,617.590659478334
1172.984000000055,623.1712089383356,617.590659478334
1173.3279999999795,623.1681616888164,617.590659478334
1173.670999999973,623.1727471747026,617.590659478334
1174.0,623.1507567285638,617.590659478334
1174.359000000055,623.16255722699,617.590659478334
1174.6870000000345,623.1686614723718,617.590659478334
1175.030999999959,623.1591116331319,617.590659478334
1175.359000000055,623.1672121319872,617.590659478334
1175.7029999999795,623.1646660178844,617.590659478334
1176.045999999973,623.1649891538782,617.590659478334
1176.405999999959,623.1715276257937,617.590659478334
1176.734000000055,623.1564728263352,617.590659478334
1177.0929999999935,623.1641422470651,617.590659478334
1177.420999999973,623.1670775227321,617.590659478334
1177.780999999959,623.1645011294621,617.590659478334
1178.125,623.173413353464,617.590659478334
1178.4679999999935,623.1700870400637,617.590659478334
1178.8120000000345,623.1712535233145,617.590659478334
1179.155999999959,623.1564624069858,617.590659478334
1179.5,623.1737006760048,617.590659478334
1179.859000000055,623.1691908894633,617.590659478334
1180.2029999999795,623.1561796445377,617.590659478334
1180.545999999973,623.1638305625258,617.590659478334
1180.890000000014,623.1603664464473,617.590659478334
1181.234000000055,623.1636801920158,617.590659478334
1181.5779999999795,623.1692952699382,617.590659478334
1181.9370000000345,623.1708539121757,617.590659478334
1182.280999999959,623.1710337881218,617.590659478334
1182.625,623.1657534656852,617.590659478334
1182.9679999999935,623.1681357310537,617.590659478334
1183.3120000000345,623.1902218307973,617.590659478334
1183.655999999959,623.1999007512629,617.590659478334
1184.0,623.2144832424539,617.590659478334
1184.359000000055,623.2118872123904,617.590659478334
1184.7029999999795,623.2096629980953,617.590659478334
1185.045999999973,623.2184436774484,617.590659478334
1185.390000000014,623.2149576354878,617.590659478334
1185.7179999999935,623.2152124005411,617.590659478334
1186.0779999999795,623.2034413334407,617.590659478334
1186.405999999959,623.1933836472243,617.590659478334
1186.765000000014,623.18962816104,617.590659478334
1187.109000000055,623.1845049902453,617.590659478334
1187.4529999999795,623.1866593277639,617.590659478334
1187.795999999973,623.1820035288089,617.590659478334
1188.140000000014,623.1865748826558,617.590659478334
1188.484000000055,623.1867193009308,617.590659478334
1188.8279999999795,623.1787404142987,617.590659478334
1189.155999999959,623.1768633850746,617.590659478334
1189.515000000014,623.1738203759691,617.590659478334
1189.859000000055,623.1788623512834,617.590659478334
1190.2029999999795,623.1742024911902,617.590659478334
1190.545999999973,623.1747498227446,617.590659478334
1190.890000000014,623.1757223595162,617.590659478334
1191.234000000055,623.1698104364735,617.590659478334
1191.5779999999795,623.1697761748063,617.590659478334
1191.920999999973,623.1734690438268,617.590659478334
1192.265000000014,623.1676207292501,617.590659478334
1192.625,623.1731889075068,617.590659478334
1192.9679999999935,623.1703742820257,617.590659478334
1193.3279999999795,623.1738323257529,617.590659478334
1193.670999999973,623.1833727248212,617.590659478334
1194.030999999959,623.1713697639083,617.590659478334
1194.375,623.1784346217597,617.590659478334
1194.734000000055,623.1757793298325,617.590659478334
1195.0779999999795,623.175302220539,617.590659478334
1195.420999999973,623.1850723125848,617.590659478334
1195.765000000014,623.181147422036,617.590659478334
1196.109000000055,623.1678708519194,617.590659478334
1196.4529999999795,623.1700193976474,617.590659478334
1196.795999999973,623.1800014314173,617.590659478334
1197.140000000014,623.1688296433005,617.590659478334
1197.484000000055,623.1722978601495,617.590659478334
1197.8279999999795,623.173722297702,617.590659478334
1198.1870000000345,623.1727911892207,617.590659478334
1198.609000000055,623.1698747394917,617.590659478334
1198.9529999999795,623.1730549187903,617.590659478334
1199.3120000000345,623.1665156255672,617.590659478334
1199.655999999959,623.1731144460126,617.590659478334
1200.0,623.1706365920869,617.590659478334
1200.3429999999935,623.1762471234213,617.590659478334
1200.7029999999795,623.175926918843,617.590659478334
1201.045999999973,623.1656483323004,617.590659478334
1201.390000000014,623.1663329132194,617.590659478334
1201.734000000055,623.168648483099,617.590659478334
1202.0779999999795,623.1679473243232,617.590659478334
1202.420999999973,623.1741188954907,617.590659478334
1202.75,623.1813973758408,617.590659478334
1203.0929999999935,623.1686733042962,617.590659478334
1203.4529999999795,623.1634074819895,617.590659478334
1203.780999999959,623.1732497162614,617.590659478334
1204.125,623.1663091362285,617.590659478334
1204.484000000055,623.1746087024247,617.590659478334
1204.8429999999935,623.1732331857704,617.590659478334
1205.1870000000345,623.1753647807984,617.590659478334
1205.545999999973,623.1636982785052,617.590659478334
1205.890000000014,623.1683454396449,617.590659478334
1206.234000000055,623.1766329638683,617.590659478334
1206.5779999999795,623.1701922238077,617.590659478334
1206.9370000000345,623.1690728140743,617.590659478334
1207.3120000000345,623.1721081874823,617.590659478334
1207.670999999973,623.1692905554651,617.590659478334
1208.015000000014,623.1723335073203,617.590659478334
1208.359000000055,623.1790804309842,617.590659478334
1208.7179999999935,623.1805041823159,617.590659478334
1209.0620000000345,623.168492812892,617.590659478334
1209.405999999959,623.1670012955176,617.590659478334
1209.765000000014,623.1709284855243,617.590659478334
1210.109000000055,623.1618897274227,617.590659478334
1210.4679999999935,623.1678382971371,617.590659478334
1210.8120000000345,623.1617218541446,617.590659478334
1211.170999999973,623.1717761381112,617.590659478334
1211.515000000014,623.1689568378176,617.590659478334
1211.859000000055,623.1704502796713,617.590659478334
1212.2029999999795,623.1771969530116,617.590659478334
1212.5620000000345,623.1701947318528,617.590659478334
1212.890000000014,623.167614466587,617.590659478334
1213.234000000055,623.1808444501122,617.590659478334
1213.5620000000345,623.1726126460875,617.590659478334
1213.905999999959,623.1681487758514,617.590659478334
1214.25,623.1720846547075,617.590659478334
1214.5929999999935,623.1594037455495,617.590659478334
1214.9529999999795,623.1638547896503,617.590659478334
1215.295999999973,623.1640919290597,617.590659478334
1215.655999999959,623.1764606703074,617.590659478334
1216.0,623.1789934611845,617.590659478334
1216.3429999999935,623.1695695181111,617.590659478334
1216.6870000000345,623.1710874681468,617.590659478334
1217.030999999959,623.1705071440427,617.590659478334
1217.375,623.1716914055991,617.590659478334
1217.7179999999935,623.1729965144399,617.590659478334
1218.0620000000345,623.1706138678036,617.590659478334
1218.4370000000345,623.1675625718798,617.590659478334
1218.765000000014,623.1757214735242,617.590659478334
1219.125,623.1612346533906,617.590659478334
1219.4529999999795,623.167886689608,617.590659478334
1219.8120000000345,623.1667720834962,617.590659478334
1220.155999999959,623.1678098095522,617.590659478334
1220.5,623.1747829662403,617.590659478334
1220.8429999999935,623.1674364289795,617.590659478334
1221.1870000000345,623.171850794669,617.590659478334
1221.530999999959,623.1699398746949,617.590659478334
1221.875,623.1760976165913,617.590659478334
1222.234000000055,623.1647620325512,617.590659478334
1222.609000000055,623.1651425509032,617.590659478334
1222.9679999999935,623.1789600794006,617.590659478334
1223.3279999999795,623.1615932661894,617.590659478334
1223.670999999973,623.1829410097623,617.590659478334
1224.015000000014,623.168136679816,617.590659478334
1224.359000000055,623.1699405646168,617.590659478334
1224.7029999999795,623.1684739035668,617.590659478334
1225.0620000000345,623.1752216226015,617.590659478334
1225.390000000014,623.1716135880181,617.590659478334
1225.75,623.1713650128993,617.590659478334
1226.0929999999935,623.1719197194608,617.590659478334
1226.420999999973,623.1724213158091,617.590659478334
1226.765000000014,623.1662932773153,617.590659478334
1227.125,623.1748979802421,617.590659478334
1227.4679999999935,623.1624538939179,617.590659478334
1227.8120000000345,623.1673983884102,617.590659478334
1228.170999999973,623.1699927822239,617.590659478334
1228.515000000014,623.1680779004867,617.590659478334
1228.875,623.1655004907228,617.590659478334
1229.234000000055,623.166202991797,617.590659478334
1229.5779999999795,623.1688671640135,617.590659478334
1229.920999999973,623.1760321976972,617.590659478334
1230.280999999959,623.1701839913409,617.590659478334
1230.625,623.164763551805,617.590659478334
1230.9679999999935,623.1682745953501,617.590659478334
1231.3279999999795,623.1684691777541,617.590659478334
1231.655999999959,623.1648318382097,617.590659478334
1232.015000000014,623.171422963311,617.590659478334
1232.359000000055,623.1577676924866,617.590659478334
1232.7029999999795,623.1685039793463,617.590659478334
1233.0620000000345,623.166005649877,617.590659478334
1233.405999999959,623.1660777076258,617.590659478334
1233.765000000014,623.1629038784769,617.590659478334
1234.109000000055,623.1687574338337,617.590659478334
1234.4529999999795,623.1619201713497,617.590659478334
1234.8120000000345,623.1646540890614,617.590659478334
1235.140000000014,623.1717748756926,617.590659478334
1235.484000000055,623.1667323603353,617.590659478334
1235.8279999999795,623.1618015046224,617.590659478334
1236.1870000000345,623.1702128467088,617.590659478334
1236.530999999959,623.16065942175,617.590659478334
1236.859000000055,623.1740383094185,617.590659478334
1237.2179999999935,623.1638830567035,617.590659478334
1237.5620000000345,623.1655743459071,617.590659478334
1237.905999999959,623.1634586856759,617.590659478334
1238.25,623.1672748401875,617.590659478334
1238.5929999999935,623.1624205200685,617.590659478334
1238.9370000000345,623.1675005718163,617.590659478334
1239.280999999959,623.1606939667818,617.590659478334
1239.625,623.1673501761851,617.590659478334
1239.9679999999935,623.1624338331496,617.590659478334
1240.3120000000345,623.1558992612818,617.590659478334
1240.670999999973,623.15651590763,617.590659478334
1241.015000000014,623.1673205120405,617.590659478334
1241.359000000055,623.1651811045527,617.590659478334
1241.7029999999795,623.1672134371966,617.590659478334
1242.045999999973,623.1694048397901,617.590659478334
1242.390000000014,623.1692783370671,617.590659478334
1242.734000000055,623.1638649930825,617.590659478334
1243.0779999999795,623.1618267229933,617.590659478334
1243.420999999973,623.1643886157534,617.590659478334
1243.765000000014,623.1573016260086,617.590659478334
1244.109000000055,623.171100162527,617.590659478334
1244.4529999999795,623.1639659325393,617.590659478334
1244.795999999973,623.160703446786,617.590659478334
1245.140000000014,623.1574705851334,617.590659478334
1245.484000000055,623.1643154493478,617.590659478334
1245.8429999999935,623.170460516179,617.590659478334
1246.1870000000345,623.139991270175,617.590659478334
1246.640000000014,622.990911995342,617.590659478334
1246.984000000055,622.9634837002963,617.590659478334
1247.3279999999795,622.9428932824007,617.590659478334
1247.670999999973,622.9486987319782,617.590659478334
1248.015000000014,622.9311982478999,617.590659478334
1248.3429999999935,622.9166999552986,617.590659478334
1248.6870000000345,622.9212280401115,617.590659478334
1249.030999999959,622.9073412278573,617.590659478334
1249.375,622.9009810360192,617.590659478334
1249.7179999999935,622.8984872983641,617.590659478334
1250.0620000000345,622.8906801795249,617.590659478334
1250.390000000014,622.8973263241455,617.590659478334
1250.75,622.8934808047396,617.590659478334
1251.0929999999935,622.8866801756232,617.590659478334
1251.4370000000345,622.8901685308159,617.590659478334
1251.780999999959,622.8737716878574,617.590659478334
1252.140000000014,622.8906048025019,617.590659478334
1252.484000000055,622.878561061747,617.590659478334
1252.8429999999935,622.8810283997908,617.590659478334
1253.1870000000345,622.8862108997758,617.590659478334
1253.530999999959,622.8766473711302,617.590659478334
1253.875,622.8805224660862,617.590659478334
1254.2179999999935,622.8859097007524,617.590659478334
1254.5620000000345,622.882699166329,617.590659478334
1254.905999999959,622.8744216087402,617.590659478334
1255.25,622.883790365392,617.590659478334
1255.5929999999935,622.8795680627704,617.590659478334
1255.9370000000345,622.8720305102682,617.590659478334
1256.280999999959,622.8755471163048,617.590659478334
1256.640000000014,622.8803083714658,617.590659478334
1256.9679999999935,622.8731765666319,617.590659478334
1257.3120000000345,622.8737087546709,617.590659478334
1257.655999999959,622.8733243687803,617.590659478334
1258.0,622.8619626700313,617.590659478334
1258.3429999999935,622.8910698446693,617.590659478334
1258.6870000000345,622.8979890092515,617.590659478334
1259.015000000014,623.0359374649593,617.590659478334
1259.375,623.107678398617,617.590659478334
1259.7179999999935,623.1130212885305,617.590659478334
1260.0620000000345,623.1086813194751,617.590659478334
1260.405999999959,623.0951867068885,617.590659478334
1260.75,623.0919153782247,617.590659478334
1261.0929999999935,623.0933179551415,617.590659478334
1261.420999999973,623.0856349643915,617.590659478334
1261.765000000014,623.0864757618497,617.590659478334
1262.109000000055,623.0910165628584,617.590659478334
1262.4529999999795,623.0889484783733,617.590659478334
1262.795999999973,623.0892047141123,617.590659478334
1263.140000000014,623.0812782730029,617.590659478334
1263.484000000055,623.0932113766578,617.590659478334
1263.8279999999795,623.0891200053286,617.590659478334
1264.170999999973,623.081294321316,617.590659478334
1264.515000000014,623.0867432699885,617.590659478334
1264.875,623.0791004068851,617.590659478334
1265.2029999999795,623.0782603014011,617.590659478334
1265.545999999973,623.0833473795126,617.590659478334
1265.905999999959,623.0805789379423,617.590659478334
1266.234000000055,623.0839834211996,617.590659478334
1266.5779999999795,623.0734800835396,617.590659478334
1266.920999999973,623.084719477306,617.590659478334
1267.265000000014,623.0854701703986,617.590659478334
1267.5929999999935,623.0751857998106,617.590659478334
1267.9370000000345,623.0809247968606,617.590659478334
1268.280999999959,623.0871049908842,617.590659478334
1268.625,623.0672281342538,617.590659478334
1268.9679999999935,623.0773780555437,617.590659478334
1269.3120000000345,623.0768945089837,617.590659478334
1269.655999999959,623.0703686603273,617.590659478334
1269.984000000055,623.0749927289232,617.590659478334
1270.3279999999795,623.0789817668901,617.590659478334
1270.6870000000345,623.0887648047526,617.590659478334
1271.030999999959,623.0723214294845,617.590659478334
1271.359000000055,622.9706133286402,617.590659478334
1271.7179999999935,622.9175431266234,617.590659478334
1272.045999999973,622.9095439684371,617.590659478334
1272.405999999959,622.9158572415804,617.590659478334
1272.734000000055,622.916778423521,617.590659478334
1273.0929999999935,622.9167459142055,617.590659478334
1273.420999999973,622.9014260402575,617.590659478334
1273.765000000014,622.8954489502181,617.590659478334
1274.125,622.8814064568601,617.590659478334
1274.4529999999795,622.8855782479118,617.590659478334
1274.795999999973,622.886526988736,617.590659478334
1275.140000000014,622.8864221303627,617.590659478334
1275.484000000055,622.87856464415,617.590659478334
1275.8279999999795,622.8781676060406,617.590659478334
1276.170999999973,622.8828910253555,617.590659478334
1276.515000000014,622.8867426080895,617.590659478334
1276.859000000055,622.8761937535741,617.590659478334
1277.2029999999795,622.8810606907634,617.590659478334
1277.530999999959,622.8759542747752,617.590659478334
1277.875,622.8686677174327,617.590659478334
1278.2179999999935,622.8769152400397,617.590659478334
1278.5620000000345,622.8792375871467,617.590659478334
1278.905999999959,622.8745769255911,617.590659478334
1279.25,622.8746309138966,617.590659478334
1279.5929999999935,622.8726409288714,617.590659478334
1279.9370000000345,622.8775232670929,617.590659478334
1280.280999999959,622.8761287873042,617.590659478334
1280.625,622.8730472106588,617.590659478334
1280.9679999999935,622.8747600644118,617.590659478334
1281.3120000000345,622.8745956506434,617.590659478334
1281.655999999959,622.8693892677105,617.590659478334
1281.984000000055,622.8739254012772,617.590659478334
1282.3279999999795,622.8709391245796,617.590659478334
1282.6870000000345,622.8679190249617,617.590659478334
1283.030999999959,622.8731971412326,617.590659478334
1283.375,622.895486912851,617.590659478334
1283.7179999999935,622.9084485364142,617.590659478334
1284.0620000000345,623.0826086359289,617.590659478334
1284.390000000014,623.1159655428945,617.590659478334
1284.734000000055,623.1128579919929,617.590659478334
1285.0779999999795,623.1058501985491,617.590659478334
1285.420999999973,623.0892313720664,617.590659478334
1285.780999999959,623.0965558269414,617.590659478334
1286.109000000055,623.0835584807897,617.590659478334
1286.4529999999795,623.0873873985314,617.590659478334
1286.795999999973,623.0794357334223,617.590659478334
1287.140000000014,623.0850152615214,617.590659478334
1287.484000000055,623.092920599069,617.590659478334
1287.8279999999795,623.0737332085965,617.590659478334
1288.170999999973,623.0787141425229,617.590659478334
1288.515000000014,623.0829796531718,617.590659478334
1288.859000000055,623.0753080153809,617.590659478334
1289.2029999999795,623.0804528747483,617.590659478334
1289.545999999973,623.0731293392728,617.590659478334
1289.890000000014,623.0965095904711,617.590659478334
1290.234000000055,623.0986842759819,617.590659478334
1290.5779999999795,623.1120426695261,617.590659478334
1290.920999999973,623.1248068780161,617.590659478334
1291.265000000014,623.11967220997,617.590659478334
1291.5929999999935,623.1110400921467,617.590659478334
1291.9370000000345,623.1103655660912,617.590659478334
1292.295999999973,623.1018735788012,617.590659478334
1292.640000000014,623.0957103769475,617.590659478334
1292.9679999999935,623.1086387536436,617.590659478334
1293.3120000000345,623.0997338234297,617.590659478334
1293.655999999959,623.0931866666148,617.590659478334
1294.0,623.0981716900651,617.590659478334
1294.3429999999935,623.0943267464237,617.590659478334
1294.6870000000345,623.0882914334106,617.590659478334
1295.030999999959,623.0841642937423,617.590659478334
1295.375,623.0895457169156,617.590659478334
1295.7179999999935,623.0911370739763,617.590659478334
1296.0620000000345,623.0882824222726,617.590659478334
1296.405999999959,623.0988771739039,617.590659478334
1296.75,623.0847797695177,617.590659478334
1297.0929999999935,623.0855066505596,617.590659478334
1297.4370000000345,623.0798407793047,617.590659478334
1297.780999999959,623.0883110574755,617.590659478334
1298.125,623.0899601793265,617.590659478334
1298.4679999999935,623.0883417647768,617.590659478334
1298.8120000000345,623.0796075546762,617.590659478334
1299.155999999959,623.0895982610438,617.590659478334
1299.484000000055,623.0919539958969,617.590659478334
1299.8279999999795,623.0870468109372,617.590659478334
1300.170999999973,623.0774975676674,617.590659478334
1300.515000000014,623.0881365394752,617.590659478334
1300.859000000055,623.0830056380057,617.590659478334
1301.2179999999935,623.0791382736926,617.590659478334
1301.5620000000345,623.0929800380861,617.590659478334
1301.905999999959,623.0913105526528,617.590659478334
1302.25,623.0804917929606,617.590659478334
1302.5779999999795,623.0916229060338,617.590659478334
1302.9370000000345,623.0828630746115,617.590659478334
1303.280999999959,623.088424792672,617.590659478334
1303.625,623.0861415321623,617.590659478334
1303.984000000055,623.0924643105874,617.590659478334
1304.3279999999795,623.086757144704,617.590659478334
1304.670999999973,623.0793903580858,617.590659478334
1305.015000000014,623.0797517827706,617.590659478334
1305.359000000055,623.0857494354655,617.590659478334
1305.7029999999795,623.0890622761622,617.590659478334
1306.045999999973,623.0813286217068,617.590659478334
1306.390000000014,623.0835928985415,617.590659478334
1306.7179999999935,623.0817078978154,617.590659478334
1307.0779999999795,623.0844581157983,617.590659478334
1307.420999999973,623.0795818580699,617.590659478334
1307.765000000014,623.0919194620728,617.590659478334
1308.109000000055,623.0801255877072,617.590659478334
1308.4529999999795,623.0908312365854,617.590659478334
1308.795999999973,623.0885314275789,617.590659478334
1309.155999999959,623.0864372924269,617.590659478334
1309.484000000055,623.0837569695276,617.590659478334
1309.8429999999935,623.0853177807245,617.590659478334
1310.1870000000345,623.0827782525598,617.590659478334
1310.530999999959,623.0853799796542,617.590659478334
1310.875,623.0889323832623,617.590659478334
1311.2179999999935,623.0738949226528,617.590659478334
1311.5620000000345,623.0822637914287,617.590659478334
1311.905999999959,623.0837464547778,617.590659478334
1312.25,623.0852843242715,617.590659478334
1312.5929999999935,623.0755367404953,617.590659478334
1312.9370000000345,623.0792363516807,617.590659478334
1313.280999999959,623.0738629839523,617.590659478334
1313.625,623.0831320733662,617.590659478334
1313.9679999999935,623.0753083348255,617.590659478334
1314.3120000000345,623.0752565891775,617.590659478334
1314.670999999973,623.0943547620333,617.590659478334
1315.015000000014,623.0826499429801,617.590659478334
1315.359000000055,623.0672449034589,617.590659478334
1315.7029999999795,623.0793955993657,617.590659478334
1316.030999999959,623.0843405867469,617.590659478334
1316.405999999959,623.0761908122956,617.590659478334
1316.75,623.0749089328704,617.590659478334
1317.0929999999935,623.0792424786936,617.590659478334
1317.4370000000345,623.0841696247007,617.590659478334
1317.765000000014,623.0818958151248,617.590659478334
1318.109000000055,623.0772028349004,617.590659478334
1318.4529999999795,623.0865077810317,617.590659478334
1318.8120000000345,623.0724017956175,617.590659478334
1319.140000000014,623.0837221987035,617.590659478334
1319.5,623.0752081099187,617.590659478334
1319.8429999999935,623.0914368642806,617.590659478334
1320.1870000000345,623.0751329812156,617.590659478334
1320.515000000014,623.085778165543,617.590659478334
1320.875,623.0846102383385,617.590659478334
1321.2029999999795,623.0843883038168,617.590659478334
1321.5620000000345,623.0817180546727,617.590659478334
1321.905999999959,623.0768044575284,617.590659478334
1322.25,623.0822123790191,617.590659478334
1322.5929999999935,623.0927702848973,617.590659478334
1322.9370000000345,623.0777919051337,617.590659478334
1323.280999999959,623.0827512638439,617.590659478334
1323.625,623.0748805850143,617.590659478334
1323.9529999999795,623.0865519835614,617.590659478334
1324.295999999973,623.0832405577632,617.590659478334
1324.640000000014,623.0788628285337,617.590659478334
1325.0,623.0812970975733,617.590659478334
1325.3279999999795,623.0797538133997,617.590659478334
1325.670999999973,623.0715378280133,617.590659478334
1326.030999999959,623.0840261124991,617.590659478334
1326.375,623.0790908178606,617.590659478334
1326.7179999999935,623.087917661639,617.590659478334
1327.0620000000345,623.0734584076826,617.590659478334
1327.420999999973,623.0840028224638,617.590659478334
1327.75,623.0792175590111,617.590659478334
1328.109000000055,623.0785078963813,617.590659478334
1328.4529999999795,623.0778250118751,617.590659478334
1328.795999999973,623.0860578831139,617.590659478334
1329.155999999959,623.0754289033757,617.590659478334
1329.484000000055,623.0847335079407,617.590659478334
1329.8279999999795,623.0796503041207,617.590659478334
1330.1870000000345,623.0756196762576,617.590659478334
1330.609000000055,623.0886934176785,617.590659478334
1330.9529999999795,623.0759854363247,617.590659478334
1331.295999999973,623.0800039340699,617.590659478334
1331.655999999959,623.0756211839298,617.590659478334
1331.984000000055,623.0832716082316,617.590659478334
1332.3429999999935,623.0776412169458,617.590659478334
1332.670999999973,623.0848581117922,617.590659478334
1333.030999999959,623.0700013868732,617.590659478334
1333.375,623.077747191816,617.590659478334
1333.7179999999935,623.079365898977,617.590659478334
1334.0620000000345,623.074097027968,617.590659478334
1334.420999999973,623.0773652016479,617.590659478334
1334.765000000014,623.0797467365395,617.590659478334
1335.109000000055,623.0777581806703,617.590659478334
1335.4529999999795,623.085823124102,617.590659478334
1335.795999999973,623.0792591009961,617.590659478334
1336.140000000014,623.0705931911183,617.590659478334
1336.5,623.082248149667,617.590659478334
1336.8429999999935,623.0822207308129,617.590659478334
1337.1870000000345,623.0792428209882,617.590659478334
1337.530999999959,623.07759174411,617.590659478334
1337.890000000014,623.0693519394715,617.590659478334
1338.234000000055,623.0723584176161,617.590659478334
1338.5779999999795,623.0682799652838,617.590659478334
1338.920999999973,623.0756000970043,617.590659478334
1339.265000000014,623.0765696012322,617.590659478334
1339.609000000055,623.068344939908,617.590659478334
1339.9529999999795,623.068623831373,617.590659478334
1340.295999999973,623.0688103234261,617.590659478334
1340.655999999959,623.0802859669999,617.590659478334
1341.0,623.0782974058651,617.590659478334
1341.3429999999935,623.079152565281,617.590659478334
1341.6870000000345,623.0728958788188,617.590659478334
1342.030999999959,623.0782442610904,617.590659478334
1342.405999999959,623.0795391584641,617.590659478334
1342.75,623.0749318925178,617.590659478334
1343.0929999999935,623.083746199306,617.590659478334
1343.4370000000345,623.0744797524742,617.590659478334
1343.780999999959,623.071687613312,617.590659478334
1344.125,623.0716400870054,617.590659478334
1344.4679999999935,623.0824193809128,617.590659478334
1344.8120000000345,623.0779816094155,617.590659478334
1345.155999999959,623.083989623088,617.590659478334
1345.5,623.0849635787664,617.590659478334
1345.8429999999935,623.0846733059893,617.590659478334
1346.1870000000345,623.0718562835016,617.590659478334
1346.545999999973,623.0748816019245,617.590659478334
1346.890000000014,623.0822431681926,617.590659478334
1347.234000000055,623.0732837869291,617.590659478334
1347.5929999999935,623.0755397697425,617.590659478334
1347.9370000000345,623.074346773049,617.590659478334
1348.280999999959,623.0743722884578,617.590659478334
1348.625,623.0763000901139,617.590659478334
1348.9679999999935,623.0770575032262,617.590659478334
1349.3279999999795,623.0780893936985,617.590659478334
1349.670999999973,623.0650993765383,617.590659478334
1350.030999999959,623.0818135292775,617.590659478334
1350.375,623.0736336101991,617.590659478334
1350.734000000055,623.0848289324123,617.590659478334
1351.0779999999795,623.0750618359758,617.590659478334
1351.420999999973,623.078724144032,617.590659478334
1351.780999999959,623.0674097458532,617.590659478334
1352.125,623.0747210394887,617.590659478334
1352.4679999999935,623.0735834157059,617.590659478334
1352.8279999999795,623.0860914938238,617.590659478334
1353.170999999973,623.0713584696603,617.590659478334
1353.530999999959,623.0866288561604,617.590659478334
1353.875,623.0780033175531,617.590659478334
1354.234000000055,623.0793703882143,617.590659478334
1354.625,623.0763411930241,617.590659478334
1354.9679999999935,623.0706549606863,617.590659478334
1355.295999999973,623.0744285930303,617.590659478334
1355.655999999959,623.0841488375373,617.590659478334
1356.0,623.0685305024492,617.590659478334
1356.3429999999935,623.0814504907818,617.590659478334
1356.6870000000345,623.070268594074,617.590659478334
1357.030999999959,623.0716232008117,617.590659478334
1357.375,623.08116675047,617.590659478334
1357.734000000055,623.0756506906247,617.590659478334
1358.0779999999795,623.0813959257501,617.590659478334
1358.420999999973,623.0781903096732,617.590659478334
1358.765000000014,623.0727342200444,617.590659478334
1359.109000000055,623.0717754933553,617.590659478334
1359.4529999999795,623.0799464708938,617.590659478334
1359.795999999973,623.0846242388925,617.590659478334
1360.155999999959,623.0725582501328,617.590659478334
1360.5,623.0725003830037,617.590659478334
1360.8429999999935,623.071564603818,617.590659478334
1361.1870000000345,623.0702114552656,617.590659478334
1361.530999999959,623.0813456004158,617.590659478334
1361.875,623.071063490014,617.590659478334
1362.2179999999935,623.0815596666487,617.590659478334
1362.5620000000345,623.0753151553524,617.590659478334
1362.905999999959,623.073842323495,617.590659478334
1363.25,623.0844185794741,617.590659478334
1363.609000000055,623.0788597824405,617.590659478334
1363.9529999999795,623.0679855206059,617.590659478334
1364.295999999973,623.072454241542,617.590659478334
1364.640000000014,623.0762524630035,617.590659478334
1365.0,623.0763817194684,617.590659478334
1365.3279999999795,623.0770144370829,617.590659478334
1365.6870000000345,623.0719580720772,617.590659478334
1366.030999999959,623.065852130442,617.590659478334
1366.390000000014,623.0678982066314,617.590659478334
1366.75,623.0751924409735,617.590659478334
1367.0929999999935,623.0792611370829,617.590659478334
1367.420999999973,623.0700189022938,617.590659478334
1367.765000000014,623.0832655320862,617.590659478334
1368.109000000055,623.0678603136396,617.590659478334
1368.4529999999795,623.0792498995062,617.590659478334
1368.780999999959,623.0756244272246,617.590659478334
1369.140000000014,623.0820276774964,617.590659478334
1369.4679999999935,623.0711345072303,617.590659478334
1369.8120000000345,623.0703174242449,617.590659478334
1370.155999999959,623.0810834913623,617.590659478334
1370.5,623.0782729759271,617.590659478334
1370.8429999999935,623.0732344131861,617.590659478334
1371.170999999973,623.0744918797071,617.590659478334
1371.515000000014,623.072951999678,617.590659478334
1371.859000000055,623.0771845568677,617.590659478334
1372.2029999999795,623.0790107045444,617.590659478334
1372.5620000000345,623.0657006390695,617.590659478334
1372.905999999959,623.0800826038591,617.590659478334
1373.25,623.074763354548,617.590659478334
1373.609000000055,623.075485370709,617.590659478334
1373.9529999999795,623.0774637104652,617.590659478334
1374.295999999973,623.0714576232764,617.590659478334
1374.655999999959,623.0867553055016,617.590659478334
1375.015000000014,623.0745982536611,617.590659478334
1375.359000000055,623.0832402186572,617.590659478334
1375.7029999999795,623.071046057569,617.590659478334
1376.045999999973,623.0798208366479,617.590659478334
1376.405999999959,623.0774148756246,617.590659478334
1376.75,623.0802055229079,617.590659478334
1377.0929999999935,623.0839306584212,617.590659478334
1377.4370000000345,623.0767890530827,617.590659478334
1377.780999999959,623.0769505346938,617.590659478334
1378.140000000014,623.0764317793628,617.590659478334
1378.545999999973,623.0851168031054,617.590659478334
1378.905999999959,623.0695642516771,617.590659478334
1379.25,623.0789355745776,617.590659478334
1379.5779999999795,623.0808249310693,617.590659478334
1379.920999999973,623.072827576047,617.590659478334
1380.265000000014,623.0705852647245,617.590659478334
1380.609000000055,623.0768369998045,617.590659478334
1380.9529999999795,623.0748979362806,617.590659478334
1381.295999999973,623.0698656881929,617.590659478334
1381.640000000014,623.062822982229,617.590659478334
1381.984000000055,623.0791345373191,617.590659478334
1382.3279999999795,623.0715920274503,617.590659478334
1382.670999999973,623.0743816451971,617.590659478334
1383.015000000014,623.0856782429361,617.590659478334
1383.3429999999935,623.0782037668343,617.590659478334
1383.6870000000345,623.0664462341814,617.590659478334
1384.030999999959,623.0741367610254,617.590659478334
1384.375,623.0719241540093,617.590659478334
1384.7179999999935,623.0722566419728,617.590659478334
1385.0620000000345,623.0770046381645,617.590659478334
1385.405999999959,623.0777456764058,617.590659478334
1385.734000000055,623.071754131623,617.590659478334
1386.0929999999935,623.0679524390904,617.590659478334
1386.420999999973,623.0657643163551,617.590659478334
1386.765000000014,623.0733384490262,617.590659478334
1387.0929999999935,623.0706985636291,617.590659478334
1387.4529999999795,623.0678099255371,617.590659478334
1387.795999999973,623.0768557990291,617.590659478334
1388.140000000014,623.0764035686105,617.590659478334
1388.4679999999935,623.073833145453,617.590659478334
1388.8120000000345,623.0713053657493,617.590659478334
1389.155999999959,623.0816776830227,617.590659478334
1389.515000000014,623.0694765807189,617.590659478334
1389.859000000055,623.0728969340244,617.590659478334
1390.1870000000345,623.0798422299324,617.590659478334
1390.625,623.0729457229831,617.590659478334
1390.9679999999935,623.0831293963369,617.590659478334
1391.295999999973,623.0732513996228,617.590659478334
1391.655999999959,623.0715221040549,617.590659478334
1392.0,623.057510865635,617.590659478334
1392.3279999999795,623.0772910917408,617.590659478334
1392.670999999973,623.0779659392676,617.590659478334
1393.015000000014,623.0674827062684,617.590659478334
1393.3429999999935,623.0812978453979,617.590659478334
1393.6870000000345,623.0767934302481,617.590659478334
1394.030999999959,623.0746371165268,617.590659478334
1394.375,623.0858859479935,617.590659478334
1394.7179999999935,623.0738936067337,617.590659478334
1395.0620000000345,623.0801685837347,617.590659478334
1395.420999999973,623.0735272353479,617.590659478334
1395.765000000014,623.0679307700359,617.590659478334
1396.0929999999935,623.0635778000924,617.590659478334
1396.4529999999795,623.0778551968435,617.590659478334
1396.795999999973,623.06923850537,617.590659478334
1397.140000000014,623.0778087494006,617.590659478334
1397.484000000055,623.0686394318484,617.590659478334
1397.8120000000345,623.073758577801,617.590659478334
1398.155999999959,623.0735592570262,617.590659478334
1398.515000000014,623.0734609706698,617.590659478334
1398.8429999999935,623.0809590558243,617.590659478334
1399.2029999999795,623.0854026659414,617.590659478334
1399.545999999973,623.0650576757777,617.590659478334
1399.875,623.0803653719939,617.590659478334
1400.234000000055,623.0791695827197,617.590659478334
1400.5620000000345,623.0789646250668,617.590659478334
1400.905999999959,623.0703618443773,617.590659478334
1401.25,623.0845541294325,617.590659478334
1401.5929999999935,623.0712814863817,617.590659478334
1401.9370000000345,623.0735597219441,617.590659478334
1402.280999999959,623.0754283494986,617.590659478334
1402.609000000055,623.081475831047,617.590659478334
1402.9679999999935,623.0759892271348,617.590659478334
1403.3120000000345,623.0763788380199,617.590659478334
1403.640000000014,623.074955352168,617.590659478334
1403.984000000055,623.0737859643248,617.590659478334
1404.3429999999935,623.0749624018088,617.590659478334
1404.6870000000345,623.079296643186,617.590659478334
1405.030999999959,623.0689336017687,617.590659478334
1405.375,623.0740263017993,617.590659478334
1405.7179999999935,623.0710309672762,617.590659478334
1406.0779999999795,623.0714324372154,617.590659478334
1406.405999999959,623.076676302642,617.590659478334
1406.75,623.0649661649464,617.590659478334
1407.0929999999935,623.0755110670177,617.590659478334
1407.4370000000345,623.0789234414972,617.590659478334
1407.765000000014,623.0829145713997,617.590659478334
1408.109000000055,623.0764174551969,617.590659478334
1408.4679999999935,623.0709646076568,617.590659478334
1408.8120000000345,623.0756972454501,617.590659478334
1409.155999999959,623.0717724877618,617.590659478334
1409.515000000014,623.0793235354262,617.590659478334
1409.859000000055,623.0717417242611,617.590659478334
1410.2179999999935,623.069727086978,617.590659478334
1410.5620000000345,623.0715853549432,617.590659478334
1410.905999999959,623.0694547797835,617.590659478334
1411.265000000014,623.0674736278512,617.590659478334
1411.625,623.0715533961177,617.590659478334
1411.9679999999935,623.0718186684353,617.590659478334
1412.295999999973,623.0743722382701,617.590659478334
1412.655999999959,623.0737571493003,617.590659478334
1413.0,623.0687158387584,617.590659478334
1413.3429999999935,623.0772917101409,617.590659478334
1413.7029999999795,623.0732448426686,617.590659478334
1414.045999999973,623.0736252876047,617.590659478334
1414.405999999959,623.0683438185455,617.590659478334
1414.75,623.0712357894969,617.590659478334
1415.0929999999935,623.0693087362491,617.590659478334
1415.4370000000345,623.0688344928888,617.590659478334
1415.780999999959,623.0737938638389,617.590659478334
1416.125,623.0641799792305,617.590659478334
1416.484000000055,623.0698986466792,617.590659478334
1416.8279999999795,623.0715459306115,617.590659478334
1417.170999999973,623.0723954862959,617.590659478334
1417.515000000014,623.0771398898987,617.590659478334
1417.8429999999935,623.0740249704477,617.590659478334
1418.2029999999795,623.0766611944913,617.590659478334
1418.530999999959,623.0633245536673,617.590659478334
1418.890000000014,623.0773613591991,617.590659478334
1419.2179999999935,623.0706336964192,617.590659478334
1419.5620000000345,623.0712076691319,617.590659478334
1419.905999999959,623.0636243739951,617.590659478334
1420.25,623.0751475780413,617.590659478334
1420.5929999999935,623.0776929423798,617.590659478334
1420.9370000000345,623.0615166862411,617.590659478334
1421.280999999959,623.069643328341,617.590659478334
1421.640000000014,623.065460017598,617.590659478334
1421.984000000055,623.0642482011368,617.590659478334
1422.3429999999935,623.0737765780311,617.590659478334
1422.6870000000345,623.0779300231078,617.590659478334
1423.015000000014,623.0738136810238,617.590659478334
1423.375,623.0654382530874,617.590659478334
1423.7179999999935,623.0726269403945,617.590659478334
1424.045999999973,623.0628320576441,617.590659478334
1424.405999999959,623.0801167683038,617.590659478334
1424.75,623.0825219191895,617.590659478334
1425.0929999999935,623.0745174468675,617.590659478334
1425.4370000000345,623.0773675940208,617.590659478334
1425.780999999959,623.0631177753223,617.590659478334
1426.125,623.0680571568802,617.590659478334
1426.4679999999935,623.0681307180911,617.590659478334
1426.8120000000345,623.075647114282,617.590659478334
1427.155999999959,623.0735495694435,617.590659478334
1427.5,623.066816134124,617.590659478334
1427.859000000055,623.077746505638,617.590659478334
1428.2029999999795,623.0769075650511,617.590659478334
1428.545999999973,623.0807904066124,617.590659478334
1428.890000000014,623.070164377086,617.590659478334
1429.25,623.065970627686,617.590659478334
1429.5929999999935,623.0605038487879,617.590659478334
1429.9370000000345,623.0641823492806,617.590659478334
1430.280999999959,623.066398859751,617.590659478334
1430.625,623.0716075590605,617.590659478334
1430.9679999999935,623.0641336433994,617.590659478334
1431.3120000000345,623.0629900531663,617.590659478334
1431.670999999973,623.0676226994697,617.590659478334
1432.015000000014,623.07680605163,617.590659478334
1432.359000000055,623.0765218687001,617.590659478334
1432.7029999999795,623.0773884343012,617.590659478334
1433.0620000000345,623.0665560675034,617.590659478334
1433.420999999973,623.0736618543453,617.590659478334
1433.765000000014,623.0766393538496,617.590659478334
1434.125,623.0809296390215,617.590659478334
1434.4679999999935,623.0708313331266,617.590659478334
1434.8279999999795,623.0766007306013,617.590659478334
1435.170999999973,623.0682157862477,617.590659478334
1435.530999999959,623.0690670685075,617.590659478334
1435.859000000055,623.0674866882441,617.590659478334
1436.2179999999935,623.0761254524705,617.590659478334
1436.5620000000345,623.0686582919654,617.590659478334
1436.905999999959,623.0660393675407,617.590659478334
1437.25,623.0678051299138,617.590659478334
1437.5929999999935,623.075693652753,617.590659478334
1437.9370000000345,623.0775061738407,617.590659478334
1438.295999999973,623.0635018950088,617.590659478334
1438.640000000014,623.0781013897671,617.590659478334
1438.984000000055,623.0729512160465,617.590659478334
1439.3279999999795,623.0695761355587,617.590659478334
1439.670999999973,623.0702514297424,617.590659478334
1440.015000000014,623.0751296578993,617.590659478334
1440.359000000055,623.0751029172092,617.590659478334
1440.7029999999795,623.0675899088345,617.590659478334
1441.045999999973,623.07137502257,617.590659478334
1441.390000000014,623.0674262720297,617.590659478334
1441.734000000055,623.0644148295162,617.590659478334
1442.0779999999795,623.0688257378649,617.590659478334
1442.420999999973,623.0721214138164,617.590659478334
1442.780999999959,623.0708158258461,617.590659478334
1443.125,623.0757042810515,617.590659478334
1443.4679999999935,623.0725193273963,617.590659478334
1443.8120000000345,623.0782907184528,617.590659478334
1444.155999999959,623.0586275395993,617.590659478334
1444.5,623.0790556420636,617.590659478334
1444.8429999999935,623.0686893271685,617.590659478334
1445.1870000000345,623.0686064473934,617.590659478334
1445.545999999973,623.0718704539175,617.590659478334
1445.875,623.0690194449605,617.590659478334
1446.234000000055,623.0656173003065,617.590659478334
1446.5779999999795,623.0709971486575,617.590659478334
1446.9370000000345,623.0674088465097,617.590659478334
1447.280999999959,623.0860648766359,617.590659478334
1447.625,623.0941705259947,617.590659478334
1447.984000000055,623.107358911526,617.590659478334
1448.3279999999795,623.1107498690259,617.590659478334
1448.6870000000345,623.1228108040167,617.590659478334
1449.030999999959,623.1316764671844,617.590659478334
1449.390000000014,623.1271598931495,617.590659478334
1449.734000000055,623.1294837460064,617.590659478334
1450.109000000055,623.1462913134632,617.590659478334
1450.4529999999795,623.1450876062565,617.590659478334
1450.780999999959,623.1464658677484,617.590659478334
1451.125,623.1614921605631,617.590659478334
1451.484000000055,623.152635883792,617.590659478334
1451.8279999999795,623.1418047517013,617.590659478334
1452.1870000000345,623.1591963682589,617.590659478334
1452.530999999959,623.169153903925,617.590659478334
1452.859000000055,623.17344776057,617.590659478334
1453.2179999999935,623.1791779319447,617.590659478334
1453.5620000000345,623.184613982724,617.590659478334
1453.905999999959,623.1796118110581,617.590659478334
1454.265000000014,623.1860368347722,617.590659478334
1454.609000000055,623.1856532115281,617.590659478334
1454.9529999999795,623.189566339666,617.590659478334
1455.295999999973,623.2011783669736,617.590659478334
1455.655999999959,623.200773186516,617.590659478334
1456.0,623.2046696294915,617.590659478334
1456.3429999999935,623.206018701475,617.590659478334
1456.6870000000345,623.2006973467421,617.590659478334
1457.030999999959,623.2169498334218,617.590659478334
1457.390000000014,623.2198311072204,617.590659478334
1457.734000000055,623.2135758961828,617.590659478334
1458.0620000000345,623.2144904332492,617.590659478334
1458.420999999973,623.2066321780353,617.590659478334
1458.765000000014,623.2274213847078,617.590659478334
1459.109000000055,623.223404970048,617.590659478334
1459.4529999999795,623.2405810396949,617.590659478334
1459.795999999973,623.2595143242837,617.590659478334
1460.140000000014,623.2672647940527,617.590659478334
1460.484000000055,623.2831439571453,617.590659478334
1460.8279999999795,623.2784462135335,617.590659478334
1461.170999999973,623.2727826711387,617.590659478334
1461.515000000014,623.2813357620988,617.590659478334
1461.859000000055,623.2748737104721,617.590659478334
1462.2029999999795,623.270492094519,617.590659478334
1462.625,623.2663041764753,617.590659478334
1462.9679999999935,623.2622829874149,617.590659478334
1463.3120000000345,623.252549933874,617.590659478334
1463.655999999959,623.2501724206198,617.590659478334
1464.0,623.2540505903362,617.590659478334
1464.3429999999935,623.2431169242642,617.590659478334
1464.6870000000345,623.2501063760008,617.590659478334
1465.045999999973,623.254530865513,617.590659478334
1465.390000000014,623.2490958100157,617.590659478334
1465.734000000055,623.2527154349549,617.590659478334
1466.0779999999795,623.2519171403385,617.590659478334
1466.420999999973,623.2493380876969,617.590659478334
1466.765000000014,623.2365369847333,617.590659478334
1467.109000000055,623.229346191125,617.590659478334
1467.4529999999795,623.2461172095923,617.590659478334
1467.795999999973,623.2452350764297,617.590659478334
1468.155999999959,623.2373987212673,617.590659478334
1468.484000000055,623.2417677417046,617.590659478334
1468.8429999999935,623.2455911837679,617.590659478334
1469.1870000000345,623.2363453349897,617.590659478334
1469.530999999959,623.2409787133711,617.590659478334
1469.875,623.2493371835502,617.590659478334
1470.2029999999795,623.2322815126048,617.590659478334
1470.5620000000345,623.2399183531519,617.590659478334
1470.905999999959,623.2354954830956,617.590659478334
1471.25,623.2401814039107,617.590659478334
1471.5779999999795,623.2344516173918,617.590659478334
1471.9370000000345,623.2407085381573,617.590659478334
1472.280999999959,623.2402203450666,617.590659478334
1472.625,623.2459816986244,617.590659478334
1472.9529999999795,623.2517986148587,617.590659478334
1473.3120000000345,623.1673477092672,617.590659478334
1473.655999999959,623.0264911269885,617.590659478334
1474.0,623.0097211755922,617.590659478334
1474.3429999999935,622.9808013918115,617.590659478334
1474.6870000000345,622.9762053322636,617.590659478334
1475.030999999959,622.9657979926943,617.590659478334
1475.375,622.9377963578121,617.590659478334
1475.7179999999935,622.9379001179224,617.590659478334
1476.045999999973,622.9405081240196,617.590659478334
1476.405999999959,622.9239055784324,617.590659478334
1476.75,622.9232935958019,617.590659478334
1477.0929999999935,622.9209737706213,617.590659478334
1477.4370000000345,622.9110211183519,617.590659478334
1477.780999999959,622.9093429904269,617.590659478334
1478.125,622.9111725592865,617.590659478334
1478.4679999999935,622.9132891559641,617.590659478334
1478.8120000000345,622.9047769550667,617.590659478334
1479.155999999959,622.893858867348,617.590659478334
1479.5,622.8961236820713,617.590659478334
1479.8429999999935,622.8899722237086,617.590659478334
1480.1870000000345,622.8871154187724,617.590659478334
1480.530999999959,622.8981016017183,617.590659478334
1480.875,622.8882661593037,617.590659478334
1481.234000000055,622.8873968657451,617.590659478334
1481.5779999999795,622.8862234593588,617.590659478334
1481.9370000000345,622.886949079275,617.590659478334
1482.280999999959,622.8895100469243,617.590659478334
1482.625,622.8798236228108,617.590659478334
1482.984000000055,622.8746718705489,617.590659478334
1483.3279999999795,622.8761430452308,617.590659478334
1483.6870000000345,622.8908530005682,617.590659478334
1484.030999999959,622.8789078908898,617.590659478334
1484.390000000014,622.8876220523315,617.590659478334
1484.734000000055,622.8779345716721,617.590659478334
1485.0779999999795,622.887328481601,617.590659478334
1485.4370000000345,622.9209503397112,617.590659478334
1485.795999999973,623.0093657796231,617.590659478334
1486.140000000014,623.1211890242863,617.590659478334
1486.515000000014,623.124878007666,617.590659478334
1486.875,623.1167757784826,617.590659478334
1487.2029999999795,623.1059750695521,617.590659478334
1487.5620000000345,623.1006217442894,617.590659478334
1487.905999999959,623.1002607339299,617.590659478334
1488.25,623.0999964874413,617.590659478334
1488.5929999999935,623.0986261530575,617.590659478334
1488.9370000000345,623.0979002798073,617.590659478334
1489.265000000014,623.096377783973,617.590659478334
1489.609000000055,623.0941797417812,617.590659478334
1489.9529999999795,623.1002729495619,617.590659478334
1490.295999999973,623.0898192581687,617.590659478334
1490.640000000014,623.0982489153946,617.590659478334
1490.984000000055,623.0838980647494,617.590659478334
1491.3120000000345,623.0828355367187,617.590659478334
1491.655999999959,623.0902486184633,617.590659478334
1492.0,623.0883858722257,617.590659478334
1492.3429999999935,623.0985652341868,617.590659478334
1492.6870000000345,623.0935700949323,617.590659478334
1493.030999999959,623.0940519588436,617.590659478334
1493.375,623.0843265810357,617.590659478334
1493.7179999999935,623.0900720061584,617.590659478334
1494.0620000000345,623.0926584906354,617.590659478334
1494.405999999959,623.0870877918061,617.590659478334
1494.75,623.0849685346975,617.590659478334
1495.0929999999935,623.0952353448222,617.590659478334
1495.4370000000345,623.0901851725205,617.590659478334
1495.780999999959,623.082298212491,617.590659478334
1496.125,623.0813677991845,617.590659478334
1496.4679999999935,623.0845217616105,617.590659478334
1496.8120000000345,623.0950486812682,617.590659478334
1497.155999999959,623.0847452841282,617.590659478334
1497.5,623.0873647722171,617.590659478334
1497.8429999999935,623.0809674137477,617.590659478334
1498.170999999973,622.9594810827506,617.590659478334
1498.609000000055,622.9289629704294,617.590659478334
1498.9529999999795,622.9300603446005,617.590659478334
1499.295999999973,622.9219720759683,617.590659478334
1499.625,622.9186590008408,617.590659478334
1499.9679999999935,622.9101832619302,617.590659478334
1500.295999999973,622.9122561646376,617.590659478334
1500.655999999959,622.899960392391,617.590659478334
1501.0,622.9053744747804,617.590659478334
1501.3429999999935,622.892394559406,617.590659478334
1501.6870000000345,622.8986114701568,617.590659478334
1502.030999999959,622.8799545437037,617.590659478334
1502.359000000055,622.8897082516547,617.590659478334
1502.7029999999795,622.8907529962916,617.590659478334
1503.045999999973,622.8956497168092,617.590659478334
1503.405999999959,622.8870093256642,617.590659478334
1503.75,622.8848589672692,617.590659478334
1504.0929999999935,622.8821146264473,617.590659478334
1504.4370000000345,622.881392325578,617.590659478334
1504.780999999959,622.8880917869019,617.590659478334
1505.109000000055,622.8805034700058,617.590659478334
1505.4529999999795,622.8801666741101,617.590659478334
1505.795999999973,622.8760147969061,617.590659478334
1506.140000000014,622.8811334357887,617.590659478334
1506.484000000055,622.8888325057796,617.590659478334
1506.8120000000345,622.8885351176776,617.590659478334
1507.155999999959,622.8831969447127,617.590659478334
1507.5,622.8767439966113,617.590659478334
1507.8429999999935,622.8833870162442,617.590659478334
1508.1870000000345,622.8732757494083,617.590659478334
1508.530999999959,622.8812148015246,617.590659478334
1508.875,622.8795740029419,617.590659478334
1509.2179999999935,622.8849519905596,617.590659478334
1509.5620000000345,622.8848555338246,617.590659478334
1509.905999999959,622.8933353094143,617.590659478334
1510.25,622.912984120987,617.590659478334
1510.609000000055,623.003945880501,617.590659478334
1510.9529999999795,623.1230468450101,617.590659478334
1511.295999999973,623.1201609553148,617.590659478334
1511.640000000014,623.1056431253465,617.590659478334
1511.984000000055,623.1010112960603,617.590659478334
1512.3279999999795,623.0987923559826,617.590659478334
1512.655999999959,623.0998133622414,617.590659478334
1513.015000000014,623.0980285837875,617.590659478334
1513.359000000055,623.0882757548234,617.590659478334
1513.7029999999795,623.098261243382,617.590659478334
1514.045999999973,623.0874821569195,617.590659478334
1514.405999999959,623.0819114227019,617.590659478334
1514.75,623.0844854542738,617.590659478334
1515.0929999999935,623.0929844630854,617.590659478334
1515.420999999973,623.0809006935932,617.590659478334
1515.765000000014,623.0862385459977,617.590659478334
1516.109000000055,623.095059603215,617.590659478334
1516.4529999999795,623.0825042322032,617.590659478334
1516.780999999959,623.0761782988353,617.590659478334
1517.125,623.0909046837362,617.590659478334
1517.4679999999935,623.1230949397235,617.590659478334
1517.8279999999795,623.1317696188523,617.590659478334
1518.170999999973,623.1376551787429,617.590659478334
1518.515000000014,623.125137559851,617.590659478334
1518.859000000055,623.1113894075498,617.590659478334
1519.2029999999795,623.1042712191802,617.590659478334
1519.545999999973,623.1071986170238,617.590659478334
1519.890000000014,623.1068110589132,617.590659478334
1520.234000000055,623.1056060703734,617.590659478334
1520.5779999999795,623.0992078603257,617.590659478334
1520.920999999973,623.0969449352102,617.590659478334
1521.280999999959,623.1073618156609,617.590659478334
1521.625,623.1011761316616,617.590659478334
1521.9679999999935,623.1004900684316,617.590659478334
1522.3120000000345,623.1033243733543,617.590659478334
1522.655999999959,623.0954210830461,617.590659478334
1523.0,623.094471459018,617.590659478334
1523.3429999999935,623.0857309765149,617.590659478334
1523.7029999999795,623.0951710497366,617.590659478334
1524.045999999973,623.1000016279438,617.590659478334
1524.405999999959,623.0935243042313,617.590659478334
1524.75,623.0901999508332,617.590659478334
1525.0779999999795,623.095210259915,617.590659478334
1525.4370000000345,623.0913168895884,617.590659478334
1525.780999999959,623.0890274487582,617.590659478334
1526.125,623.0898830191438,617.590659478334
1526.4529999999795,623.0878803032948,617.590659478334
1526.8120000000345,623.0963094101979,617.590659478334
1527.140000000014,623.0915766328148,617.590659478334
1527.5,623.0966159210544,617.590659478334
1527.8429999999935,623.0948719160231,617.590659478334
1528.170999999973,623.0815765151914,617.590659478334
1528.530999999959,623.0796147437446,617.590659478334
1528.875,623.0900694530125,617.590659478334
1529.2179999999935,623.0950786774647,617.590659478334
1529.5929999999935,623.0826137350562,617.590659478334
1529.9370000000345,623.0984628870317,617.590659478334
1530.280999999959,623.119770075888,617.590659478334
1530.640000000014,623.1242522021131,617.590659478334
1530.984000000055,623.146026851707,617.590659478334
1531.3279999999795,623.1634476679098,617.590659478334
1531.6870000000345,623.1675223810753,617.590659478334
1532.045999999973,623.176165528371,617.590659478334
1532.405999999959,623.1672005363151,617.590659478334
1532.75,623.1814003990804,617.590659478334
1533.0929999999935,623.1818350404006,617.590659478334
1533.4370000000345,623.1798172694774,617.590659478334
1533.780999999959,623.1915701364571,617.590659478334
1534.140000000014,623.1937734650608,617.590659478334
1534.5929999999935,623.2014275124791,617.590659478334
1534.9529999999795,623.2044495749975,617.590659478334
1535.295999999973,623.2187201432005,617.590659478334
1535.640000000014,623.2072555205851,617.590659478334
1536.0,623.2286687423972,617.590659478334
1536.3429999999935,623.2189249396907,617.590659478334
1536.6870000000345,623.2338287276698,617.590659478334
1537.030999999959,623.2259789538684,617.590659478334
1537.375,623.2299856951076,617.590659478334
1537.7179999999935,623.2356351082844,617.590659478334
1538.0620000000345,623.2378953000413,617.590659478334
1538.405999999959,623.2394113945551,617.590659478334
1538.734000000055,623.2464922660453,617.590659478334
1539.0779999999795,623.2425393733355,617.590659478334
1539.4370000000345,623.2479263998435,617.590659478334
1539.795999999973,623.2478266623157,617.590659478334
1540.125,623.260860767,617.590659478334
1540.484000000055,623.2573333950018,617.590659478334
1540.8120000000345,623.2622857189697,617.590659478334
1541.170999999973,623.2557918229958,617.590659478334
1541.530999999959,623.2589639758879,617.590659478334
1541.875,623.2779345797936,617.590659478334
1542.2179999999935,623.2694595021226,617.590659478334
1542.5779999999795,623.2775617243341,617.590659478334
1542.920999999973,623.2865649035606,617.590659478334
1543.265000000014,623.2793444017411,617.590659478334
1543.625,623.2857233111441,617.590659478334
1543.9679999999935,623.2922971634143,617.590659478334
1544.3120000000345,623.2950895584084,617.590659478334
1544.670999999973,623.2893280386238,617.590659478334
1545.030999999959,623.2962817795265,617.590659478334
1545.375,623.3003999656485,617.590659478334
1545.7179999999935,623.2852545028283,617.590659478334
1546.0779999999795,623.3000182754957,617.590659478334
1546.420999999973,623.2995449052753,617.590659478334
1546.795999999973,623.3052697425917,617.590659478334
1547.125,623.2886087381929,617.590659478334
1547.484000000055,623.2974907509802,617.590659478334
1547.8279999999795,623.3042093633425,617.590659478334
1548.155999999959,623.3180630119901,617.590659478334
1548.515000000014,623.3066861765899,617.590659478334
1548.859000000055,623.31498922392,617.590659478334
1549.2029999999795,623.3231331875945,617.590659478334
1549.545999999973,623.3257878827948,617.590659478334
1549.890000000014,623.3219188791815,617.590659478334
1550.2179999999935,623.3309030686507,617.590659478334
1550.5620000000345,623.3322250631594,617.590659478334
1550.905999999959,623.3178397894075,617.590659478334
1551.25,623.3302216495754,617.590659478334
1551.5929999999935,623.3170477190172,617.590659478334
1551.9370000000345,623.3233823444693,617.590659478334
1552.280999999959,623.3377446292085,617.590659478334
1552.625,623.3424902495892,617.590659478334
1552.984000000055,623.3463428426147,617.590659478334
1553.3279999999795,623.336797024296,617.590659478334
1553.6870000000345,623.342212825195,617.590659478334
1554.030999999959,623.3399105933778,617.590659478334
1554.375,623.3468543686938,617.590659478334
1554.734000000055,623.3538382992675,617.590659478334
1555.0779999999795,623.3476142121146,617.590659478334
1555.4529999999795,623.3514732071553,617.590659478334
1555.795999999973,623.35964181843,617.590659478334
1556.140000000014,623.3558137382779,617.590659478334
1556.484000000055,623.3566007268256,617.590659478334
1556.8279999999795,623.3581139418994,617.590659478334
1557.1870000000345,623.3534786697539,617.590659478334
1557.530999999959,623.3595916155133,617.590659478334
1557.875,623.363605302597,617.590659478334
1558.2179999999935,623.3618188179921,617.590659478334
1558.609000000055,623.3657500006716,617.590659478334
1558.9529999999795,623.3692887092001,617.590659478334
1559.3120000000345,623.3695460119308,617.590659478334
1559.640000000014,623.3758907717544,617.590659478334
1559.984000000055,623.377722043017,617.590659478334
1560.3279999999795,623.3870389004545,617.590659478334
1560.670999999973,623.3773432819381,617.590659478334
1561.015000000014,623.3812970588174,617.590659478334
1561.359000000055,623.3769045851635,617.590659478334
1561.6870000000345,623.3884645683484,617.590659478334
1562.045999999973,623.382604481088,617.590659478334
1562.390000000014,623.386256845312,617.590659478334
1562.7179999999935,623.3823164755604,617.590659478334
1563.0620000000345,623.3861467810311,617.590659478334
1563.405999999959,623.3953084212831,617.590659478334
1563.75,623.3797094277325,617.590659478334
1564.0929999999935,623.394028698132,617.590659478334
1564.4370000000345,623.397514351539,617.590659478334
1564.780999999959,623.3867907966765,617.590659478334
1565.140000000014,623.4061091574251,617.590659478334
1565.5,623.4057512128558,617.590659478334
1565.8429999999935,623.3978810246052,617.590659478334
1566.1870000000345,623.4035714652888,617.590659478334
1566.515000000014,623.4027810105146,617.590659478334
1566.859000000055,623.4115529367734,617.590659478334
1567.2029999999795,623.4041539821835,617.590659478334
1567.545999999973,623.404487075282,617.590659478334
1567.890000000014,623.4082534534438,617.590659478334
1568.234000000055,623.414985870155,617.590659478334
1568.5779999999795,623.408972027467,617.590659478334
1568.920999999973,623.4128011142943,617.590659478334
1569.265000000014,623.4228077928148,617.590659478334
1569.609000000055,623.4262729678243,617.590659478334
1569.9679999999935,623.4155592139537,617.590659478334
1570.3120000000345,623.4200134550465,617.590659478334
1570.655999999959,623.422679094857,617.590659478334
1571.0,623.4145038366781,617.590659478334
1571.3429999999935,623.4210121313973,617.590659478334
1571.6870000000345,623.4232335692241,617.590659478334
1572.030999999959,623.429184145911,617.590659478334
1572.390000000014,623.4294776227039,617.590659478334
1572.734000000055,623.4217571204499,617.590659478334
1573.0779999999795,623.4381219237926,617.590659478334
1573.420999999973,623.4336644442914,617.590659478334
1573.765000000014,623.4318442572769,617.590659478334
1574.109000000055,623.4381761871606,617.590659478334
1574.4679999999935,623.4455883947651,617.590659478334
1574.8120000000345,623.4312533099413,617.590659478334
1575.155999999959,623.4367772417036,617.590659478334
1575.484000000055,623.4397842776548,617.590659478334
1575.8429999999935,623.4430556980373,617.590659478334
1576.1870000000345,623.4431599341351,617.590659478334
1576.545999999973,623.4393502656575,617.590659478334
1576.890000000014,623.4419009252993,617.590659478334
1577.2179999999935,623.4464253818604,617.590659478334
1577.5779999999795,623.4425751506669,617.590659478334
1577.905999999959,623.4538816726985,617.590659478334
1578.25,623.446508013778,617.590659478334
1578.5929999999935,623.4533970184252,617.590659478334
1578.9370000000345,623.4509336787322,617.590659478334
1579.280999999959,623.4552147185334,617.590659478334
1579.625,623.4494169729743,617.590659478334
1579.9679999999935,623.4569899602429,617.590659478334
1580.3120000000345,623.4509095477569,617.590659478334
1580.670999999973,623.4604705324466,617.590659478334
1581.030999999959,623.4548144862651,617.590659478334
1581.375,623.4677913218941,617.590659478334
1581.7179999999935,623.4667469440799,617.590659478334
1582.0620000000345,623.4618223115826,617.590659478334
1582.405999999959,623.4691534902742,617.590659478334
1582.734000000055,623.4684473083604,617.590659478334
1583.0929999999935,623.4677873839987,617.590659478334
1583.420999999973,623.4709635669346,617.590659478334
1583.765000000014,623.4674477080052,617.590659478334
1584.109000000055,623.470422742491,617.590659478334
1584.4529999999795,623.4748110030573,617.590659478334
1584.795999999973,623.4774376593724,617.590659478334
1585.140000000014,623.4791823288066,617.590659478334
1585.484000000055,623.4637672083821,617.590659478334
1585.8120000000345,623.4775257555647,617.590659478334
1586.155999999959,623.4755522716466,617.590659478334
1586.515000000014,623.469107055196,617.590659478334
1586.8429999999935,623.4815654529473,617.590659478334
1587.1870000000345,623.4875154602623,617.590659478334
1587.530999999959,623.4761991169497,617.590659478334
1587.875,623.4793851317486,617.590659478334
1588.2179999999935,623.4902010302566,617.590659478334
1588.5620000000345,623.5003589590822,617.590659478334
1588.905999999959,623.4829061009601,617.590659478334
1589.25,623.4883982394547,617.590659478334
1589.5929999999935,623.4817443087853,617.590659478334
1589.9370000000345,623.4956939824181,617.590659478334
1590.280999999959,623.4901978351604,617.590659478334
1590.625,623.4818664338898,617.590659478334
1590.9679999999935,623.4830612695165,617.590659478334
1591.3120000000345,623.4867851472083,617.590659478334
1591.640000000014,623.4924197910159,617.590659478334
1592.015000000014,623.4965971743204,617.590659478334
1592.359000000055,623.5010835689709,617.590659478334
1592.7029999999795,623.4954456295794,617.590659478334
1593.045999999973,623.4996756734487,617.590659478334
1593.390000000014,623.50366839321,617.590659478334
1593.734000000055,623.5004677380736,617.590659478334
1594.0620000000345,623.4990917023383,617.590659478334
1594.405999999959,623.5029403798579,617.590659478334
1594.734000000055,623.5031522735474,617.590659478334
1595.0779999999795,623.4962426499117,617.590659478334
1595.4370000000345,623.5046260072431,617.590659478334
1595.765000000014,623.5057197538056,617.590659478334
1596.125,623.5047516403749,617.590659478334
1596.4679999999935,623.5063410502055,617.590659478334
1596.8120000000345,623.5013759146915,617.590659478334
1597.155999999959,623.5143913461429,617.590659478334
1597.5,623.5290561880068,617.590659478334
1597.859000000055,623.5359231994069,617.590659478334
1598.2029999999795,623.5580051682558,617.590659478334
1598.545999999973,623.5693316567517,617.590659478334
1598.890000000014,623.5618881291794,617.590659478334
1599.25,623.5552888946255,617.590659478334
1599.5929999999935,623.5668903684642,617.590659478334
1599.920999999973,623.5628942817812,617.590659478334
1600.280999999959,623.5598030638549,617.590659478334
1600.625,623.5431183726977,617.590659478334
1600.984000000055,623.5551880654345,617.590659478334
1601.3279999999795,623.5483861885904,617.590659478334
1601.670999999973,623.5327666665421,617.590659478334
1602.030999999959,623.5318787421478,617.590659478334
1602.375,623.5277765617176,617.590659478334
1602.7179999999935,623.5274826279951,617.590659478334
1603.0620000000345,623.5275912312519,617.590659478334
1603.405999999959,623.519725497496,617.590659478334
1603.75,623.5255876238251,617.590659478334
1604.0779999999795,623.5207958727207,617.590659478334
1604.420999999973,623.5196651317832,617.590659478334
1604.765000000014,623.520777648539,617.590659478334
1605.125,623.5297603359079,617.590659478334
1605.4529999999795,623.5267906790286,617.590659478334
1605.795999999973,623.5248942063577,617.590659478334
1606.140000000014,623.5371525990145,617.590659478334
1606.484000000055,623.5242898597126,617.590659478334
1606.8429999999935,623.5098286717821,617.590659478334
1607.1870000000345,623.5225515772585,617.590659478334
1607.530999999959,623.5314930218221,617.590659478334
1607.875,623.5234892710807,617.590659478334
1608.2179999999935,623.5255809472126,617.590659478334
1608.5620000000345,623.5231814600784,617.590659478334
1608.905999999959,623.5305697852656,617.590659478334
1609.234000000055,623.5284754062772,617.590659478334
1609.5929999999935,623.5202582640909,617.590659478334
1609.920999999973,623.5216414034907,617.590659478334
1610.265000000014,623.5165192771736,617.590659478334
1610.609000000055,623.5274378096881,617.590659478334
1610.9529999999795,623.5221037239618,617.590659478334
1611.295999999973,623.5315524535395,617.590659478334
1611.640000000014,623.519049147305,617.590659478334
1612.015000000014,623.5248678411298,617.590659478334
1612.359000000055,623.5123350254295,617.590659478334
1612.7029999999795,623.5148394275852,617.590659478334
1613.045999999973,623.5199015048669,617.590659478334
1613.390000000014,623.5260968050982,617.590659478334
1613.734000000055,623.5169914780392,617.590659478334
1614.0779999999795,623.520077867388,617.590659478334
1614.420999999973,623.5140977252094,617.590659478334
1614.765000000014,623.5103460234832,617.590659478334
1615.109000000055,623.5168198076183,617.590659478334
1615.4529999999795,623.5163146688792,617.590659478334
1615.780999999959,623.5213518268774,617.590659478334
1616.140000000014,623.5197759968469,617.590659478334
1616.4679999999935,623.531525083175,617.590659478334
1616.8120000000345,623.5131951938491,617.590659478334
1617.170999999973,623.5131402575524,617.590659478334
1617.515000000014,623.5134401487403,617.590659478334
1617.859000000055,623.5161316943638,617.590659478334
1618.2029999999795,623.5130777279634,617.590659478334
1618.609000000055,623.5217420075562,617.590659478334
1618.9529999999795,623.5103602216886,617.590659478334
1619.295999999973,623.5110244005115,617.590659478334
1619.640000000014,623.5183715914058,617.590659478334
1619.984000000055,623.5192215132618,617.590659478334
1620.3120000000345,623.5208733287444,617.590659478334
1620.670999999973,623.509966575472,617.590659478334
1621.015000000014,623.5066558429004,617.590659478334
1621.359000000055,623.5145918240222,617.590659478334
1621.7029999999795,623.5205692224455,617.590659478334
1622.045999999973,623.51892340599,617.590659478334
1622.390000000014,623.5272924145196,617.590659478334
1622.734000000055,623.5230743465263,617.590659478334
1623.0929999999935,623.518219538175,617.590659478334
1623.420999999973,623.5196823053298,617.590659478334
1623.780999999959,623.5125251939089,617.590659478334
1624.125,623.525929803694,617.590659478334
1624.4679999999935,623.5223052042761,617.590659478334
1624.795999999973,623.5138388260173,617.590659478334
1625.155999999959,623.5152374472096,617.590659478334
1625.5,623.5251730734311,617.590659478334
1625.8429999999935,623.5218908002579,617.590659478334
1626.1870000000345,623.5278971121959,617.590659478334
1626.530999999959,623.5115395850102,617.590659478334
1626.875,623.5147366638182,617.590659478334
1627.2179999999935,623.5226170700838,617.590659478334
1627.5620000000345,623.5200149651868,617.590659478334
1627.905999999959,623.5252425961108,617.590659478334
1628.265000000014,623.5192363903691,617.590659478334
1628.609000000055,623.5243992737168,617.590659478334
1628.9529999999795,623.5168704906027,617.590659478334
1629.295999999973,623.5175811644821,617.590659478334
1629.640000000014,623.516410637715,617.590659478334
1630.0,623.5229073993555,617.590659478334
1630.3429999999935,623.5227166901682,617.590659478334
1630.670999999973,623.5077820097295,617.590659478334
1631.015000000014,623.511710251028,617.590659478334
1631.359000000055,623.508536837327,617.590659478334
1631.7029999999795,623.5206202036551,617.590659478334
1632.0620000000345,623.5193815314157,617.590659478334
1632.390000000014,623.5186759617593,617.590659478334
1632.75,623.5197191858838,617.590659478334
1633.0929999999935,623.5109201360223,617.590659478334
1633.4370000000345,623.5135623167233,617.590659478334
1633.765000000014,623.5164516114947,617.590659478334
1634.109000000055,623.5168112003207,617.590659478334
1634.4529999999795,623.5196314139866,617.590659478334
1634.795999999973,623.5237247932679,617.590659478334
1635.140000000014,623.5287742259551,617.590659478334
1635.484000000055,623.5056871112344,617.590659478334
1635.8279999999795,623.5196140974206,617.590659478334
1636.170999999973,623.5135148292583,617.590659478334
1636.530999999959,623.5172907253838,617.590659478334
1636.875,623.5203930199563,617.590659478334
1637.2179999999935,623.5175906770568,617.590659478334
1637.5620000000345,623.51938950181,617.590659478334
1637.905999999959,623.5202972180076,617.590659478334
1638.265000000014,623.5137282605313,617.590659478334
1638.5929999999935,623.5153873532427,617.590659478334
1638.9529999999795,623.5140760603465,617.590659478334
1639.295999999973,623.516417798646,617.590659478334
1639.625,623.5072113757061,617.590659478334
1639.984000000055,623.5093960217721,617.590659478334
1640.3279999999795,623.5157831236178,617.590659478334
1640.670999999973,623.509270650706,617.590659478334
1641.015000000014,623.5133551778251,617.590659478334
1641.3429999999935,623.5210759216941,617.590659478334
1641.7029999999795,623.5211184337265,617.590659478334
1642.045999999973,623.518805851693,617.590659478334
1642.405999999959,623.5248847218545,617.590659478334
1642.75,623.5203926825847,617.590659478334
1643.0929999999935,623.520970457501,617.590659478334
1643.4370000000345,623.4993315307909,617.590659478334
1643.780999999959,623.5172839388126,617.590659478334
1644.125,623.5276785339247,617.590659478334
1644.4679999999935,623.5184470765458,617.590659478334
1644.8120000000345,623.5284647625798,617.590659478334
1645.155999999959,623.5153988579199,617.590659478334
1645.5,623.5187416957037,617.590659478334
1645.8279999999795,623.5083616384093,617.590659478334
1646.1870000000345,623.5196453858599,617.590659478334
1646.530999999959,623.5189682287931,617.590659478334
1646.875,623.512664478117,617.590659478334
1647.2179999999935,623.5250816729006,617.590659478334
1647.5620000000345,623.5199936941216,617.590659478334
1647.890000000014,623.5153684419039,617.590659478334
1648.25,623.5235473362802,617.590659478334
1648.5929999999935,623.5119046725002,617.590659478334
1648.9370000000345,623.5141150142235,617.590659478334
1649.280999999959,623.5249198893634,617.590659478334
1649.640000000014,623.5262789671299,617.590659478334
1649.984000000055,623.5110067581712,617.590659478334
1650.3279999999795,623.5183121578731,617.590659478334
1650.6870000000345,623.5108408260417,617.590659478334
1651.030999999959,623.5186146690899,617.590659478334
1651.375,623.5297017745893,617.590659478334
1651.7179999999935,623.5168975618469,617.590659478334
1652.0620000000345,623.5113101180574,617.590659478334
1652.405999999959,623.5197361120054,617.590659478334
1652.75,623.5170408899476,617.590659478334
1653.0929999999935,623.5185992020616,617.590659478334
1653.4529999999795,623.5252485453788,617.590659478334
1653.795999999973,623.5113663553747,617.590659478334
1654.140000000014,623.5103485706637,617.590659478334
1654.484000000055,623.5159918408917,617.590659478334
1654.8279999999795,623.5150585208066,617.590659478334
1655.170999999973,623.5081118042277,617.590659478334
1655.515000000014,623.5147052828573,617.590659478334
1655.859000000055,623.5171893515537,617.590659478334
1656.1870000000345,623.5224850596996,617.590659478334
1656.545999999973,623.5078089987304,617.590659478334
1656.875,623.5184638986052,617.590659478334
1657.2179999999935,623.5213061763907,617.590659478334
1657.5620000000345,623.5104173181061,617.590659478334
1657.905999999959,623.511244271088,617.590659478334
1658.25,623.5099019426924,617.590659478334
1658.5929999999935,623.5243054902124,617.590659478334
1658.9370000000345,623.5160511061496,617.590659478334
1659.280999999959,623.5159907969132,617.590659478334
1659.625,623.5212325962697,617.590659478334
1659.9679999999935,623.5123727441472,617.590659478334
1660.3120000000345,623.5364407825643,617.590659478334
1660.655999999959,623.3604829921546,617.590659478334
1660.984000000055,623.2171695643771,617.590659478334
1661.3429999999935,623.1518793180272,617.590659478334
1661.670999999973,623.1033226353621,617.590659478334
1662.015000000014,623.0892049168758,617.590659478334
1662.359000000055,623.060887533903,617.590659478334
1662.7029999999795,623.0424436304681,617.590659478334
1663.045999999973,623.0167598890058,617.590659478334
1663.405999999959,623.0019176612235,617.590659478334
1663.734000000055,622.9985724068147,617.590659478334
1664.0779999999795,622.9801006047865,617.590659478334
1664.420999999973,622.9827393689699,617.590659478334
1664.765000000014,622.9702238969353,617.590659478334
1665.109000000055,622.9677410164636,617.590659478334
1665.4529999999795,622.9619582359894,617.590659478334
1665.795999999973,622.9602352961462,617.590659478334
1666.140000000014,622.9508664388121,617.590659478334
1666.484000000055,622.9440533753186,617.590659478334
1666.8120000000345,622.9333640473048,617.590659478334
1667.155999999959,622.9419883105039,617.590659478334
1667.5,622.9360150821236,617.590659478334
1667.8429999999935,622.9226805202295,617.590659478334
1668.1870000000345,622.934363207861,617.590659478334
1668.530999999959,622.9338551025925,617.590659478334
1668.859000000055,622.9228992562197,617.590659478334
1669.2179999999935,622.9236509945806,617.590659478334
1669.5620000000345,622.9214326393812,617.590659478334
1669.905999999959,622.9167324823757,617.590659478334
1670.234000000055,622.9180638158209,617.590659478334
1670.5779999999795,622.9093209855824,617.590659478334
1670.920999999973,622.9114839012277,617.590659478334
1671.265000000014,622.9139194487825,617.590659478334
1671.609000000055,622.9198533907901,617.590659478334
1671.9529999999795,622.9238799888939,617.590659478334
1672.295999999973,622.9135289511671,617.590659478334
1672.640000000014,622.9414123190057,617.590659478334
1672.984000000055,623.0267269114058,617.590659478334
1673.3120000000345,623.1499169549404,617.590659478334
1673.670999999973,623.1536756115141,617.590659478334
1674.015000000014,623.1409509046786,617.590659478334
1674.375,623.1441494972707,617.590659478334
1674.7179999999935,623.1223870234587,617.590659478334
1675.0620000000345,623.1289424449944,617.590659478334
1675.405999999959,623.1213818995559,617.590659478334
1675.765000000014,623.1253594829817,617.590659478334
1676.109000000055,623.1323409247497,617.590659478334
1676.4529999999795,623.1287152393867,617.590659478334
1676.795999999973,623.1258482934171,617.590659478334
1677.140000000014,623.1069334988579,617.590659478334
1677.484000000055,623.1254004850986,617.590659478334
1677.8279999999795,623.1181200694695,617.590659478334
1678.1870000000345,623.1191574761503,617.590659478334
1678.625,623.1204441960394,617.590659478334
1678.984000000055,623.1148497033731,617.590659478334
1679.3279999999795,623.1131453578124,617.590659478334
1679.670999999973,623.1147054679259,617.590659478334
1680.030999999959,623.1204790618477,617.590659478334
1680.375,623.1222464419532,617.590659478334
1680.7179999999935,623.1154399691958,617.590659478334
1681.0620000000345,623.121473118317,617.590659478334
1681.420999999973,623.1052554673295,617.590659478334
1681.765000000014,623.1191763976467,617.590659478334
1682.109000000055,623.1200966889162,617.590659478334
1682.4370000000345,623.1220227874466,617.590659478334
1682.780999999959,623.1217838190038,617.590659478334
1683.125,623.1084043511693,617.590659478334
1683.4679999999935,623.1083631800736,617.590659478334
1683.8120000000345,623.1167862376973,617.590659478334
1684.155999999959,623.1141243777241,617.590659478334
1684.5,623.118848331895,617.590659478334
1684.8429999999935,623.1294460005565,617.590659478334
1685.1870000000345,623.0820159296629,617.590659478334
1685.530999999959,622.9534637210303,617.590659478334
1685.875,622.9418851246421,617.590659478334
1686.2179999999935,622.9397738010761,617.590659478334
1686.5620000000345,622.9465587487686,617.590659478334
1686.905999999959,622.9535459455157,617.590659478334
1687.234000000055,622.9309581360035,617.590659478334
1687.5929999999935,622.9316460375779,617.590659478334
1687.9370000000345,622.9198423222997,617.590659478334
1688.265000000014,622.9127114343494,617.590659478334
1688.625,622.9148128485198,617.590659478334
1688.9679999999935,622.9228723406936,617.590659478334
1689.3120000000345,622.9161534712514,617.590659478334
1689.655999999959,622.9105041785733,617.590659478334
1690.015000000014,622.9099232080895,617.590659478334
1690.359000000055,622.9096696475938,617.590659478334
1690.7179999999935,622.900708795043,617.590659478334
1691.045999999973,622.9070492298015,617.590659478334
1691.390000000014,622.9080541344878,617.590659478334
1691.734000000055,622.9091463495622,617.590659478334
1692.0779999999795,622.9037202824995,617.590659478334
1692.420999999973,622.9028478559231,617.590659478334
1692.765000000014,622.9023973224886,617.590659478334
1693.109000000055,622.9059456170348,617.590659478334
1693.4529999999795,622.8996896897154,617.590659478334
1693.795999999973,622.8977633883986,617.590659478334
1694.125,622.8999540245389,617.590659478334
1694.4679999999935,622.9069760142946,617.590659478334
1694.8120000000345,622.8938332802222,617.590659478334
1695.140000000014,622.9034526424587,617.590659478334
1695.484000000055,622.9060951854015,617.590659478334
1695.8120000000345,622.8937380168628,617.590659478334
1696.170999999973,622.9008029478239,617.590659478334
1696.515000000014,622.8979034385495,617.590659478334
1696.859000000055,622.9042505567879,617.590659478334
1697.2179999999935,622.8958713626515,617.590659478334
1697.5620000000345,622.9232889416675,617.590659478334
1697.905999999959,623.041284110152,617.590659478334
1698.25,623.1408785826907,617.590659478334
1698.609000000055,623.1387378621216,617.590659478334
1698.9529999999795,623.1310086670733,617.590659478334
1699.280999999959,623.1245860324486,617.590659478334
1699.625,623.1151917167921,617.590659478334
1700.0,623.1108804536614,617.590659478334
1700.3429999999935,623.1287502349089,617.590659478334
1700.670999999973,623.1098757078644,617.590659478334
1701.015000000014,623.1122281679467,617.590659478334
1701.375,623.1118874140825,617.590659478334
1701.7029999999795,623.1074190851461,617.590659478334
1702.0620000000345,623.1118432598519,617.590659478334
1702.405999999959,623.1079133251482,617.590659478334
1702.734000000055,623.113889473741,617.590659478334
1703.0779999999795,623.1088405373346,617.590659478334
1703.420999999973,623.1060214427006,617.590659478334
1703.765000000014,623.1049504596449,617.590659478334
1704.109000000055,623.1075386476857,617.590659478334
1704.4529999999795,623.1152315710559,617.590659478334
1704.795999999973,623.1459736731668,617.590659478334
1705.140000000014,623.1490461257335,617.590659478334
1705.484000000055,623.1535557410394,617.590659478334
1705.8279999999795,623.1336761724058,617.590659478334
1706.1870000000345,623.1378563338643,617.590659478334
1706.530999999959,623.1300480857548,617.590659478334
1706.875,623.1240204773368,617.590659478334
1707.234000000055,623.1339262987593,617.590659478334
1707.5620000000345,623.1159311140664,617.590659478334
1707.905999999959,623.1186893480548,617.590659478334
1708.265000000014,623.1272799738952,617.590659478334
1708.609000000055,623.1220089569863,617.590659478334
1708.9679999999935,623.1272139064804,617.590659478334
1709.3120000000345,623.1109611215935,617.590659478334
1709.670999999973,623.1154201868679,617.590659478334
1710.015000000014,623.1075816349138,617.590659478334
1710.359000000055,623.1190110527946,617.590659478334
1710.7179999999935,623.1249189665165,617.590659478334
1711.0620000000345,623.1124376998632,617.590659478334
1711.405999999959,623.1197982891201,617.590659478334
1711.765000000014,623.1131972366433,617.590659478334
1712.109000000055,623.1149209440786,617.590659478334
1712.4529999999795,623.1167064000863,617.590659478334
1712.795999999973,623.1088195732973,617.590659478334
1713.155999999959,623.114070750217,617.590659478334
1713.5,623.1174945381614,617.590659478334
1713.8429999999935,623.1054011905204,617.590659478334
1714.1870000000345,623.1070891416463,617.590659478334
1714.609000000055,623.1158084142788,617.590659478334
1714.9679999999935,623.1126712760266,617.590659478334
1715.3120000000345,623.1091813401833,617.590659478334
1715.655999999959,623.1064107409259,617.590659478334
1716.015000000014,623.1067727760965,617.590659478334
1716.375,623.1093292637369,617.590659478334
1716.7179999999935,623.1032731383401,617.590659478334
1717.0620000000345,623.1078358725716,617.590659478334
1717.405999999959,623.1259091999336,617.590659478334
1717.75,623.1374927686161,617.590659478334
1718.109000000055,623.1469904024995,617.590659478334
1718.4370000000345,623.1700236512409,617.590659478334
1718.795999999973,623.1867875778253,617.590659478334
1719.140000000014,623.1812614355805,617.590659478334
1719.484000000055,623.1835867162015,617.590659478334
1719.8279999999795,623.1904698202035,617.590659478334
1720.1870000000345,623.2007114437671,617.590659478334
1720.530999999959,623.2023363105443,617.590659478334
1720.875,623.2087629199793,617.590659478334
1721.234000000055,623.2219780248042,617.590659478334
1721.5929999999935,623.2252373056288,617.590659478334
1721.9370000000345,623.2256188503412,617.590659478334
1722.280999999959,623.231194088705,617.590659478334
1722.640000000014,623.225763003756,617.590659478334
1723.0,623.2387185049707,617.590659478334
1723.359000000055,623.2396078512754,617.590659478334
1723.7029999999795,623.2471639744515,617.590659478334
1724.0620000000345,623.2417314322903,617.590659478334
1724.420999999973,623.2493007049984,617.590659478334
1724.765000000014,623.2586099459261,617.590659478334
1725.125,623.2476560829901,617.590659478334
1725.4679999999935,623.2513120277836,617.590659478334
1725.8120000000345,623.2516210050524,617.590659478334
1726.170999999973,623.2662120375714,617.590659478334
1726.545999999973,623.2790829556698,617.590659478334
1726.905999999959,623.2718822505967,617.590659478334
1727.25,623.2729724479516,617.590659478334
1727.5929999999935,623.271118470522,617.590659478334
1727.9370000000345,623.2775968907202,617.590659478334
1728.295999999973,623.2910777301993,617.590659478334
1728.640000000014,623.2863991042248,617.590659478334
1728.984000000055,623.2798136271778,617.590659478334
1729.3429999999935,623.285154418714,617.590659478334
1729.670999999973,623.2947554370558,617.590659478334
1730.030999999959,623.2901544202786,617.590659478334
1730.375,623.2949595020087,617.590659478334
1730.7179999999935,623.304323666553,617.590659478334
1731.0620000000345,623.3019004508799,617.590659478334
1731.420999999973,623.301478725475,617.590659478334
1731.765000000014,623.3128092067388,617.590659478334
1732.109000000055,623.3099047964449,617.590659478334
1732.4529999999795,623.3110063356794,617.590659478334
1732.795999999973,623.3097836558064,617.590659478334
1733.155999999959,623.3144834070632,617.590659478334
1733.5,623.3254095705942,617.590659478334
1733.8429999999935,623.3208273138732,617.590659478334
1734.1870000000345,623.3262647918413,617.590659478334
1734.530999999959,623.332078229151,617.590659478334
1734.875,623.3268403806161,617.590659478334
1735.234000000055,623.3300247436919,617.590659478334
1735.5779999999795,623.3195897850162,617.590659478334
1735.920999999973,623.3285130413656,617.590659478334
1736.265000000014,623.3310428150198,617.590659478334
1736.625,623.339861892762,617.590659478334
1736.984000000055,623.3375239017963,617.590659478334
1737.3279999999795,623.3454932774689,617.590659478334
1737.6870000000345,623.3428128620169,617.590659478334
1738.030999999959,623.3512961760837,617.590659478334
1738.375,623.3495197442129,617.590659478334
1738.7029999999795,623.3496139679631,617.590659478334
1739.0620000000345,623.354739401557,617.590659478334
1739.390000000014,623.3540658469046,617.590659478334
1739.75,623.35333181342,617.590659478334
1740.0929999999935,623.351597467721,617.590659478334
1740.4370000000345,623.3701088279093,617.590659478334
1740.780999999959,623.359888310426,617.590659478334
1741.109000000055,623.3604819258446,617.590659478334
1741.4529999999795,623.360558410729,617.590659478334
1741.795999999973,623.3712340458743,617.590659478334
1742.140000000014,623.3585449364468,617.590659478334
1742.484000000055,623.3623541062242,617.590659478334
1742.8279999999795,623.3753775444178,617.590659478334
1743.155999999959,623.3797302110466,617.590659478334
1743.5,623.3632300771319,617.590659478334
1743.859000000055,623.382605928404,617.590659478334
1744.1870000000345,623.3774684284991,617.590659478334
1744.530999999959,623.3787236179795,617.590659478334
1744.890000000014,623.381200227501,617.590659478334
1745.234000000055,623.3841699036092,617.590659478334
1745.5779999999795,623.3699627960575,617.590659478334
1745.920999999973,623.3953835047108,617.590659478334
1746.265000000014,623.3886460761921,617.590659478334
1746.625,623.3831411882622,617.590659478334
1746.984000000055,623.3924104353949,617.590659478334
1747.3279999999795,623.399531442542,617.590659478334
1747.670999999973,623.3906122948506,617.590659478334
1748.030999999959,623.3932065133525,617.590659478334
1748.359000000055,623.3979622445222,617.590659478334
1748.7179999999935,623.4089217076793,617.590659478334
1749.0620000000345,623.3991173252944,617.590659478334
1749.405999999959,623.4029897472819,617.590659478334
1749.75,623.4134141387237,617.590659478334
1750.0929999999935,623.4086772734312,617.590659478334
1750.4529999999795,623.4077605190255,617.590659478334
1750.780999999959,623.4032925544662,617.590659478334
1751.140000000014,623.4075191444631,617.590659478334
1751.4679999999935,623.4049905985137,617.590659478334
1751.8120000000345,623.4125775046746,617.590659478334
1752.155999999959,623.4150812361061,617.590659478334
1752.515000000014,623.4219086401355,617.590659478334
1752.8429999999935,623.424054160807,617.590659478334
1753.1870000000345,623.4141251963229,617.590659478334
1753.530999999959,623.419770618519,617.590659478334
1753.875,623.4213213123855,617.590659478334
1754.2179999999935,623.42906756701,617.590659478334
1754.5620000000345,623.4252968124232,617.590659478334
1754.905999999959,623.4315259352054,617.590659478334
1755.25,623.4264062513432,617.590659478334
1755.5929999999935,623.4319765281299,617.590659478334
1755.9370000000345,623.4309262817928,617.590659478334
1756.280999999959,623.4384015595655,617.590659478334
1756.625,623.428091353958,617.590659478334
1756.984000000055,623.4328948325663,617.590659478334
1757.3279999999795,623.4349924487535,617.590659478334
1757.670999999973,623.439763624239,617.590659478334
1758.030999999959,623.4446466116962,617.590659478334
1758.375,623.4403249877463,617.590659478334
1758.734000000055,623.4409168961186,617.590659478334
1759.0620000000345,623.4432088695347,617.590659478334
1759.420999999973,623.4509230977059,617.590659478334
1759.75,623.4419304707136,617.590659478334
1760.0929999999935,623.4447370179249,617.590659478334
1760.4370000000345,623.4493648165184,617.590659478334
1760.780999999959,623.4399540566365,617.590659478334
1761.125,623.4545163466971,617.590659478334
1761.4679999999935,623.4524955211364,617.590659478334
1761.795999999973,623.4645449195117,617.590659478334
1762.140000000014,623.4616747202074,617.590659478334
1762.515000000014,623.4595612801814,617.590659478334
1762.859000000055,623.4532914013829,617.590659478334
1763.2029999999795,623.4651438163326,617.590659478334
1763.530999999959,623.4608910804508,617.590659478334
1763.875,623.4613745286568,617.590659478334
1764.2179999999935,623.463552566692,617.590659478334
1764.5620000000345,623.4801577669399,617.590659478334
1764.890000000014,623.466469374725,617.590659478334
1765.25,623.4697523235967,617.590659478334
1765.5779999999795,623.4710893028353,617.590659478334
1765.920999999973,623.4641647147646,617.590659478334
1766.265000000014,623.4757402934787,617.590659478334
1766.5929999999935,623.4841163976382,617.590659478334
1766.9370000000345,623.4618086090461,617.590659478334
1767.280999999959,623.4640153002906,617.590659478334
1767.625,623.4771767515595,617.590659478334
1767.984000000055,623.476873375482,617.590659478334
1768.3279999999795,623.4730391662124,617.590659478334
1768.670999999973,623.4809914053948,617.590659478334
1769.015000000014,623.4817606437946,617.590659478334
1769.3429999999935,623.4757582648831,617.590659478334
1769.6870000000345,623.4862008485214,617.590659478334
1770.030999999959,623.4834713225325,617.590659478334
1770.375,623.4764039319081,617.590659478334
1770.7179999999935,623.4799091661181,617.590659478334
1771.0620000000345,623.4927395369787,617.590659478334
1771.405999999959,623.4917371320967,617.590659478334
1771.734000000055,623.4819424928382,617.590659478334
1772.0779999999795,623.4912541882738,617.590659478334
1772.420999999973,623.4892703765659,617.590659478334
1772.765000000014,623.5009888902899,617.590659478334
1773.109000000055,623.4950383697466,617.590659478334
1773.4529999999795,623.4943457190299,617.590659478334
1773.795999999973,623.4842801083519,617.590659478334
1774.140000000014,623.4942151868494,617.590659478334
1774.484000000055,623.5064496926531,617.590659478334
1774.8120000000345,623.4989088950875,617.590659478334
1775.155999999959,623.513490754005,617.590659478334
1775.515000000014,623.4983004974044,617.590659478334
1775.859000000055,623.5042855658269,617.590659478334
1776.2029999999795,623.4977298829165,617.590659478334
1776.545999999973,623.5097960989608,617.590659478334
1776.890000000014,623.5124840682549,617.590659478334
1777.234000000055,623.5068264683154,617.590659478334
1777.5620000000345,623.5158521142263,617.590659478334
1777.905999999959,623.5099790559811,617.590659478334
1778.265000000014,623.5089547200575,617.590659478334
1778.609000000055,623.5104905427986,617.590659478334
1778.9529999999795,623.514784900975,617.590659478334
1779.295999999973,623.5077161711171,617.590659478334
1779.640000000014,623.5106274815715,617.590659478334
1779.984000000055,623.5197018694937,617.590659478334
1780.3279999999795,623.5177211563874,617.590659478334
1780.670999999973,623.5152089546615,617.590659478334
1781.015000000014,623.5204302402522,617.590659478334
1781.3429999999935,623.5145923259122,617.590659478334
1781.6870000000345,623.5225683077847,617.590659478334
1782.030999999959,623.5167454412752,617.590659478334
1782.375,623.5231426256315,617.590659478334
1782.7029999999795,623.5255207658598,617.590659478334
1783.0620000000345,623.5195697984298,617.590659478334
1783.390000000014,623.5255878304165,617.590659478334
1783.75,623.5297258925386,617.590659478334
1784.0929999999935,623.5164101442449,617.590659478334
1784.4370000000345,623.5263547669092,617.590659478334
1784.795999999973,623.5510266864885,617.590659478334
1785.140000000014,623.5504827693073,617.590659478334
1785.4679999999935,623.5729659123955,617.590659478334
1785.8120000000345,623.5682149446202,617.590659478334
1786.155999999959,623.5701489055924,617.590659478334
1786.545999999973,623.586800772696,617.590659478334
1786.875,623.5763336090871,617.590659478334
1787.2179999999935,623.5662020937972,617.590659478334
1787.5620000000345,623.5699111332262,617.590659478334
1787.905999999959,623.5622095851671,617.590659478334
1788.25,623.5590947937835,617.590659478334
1788.5929999999935,623.5660806426858,617.590659478334
1788.9370000000345,623.5530210047505,617.590659478334
1789.280999999959,623.5507073596315,617.590659478334
1789.625,623.5427665313395,617.590659478334
1789.9679999999935,623.5500639995236,617.590659478334
1790.3120000000345,623.5497635851335,617.590659478334
1790.655999999959,623.5521697119605,617.590659478334
1791.0,623.5503812392085,617.590659478334
1791.3429999999935,623.5449945221916,617.590659478334
1791.6870000000345,623.5510477197854,617.590659478334
1792.030999999959,623.5353788132198,617.590659478334
1792.359000000055,623.5453415082308,617.590659478334
1792.7029999999795,623.5476547284708,617.590659478334
1793.045999999973,623.538311621665,617.590659478334
1793.390000000014,623.5469375908366,617.590659478334
1793.734000000055,623.5442531039911,617.590659478334
1794.0779999999795,623.5461922035917,617.590659478334
1794.420999999973,623.5336053911623,617.590659478334
1794.765000000014,623.5427312746077,617.590659478334
1795.109000000055,623.5422493206823,617.590659478334
1795.4529999999795,623.5452810045501,617.590659478334
1795.795999999973,623.5436921763617,617.590659478334
1796.125,623.5322534407288,617.590659478334
1796.484000000055,623.5305207327244,617.590659478334
1796.8120000000345,623.5345918857263,617.590659478334
1797.170999999973,623.5399255856281,617.590659478334
1797.5,623.5349648450117,617.590659478334
1797.8429999999935,623.5424351334065,617.590659478334
1798.1870000000345,623.5347114448476,617.590659478334
1798.609000000055,623.5362217047608,617.590659478334
1798.9529999999795,623.5324599198607,617.590659478334
1799.295999999973,623.5416929039352,617.590659478334
1799.640000000014,623.5395149020829,617.590659478334
1799.984000000055,623.5356108717556,617.590659478334
1800.3279999999795,623.5463162409012,617.590659478334
1800.670999999973,623.5437879894154,617.590659478334
1801.015000000014,623.5274847177855,617.590659478334
1801.359000000055,623.5339616470249,617.590659478334
1801.7029999999795,623.5410441221292,617.590659478334
1802.045999999973,623.5445457216786,617.590659478334
1802.390000000014,623.543621128044,617.590659478334
1802.734000000055,623.536381491497,617.590659478334
1803.0779999999795,623.5414069159353,617.590659478334
1803.420999999973,623.5376025306558,617.590659478334
1803.780999999959,623.5490798543285,617.590659478334
1804.125,623.5388236450367,617.590659478334
1804.4679999999935,623.5419523183189,617.590659478334
1804.8279999999795,623.5411341141828,617.590659478334
1805.1870000000345,623.5377075573643,617.590659478334
1805.530999999959,623.5484010665082,617.590659478334
1805.875,623.5371961422779,617.590659478334
1806.2179999999935,623.540984736708,617.590659478334
1806.5779999999795,623.5385038344335,617.590659478334
1806.920999999973,623.5379051524997,617.590659478334
1807.280999999959,623.543528472222,617.590659478334
1807.625,623.5282926349898,617.590659478334
1807.984000000055,623.5293668473447,617.590659478334
1808.3429999999935,623.5332618238816,617.590659478334
1808.6870000000345,623.5295995017209,617.590659478334
1809.045999999973,623.5306885387507,617.590659478334
1809.390000000014,623.5377552922356,617.590659478334
1809.734000000055,623.5437500345454,617.590659478334
1810.0779999999795,623.5283388319538,617.590659478334
1810.420999999973,623.5466496791204,617.590659478334
1810.765000000014,623.5387565458678,617.590659478334
1811.109000000055,623.5391577183931,617.590659478334
1811.4529999999795,623.5352307049192,617.590659478334
1811.795999999973,623.5405741655183,617.590659478334
1812.140000000014,623.5424453075543,617.590659478334
1812.484000000055,623.5305465542571,617.590659478334
1812.8279999999795,623.5429564399366,617.590659478334
1813.170999999973,623.5268513962064,617.590659478334
1813.515000000014,623.54100547761,617.590659478334
1813.875,623.5421080107209,617.590659478334
1814.2029999999795,623.5377801125876,617.590659478334
1814.545999999973,623.5352579789329,617.590659478334
1814.890000000014,623.5367283400972,617.590659478334
1815.234000000055,623.5363185219492,617.590659478334
1815.5929999999935,623.54425670523,617.590659478334
1815.920999999973,623.5392157955824,617.590659478334
1816.280999999959,623.5273839097251,617.590659478334
1816.625,623.5375305016004,617.590659478334
1816.9679999999935,623.54048764288,617.590659478334
1817.3120000000345,623.5416795582566,617.590659478334
1817.670999999973,623.538347562706,617.590659478334
1818.0,623.5301613665773,617.590659478334
1818.3429999999935,623.5383090140357,617.590659478334
1818.6870000000345,623.5342871855818,617.590659478334
1819.030999999959,623.5439936410859,617.590659478334
1819.390000000014,623.538985067917,617.590659478334
1819.734000000055,623.5309429260875,617.590659478334
1820.0620000000345,623.5365765420376,617.590659478334
1820.405999999959,623.5356982993558,617.590659478334
1820.75,623.5440569557447,617.590659478334
1821.109000000055,623.5264007726703,617.590659478334
1821.4529999999795,623.5313059158444,617.590659478334
1821.780999999959,623.5459253212399,617.590659478334
1822.140000000014,623.5361211180589,617.590659478334
1822.515000000014,623.5390284242063,617.590659478334
1822.875,623.5363970218431,617.590659478334
1823.2179999999935,623.534926605365,617.590659478334
1823.545999999973,623.5317681565332,617.590659478334
1823.905999999959,623.5414295983298,617.590659478334
1824.25,623.5414545102117,617.590659478334
1824.5929999999935,623.5396236507981,617.590659478334
1824.9370000000345,623.5406154181472,617.590659478334
1825.295999999973,623.5383902380336,617.590659478334
1825.640000000014,623.5483794487207,617.590659478334
1825.984000000055,623.5346551271666,617.590659478334
1826.3279999999795,623.5324288715061,617.590659478334
1826.6870000000345,623.5334836999117,617.590659478334
1827.030999999959,623.534662834093,617.590659478334
1827.375,623.5350760680798,617.590659478334
1827.7179999999935,623.5295374112641,617.590659478334
1828.0620000000345,623.5319754650989,617.590659478334
1828.420999999973,623.536208485519,617.590659478334
1828.780999999959,623.5385843270396,617.590659478334
1829.125,623.5398443095866,617.590659478334
1829.484000000055,623.5482484250502,617.590659478334
1829.8429999999935,623.526696883985,617.590659478334
1830.1870000000345,623.5322761350897,617.590659478334
1830.515000000014,623.5392929400117,617.590659478334
1830.875,623.5277552155211,617.590659478334
1831.2179999999935,623.5473403091025,617.590659478334
1831.5620000000345,623.5312078709376,617.590659478334
1831.905999999959,623.5352094986179,617.590659478334
1832.265000000014,623.5430876633474,617.590659478334
1832.5929999999935,623.5325064114957,617.590659478334
1832.9529999999795,623.537935138978,617.590659478334
1833.295999999973,623.5451540439043,617.590659478334
1833.640000000014,623.5317056070778,617.590659478334
1833.984000000055,623.540242110105,617.590659478334
1834.3429999999935,623.5335260342453,617.590659478334
1834.6870000000345,623.5285568097142,617.590659478334
1835.015000000014,623.5377731845925,617.590659478334
1835.359000000055,623.5311535807635,617.590659478334
1835.6870000000345,623.5262705210772,617.590659478334
1836.030999999959,623.5435907387815,617.590659478334
1836.375,623.5387611869979,617.590659478334
1836.7179999999935,623.5435243950851,617.590659478334
1837.0620000000345,623.5361926208905,617.590659478334
1837.405999999959,623.5367966142378,617.590659478334
1837.75,623.5418981104328,617.590659478334
1838.0929999999935,623.5374818943251,617.590659478334
1838.4370000000345,623.5321152908311,617.590659478334
1838.765000000014,623.5308076142504,617.590659478334
1839.109000000055,623.5459931327348,617.590659478334
1839.4529999999795,623.5329614661229,617.590659478334
1839.795999999973,623.5287538726344,617.590659478334
1840.140000000014,623.534830448686,617.590659478334
1840.484000000055,623.5397045551683,617.590659478334
1840.8429999999935,623.537602737267,617.590659478334
1841.170999999973,623.5341544458963,617.590659478334
1841.530999999959,623.534949871539,617.590659478334
1841.875,623.5325575134252,617.590659478334
1842.2179999999935,623.5398805510872,617.590659478334
1842.5620000000345,623.5336852418628,617.590659478334
1842.905999999959,623.5408699171965,617.590659478334
1843.234000000055,623.526354636918,617.590659478334
1843.5929999999935,623.5335598285351,617.590659478334
1843.9370000000345,623.5373243953214,617.590659478334
1844.265000000014,623.5296013719476,617.590659478334
1844.625,623.541852677668,617.590659478334
1844.9679999999935,623.5321782498019,617.590659478334
1845.3120000000345,623.5387071899903,617.590659478334
1845.655999999959,623.5353875414827,617.590659478334
1846.015000000014,623.529086776866,617.590659478334
1846.359000000055,623.5447229747696,617.590659478334
1846.7179999999935,623.5359876539968,617.590659478334
1847.0620000000345,623.5460265829602,617.590659478334
1847.405999999959,623.5589887309669,617.590659478334
1847.734000000055,623.3405877129208,617.590659478334
1848.0779999999795,623.2324642054393,617.590659478334
1848.420999999973,623.1632159613806,617.590659478334
1848.765000000014,623.1235169832651,617.590659478334
1849.109000000055,623.0926719439998,617.590659478334
1849.4529999999795,623.0723253907328,617.590659478334
1849.795999999973,623.0535006864991,617.590659478334
1850.140000000014,623.0329277314578,617.590659478334
1850.484000000055,623.0123823562537,617.590659478334
1850.8429999999935,623.0142614138816,617.590659478334
1851.1870000000345,623.0021559529125,617.590659478334
1851.530999999959,622.9965880564544,617.590659478334
1851.875,622.9839309403754,617.590659478334
1852.2179999999935,622.9752381297694,617.590659478334
1852.5620000000345,622.9746877455309,617.590659478334
1852.905999999959,622.9752260223746,617.590659478334
1853.25,622.9654650055236,617.590659478334
1853.5929999999935,622.9577999784793,617.590659478334
1853.9529999999795,622.9604480168018,617.590659478334
1854.295999999973,622.9572323052748,617.590659478334
1854.625,622.9416259024803,617.590659478334
1854.984000000055,622.9393875584053,617.590659478334
1855.3279999999795,622.9386845097143,617.590659478334
1855.670999999973,622.9442971212428,617.590659478334
1856.030999999959,622.9312517882618,617.590659478334
1856.375,622.9401303456592,617.590659478334
1856.7179999999935,622.9292194036816,617.590659478334
1857.0620000000345,622.9273060093116,617.590659478334
1857.405999999959,622.9194792054449,617.590659478334
1857.734000000055,622.930070324799,617.590659478334
1858.0929999999935,622.9316263661813,617.590659478334
1858.420999999973,622.9226872043694,617.590659478334
1858.780999999959,622.9121276088113,617.590659478334
1859.125,622.9183589059328,617.590659478334
1859.484000000055,622.9295462266253,617.590659478334
1859.8279999999795,622.9451076221666,617.590659478334
1860.170999999973,623.0680918441711,617.590659478334
1860.515000000014,623.1554672305862,617.590659478334
1860.859000000055,623.1636174250897,617.590659478334
1861.2029999999795,623.1589886497131,617.590659478334
1861.530999999959,623.1458604613157,617.590659478334
1861.875,623.146624559418,617.590659478334
1862.2179999999935,623.13676111791,617.590659478334
1862.5779999999795,623.1408448436771,617.590659478334
1862.920999999973,623.1392481524185,617.590659478334
1863.265000000014,623.1382600428074,617.590659478334
1863.609000000055,623.1359928579335,617.590659478334
1863.9529999999795,623.127726292677,617.590659478334
1864.295999999973,623.1284495738072,617.590659478334
1864.655999999959,623.1355466402277,617.590659478334
1865.0,623.1263239959867,617.590659478334
1865.3429999999935,623.1369623884386,617.590659478334
1865.6870000000345,623.1282324142766,617.590659478334
1866.030999999959,623.1282397287298,617.590659478334
1866.375,623.1330658802852,617.590659478334
1866.7179999999935,623.1275655192655,617.590659478334
1867.0620000000345,623.1200185868792,617.590659478334
1867.405999999959,623.135358570839,617.590659478334
1867.75,623.131671878372,617.590659478334
1868.0929999999935,623.1236147967583,617.590659478334
1868.4370000000345,623.1258089276744,617.590659478334
1868.780999999959,623.1302788495173,617.590659478334
1869.125,623.1357440642106,617.590659478334
1869.484000000055,623.1357217194247,617.590659478334
1869.8120000000345,623.124254791737,617.590659478334
1870.155999999959,623.1343853345223,617.590659478334
1870.5929999999935,623.1300135154952,617.590659478334
1870.9370000000345,623.1330162013878,617.590659478334
1871.280999999959,623.1386499645383,617.590659478334
1871.640000000014,623.1308788848901,617.590659478334
1872.0,623.143504289499,617.590659478334
1872.3429999999935,623.0995916187926,617.590659478334
1872.6870000000345,622.959493498668,617.590659478334
1873.015000000014,622.9634413298354,617.590659478334
1873.375,622.9492902108077,617.590659478334
1873.7029999999795,622.952120328481,617.590659478334
1874.045999999973,622.9568320085673,617.590659478334
1874.390000000014,622.9508250245873,617.590659478334
1874.734000000055,622.9369592797472,617.590659478334
1875.0779999999795,622.9438732137626,617.590659478334
1875.420999999973,622.9395680042443,617.590659478334
1875.765000000014,622.9273477029744,617.590659478334
1876.0929999999935,622.9280458408348,617.590659478334
1876.4529999999795,622.9287519190369,617.590659478334
1876.795999999973,622.9133226660174,617.590659478334
1877.140000000014,622.9097721951186,617.590659478334
1877.484000000055,622.9176796912362,617.590659478334
1877.8279999999795,622.9167524536937,617.590659478334
1878.170999999973,622.9216740837389,617.590659478334
1878.515000000014,622.9238949600638,617.590659478334
1878.859000000055,622.9269907959745,617.590659478334
1879.2029999999795,622.9203740439784,617.590659478334
1879.530999999959,622.9171515212464,617.590659478334
1879.890000000014,622.9126471619855,617.590659478334
1880.2179999999935,622.9205202746601,617.590659478334
1880.5620000000345,622.9188980038475,617.590659478334
1880.920999999973,622.91988695052,617.590659478334
1881.265000000014,622.915745748609,617.590659478334
1881.5929999999935,622.9179014834759,617.590659478334
1881.9370000000345,622.9220753373049,617.590659478334
1882.265000000014,622.907973582639,617.590659478334
1882.609000000055,622.9003848148047,617.590659478334
1882.9529999999795,622.9082613322892,617.590659478334
1883.295999999973,622.9134827737237,617.590659478334
1883.640000000014,622.9127374709811,617.590659478334
1884.0,622.9106295913051,617.590659478334
1884.3429999999935,622.9249063431064,617.590659478334
1884.670999999973,622.9351906363324,617.590659478334
1885.030999999959,623.041723480437,617.590659478334
1885.375,623.1496661559544,617.590659478334
1885.7179999999935,623.1520278167442,617.590659478334
1886.0620000000345,623.1472421237454,617.590659478334
1886.405999999959,623.1273925009459,617.590659478334
1886.75,623.1324632226648,617.590659478334
1887.0929999999935,623.122966576016,617.590659478334
1887.4370000000345,623.1209412240189,617.590659478334
1887.780999999959,623.1213505580962,617.590659478334
1888.125,623.1227753581672,617.590659478334
1888.4679999999935,623.1165239299019,617.590659478334
1888.8120000000345,623.1097202531914,617.590659478334
1889.155999999959,623.113092439835,617.590659478334
1889.5,623.1126495650814,617.590659478334
1889.8429999999935,623.1108284664261,617.590659478334
1890.1870000000345,623.1078091436283,617.590659478334
1890.530999999959,623.1186972259919,617.590659478334
1890.875,623.1191802229579,617.590659478334
1891.2179999999935,623.1097881535525,617.590659478334
1891.5620000000345,623.1021032864902,617.590659478334
1891.905999999959,623.148054203384,617.590659478334
1892.25,623.1606641290521,617.590659478334
1892.5929999999935,623.1619450880479,617.590659478334
1892.9370000000345,623.1523028268365,617.590659478334
1893.280999999959,623.1472187261505,617.590659478334
1893.625,623.1460020368233,617.590659478334
1893.9679999999935,623.1314614259901,617.590659478334
1894.3120000000345,623.1320259067398,617.590659478334
1894.670999999973,623.138920388308,617.590659478334
1895.0,623.1347148813555,617.590659478334
1895.3429999999935,623.1205717268911,617.590659478334
1895.6870000000345,623.1313496336902,617.590659478334
1896.030999999959,623.1318100098122,617.590659478334
1896.375,623.1312769608022,617.590659478334
1896.7179999999935,623.1242338102165,617.590659478334
1897.0620000000345,623.1202808194604,617.590659478334
1897.390000000014,623.1363428170788,617.590659478334
1897.75,623.1222805305706,617.590659478334
1898.0929999999935,623.1221829682829,617.590659478334
1898.4370000000345,623.1227759398004,617.590659478334
1898.780999999959,623.1285803878682,617.590659478334
1899.125,623.1159750938808,617.590659478334
1899.484000000055,623.1193678342961,617.590659478334
1899.8120000000345,623.1197970438978,617.590659478334
1900.170999999973,623.1186955363453,617.590659478334
1900.515000000014,623.1234956099806,617.590659478334
1900.859000000055,623.1262280254726,617.590659478334
1901.2029999999795,623.1129538392429,617.590659478334
1901.545999999973,623.131333624745,617.590659478334
1901.890000000014,623.1246467557506,617.590659478334
1902.234000000055,623.1168228472018,617.590659478334
1902.5779999999795,623.1242699063997,617.590659478334
1902.920999999973,623.121337473114,617.590659478334
1903.265000000014,623.117578074125,617.590659478334
1903.609000000055,623.1153021177599,617.590659478334
1903.9679999999935,623.1241665577368,617.590659478334
1904.3120000000345,623.1145028887906,617.590659478334
1904.655999999959,623.1260339010435,617.590659478334
1905.015000000014,623.113475845282,617.590659478334
1905.3429999999935,623.1202350605685,617.590659478334
1905.6870000000345,623.1236059373301,617.590659478334
1906.030999999959,623.1160179502251,617.590659478334
1906.375,623.1229406445697,617.590659478334
1906.734000000055,623.1277251598757,617.590659478334
1907.0929999999935,623.1235297934371,617.590659478334
1907.4370000000345,623.124132991499,617.590659478334
1907.780999999959,623.1181109480722,617.590659478334
1908.125,623.1262957218926,617.590659478334
1908.4529999999795,623.1242896363099,617.590659478334
1908.8120000000345,623.1164402909507,617.590659478334
1909.155999999959,623.1185684313185,617.590659478334
1909.5,623.1184793505938,617.590659478334
1909.859000000055,623.1176450534508,617.590659478334
1910.2029999999795,623.1286917793268,617.590659478334
1910.530999999959,623.1164338694774,617.590659478334
1910.890000000014,623.117476013963,617.590659478334
1911.234000000055,623.1215478185918,617.590659478334
1911.5779999999795,623.1102769430354,617.590659478334
1911.920999999973,623.1099862086063,617.590659478334
1912.280999999959,623.1190337086618,617.590659478334
1912.625,623.118556042844,617.590659478334
1912.984000000055,623.1179090945566,617.590659478334
1913.3279999999795,623.1172873650424,617.590659478334
1913.670999999973,623.108510274696,617.590659478334
1914.015000000014,623.1130824006295,617.590659478334
1914.359000000055,623.1142714861594,617.590659478334
1914.7029999999795,623.1275606237527,617.590659478334
1915.045999999973,623.109674704927,617.590659478334
1915.405999999959,623.1230988814704,617.590659478334
1915.75,623.1108534867476,617.590659478334
1916.0929999999935,623.1130162953963,617.590659478334
1916.4370000000345,623.1198358581743,617.590659478334
1916.780999999959,623.1216479260318,617.590659478334
1917.125,623.105511751799,617.590659478334
1917.4679999999935,623.1188261138254,617.590659478334
1917.8120000000345,623.112573582648,617.590659478334
1918.155999999959,623.1188571450681,617.590659478334
1918.609000000055,623.1130607285438,617.590659478334
1918.9529999999795,623.1121708721619,617.590659478334
1919.295999999973,623.1106180350941,617.590659478334
1919.640000000014,623.1317210608206,617.590659478334
1919.984000000055,623.1206064134672,617.590659478334
1920.3279999999795,623.1155730563897,617.590659478334
1920.670999999973,623.115258553996,617.590659478334
1921.015000000014,623.1174009026204,617.590659478334
1921.375,623.1178373597123,617.590659478334
1921.7179999999935,623.1123632816016,617.590659478334
1922.0620000000345,623.1200489327747,617.590659478334
1922.405999999959,623.106331127004,617.590659478334
1922.75,623.12277605635,617.590659478334
1923.0929999999935,623.1206256457253,617.590659478334
1923.4529999999795,623.1202062752835,617.590659478334
1923.8120000000345,623.1200098576622,617.590659478334
1924.155999999959,623.1166606449667,617.590659478334
1924.484000000055,623.1090816907579,617.590659478334
1924.8429999999935,623.1250414984758,617.590659478334
1925.1870000000345,623.1200050928805,617.590659478334
1925.530999999959,623.1071191461754,617.590659478334
1925.875,623.1140649758062,617.590659478334
1926.2179999999935,623.1117310905522,617.590659478334
1926.5620000000345,623.1169244294903,617.590659478334
1926.905999999959,623.1225115513198,617.590659478334
1927.265000000014,623.1104033228961,617.590659478334
1927.609000000055,623.1122629773843,617.590659478334
1927.9529999999795,623.1213489752665,617.590659478334
1928.295999999973,623.118456287344,617.590659478334
1928.640000000014,623.1081259391221,617.590659478334
1929.0,623.1145196722947,617.590659478334
1929.3429999999935,623.1124577910275,617.590659478334
1929.6870000000345,623.113649942998,617.590659478334
1930.015000000014,623.115291250491,617.590659478334
1930.375,623.1082419788016,617.590659478334
1930.7179999999935,623.120995220865,617.590659478334
1931.045999999973,623.1215321710997,617.590659478334
1931.405999999959,623.1131713547902,617.590659478334
1931.734000000055,623.1167274359716,617.590659478334
1932.0779999999795,623.1094756606037,617.590659478334
1932.420999999973,623.1174958743554,617.590659478334
1932.765000000014,623.1250982895177,617.590659478334
1933.125,623.1125794025947,617.590659478334
1933.4529999999795,623.118839068223,617.590659478334
1933.795999999973,623.1085173051356,617.590659478334
1934.140000000014,623.109266687925,617.590659478334
1934.484000000055,623.1105707605984,617.590659478334
1934.8279999999795,623.1220271110734,617.590659478334
1935.170999999973,623.116901090134,617.590659478334
1935.515000000014,623.108277051038,617.590659478334
1935.859000000055,623.1141776172981,617.590659478334
1936.2179999999935,623.1121347334114,617.590659478334
1936.5620000000345,623.1175090509914,617.590659478334
1936.905999999959,623.1168359289334,617.590659478334
1937.265000000014,623.1049078143403,617.590659478334
1937.5929999999935,623.1112560448394,617.590659478334
1937.9370000000345,623.1239407125304,617.590659478334
1938.280999999959,623.115102617354,617.590659478334
1938.625,623.1123746848695,617.590659478334
1939.0,623.1110989003815,617.590659478334
1939.3429999999935,623.1091015371677,617.590659478334
1939.6870000000345,623.1174177470261,617.590659478334
1940.030999999959,623.1212899840483,617.590659478334
1940.375,623.1158663680046,617.590659478334
1940.7029999999795,623.1070176877315,617.590659478334
1941.0620000000345,623.1162776960846,617.590659478334
1941.405999999959,623.1087748964294,617.590659478334
1941.75,623.1151487780783,617.590659478334
1942.0929999999935,623.1130759298222,617.590659478334
1942.420999999973,623.10581024237,617.590659478334
1942.780999999959,623.1152989073198,617.590659478334
1943.125,623.1087446563849,617.590659478334
1943.4679999999935,623.1104201173268,617.590659478334
1943.8120000000345,623.1129238903454,617.590659478334
1944.155999999959,623.1071332268918,617.590659478334
1944.515000000014,623.1159995820359,617.590659478334
1944.859000000055,623.1093963410469,617.590659478334
1945.2029999999795,623.1158978938771,617.590659478334
1945.545999999973,623.1115118512561,617.590659478334
1945.890000000014,623.1044108498759,617.590659478334
1946.234000000055,623.1241842115759,617.590659478334
1946.5620000000345,623.1061870290812,617.590659478334
1946.905999999959,623.1137211718581,617.590659478334
1947.25,623.1170336666909,617.590659478334
1947.5929999999935,623.114121100014,617.590659478334
1947.9370000000345,623.1178684781019,617.590659478334
1948.280999999959,623.1165123209865,617.590659478334
1948.625,623.1209399384651,617.590659478334
1948.984000000055,623.1117953061448,617.590659478334
1949.3429999999935,623.1091628445151,617.590659478334
1949.6870000000345,623.1089608850714,617.590659478334
1950.045999999973,623.1196874795401,617.590659478334
1950.375,623.1128735903313,617.590659478334
1950.734000000055,623.1118904059962,617.590659478334
1951.0779999999795,623.1119806598931,617.590659478334
1951.4370000000345,623.1175918429599,617.590659478334
1951.780999999959,623.1223588118205,617.590659478334
1952.125,623.1119995842508,617.590659478334
1952.484000000055,623.0999665790082,617.590659478334
1952.8279999999795,623.112927778724,617.590659478334
1953.170999999973,623.1078587760777,617.590659478334
1953.515000000014,623.1104688693471,617.590659478334
1953.859000000055,623.1129848782988,617.590659478334
1954.2029999999795,623.1074310292466,617.590659478334
1954.609000000055,623.1091227388199,617.590659478334
1954.9529999999795,623.105801846206,617.590659478334
1955.295999999973,623.1138648312249,617.590659478334
1955.655999999959,623.10916907464,617.590659478334
1956.0,623.1107264049592,617.590659478334
1956.3429999999935,623.1156782590025,617.590659478334
1956.6870000000345,623.1136998351077,617.590659478334
1957.015000000014,623.1175734384309,617.590659478334
1957.375,623.111449158886,617.590659478334
1957.7179999999935,623.1115300219724,617.590659478334
1958.0620000000345,623.1193716851893,617.590659478334
1958.405999999959,623.116048046949,617.590659478334
1958.75,623.1039582057881,617.590659478334
1959.0929999999935,623.1093783706411,617.590659478334
1959.4370000000345,623.1100801661985,617.590659478334
1959.780999999959,623.1122306703115,617.590659478334
1960.125,623.1130944978105,617.590659478334
1960.4679999999935,623.112665095571,617.590659478334
1960.795999999973,623.1152984280502,617.590659478334
1961.155999999959,623.121266429891,617.590659478334
1961.484000000055,623.1122212823722,617.590659478334
1961.8279999999795,623.1178065914572,617.590659478334
1962.170999999973,623.1151707327717,617.590659478334
1962.515000000014,623.1132859694158,617.590659478334
1962.859000000055,623.1053313297102,617.590659478334
1963.2029999999795,623.1053020976968,617.590659478334
1963.545999999973,623.1179630743485,617.590659478334
1963.890000000014,623.1159290589733,617.590659478334
1964.234000000055,623.1061690456436,617.590659478334
1964.5620000000345,623.1084902248588,617.590659478334
1964.920999999973,623.113910933342,617.590659478334
1965.280999999959,623.1079122843848,617.590659478334
1965.625,623.0996856692396,617.590659478334
1965.9679999999935,623.1083153591427,617.590659478334
1966.3279999999795,623.11975753022,617.590659478334
1966.670999999973,623.1123333832005,617.590659478334
1967.015000000014,623.1132003272661,617.590659478334
1967.359000000055,623.1212009082792,617.590659478334
1967.6870000000345,623.1098363440617,617.590659478334
1968.030999999959,623.1110337208875,617.590659478334
1968.375,623.1216309798183,617.590659478334
1968.734000000055,623.1146760465444,617.590659478334
1969.0779999999795,623.1098577425475,617.590659478334
1969.420999999973,623.1133254524354,617.590659478334
1969.765000000014,623.1083558255575,617.590659478334
1970.125,623.1035243397527,617.590659478334
1970.4679999999935,623.1105058240673,617.590659478334
1970.8120000000345,623.1097262826427,617.590659478334
1971.155999999959,623.1080180583147,617.590659478334
1971.5,623.1080950199985,617.590659478334
1971.8429999999935,623.1090610178231,617.590659478334
1972.1870000000345,623.1120681845869,617.590659478334
1972.515000000014,623.1087146086127,617.590659478334
1972.875,623.1134918324454,617.590659478334
1973.2179999999935,623.1081090149136,617.590659478334
1973.545999999973,623.1180058738877,617.590659478334
1973.890000000014,623.0970528608852,617.590659478334
1974.234000000055,623.116440536856,617.590659478334
1974.5779999999795,623.1032775134363,617.590659478334
1974.920999999973,623.1191464268996,617.590659478334
1975.25,623.1136718562994,617.590659478334
1975.609000000055,623.1138974873678,617.590659478334
1975.9529999999795,623.109123853099,617.590659478334
1976.295999999973,623.1018547599847,617.590659478334
1976.640000000014,623.104139053687,617.590659478334
1977.0,623.1155344778167,617.590659478334
1977.3429999999935,623.0989166862948,617.590659478334
1977.6870000000345,623.1080724684737,617.590659478334
1978.030999999959,623.1071103697931,617.590659478334
1978.375,623.106979469309,617.590659478334
1978.7179999999935,623.1076495857917,617.590659478334
1979.045999999973,623.1076444241749,617.590659478334
1979.390000000014,623.1039946701886,617.590659478334
1979.734000000055,623.112225995653,617.590659478334
1980.0779999999795,623.1128614813075,617.590659478334
1980.4370000000345,623.1040905339142,617.590659478334
1980.780999999959,623.1060430931061,617.590659478334
1981.125,623.1132966275737,617.590659478334
1981.4679999999935,623.1082512503425,617.590659478334
1981.8120000000345,623.1007183779402,617.590659478334
1982.155999999959,623.1182812326459,617.590659478334
1982.515000000014,623.1024603004793,617.590659478334
1982.859000000055,623.1048027496456,617.590659478334
1983.2029999999795,623.1040725920311,617.590659478334
1983.545999999973,623.1161293258059,617.590659478334
1983.890000000014,623.1075364914751,617.590659478334
1984.234000000055,623.1142267133771,617.590659478334
1984.5779999999795,623.1044691075756,617.590659478334
1984.920999999973,623.1095306661598,617.590659478334
1985.265000000014,623.1072425684985,617.590659478334
1985.625,623.1069582367627,617.590659478334
1985.9679999999935,623.1037970083754,617.590659478334
1986.3120000000345,623.1105623888777,617.590659478334
1986.670999999973,623.1143973277522,617.590659478334
1987.015000000014,623.1097920758206,617.590659478334
1987.359000000055,623.1138521666037,617.590659478334
1987.7029999999795,623.1090830684582,617.590659478334
1988.045999999973,623.1089620022614,617.590659478334
1988.375,623.1119097454908,617.590659478334
1988.734000000055,623.121499181904,617.590659478334
1989.0779999999795,623.1351730125516,617.590659478334
1989.420999999973,623.1549667898032,617.590659478334
1989.765000000014,623.1676863773212,617.590659478334
1990.109000000055,623.1748498515279,617.590659478334
1990.4529999999795,623.1868965791764,617.590659478334
1990.8120000000345,623.1998073977522,617.590659478334
1991.155999999959,623.2117674094396,617.590659478334
1991.484000000055,623.2294795994322,617.590659478334
1991.8429999999935,623.2353908020208,617.590659478334
1992.1870000000345,623.2453783066337,617.590659478334
1992.530999999959,623.2506065827033,617.590659478334
1992.859000000055,623.2614405521415,617.590659478334
1993.2029999999795,623.2591720433572,617.590659478334
1993.5620000000345,623.2760180886835,617.590659478334
1993.905999999959,623.2834842467219,617.590659478334
1994.25,623.295030458761,617.590659478334
1994.5929999999935,623.2965779681979,617.590659478334
1994.9370000000345,623.3048692629094,617.590659478334
1995.295999999973,623.3098403720282,617.590659478334
1995.640000000014,623.314942641628,617.590659478334
1996.015000000014,623.336621288316,617.590659478334
1996.3429999999935,623.3298587516922,617.590659478334
1996.6870000000345,623.3364546595919,617.590659478334
1997.030999999959,623.3409012503099,617.590659478334
1997.375,623.3492513981495,617.590659478334
1997.7179999999935,623.349285151329,617.590659478334
1998.0779999999795,623.3514746699456,617.590659478334
1998.420999999973,623.3602811154583,617.590659478334
1998.75,623.3610162529594,617.590659478334
1999.0929999999935,623.3686861509012,617.590659478334
1999.4529999999795,623.3898315638305,617.590659478334
1999.795999999973,623.3770439390648,617.590659478334
2000.140000000014,623.3900108734761,617.590659478334
2000.484000000055,623.4013462809095,617.590659478334
2000.8279999999795,623.4322931725098,617.590659478334
2001.170999999973,623.4509955720715,617.590659478334
2001.530999999959,623.4560967599947,617.590659478334
2001.875,623.469597473965,617.590659478334
2002.2029999999795,623.4692472031,617.590659478334
2002.5929999999935,623.4715118191419,617.590659478334
2002.9370000000345,623.4718180095322,617.590659478334
2003.280999999959,623.4570235424316,617.590659478334
2003.625,623.4519333017836,617.590659478334
2003.9679999999935,623.4513155649292,617.590659478334
2004.3120000000345,623.4384946647292,617.590659478334
2004.655999999959,623.4369650471601,617.590659478334
2005.0,623.4425187533888,617.590659478334
2005.3429999999935,623.4406852993956,617.590659478334
2005.6870000000345,623.439990256898,617.590659478334
2006.030999999959,623.4286157331063,617.590659478334
2006.375,623.4312646243809,617.590659478334
2006.7179999999935,623.4241571533391,617.590659478334
2007.0779999999795,623.4275273010562,617.590659478334
2007.420999999973,623.4260167671248,617.590659478334
2007.765000000014,623.4267165675222,617.590659478334
2008.109000000055,623.4338316817569,617.590659478334
2008.4529999999795,623.4222453560589,617.590659478334
2008.795999999973,623.4271208051266,617.590659478334
2009.155999999959,623.431910110577,617.590659478334
2009.5,623.4308767417388,617.590659478334
2009.8429999999935,623.4312619520515,617.590659478334
2010.2029999999795,623.4231306465184,617.590659478334
2010.545999999973,623.4287335573639,617.590659478334
2010.890000000014,623.4302537891086,617.590659478334
2011.234000000055,623.4227977225567,617.590659478334
2011.5779999999795,623.4283837839434,617.590659478334
2011.920999999973,623.4317445373981,617.590659478334
2012.265000000014,623.4333797519399,617.590659478334
2012.5929999999935,623.4368682254997,617.590659478334
2012.9370000000345,623.4334488046687,617.590659478334
2013.280999999959,623.414425319432,617.590659478334
2013.625,623.425039777397,617.590659478334
2013.984000000055,623.4326246447621,617.590659478334
2014.3279999999795,623.448476836193,617.590659478334
2014.6870000000345,623.2464863347178,617.590659478334
2015.030999999959,623.1508587919291,617.590659478334
2015.375,623.1001229934136,617.590659478334
2015.7179999999935,623.0640158435282,617.590659478334
2016.0779999999795,623.0529490015675,617.590659478334
2016.405999999959,623.0359007239928,617.590659478334
2016.75,623.0220731087454,617.590659478334
2017.109000000055,622.9984746839484,617.590659478334
2017.4679999999935,622.9824369617983,617.590659478334
2017.8120000000345,622.9875113191129,617.590659478334
2018.155999999959,622.980132001591,617.590659478334
2018.484000000055,622.9719042485003,617.590659478334
2018.8279999999795,622.9811799883174,617.590659478334
2019.1870000000345,622.9643860651643,617.590659478334
2019.530999999959,622.9547188336511,617.590659478334
2019.875,622.949010308411,617.590659478334
2020.2029999999795,622.9492460530658,617.590659478334
2020.5620000000345,622.9521160237963,617.590659478334
2020.890000000014,622.9469260871075,617.590659478334
2021.234000000055,622.9411104565623,617.590659478334
2021.5779999999795,622.9382624133806,617.590659478334
2021.920999999973,622.9442739067377,617.590659478334
2022.265000000014,622.938903701939,617.590659478334
2022.625,622.9380769823651,617.590659478334
2022.9679999999935,622.9349075651935,617.590659478334
2023.295999999973,622.9276206588485,617.590659478334
2023.640000000014,622.9264624353489,617.590659478334
2023.984000000055,622.923166220787,617.590659478334
2024.3279999999795,622.9349479279878,617.590659478334
2024.670999999973,622.9200996391434,617.590659478334
2025.015000000014,622.9204818278421,617.590659478334
2025.359000000055,622.9202049168196,617.590659478334
2025.7029999999795,622.930770399202,617.590659478334
2026.045999999973,622.9208284318466,617.590659478334
2026.390000000014,622.9356568263388,617.590659478334
2026.734000000055,622.9522154731721,617.590659478334
2027.0779999999795,623.1261002321761,617.590659478334
2027.420999999973,623.1619505795752,617.590659478334
2027.765000000014,623.1685668803184,617.590659478334
2028.109000000055,623.1565016990556,617.590659478334
2028.4529999999795,623.1469726919262,617.590659478334
2028.795999999973,623.1374950312244,617.590659478334
2029.125,623.1424343373697,617.590659478334
2029.4679999999935,623.1325430791909,617.590659478334
2029.8279999999795,623.1312310627085,617.590659478334
2030.155999999959,623.1352024882473,617.590659478334
2030.5,623.1261517702576,617.590659478334
2030.8429999999935,623.1289464246235,617.590659478334
2031.1870000000345,623.1285523140017,617.590659478334
2031.530999999959,623.1331840842694,617.590659478334
2031.875,623.1205600337419,617.590659478334
2032.2029999999795,623.1309796167975,617.590659478334
2032.5620000000345,623.1207973060843,617.590659478334
2032.905999999959,623.1256027023874,617.590659478334
2033.265000000014,623.1205646014797,617.590659478334
2033.5929999999935,623.1448651038505,617.590659478334
2033.9529999999795,623.1323640023816,617.590659478334
2034.295999999973,623.1277900440264,617.590659478334
2034.640000000014,623.1336964241015,617.590659478334
2034.984000000055,623.1342067080051,617.590659478334
2035.3279999999795,623.1274546229399,617.590659478334
2035.6870000000345,623.1257902637741,617.590659478334
2036.030999999959,623.1250912503891,617.590659478334
2036.375,623.1208661406162,617.590659478334
2036.7179999999935,623.132664229602,617.590659478334
2037.0620000000345,623.1287076475834,617.590659478334
2037.420999999973,623.1253007155512,617.590659478334
2037.75,623.1347535142404,617.590659478334
2038.109000000055,623.1316683132371,617.590659478334
2038.4529999999795,623.1247749292103,617.590659478334
2038.780999999959,623.1320193561888,617.590659478334
2039.125,623.0510209266964,617.590659478334
2039.4679999999935,622.9551490371824,617.590659478334
2039.795999999973,622.9566294459152,617.590659478334
2040.140000000014,622.9717683886306,617.590659478334
2040.484000000055,622.955013337016,617.590659478334
2040.8279999999795,622.9573492154119,617.590659478334
2041.170999999973,622.945928754414,617.590659478334
2041.515000000014,622.9401436290232,617.590659478334
2041.859000000055,622.9319488756412,617.590659478334
2042.2029999999795,622.9267655465819,617.590659478334
2042.5620000000345,622.930575161997,617.590659478334
2042.890000000014,622.9267225454196,617.590659478334
2043.234000000055,622.9309477508966,617.590659478334
2043.5779999999795,622.9268413214078,617.590659478334
2043.920999999973,622.9170905593214,617.590659478334
2044.265000000014,622.9189888353253,617.590659478334
2044.609000000055,622.9189450503927,617.590659478334
2044.9529999999795,622.9134414499644,617.590659478334
2045.295999999973,622.9143900339814,617.590659478334
2045.625,622.9213535730063,617.590659478334
2045.984000000055,622.9197554243186,617.590659478334
2046.3279999999795,622.9175877738458,617.590659478334
2046.670999999973,622.9125291692134,617.590659478334
2047.015000000014,622.9126681081003,617.590659478334
2047.3429999999935,622.9141459124992,617.590659478334
2047.6870000000345,622.9281551337574,617.590659478334
2048.045999999973,622.9096928605765,617.590659478334
2048.405999999959,622.9119036713695,617.590659478334
2048.734000000055,622.9163986251822,617.590659478334
2049.0779999999795,622.9248629953034,617.590659478334
2049.420999999973,622.906719916217,617.590659478334
2049.765000000014,622.8980089349795,617.590659478334
2050.109000000055,622.9092288437606,617.590659478334
2050.4529999999795,622.9119771204824,617.590659478334
2050.8120000000345,622.9138394052525,617.590659478334
2051.155999999959,622.9385546113806,617.590659478334
2051.5,622.9607315859167,617.590659478334
2051.8429999999935,623.1465668246836,617.590659478334
2052.1870000000345,623.1496902681575,617.590659478334
2052.530999999959,623.1539450559374,617.590659478334
2052.875,623.1379766805588,617.590659478334
2053.234000000055,623.1385436319982,617.590659478334
2053.5620000000345,623.1341745644943,617.590659478334
2053.920999999973,623.136434638636,617.590659478334
2054.265000000014,623.1219108117298,617.590659478334
2054.5929999999935,623.1271243622024,617.590659478334
2054.9529999999795,623.1294996189608,617.590659478334
2055.295999999973,623.122125592011,617.590659478334
2055.640000000014,623.1283319647722,617.590659478334
2055.984000000055,623.119100287527,617.590659478334
2056.3279999999795,623.1204686050462,617.590659478334
2056.670999999973,623.1292224384736,617.590659478334
2057.015000000014,623.1216879147914,617.590659478334
2057.359000000055,623.1283112220709,617.590659478334
2057.7029999999795,623.116486562311,617.590659478334
2058.0620000000345,623.0982791409328,617.590659478334
2058.390000000014,623.1441742751654,617.590659478334
2058.734000000055,623.1581635108806,617.590659478334
2059.0779999999795,623.1581597030313,617.590659478334
2059.420999999973,623.1542349120873,617.590659478334
2059.765000000014,623.1472829553173,617.590659478334
2060.109000000055,623.1448012770618,617.590659478334
2060.4529999999795,623.1423736284875,617.590659478334
2060.795999999973,623.1437776699559,617.590659478334
2061.140000000014,623.1378947019102,617.590659478334
2061.484000000055,623.1386626548563,617.590659478334
2061.8120000000345,623.1354732799457,617.590659478334
2062.155999999959,623.128650671287,617.590659478334
2062.5929999999935,623.1363800490525,617.590659478334
2062.9679999999935,623.1292279812935,617.590659478334
2063.3120000000345,623.1286818477209,617.590659478334
2063.655999999959,623.1389053632266,617.590659478334
2064.0,623.1292217685588,617.590659478334
2064.3429999999935,623.1321414161736,617.590659478334
2064.6870000000345,623.1319669645094,617.590659478334
2065.030999999959,623.1258512018816,617.590659478334
2065.390000000014,623.1199873539015,617.590659478334
2065.734000000055,623.1269906389214,617.590659478334
2066.0779999999795,623.1269957363533,617.590659478334
2066.420999999973,623.1246830598599,617.590659478334
2066.765000000014,623.1300295197215,617.590659478334
2067.109000000055,623.1193445233584,617.590659478334
2067.4529999999795,623.1291594685813,617.590659478334
2067.795999999973,623.1307403295943,617.590659478334
2068.125,623.128038777292,617.590659478334
2068.484000000055,623.1246658311331,617.590659478334
2068.8279999999795,623.1274440483548,617.590659478334
2069.170999999973,623.1321060290945,617.590659478334
2069.515000000014,623.1211657221783,617.590659478334
2069.859000000055,623.1225057854847,617.590659478334
2070.2029999999795,623.1248457099559,617.590659478334
2070.5620000000345,623.1299519006922,617.590659478334
2070.905999999959,623.1386838324953,617.590659478334
2071.234000000055,623.13637224643,617.590659478334
2071.5779999999795,623.1573592611583,617.590659478334
2071.920999999973,623.1847664420883,617.590659478334
2072.280999999959,623.2030905028342,617.590659478334
2072.625,623.2291351623095,617.590659478334
2072.9679999999935,623.2321576951185,617.590659478334
2073.3120000000345,623.2561902904049,617.590659478334
2073.655999999959,623.2663161357242,617.590659478334
2074.0,623.2704463112613,617.590659478334
2074.359000000055,623.2982868226143,617.590659478334
2074.6870000000345,623.3078902092897,617.590659478334
2075.030999999959,623.3086521280392,617.590659478334
2075.375,623.3239332282545,617.590659478334
2075.7179999999935,623.319539757776,617.590659478334
2076.0620000000345,623.3287975599636,617.590659478334
2076.405999999959,623.3473010198262,617.590659478334
2076.75,623.3391824881343,617.590659478334
2077.0779999999795,623.3510928040425,617.590659478334
2077.4370000000345,623.3551348941212,617.590659478334
2077.780999999959,623.3684255429034,617.590659478334
2078.125,623.3816256311026,617.590659478334
2078.4679999999935,623.3801040979084,617.590659478334
2078.8120000000345,623.3961586548868,617.590659478334
2079.155999999959,623.3914859142297,617.590659478334
2079.5,623.4020578985335,617.590659478334
2079.8429999999935,623.4128100148811,617.590659478334
2080.1870000000345,623.4109539213995,617.590659478334
2080.530999999959,623.4220744812178,617.590659478334
2080.875,623.4105374090161,617.590659478334
2081.2179999999935,623.4328337700371,617.590659478334
2081.5620000000345,623.4333030922589,617.590659478334
2081.905999999959,623.4394087375151,617.590659478334
2082.25,623.4454589120006,617.590659478334
2082.5929999999935,623.4565119248857,617.590659478334
2082.9370000000345,623.4586357326285,617.590659478334
2083.280999999959,623.4615752680523,617.590659478334
2083.625,623.4556134754159,617.590659478334
2083.984000000055,623.4745128791994,617.590659478334
2084.3279999999795,623.4748622995697,617.590659478334
2084.670999999973,623.4844262530573,617.590659478334
2085.030999999959,623.483783640968,617.590659478334
2085.359000000055,623.4851155878813,617.590659478334
2085.7179999999935,623.5003679691791,617.590659478334
2086.0620000000345,623.4971240014155,617.590659478334
2086.420999999973,623.49804900302,617.590659478334
2086.780999999959,623.5089796749368,617.590659478334
2087.140000000014,623.5078527725864,617.590659478334
2087.484000000055,623.5229339112678,617.590659478334
2087.8279999999795,623.5209228696399,617.590659478334
2088.170999999973,623.5298621322689,617.590659478334
2088.515000000014,623.5297152081721,617.590659478334
2088.875,623.5373210905343,617.590659478334
2089.2179999999935,623.5378532299609,617.590659478334
2089.5620000000345,623.5298927169473,617.590659478334
2089.920999999973,623.5471718570342,617.590659478334
2090.25,623.55303972922,617.590659478334
2090.609000000055,623.5461272926682,617.590659478334
2090.9529999999795,623.5598973317543,617.590659478334
2091.295999999973,623.5538012133268,617.590659478334
2091.640000000014,623.5612144836812,617.590659478334
2091.984000000055,623.5727227381705,617.590659478334
2092.3279999999795,623.5810202690653,617.590659478334
2092.670999999973,623.5732629177792,617.590659478334
2093.030999999959,623.5711513188832,617.590659478334
2093.375,623.5812354749673,617.590659478334
2093.7179999999935,623.5813568538147,617.590659478334
2094.0620000000345,623.5887008122388,617.590659478334
2094.420999999973,623.604825724321,617.590659478334
2094.765000000014,623.5985252325684,617.590659478334
2095.109000000055,623.6081690001764,617.590659478334
2095.4529999999795,623.6040760179864,617.590659478334
2095.795999999973,623.6029309207124,617.590659478334
2096.140000000014,623.6118750004566,617.590659478334
2096.484000000055,623.612011111417,617.590659478334
2096.8429999999935,623.620217669664,617.590659478334
2097.1870000000345,623.6190649034003,617.590659478334
2097.530999999959,623.6231239705481,617.590659478334
2097.875,623.6247592077543,617.590659478334
2098.2179999999935,623.6367331364437,617.590659478334
2098.609000000055,623.6407381055424,617.590659478334
2098.9679999999935,623.6504453513498,617.590659478334
2099.3120000000345,623.6401927018187,617.590659478334
2099.655999999959,623.6457761553473,617.590659478334
2100.0,623.6462949746968,617.590659478334
2100.3429999999935,623.650837558437,617.590659478334
2100.7029999999795,623.6570562176312,617.590659478334
2101.045999999973,623.6638039973598,617.590659478334
2101.390000000014,623.6578174902273,617.590659478334
2101.734000000055,623.6689936792447,617.590659478334
2102.0929999999935,623.6764570287595,617.590659478334
2102.4370000000345,623.6565987177145,617.590659478334
2102.780999999959,623.6704634712343,617.590659478334
2103.125,623.678736395161,617.590659478334
2103.4679999999935,623.680370946281,617.590659478334
2103.8120000000345,623.683504649097,617.590659478334
2104.170999999973,623.6962457722376,617.590659478334
2104.515000000014,623.6821402147579,617.590659478334
2104.859000000055,623.6895313839136,617.590659478334
2105.2179999999935,623.6831703241281,617.590659478334
2105.5620000000345,623.6858003557919,617.590659478334
2105.920999999973,623.6980920515164,617.590659478334
2106.265000000014,623.6989377489947,617.590659478334
2106.609000000055,623.7102550523954,617.590659478334
2106.9679999999935,623.7175561987319,617.590659478334
2107.3120000000345,623.7107839976308,617.590659478334
2107.655999999959,623.7047203350194,617.590659478334
2108.0,623.7136174277167,617.590659478334
2108.3429999999935,623.7206107339381,617.590659478334
2108.6870000000345,623.7176286900827,617.590659478334
2109.030999999959,623.7183743345432,617.590659478334
2109.390000000014,623.7245080433419,617.590659478334
2109.734000000055,623.7337960401128,617.590659478334
2110.0929999999935,623.7196758916346,617.590659478334
2110.4370000000345,623.7433574124977,617.590659478334
2110.795999999973,623.7322825134605,617.590659478334
2111.125,623.7386981646146,617.590659478334
2111.484000000055,623.7386312014705,617.590659478334
2111.8279999999795,623.7478378734903,617.590659478334
2112.170999999973,623.741894533511,617.590659478334
2112.515000000014,623.7584072817789,617.590659478334
2112.859000000055,623.7535862401079,617.590659478334
2113.2179999999935,623.7582321722472,617.590659478334
2113.5620000000345,623.7516762562221,617.590659478334
2113.890000000014,623.761558825945,617.590659478334
2114.25,623.7629030616002,617.590659478334
2114.5929999999935,623.7655035826266,617.590659478334
2114.9679999999935,623.7636680187883,617.590659478334
2115.3120000000345,623.7654111213554,617.590659478334
2115.655999999959,623.7693998002267,617.590659478334
2116.0,623.778955281351,617.590659478334
2116.3429999999935,623.7823575695454,617.590659478334
2116.7029999999795,623.7714860379332,617.590659478334
2117.045999999973,623.7767781873379,617.590659478334
2117.405999999959,623.7915080649974,617.590659478334
2117.75,623.7832766556108,617.590659478334
2118.109000000055,623.7872116242677,617.590659478334
2118.4529999999795,623.7925212316218,617.590659478334
2118.8120000000345,623.7933459456299,617.590659478334
2119.170999999973,623.7968009189196,617.590659478334
2119.515000000014,623.7957613946572,617.590659478334
2119.875,623.8121611770446,617.590659478334
2120.2179999999935,623.8018444542477,617.590659478334
2120.5779999999795,623.8134670122969,617.590659478334
2120.9370000000345,623.8091042914282,617.590659478334
2121.280999999959,623.8078150691654,617.590659478334
2121.640000000014,623.8139612102948,617.590659478334
2121.984000000055,623.8153058299483,617.590659478334
2122.3429999999935,623.8160430491596,617.590659478334
2122.670999999973,623.8194997875686,617.590659478334
2123.015000000014,623.8252934953179,617.590659478334
2123.359000000055,623.8271148954998,617.590659478334
2123.7179999999935,623.8235438318754,617.590659478334
2124.0620000000345,623.8239677737911,617.590659478334
2124.390000000014,623.8325280950321,617.590659478334
2124.75,623.8333891602751,617.590659478334
2125.0779999999795,623.8262637090728,617.590659478334
2125.420999999973,623.8388058990489,617.590659478334
2125.765000000014,623.8315882854479,617.590659478334
2126.125,623.8326446608534,617.590659478334
2126.4529999999795,623.8389852503216,617.590659478334
2126.795999999973,623.8405313533807,617.590659478334
2127.140000000014,623.8438897480333,617.590659478334
2127.484000000055,623.8576486302575,617.590659478334
2127.8120000000345,623.8624449909303,617.590659478334
2128.170999999973,623.8442695126599,617.590659478334
2128.5,623.8547490989052,617.590659478334
2128.8429999999935,623.8598840034225,617.590659478334
2129.1870000000345,623.855261840753,617.590659478334
2129.530999999959,623.8620296059288,617.590659478334
2129.875,623.8582128913318,617.590659478334
2130.2179999999935,623.8594113345378,617.590659478334
2130.5620000000345,623.8721357234731,617.590659478334
2130.920999999973,623.8756524043489,617.590659478334
2131.265000000014,623.8758880567684,617.590659478334
2131.609000000055,623.8703123686264,617.590659478334
2131.9370000000345,623.8662791960018,617.590659478334
2132.280999999959,623.8772728577167,617.590659478334
2132.625,623.8722452056892,617.590659478334
2132.9679999999935,623.8742480364954,617.590659478334
2133.3120000000345,623.8697166332282,617.590659478334
2133.640000000014,623.8875165098418,617.590659478334
2134.0,623.8856421952653,617.590659478334
2134.3429999999935,623.8960190119724,617.590659478334
2134.6870000000345,623.88740458621,617.590659478334
2135.030999999959,623.8917748734609,617.590659478334
2135.375,623.8852501406176,617.590659478334
2135.7179999999935,623.8913027357968,617.590659478334
2136.0620000000345,623.8962943560382,617.590659478334
2136.405999999959,623.8964345859947,617.590659478334
2136.75,623.9002130887022,617.590659478334
2137.0929999999935,623.9019116368241,617.590659478334
2137.4370000000345,623.9032937644013,617.590659478334
2137.765000000014,623.8982679357141,617.590659478334
2138.125,623.9142169052124,617.590659478334
2138.4529999999795,623.923143648605,617.590659478334
2138.795999999973,623.9321114549803,617.590659478334
2139.140000000014,623.9433844004349,617.590659478334
2139.484000000055,623.9490851373265,617.590659478334
2139.8279999999795,623.96114572334,617.590659478334
2140.170999999973,623.957419922001,617.590659478334
2140.515000000014,623.9622588593659,617.590659478334
2140.859000000055,623.9569728030272,617.590659478334
2141.2029999999795,623.9588986733272,617.590659478334
2141.530999999959,623.9477412277113,617.590659478334
2141.875,623.9445937436165,617.590659478334
2142.2179999999935,623.9446060460873,617.590659478334
2142.5620000000345,623.9429499419392,617.590659478334
2142.905999999959,623.928542244199,617.590659478334
2143.25,623.937824658366,617.590659478334
2143.5929999999935,623.9385247733271,617.590659478334
2143.9370000000345,623.9274920570501,617.590659478334
2144.280999999959,623.924730688674,617.590659478334
2144.625,623.9350535470285,617.590659478334
2144.9679999999935,623.9292521607298,617.590659478334
2145.3120000000345,623.9214645602707,617.590659478334
2145.655999999959,623.9250181171915,617.590659478334
2146.015000000014,623.918841390894,617.590659478334
2146.3429999999935,623.9340751801323,617.590659478334
2146.7029999999795,623.925394275865,617.590659478334
2147.045999999973,623.9174906627177,617.590659478334
2147.390000000014,623.9232700800934,617.590659478334
2147.734000000055,623.9247441068421,617.590659478334
2148.0779999999795,623.9219522687981,617.590659478334
2148.405999999959,623.9271263701934,617.590659478334
2148.765000000014,623.9153395273104,617.590659478334
2149.0929999999935,623.9200476681774,617.590659478334
2149.4370000000345,623.923911199843,617.590659478334
2149.780999999959,623.9229847875254,617.590659478334
2150.125,623.9234047319079,617.590659478334
2150.4679999999935,623.9196752317858,617.590659478334
2150.8120000000345,623.9177390748349,617.590659478334
2151.155999999959,623.9227761160205,617.590659478334
2151.5,623.9251680777796,617.590659478334
2151.8429999999935,623.931828409133,617.590659478334
2152.1870000000345,623.9159883098065,617.590659478334
2152.530999999959,623.9269081759353,617.590659478334
2152.875,623.9192814670591,617.590659478334
2153.2179999999935,623.9254624804198,617.590659478334
2153.5620000000345,623.9183964707682,617.590659478334
2153.905999999959,623.922729322507,617.590659478334
2154.234000000055,623.9269189621854,617.590659478334
2154.5779999999795,623.9252610208578,617.590659478334
2154.920999999973,623.9170902437564,617.590659478334
2155.265000000014,623.9169062230452,617.590659478334
2155.609000000055,623.926847086903,617.590659478334
2155.9529999999795,623.9253979480495,617.590659478334
2156.295999999973,623.9261262376165,617.590659478334
2156.640000000014,623.9169997085463,617.590659478334
2156.984000000055,623.9234387349246,617.590659478334
2157.3279999999795,623.9222575822915,617.590659478334
2157.670999999973,623.9266013729001,617.590659478334
2158.015000000014,623.9228344359134,617.590659478334
2158.359000000055,623.9197708798845,617.590659478334
2158.7179999999935,623.9200716322821,617.590659478334
2159.0620000000345,623.927645396465,617.590659478334
2159.405999999959,623.9169039613715,617.590659478334
2159.734000000055,623.9210270090289,617.590659478334
2160.0779999999795,623.9199943959934,617.590659478334
2160.420999999973,623.9268210691034,617.590659478334
2160.765000000014,623.9127949687803,617.590659478334
2161.109000000055,623.9290376292219,617.590659478334
2161.4679999999935,623.9256165365844,617.590659478334
2161.8120000000345,623.9258681666223,617.590659478334
2162.170999999973,623.9233220501413,617.590659478334
2162.515000000014,623.9243641586252,617.590659478334
2162.859000000055,623.9232947798372,617.590659478334
2163.2029999999795,623.9217649412955,617.590659478334
2163.545999999973,623.9244258286327,617.590659478334
2163.890000000014,623.923592118888,617.590659478334
2164.234000000055,623.9139506982675,617.590659478334
2164.5620000000345,623.924866854556,617.590659478334
2164.920999999973,623.905870139539,617.590659478334
2165.265000000014,623.9148059741722,617.590659478334
2165.609000000055,623.9172755155753,617.590659478334
2165.9370000000345,623.9225734472993,617.590659478334
2166.295999999973,623.9169726367066,617.590659478334
2166.640000000014,623.9270290927926,617.590659478334
2166.984000000055,623.9072389319247,617.590659478334
2167.3279999999795,623.9232740490021,617.590659478334
2167.670999999973,623.9194501932984,617.590659478334
2168.015000000014,623.9233605299786,617.590659478334
2168.3429999999935,623.9144564255,617.590659478334
2168.6870000000345,623.9138370448004,617.590659478334
2169.045999999973,623.9173628815192,617.590659478334
2169.390000000014,623.9226353827646,617.590659478334
2169.7179999999935,623.9242113548752,617.590659478334
2170.0620000000345,623.9175654555441,617.590659478334
2170.405999999959,623.9144364612606,617.590659478334
2170.75,623.9186273335526,617.590659478334
2171.109000000055,623.9268813972186,617.590659478334
2171.4529999999795,623.9153359038105,617.590659478334
2171.780999999959,623.9183558973045,617.590659478334
2172.140000000014,623.9214250944456,617.590659478334
2172.484000000055,623.9261261882963,617.590659478334
2172.8279999999795,623.9264003775537,617.590659478334
2173.170999999973,623.9155975420751,617.590659478334
2173.530999999959,623.9148559121652,617.590659478334
2173.875,623.9220665301747,617.590659478334
2174.2179999999935,623.9213570228059,617.590659478334
2174.5620000000345,623.9230631945867,617.590659478334
2174.905999999959,623.9221683954958,617.590659478334
2175.265000000014,623.9281667025077,617.590659478334
2175.5929999999935,623.9146813968932,617.590659478334
2175.9529999999795,623.9137853174549,617.590659478334
2176.280999999959,623.9208055961958,617.590659478334
2176.625,623.9175272282034,617.590659478334
2176.984000000055,623.9172723627438,617.590659478334
2177.3429999999935,623.9245693996645,617.590659478334
2177.6870000000345,623.9142616491122,617.590659478334
2178.030999999959,623.9204217623094,617.590659478334
2178.375,623.9108692279176,617.590659478334
2178.734000000055,623.9190207346563,617.590659478334
2179.0779999999795,623.9036889064744,617.590659478334
2179.420999999973,623.9139222501781,617.590659478334
2179.765000000014,623.9194968788554,617.590659478334
2180.109000000055,623.9132886481206,617.590659478334
2180.4529999999795,623.9304750931029,617.590659478334
2180.795999999973,623.92914702994,617.590659478334
2181.140000000014,623.9174180891938,617.590659478334
2181.484000000055,623.9174077751863,617.590659478334
2181.8279999999795,623.915350086814,617.590659478334
2182.170999999973,623.9260458234901,617.590659478334
2182.609000000055,623.9204413365627,617.590659478334
2182.9529999999795,623.9243344783209,617.590659478334
2183.295999999973,623.9218684572859,617.590659478334
2183.640000000014,623.9104494386065,617.590659478334
2183.984000000055,623.9179919409796,617.590659478334
2184.3279999999795,623.913476244692,617.590659478334
2184.655999999959,623.9203521908066,617.590659478334
2185.0,623.9247466277081,617.590659478334
2185.3429999999935,623.9148832052093,617.590659478334
2185.6870000000345,623.9146445784717,617.590659478334
2186.030999999959,623.9169112558119,617.590659478334
2186.375,623.9228484839597,617.590659478334
2186.7029999999795,623.9284209937028,617.590659478334
2187.045999999973,623.9146563327834,617.590659478334
2187.390000000014,623.9180190931664,617.590659478334
2187.734000000055,623.9160339250475,617.590659478334
2188.109000000055,623.916958050658,617.590659478334
2188.4529999999795,623.919929160605,617.590659478334
2188.8120000000345,623.9159456361289,617.590659478334
2189.155999999959,623.9335869133536,617.590659478334
2189.5,623.9165187454372,617.590659478334
2189.8429999999935,623.9116663845434,617.590659478334
2190.1870000000345,623.9218941139337,617.590659478334
2190.545999999973,623.9115914654454,617.590659478334
2190.890000000014,623.9185480613135,617.590659478334
2191.234000000055,623.9231151074002,617.590659478334
2191.5779999999795,623.9284532412725,617.590659478334
2191.9370000000345,623.9210308280773,617.590659478334
2192.280999999959,623.9111732120293,617.590659478334
2192.609000000055,623.9182959951078,617.590659478334
2192.9529999999795,623.9178176697867,617.590659478334
2193.3120000000345,623.9238008050066,617.590659478334
2193.655999999959,623.9174823516112,617.590659478334
2194.0,623.9138858868108,617.590659478334
2194.3429999999935,623.918059660111,617.590659478334
2194.7179999999935,623.9172774156045,617.590659478334
2195.0620000000345,623.9153252352037,617.590659478334
2195.405999999959,623.9275891060566,617.590659478334
2195.75,623.9084738513916,617.590659478334
2196.0929999999935,623.916394768109,617.590659478334
2196.4370000000345,623.9220818663899,617.590659478334
2196.780999999959,623.9229013170582,617.590659478334
2197.140000000014,623.9184524579506,617.590659478334
2197.484000000055,623.9170335775057,617.590659478334
2197.8279999999795,623.9144707571317,617.590659478334
2198.155999999959,623.9208671174273,617.590659478334
2198.515000000014,623.9249142365763,617.590659478334
2198.8429999999935,623.9194745327898,617.590659478334
2199.2029999999795,623.923462848321,617.590659478334
2199.530999999959,623.9171800652692,617.590659478334
2199.890000000014,623.9179357726102,617.590659478334
2200.234000000055,623.9234605620521,617.590659478334
2200.5779999999795,623.9190826997158,617.590659478334
2200.9370000000345,623.9344473685825,617.590659478334
2201.280999999959,623.9417530158844,617.590659478334
2201.625,623.7003825777908,617.590659478334
2201.9679999999935,623.4407538826663,617.590659478334
2202.3120000000345,623.3151362899839,617.590659478334
2202.655999999959,623.2506531188219,617.590659478334
2203.0,623.2037203599032,617.590659478334
2203.359000000055,623.1555050599394,617.590659478334
2203.7029999999795,623.1254976339201,617.590659478334
2204.045999999973,623.1028107223515,617.590659478334
2204.390000000014,623.0781687849743,617.590659478334
2204.75,623.0752262370052,617.590659478334
2205.0929999999935,623.0661476883395,617.590659478334
2205.4370000000345,623.0561575731765,617.590659478334
2205.780999999959,623.0340241533206,617.590659478334
2206.125,623.0350243938399,617.590659478334
2206.4679999999935,623.025256975541,617.590659478334
2206.8279999999795,623.0227466999694,617.590659478334
2207.170999999973,623.0126239931573,617.590659478334
2207.515000000014,623.0055094362708,617.590659478334
2207.875,623.007198311958,617.590659478334
2208.2179999999935,623.0047023963323,617.590659478334
2208.5620000000345,622.9837033489807,617.590659478334
2208.905999999959,622.9878537910578,617.590659478334
2209.265000000014,622.9862316562602,617.590659478334
2209.609000000055,622.9778671791639,617.590659478334
2209.9370000000345,622.9786582839222,617.590659478334
2210.280999999959,622.9703047170208,617.590659478334
2210.640000000014,622.9716870465023,617.590659478334
2210.984000000055,622.9670432403601,617.590659478334
2211.3429999999935,622.9579603803485,617.590659478334
2211.6870000000345,622.9653725186087,617.590659478334
2212.030999999959,622.9606936084801,617.590659478334
2212.375,622.960365258553,617.590659478334
2212.7179999999935,622.9558837336866,617.590659478334
2213.0779999999795,622.9499584005197,617.590659478334
2213.420999999973,622.9609293285081,617.590659478334
2213.765000000014,622.9750912755342,617.590659478334
2214.125,623.092344112429,617.590659478334
2214.4679999999935,623.1884685844415,617.590659478334
2214.8120000000345,623.1997317606941,617.590659478334
2215.155999999959,623.1949257556578,617.590659478334
2215.5,623.1815275004454,617.590659478334
2215.8429999999935,623.1788827859227,617.590659478334
2216.1870000000345,623.1687030368907,617.590659478334
2216.530999999959,623.1699128882871,617.590659478334
2216.875,623.1685554802929,617.590659478334
2217.234000000055,623.1664824807481,617.590659478334
2217.5779999999795,623.1701309369128,617.590659478334
2217.920999999973,623.1717809680061,617.590659478334
2218.265000000014,623.1575947384216,617.590659478334
2218.609000000055,623.1654266457023,617.590659478334
2218.9679999999935,623.1634240883267,617.590659478334
2219.3120000000345,623.1636267040332,617.590659478334
2219.655999999959,623.161596589595,617.590659478334
2220.0,623.1629365544798,617.590659478334
2220.3429999999935,623.162832154211,617.590659478334
2220.7029999999795,623.1581054050466,617.590659478334
2221.030999999959,623.1528198327525,617.590659478334
2221.390000000014,623.1652046475589,617.590659478334
2221.75,623.1683401772789,617.590659478334
2222.0779999999795,623.1590356298627,617.590659478334
2222.4370000000345,623.15775780002,617.590659478334
2222.765000000014,623.1611445084286,617.590659478334
2223.125,623.1623800211509,617.590659478334
2223.4679999999935,623.1670661044581,617.590659478334
2223.795999999973,623.1528112146353,617.590659478334
2224.140000000014,623.147096467469,617.590659478334
2224.484000000055,623.1572210201384,617.590659478334
2224.8279999999795,623.1524451633366,617.590659478334
2225.1870000000345,623.169631971051,617.590659478334
2225.530999999959,623.1660432245524,617.590659478334
2225.875,623.159258144625,617.590659478334
2226.2029999999795,623.0942162765491,617.590659478334
2226.5620000000345,622.9878324711113,617.590659478334
2226.905999999959,622.9842135499683,617.590659478334
2227.234000000055,622.9954117344081,617.590659478334
2227.5929999999935,622.9824935402821,617.590659478334
2227.9370000000345,622.9832909020062,617.590659478334
2228.280999999959,622.970146844071,617.590659478334
2228.609000000055,622.9673821742178,617.590659478334
2228.9679999999935,622.972816261227,617.590659478334
2229.3120000000345,622.9605034362486,617.590659478334
2229.655999999959,622.958244363875,617.590659478334
2229.984000000055,622.9535026196445,617.590659478334
2230.3279999999795,622.9513477923853,617.590659478334
2230.6870000000345,622.9535107240952,617.590659478334
2231.030999999959,622.9439422128565,617.590659478334
2231.375,622.9561905266069,617.590659478334
2231.7179999999935,622.9509048770844,617.590659478334
2232.0779999999795,622.948640709954,617.590659478334
2232.405999999959,622.9399506423534,617.590659478334
2232.75,622.9453696962294,617.590659478334
2233.109000000055,622.9435747873331,617.590659478334
2233.4529999999795,622.9347279718637,617.590659478334
2233.795999999973,622.935332251604,617.590659478334
2234.140000000014,622.9364084145269,617.590659478334
2234.484000000055,622.9437844072105,617.590659478334
2234.8429999999935,622.9361980230202,617.590659478334
2235.170999999973,622.9289965470052,617.590659478334
2235.530999999959,622.935696073389,617.590659478334
2235.875,622.933975941424,617.590659478334
2236.2179999999935,622.9386995642622,617.590659478334
2236.5620000000345,622.9294815469505,617.590659478334
2236.920999999973,622.9270637877911,617.590659478334
2237.265000000014,622.9393704637132,617.590659478334
2237.609000000055,622.9285447963067,617.590659478334
2237.9370000000345,622.9303746152674,617.590659478334
2238.280999999959,622.9581831019698,617.590659478334
2238.640000000014,622.9657261511186,617.590659478334
2238.984000000055,623.1466289934168,617.590659478334
2239.3279999999795,623.1780379937416,617.590659478334
2239.6870000000345,623.1745437379079,617.590659478334
2240.030999999959,623.1630685974721,617.590659478334
2240.375,623.1518394128352,617.590659478334
2240.7179999999935,623.1503392569773,617.590659478334
2241.0620000000345,623.1494367956016,617.590659478334
2241.420999999973,623.1375723369388,617.590659478334
2241.765000000014,623.1514016182133,617.590659478334
2242.109000000055,623.1381852249767,617.590659478334
2242.4679999999935,623.1432113644738,617.590659478334
2242.8120000000345,623.1389550498027,617.590659478334
2243.155999999959,623.1379278075192,617.590659478334
2243.5,623.138197288648,617.590659478334
2243.8279999999795,623.1354939280895,617.590659478334
2244.1870000000345,623.1354510243161,617.590659478334
2244.530999999959,623.1437320107959,617.590659478334
2244.875,623.1393081867675,617.590659478334
2245.2179999999935,623.1255672797677,617.590659478334
2245.5620000000345,623.1488565600913,617.590659478334
2245.905999999959,623.1705905332913,617.590659478334
2246.25,623.1754990567313,617.590659478334
2246.5929999999935,623.1799658874007,617.590659478334
2246.9370000000345,623.1803322731661,617.590659478334
2247.280999999959,623.1655520494911,617.590659478334
2247.640000000014,623.1742423889912,617.590659478334
2247.9679999999935,623.1682983374538,617.590659478334
2248.3279999999795,623.1627316331895,617.590659478334
2248.670999999973,623.1568559573536,617.590659478334
2249.015000000014,623.152912359974,617.590659478334
2249.375,623.1538157520116,617.590659478334
2249.7179999999935,623.1459487003693,617.590659478334
2250.0620000000345,623.1404169390732,617.590659478334
2250.405999999959,623.1487406185114,617.590659478334
2250.765000000014,623.1607289746375,617.590659478334
2251.0929999999935,623.1451173747117,617.590659478334
2251.4370000000345,623.1491224929089,617.590659478334
2251.780999999959,623.1461288441196,617.590659478334
2252.125,623.148457947321,617.590659478334
2252.4679999999935,623.1576258161965,617.590659478334
2252.8120000000345,623.1467527802622,617.590659478334
2253.155999999959,623.1431744889488,617.590659478334
2253.5,623.1322110272705,617.590659478334
2253.8279999999795,623.1459243028658,617.590659478334
2254.170999999973,623.1403834367234,617.590659478334
2254.609000000055,623.1482373720967,617.590659478334
2254.9679999999935,623.1581462970863,617.590659478334
2255.295999999973,623.1382630851938,617.590659478334
2255.655999999959,623.1540360235351,617.590659478334
2256.0,623.1449303493291,617.590659478334
2256.3429999999935,623.1498675971415,617.590659478334
2256.6870000000345,623.1426926297298,617.590659478334
2257.030999999959,623.1468041712433,617.590659478334
2257.375,623.1444563751261,617.590659478334
2257.7179999999935,623.1416610996519,617.590659478334
2258.0620000000345,623.1520647257796,617.590659478334
2258.405999999959,623.1630473054706,617.590659478334
2258.75,623.1636255379503,617.590659478334
2259.0929999999935,623.1964542826909,617.590659478334
2259.4370000000345,623.2202611247352,617.590659478334
2259.780999999959,623.24723272858,617.590659478334
2260.109000000055,623.2653934438921,617.590659478334
2260.4529999999795,623.2750709295954,617.590659478334
2260.795999999973,623.2928503785225,617.590659478334
2261.170999999973,623.3029115918174,617.590659478334
2261.515000000014,623.3119538378747,617.590659478334
2261.859000000055,623.3203075072364,617.590659478334
2262.2029999999795,623.328930244208,617.590659478334
2262.545999999973,623.3415384120547,617.590659478334
2262.905999999959,623.342624371098,617.590659478334
2263.234000000055,623.3547521204662,617.590659478334
2263.5779999999795,623.3653582011231,617.590659478334
2263.920999999973,623.377436485906,617.590659478334
2264.265000000014,623.3723217828232,617.590659478334
2264.609000000055,623.3844060328339,617.590659478334
2264.9529999999795,623.3999406088492,617.590659478334
2265.280999999959,623.3902832724242,617.590659478334
2265.625,623.4044286676224,617.590659478334
2265.984000000055,623.4129386558695,617.590659478334
2266.3120000000345,623.4133830317496,617.590659478334
2266.655999999959,623.4220265372734,617.590659478334
2267.015000000014,623.4299485508229,617.590659478334
2267.359000000055,623.4379470305471,617.590659478334
2267.7029999999795,623.4375855383605,617.590659478334
2268.045999999973,623.4392190020521,617.590659478334
2268.390000000014,623.4471344839293,617.590659478334
2268.734000000055,623.4550630092854,617.590659478334
2269.0779999999795,623.4727415924177,617.590659478334
2269.420999999973,623.4632761857315,617.590659478334
2269.765000000014,623.4742239228237,617.590659478334
2270.109000000055,623.4773708245075,617.590659478334
2270.4529999999795,623.4824523392663,617.590659478334
2270.780999999959,623.4994282732864,617.590659478334
2271.125,623.4872196077287,617.590659478334
2271.4679999999935,623.4920851588647,617.590659478334
2271.8120000000345,623.4952789371742,617.590659478334
2272.155999999959,623.4961174558359,617.590659478334
2272.5,623.5093150399659,617.590659478334
2272.8279999999795,623.5292780922795,617.590659478334
2273.1870000000345,623.5200629843063,617.590659478334
2273.530999999959,623.5192935747289,617.590659478334
2273.859000000055,623.5267115463002,617.590659478334
2274.2029999999795,623.5315539172552,617.590659478334
2274.545999999973,623.5375497906567,617.590659478334
2274.890000000014,623.5357606448482,617.590659478334
2275.234000000055,623.5469139254151,617.590659478334
2275.5779999999795,623.552464049423,617.590659478334
2275.9529999999795,623.5519149216983,617.590659478334
2276.280999999959,623.5642746109878,617.590659478334
2276.625,623.5592040159124,617.590659478334
2276.9679999999935,623.5717446740751,617.590659478334
2277.3120000000345,623.574115120556,617.590659478334
2277.655999999959,623.5684771401774,617.590659478334
2277.984000000055,623.5867220044973,617.590659478334
2278.3279999999795,623.5795526667864,617.590659478334
2278.6870000000345,623.5846052125978,617.590659478334
2279.030999999959,623.5877640188578,617.590659478334
2279.359000000055,623.5977901067737,617.590659478334
2279.7029999999795,623.5932115271727,617.590659478334
2280.045999999973,623.6041534582419,617.590659478334
2280.390000000014,623.6073098927225,617.590659478334
2280.734000000055,623.6069437028825,617.590659478334
2281.0779999999795,623.6134611705222,617.590659478334
2281.4370000000345,623.6090535254564,617.590659478334
2281.765000000014,623.6156798077938,617.590659478334
2282.109000000055,623.6307761543704,617.590659478334
2282.4529999999795,623.6271582076394,617.590659478334
2282.795999999973,623.6341478241382,617.590659478334
2283.140000000014,623.6299953926483,617.590659478334
2283.4679999999935,623.6309625103708,617.590659478334
2283.8120000000345,623.6449326075402,617.590659478334
2284.155999999959,623.6443169030053,617.590659478334
2284.5,623.646311707125,617.590659478334
2284.8429999999935,623.6529261352814,617.590659478334
2285.1870000000345,623.6469402355704,617.590659478334
2285.530999999959,623.6589166864837,617.590659478334
2285.875,623.6572177885303,617.590659478334
2286.2179999999935,623.6617745907995,617.590659478334
2286.5620000000345,623.6569388807885,617.590659478334
2286.920999999973,623.6613932177354,617.590659478334
2287.265000000014,623.674381149815,617.590659478334
2287.609000000055,623.6651671216737,617.590659478334
2287.9529999999795,623.6757629579125,617.590659478334
2288.295999999973,623.6774681851056,617.590659478334
2288.640000000014,623.6863082092862,617.590659478334
2289.0,623.694088623601,617.590659478334
2289.3279999999795,623.6877718724209,617.590659478334
2289.670999999973,623.6957399621733,617.590659478334
2290.015000000014,623.7028272444428,617.590659478334
2290.359000000055,623.6860870875631,617.590659478334
2290.7029999999795,623.7014047009432,617.590659478334
2291.0620000000345,623.6987723498979,617.590659478334
2291.405999999959,623.7109565833301,617.590659478334
2291.75,623.7058527922675,617.590659478334
2292.0929999999935,623.7008675740071,617.590659478334
2292.4370000000345,623.7117807922033,617.590659478334
2292.780999999959,623.7148583780389,617.590659478334
2293.125,623.7334121879239,617.590659478334
2293.4679999999935,623.7261281843311,617.590659478334
2293.8279999999795,623.7312432478478,617.590659478334
2294.170999999973,623.726142393797,617.590659478334
2294.515000000014,623.7348485453607,617.590659478334
2294.859000000055,623.7428583676143,617.590659478334
2295.2029999999795,623.7337523394634,617.590659478334
2295.545999999973,623.7462362349692,617.590659478334
2295.905999999959,623.7452593278298,617.590659478334
2296.25,623.7510008987875,617.590659478334
2296.5929999999935,623.7550615250314,617.590659478334
2296.9529999999795,623.7517837381052,617.590659478334
2297.295999999973,623.7523505700979,617.590659478334
2297.640000000014,623.7673671768091,617.590659478334
2297.984000000055,623.7584299700774,617.590659478334
2298.3279999999795,623.7661781640005,617.590659478334
2298.670999999973,623.7574264009131,617.590659478334
2299.015000000014,623.7655469110538,617.590659478334
2299.359000000055,623.763087712981,617.590659478334
2299.7029999999795,623.7781807546695,617.590659478334
2300.045999999973,623.7740880570651,617.590659478334
2300.405999999959,623.7709753285484,617.590659478334
2300.734000000055,623.7768653350053,617.590659478334
2301.0929999999935,623.7859781956529,617.590659478334
2301.4370000000345,623.7803583359369,617.590659478334
2301.780999999959,623.7889007583956,617.590659478334
2302.109000000055,623.783327427558,617.590659478334
2302.4679999999935,623.793306732248,617.590659478334
2302.8279999999795,623.7967213554665,617.590659478334
2303.170999999973,623.7939087252126,617.590659478334
2303.515000000014,623.806376659382,617.590659478334
2303.859000000055,623.8082175560617,617.590659478334
2304.2029999999795,623.8127593806252,617.590659478334
2304.545999999973,623.8041065699717,617.590659478334
2304.905999999959,623.8038999719462,617.590659478334
2305.234000000055,623.8041456239476,617.590659478334
2305.5929999999935,623.80418448231,617.590659478334
2305.9370000000345,623.815117976547,617.590659478334
2306.280999999959,623.8261053945693,617.590659478334
2306.640000000014,623.8218126547679,617.590659478334
2306.984000000055,623.8117150364042,617.590659478334
2307.3279999999795,623.8264437887243,617.590659478334
2307.6870000000345,623.8248661646514,617.590659478334
2308.015000000014,623.8255467382216,617.590659478334
2308.375,623.8247403892493,617.590659478334
2308.7179999999935,623.8293499961869,617.590659478334
2309.0620000000345,623.8460258422166,617.590659478334
2309.420999999973,623.8526886174393,617.590659478334
2309.765000000014,623.8457037558494,617.590659478334
2310.109000000055,623.8452579331633,617.590659478334
2310.4529999999795,623.8403474839464,617.590659478334
2310.795999999973,623.8453936658784,617.590659478334
2311.140000000014,623.8486728849452,617.590659478334
2311.5,623.8474804010476,617.590659478334
2311.8429999999935,623.8582047485462,617.590659478334
2312.2029999999795,623.8559898125769,617.590659478334
2312.545999999973,623.8593423153021,617.590659478334
2312.890000000014,623.8612190259003,617.590659478334
2313.234000000055,623.867325946838,617.590659478334
2313.5929999999935,623.8576937584286,617.590659478334
2313.9370000000345,623.856346010546,617.590659478334
2314.280999999959,623.8619130070377,617.590659478334
2314.640000000014,623.8733488539802,617.590659478334
2314.984000000055,623.8745001861696,617.590659478334
2315.3279999999795,623.8670251975482,617.590659478334
2315.670999999973,623.8748711415794,617.590659478334
2316.030999999959,623.8734244106541,617.590659478334
2316.375,623.883182580124,617.590659478334
2316.7029999999795,623.8864890094164,617.590659478334
2317.045999999973,623.8753207331451,617.590659478334
2317.405999999959,623.889567248742,617.590659478334
2317.75,623.8873782800633,617.590659478334
2318.0929999999935,623.8862020064586,617.590659478334
2318.4370000000345,623.8989789750041,617.590659478334
2318.780999999959,623.8965309023368,617.590659478334
2319.125,623.8963716854214,617.590659478334
2319.4679999999935,623.9004619382688,617.590659478334
2319.8120000000345,623.9013596470667,617.590659478334
2320.155999999959,623.8978428500726,617.590659478334
2320.5,623.9055979774146,617.590659478334
2320.859000000055,623.9042104706133,617.590659478334
2321.2029999999795,623.9106865730467,617.590659478334
2321.530999999959,623.9118779717211,617.590659478334
2321.875,623.9116252647447,617.590659478334
2322.2179999999935,623.9065186731867,617.590659478334
2322.5620000000345,623.9083388595694,617.590659478334
2322.905999999959,623.9130645629612,617.590659478334
2323.25,623.9189680959313,617.590659478334
2323.5929999999935,623.9200708872902,617.590659478334
2323.9370000000345,623.91818702195,617.590659478334
2324.280999999959,623.9192918198781,617.590659478334
2324.625,623.9198169205923,617.590659478334
2324.9679999999935,623.9263967505849,617.590659478334
2325.3120000000345,623.935148669415,617.590659478334
2325.655999999959,623.9355865779904,617.590659478334
2326.0,623.94463040848,617.590659478334
2326.3429999999935,623.9562799917801,617.590659478334
2326.6870000000345,623.9796241012001,617.590659478334
2327.030999999959,623.9796204492737,617.590659478334
2327.375,623.9823345198812,617.590659478334
2327.7179999999935,623.9851089159082,617.590659478334
2328.0620000000345,623.9803982382773,617.590659478334
2328.405999999959,623.9775964533379,617.590659478334
2328.75,623.9811153920886,617.590659478334
2329.0929999999935,623.9793147304724,617.590659478334
2329.4370000000345,623.9683959361178,617.590659478334
2329.780999999959,623.962448284567,617.590659478334
2330.140000000014,623.9536526916362,617.590659478334
2330.484000000055,623.951859426204,617.590659478334
2330.8279999999795,623.9589554253367,617.590659478334
2331.170999999973,623.9437364319703,617.590659478334
2331.530999999959,623.9455499679652,617.590659478334
2331.859000000055,623.9533036756172,617.590659478334
2332.2029999999795,623.9525213780692,617.590659478334
2332.545999999973,623.9487434364116,617.590659478334
2332.890000000014,623.9555821945881,617.590659478334
2333.234000000055,623.952493497823,617.590659478334
2333.5779999999795,623.9528200785941,617.590659478334
2333.920999999973,623.9521190260248,617.590659478334
2334.265000000014,623.9484814387313,617.590659478334
2334.609000000055,623.9453313116604,617.590659478334
2334.9529999999795,623.946864366892,617.590659478334
2335.295999999973,623.9512928643644,617.590659478334
2335.640000000014,623.9379898548319,617.590659478334
2335.9679999999935,623.9515939830612,617.590659478334
2336.3279999999795,623.9389829817923,617.590659478334
2336.655999999959,623.9517355385411,617.590659478334
2337.0,623.9463356121904,617.590659478334
2337.3429999999935,623.9504403481197,617.590659478334
2337.6870000000345,623.9420617448891,617.590659478334
2338.030999999959,623.9447565472927,617.590659478334
2338.375,623.9503957567314,617.590659478334
2338.7029999999795,623.9420296127086,617.590659478334
2339.0620000000345,623.9438760631443,617.590659478334
2339.405999999959,623.9451845150654,617.590659478334
2339.734000000055,623.945919572659,617.590659478334
2340.0929999999935,623.9494363575677,617.590659478334
2340.4370000000345,623.947185757635,617.590659478334
2340.780999999959,623.9484367008229,617.590659478334
2341.125,623.9544725085127,617.590659478334
2341.4679999999935,623.9492734481091,617.590659478334
2341.8120000000345,623.9394733984719,617.590659478334
2342.155999999959,623.945820899091,617.590659478334
2342.5,623.9445697932726,617.590659478334
2342.8429999999935,623.947936805817,617.590659478334
2343.2029999999795,623.9484646014138,617.590659478334
2343.545999999973,623.9492929596837,617.590659478334
2343.890000000014,623.9513982905862,617.590659478334
2344.25,623.9453292465163,617.590659478334
2344.5929999999935,623.9428046242,617.590659478334
2344.9370000000345,623.9452138075949,617.590659478334
2345.280999999959,623.941484836627,617.590659478334
2345.625,623.9475209647165,617.590659478334
2345.9679999999935,623.9289902529248,617.590659478334
2346.3120000000345,623.9456551565869,617.590659478334
2346.655999999959,623.9439327102923,617.590659478334
2347.015000000014,623.9446345783219,617.590659478334
2347.3429999999935,623.9462474621283,617.590659478334
2347.7029999999795,623.9313690238768,617.590659478334
2348.030999999959,623.9456099332753,617.590659478334
2348.390000000014,623.948636404198,617.590659478334
2348.734000000055,623.9487201035784,617.590659478334
2349.0929999999935,623.9389937866783,617.590659478334
2349.4370000000345,623.9430693048986,617.590659478334
2349.780999999959,623.9359858339492,617.590659478334
2350.140000000014,623.9466059441145,617.590659478334
2350.5779999999795,623.945112859162,617.590659478334
2350.9370000000345,623.9368337065813,617.590659478334
2351.280999999959,623.9435372042572,617.590659478334
2351.609000000055,623.940862619065,617.590659478334
2351.9679999999935,623.944539614047,617.590659478334
2352.3279999999795,623.9387239287462,617.590659478334
2352.670999999973,623.94346014834,617.590659478334
2353.015000000014,623.948839972882,617.590659478334
2353.359000000055,623.9436914362386,617.590659478334
2353.7029999999795,623.9415771219276,617.590659478334
2354.0620000000345,623.9485707266887,617.590659478334
2354.405999999959,623.9393577778181,617.590659478334
2354.75,623.9440689883859,617.590659478334
2355.0929999999935,623.9404998361057,617.590659478334
2355.4370000000345,623.9417114154354,617.590659478334
2355.795999999973,623.9444628218574,617.590659478334
2356.140000000014,623.9453776014306,617.590659478334
2356.484000000055,623.9406568986909,617.590659478334
2356.8429999999935,623.943737707531,617.590659478334
2357.1870000000345,623.9455743045287,617.590659478334
2357.530999999959,623.9305841030292,617.590659478334
2357.875,623.9449615014669,617.590659478334
2358.2179999999935,623.9434520890316,617.590659478334
2358.5620000000345,623.9359876504922,617.590659478334
2358.9370000000345,623.9413804216754,617.590659478334
2359.265000000014,623.9439127764239,617.590659478334
2359.625,623.9449895919997,617.590659478334
2359.9679999999935,623.9457453817366,617.590659478334
2360.3120000000345,623.9353356806644,617.590659478334
2360.655999999959,623.9369661842373,617.590659478334
2361.015000000014,623.9453922286956,617.590659478334
2361.359000000055,623.9382204309344,617.590659478334
2361.7029999999795,623.9470364691024,617.590659478334
2362.045999999973,623.94104785981,617.590659478334
2362.375,623.9367499653338,617.590659478334
2362.734000000055,623.9496011079373,617.590659478334
2363.0929999999935,623.9450558022505,617.590659478334
2363.4370000000345,623.9387305781775,617.590659478334
2363.780999999959,623.9321100103704,617.590659478334
2364.125,623.930464991191,617.590659478334
2364.4679999999935,623.9362377229639,617.590659478334
2364.8120000000345,623.9381764542337,617.590659478334
2365.155999999959,623.9382257111886,617.590659478334
2365.5,623.9499337201124,617.590659478334
2365.8429999999935,623.9415415045606,617.590659478334
2366.1870000000345,623.9323812007459,617.590659478334
2366.530999999959,623.937502012993,617.590659478334
2366.875,623.9433589464086,617.590659478334
2367.2179999999935,623.9379004425411,617.590659478334
2367.5620000000345,623.9430883243158,617.590659478334
2367.920999999973,623.9512303665537,617.590659478334
2368.265000000014,623.9357465667725,617.590659478334
2368.609000000055,623.9404670185537,617.590659478334
2368.9529999999795,623.9376380907311,617.590659478334
2369.295999999973,623.9461333684063,617.590659478334
2369.655999999959,623.9415960188279,617.590659478334
2370.0,623.9403772049043,617.590659478334
2370.3429999999935,623.9480500140853,617.590659478334
2370.6870000000345,623.9348364723982,617.590659478334
2371.045999999973,623.9438430984211,617.590659478334
2371.405999999959,623.9443584154905,617.590659478334
2371.75,623.941921769191,617.590659478334
2372.0929999999935,623.9381627734435,617.590659478334
2372.4529999999795,623.9442901813887,617.590659478334
2372.795999999973,623.945968756803,617.590659478334
2373.155999999959,623.9499077535655,617.590659478334
2373.5,623.936379616022,617.590659478334
2373.859000000055,623.9449977174756,617.590659478334
2374.2029999999795,623.948340950794,617.590659478334
2374.625,623.9396976021893,617.590659478334
2374.9679999999935,623.9379298417869,617.590659478334
2375.3120000000345,623.9327550167076,617.590659478334
2375.670999999973,623.9465334251664,617.590659478334
2376.015000000014,623.9546938091896,617.590659478334
2376.359000000055,623.9496804423347,617.590659478334
2376.7029999999795,623.9469225382826,617.590659478334
2377.0620000000345,623.9435221389474,617.590659478334
2377.405999999959,623.9472760772449,617.590659478334
2377.75,623.9425916243961,617.590659478334
2378.0929999999935,623.9437802951561,617.590659478334
2378.4370000000345,623.9385673323021,617.590659478334
2378.780999999959,623.9367672294403,617.590659478334
2379.140000000014,623.9374266376662,617.590659478334
2379.484000000055,623.9316613383305,617.590659478334
2379.8279999999795,623.9358346911122,617.590659478334
2380.170999999973,623.9369587247905,617.590659478334
2380.515000000014,623.9464210960184,617.590659478334
2380.859000000055,623.9418634544357,617.590659478334
2381.2029999999795,623.9465540033918,617.590659478334
2381.545999999973,623.9442904163217,617.590659478334
2381.905999999959,623.9482982478743,617.590659478334
2382.25,623.9362866337572,617.590659478334
2382.5929999999935,623.925129337223,617.590659478334
2382.9370000000345,623.9463153023653,617.590659478334
2383.280999999959,623.9438633358925,617.590659478334
2383.609000000055,623.9388103873245,617.590659478334
2383.9679999999935,623.9392117192557,617.590659478334
2384.3120000000345,623.9343455933074,617.590659478334
2384.670999999973,623.9437323908392,617.590659478334
2385.0,623.9467870515472,617.590659478334
2385.359000000055,623.942608112622,617.590659478334
2385.7029999999795,623.9358597223315,617.590659478334
2386.045999999973,623.9444161202102,617.590659478334
2386.390000000014,623.939695466886,617.590659478334
2386.75,623.9412674503017,617.590659478334
2387.0929999999935,623.9465462991293,617.590659478334
2387.4529999999795,623.9338854666003,617.590659478334
2387.780999999959,623.9424412384361,617.590659478334
2388.125,623.9486545084951,617.590659478334
2388.484000000055,623.9526634966664,617.590659478334
2388.8120000000345,623.9560707564477,617.590659478334
2389.170999999973,623.6557161117912,617.590659478334
2389.5,623.4252393403215,617.590659478334
2389.8429999999935,623.3171014697779,617.590659478334
2390.1870000000345,623.2484700765744,617.590659478334
2390.530999999959,623.204233500389,617.590659478334
2390.859000000055,623.1697175799093,617.590659478334
2391.2029999999795,623.1370858229949,617.590659478334
2391.545999999973,623.1192937415367,617.590659478334
2391.890000000014,623.1049480929403,617.590659478334
2392.2179999999935,623.0829415640966,617.590659478334
2392.5620000000345,623.0776766735836,617.590659478334
2392.905999999959,623.0746138554827,617.590659478334
2393.265000000014,623.061318179227,617.590659478334
2393.5929999999935,623.0499246921976,617.590659478334
2393.9370000000345,623.0468726391147,617.590659478334
2394.280999999959,623.0292258605142,617.590659478334
2394.625,623.0235863928393,617.590659478334
2394.984000000055,623.0218195619693,617.590659478334
2395.3120000000345,623.0225797404321,617.590659478334
2395.655999999959,623.009700450004,617.590659478334
2396.0,623.0061846251173,617.590659478334
2396.3429999999935,623.0042591187564,617.590659478334
2396.7029999999795,622.9984242810184,617.590659478334
2397.030999999959,622.9886925805828,617.590659478334
2397.375,623.0007394038936,617.590659478334
2397.7029999999795,622.9898380369314,617.590659478334
2398.0620000000345,622.9733303893612,617.590659478334
2398.405999999959,622.9857190448799,617.590659478334
2398.734000000055,622.9776847307987,617.590659478334
2399.0929999999935,622.969143074045,617.590659478334
2399.4370000000345,622.9741307887334,617.590659478334
2399.780999999959,622.9596193716606,617.590659478334
2400.125,622.9648667605902,617.590659478334
2400.484000000055,622.966120618773,617.590659478334
2400.8279999999795,622.984087788592,617.590659478334
2401.170999999973,623.0004546057787,617.590659478334
2401.5,623.1177239219635,617.590659478334
2401.8429999999935,623.2143600663125,617.590659478334
2402.1870000000345,623.2077318062608,617.590659478334
2402.530999999959,623.2145149925842,617.590659478334
2402.875,623.1939049014951,617.590659478334
2403.2179999999935,623.1844852308794,617.590659478334
2403.5779999999795,623.1938463921853,617.590659478334
2403.905999999959,623.1895910311761,617.590659478334
2404.265000000014,623.1886732571438,617.590659478334
2404.609000000055,623.1772041485613,617.590659478334
2404.9370000000345,623.1661316464684,617.590659478334
2405.295999999973,623.1786031701199,617.590659478334
2405.640000000014,623.1663314472803,617.590659478334
2405.9679999999935,623.1641026638096,617.590659478334
2406.3279999999795,623.1832726348116,617.590659478334
2406.670999999973,623.1704022796621,617.590659478334
2407.015000000014,623.1859410979482,617.590659478334
2407.359000000055,623.1685566984044,617.590659478334
2407.7029999999795,623.1751303830789,617.590659478334
2408.0620000000345,623.1774711638566,617.590659478334
2408.405999999959,623.1737049824637,617.590659478334
2408.765000000014,623.1738051310205,617.590659478334
2409.109000000055,623.1796735945659,617.590659478334
2409.4529999999795,623.1753923800327,617.590659478334
2409.795999999973,623.1756406023025,617.590659478334
2410.140000000014,623.1771973044166,617.590659478334
2410.484000000055,623.1797988000948,617.590659478334
2410.8120000000345,623.180071760473,617.590659478334
2411.155999999959,623.1775487238405,617.590659478334
2411.515000000014,623.1728627388925,617.590659478334
2411.859000000055,623.1668952486792,617.590659478334
2412.2029999999795,623.1743904395177,617.590659478334
2412.530999999959,623.1720406337661,617.590659478334
2412.875,623.1765832308821,617.590659478334
2413.234000000055,623.1830773933499,617.590659478334
2413.5779999999795,623.1552838677305,617.590659478334
2413.920999999973,623.0078022233605,617.590659478334
2414.265000000014,623.0037933909808,617.590659478334
2414.609000000055,623.0027531060044,617.590659478334
2414.9679999999935,623.0036844382231,617.590659478334
2415.3120000000345,623.0071052777683,617.590659478334
2415.655999999959,622.9950863445364,617.590659478334
2415.984000000055,622.9846941067354,617.590659478334
2416.3120000000345,622.9817800345197,617.590659478334
2416.670999999973,622.9762766305655,617.590659478334
2417.015000000014,622.9790539132589,617.590659478334
2417.359000000055,622.9670319666528,617.590659478334
2417.7029999999795,622.9635937394438,617.590659478334
2418.045999999973,622.9714331021984,617.590659478334
2418.390000000014,622.9576637661879,617.590659478334
2418.734000000055,622.9593864612992,617.590659478334
2419.0779999999795,622.9548217184799,617.590659478334
2419.405999999959,622.9565261470088,617.590659478334
2419.765000000014,622.9589728463926,617.590659478334
2420.109000000055,622.9572768409165,617.590659478334
2420.4370000000345,622.9593196188257,617.590659478334
2420.780999999959,622.9607369873515,617.590659478334
2421.125,622.9553975685295,617.590659478334
2421.4679999999935,622.9544780535292,617.590659478334
2421.8120000000345,622.9564900567815,617.590659478334
2422.170999999973,622.9564240534885,617.590659478334
2422.609000000055,622.9469216379832,617.590659478334
2422.9529999999795,622.9597699324447,617.590659478334
2423.280999999959,622.955470314071,617.590659478334
2423.625,622.9499340147795,617.590659478334
2423.984000000055,622.9453451768502,617.590659478334
2424.3120000000345,622.9502619034209,617.590659478334
2424.655999999959,622.9507445650096,617.590659478334
2425.0,622.949012393365,617.590659478334
2425.3429999999935,622.9459851362323,617.590659478334
2425.670999999973,622.9810245118688,617.590659478334
2426.015000000014,622.9989154802147,617.590659478334
2426.359000000055,623.183432968464,617.590659478334
2426.6870000000345,623.1879223025961,617.590659478334
2427.045999999973,623.1913011001816,617.590659478334
2427.375,623.1716868471683,617.590659478334
2427.734000000055,623.1621884034032,617.590659478334
2428.0779999999795,623.1705676477584,617.590659478334
2428.420999999973,623.1682651640057,617.590659478334
2428.765000000014,623.1609909901985,617.590659478334
2429.109000000055,623.1553729681298,617.590659478334
2429.4529999999795,623.1612616983733,617.590659478334
2429.780999999959,623.1630116633141,617.590659478334
2430.140000000014,623.1555374882586,617.590659478334
2430.484000000055,623.1540547499822,617.590659478334
2430.8120000000345,623.1528070479432,617.590659478334
2431.170999999973,623.1558106269641,617.590659478334
2431.515000000014,623.1633611198023,617.590659478334
2431.8429999999935,623.152199890213,617.590659478334
2432.1870000000345,623.1617156055587,617.590659478334
2432.530999999959,623.1423518791554,617.590659478334
2432.875,623.1786572888934,617.590659478334
2433.2179999999935,623.1918150796921,617.590659478334
2433.5620000000345,623.1874166465257,617.590659478334
2433.890000000014,623.200495058816,617.590659478334
2434.25,623.1933758279055,617.590659478334
2434.609000000055,623.1854287062396,617.590659478334
2434.9529999999795,623.1797757154716,617.590659478334
2435.295999999973,623.1745744815313,617.590659478334
2435.640000000014,623.165518491404,617.590659478334
2435.984000000055,623.181730699488,617.590659478334
2436.3279999999795,623.1702914478366,617.590659478334
2436.6870000000345,623.1662814437825,617.590659478334
2437.015000000014,623.1658845962859,617.590659478334
2437.359000000055,623.1661583929737,617.590659478334
2437.6870000000345,623.1612501334764,617.590659478334
2438.030999999959,623.1707911925216,617.590659478334
2438.390000000014,623.158870647538,617.590659478334
2438.7179999999935,623.1583733981113,617.590659478334
2439.0620000000345,623.1661649839494,617.590659478334
2439.420999999973,623.1622751175296,617.590659478334
2439.765000000014,623.1555104747678,617.590659478334
2440.109000000055,623.1570167042646,617.590659478334
2440.4679999999935,623.1541382124387,617.590659478334
2440.795999999973,623.1595168602959,617.590659478334
2441.155999999959,623.1630945441151,617.590659478334
2441.5,623.1596677029277,617.590659478334
2441.8279999999795,623.1643717203144,617.590659478334
2442.1870000000345,623.1630082068908,617.590659478334
2442.530999999959,623.1466717465665,617.590659478334
2442.875,623.1544988772574,617.590659478334
2443.2179999999935,623.159418872176,617.590659478334
2443.5620000000345,623.1661384382169,617.590659478334
2443.920999999973,623.1498845263011,617.590659478334
2444.265000000014,623.1591812054344,617.590659478334
2444.609000000055,623.1528426618707,617.590659478334
2444.9529999999795,623.1564734707739,617.590659478334
2445.295999999973,623.1573961808706,617.590659478334
2445.640000000014,623.1568087140097,617.590659478334
2446.0,623.1655844750934,617.590659478334
2446.3279999999795,623.1604726269787,617.590659478334
2446.7029999999795,623.1628547768918,617.590659478334
2447.045999999973,623.1559270584088,617.590659478334
2447.390000000014,623.1572503886324,617.590659478334
2447.734000000055,623.1521677317393,617.590659478334
2448.0929999999935,623.1481219500926,617.590659478334
2448.420999999973,623.1617476644102,617.590659478334
2448.780999999959,623.1655253799257,617.590659478334
2449.125,623.1526934235471,617.590659478334
2449.4679999999935,623.1586690795359,617.590659478334
2449.8120000000345,623.1539938272217,617.590659478334
2450.155999999959,623.1662413192198,617.590659478334
2450.5,623.1518803548473,617.590659478334
2450.8429999999935,623.1577943758757,617.590659478334
2451.170999999973,623.159318122453,617.590659478334
2451.530999999959,623.1559466175644,617.590659478334
2451.859000000055,623.1443834916602,617.590659478334
2452.2179999999935,623.158868002348,617.590659478334
2452.5620000000345,623.1655370892885,617.590659478334
2452.920999999973,623.1564963744346,617.590659478334
2453.25,623.1544166947352,617.590659478334
2453.5929999999935,623.1553716879116,617.590659478334
2453.9370000000345,623.1543278622419,617.590659478334
2454.295999999973,623.1544090997044,617.590659478334
2454.640000000014,623.159375198171,617.590659478334
2454.984000000055,623.1600463458919,617.590659478334
2455.3279999999795,623.1647362674972,617.590659478334
2455.670999999973,623.140882170458,617.590659478334
2456.015000000014,623.1603352870488,617.590659478334
2456.359000000055,623.1485730583005,617.590659478334
2456.7029999999795,623.1568992655411,617.590659478334
2457.0620000000345,623.1526950281897,617.590659478334
2457.405999999959,623.1482441717037,617.590659478334
2457.75,623.1568640173148,617.590659478334
2458.0929999999935,623.1463483326554,617.590659478334
2458.4370000000345,623.1496304467123,617.590659478334
2458.780999999959,623.1489120385057,617.590659478334
2459.125,623.1482807146372,617.590659478334
2459.484000000055,623.1412903587113,617.590659478334
2459.8279999999795,623.1537459391778,617.590659478334
2460.170999999973,623.1538895182164,617.590659478334
2460.515000000014,623.1456072096022,617.590659478334
2460.859000000055,623.1518931061329,617.590659478334
2461.2029999999795,623.1573440803928,617.590659478334
2461.545999999973,623.1572402070431,617.590659478334
2461.890000000014,623.1527590088617,617.590659478334
2462.234000000055,623.1519147051874,617.590659478334
2462.5779999999795,623.1496149630626,617.590659478334
2462.9370000000345,623.1598696710241,617.590659478334
2463.280999999959,623.1498375875985,617.590659478334
2463.625,623.1505926842648,617.590659478334
2463.9679999999935,623.1468247593718,617.590659478334
2464.3120000000345,623.1497319493275,617.590659478334
2464.655999999959,623.157235174583,617.590659478334
2464.984000000055,623.1460096731189,617.590659478334
2465.3429999999935,623.1504978716958,617.590659478334
2465.670999999973,623.1611188352562,617.590659478334
2466.030999999959,623.1573055427328,617.590659478334
2466.375,623.1465776614442,617.590659478334
2466.7179999999935,623.1643565202739,617.590659478334
2467.0620000000345,623.1559329270151,617.590659478334
2467.405999999959,623.1565891561652,617.590659478334
2467.75,623.148736490992,617.590659478334
2468.109000000055,623.1565526375314,617.590659478334
2468.4529999999795,623.1485883450691,617.590659478334
2468.8120000000345,623.1552098990666,617.590659478334
2469.140000000014,623.1447500757394,617.590659478334
2469.484000000055,623.1561813547567,617.590659478334
2469.8279999999795,623.1495858985821,617.590659478334
2470.170999999973,623.1569237511678,617.590659478334
2470.609000000055,623.1539154961451,617.590659478334
2470.9370000000345,623.1515780524785,617.590659478334
2471.295999999973,623.1484106478864,617.590659478334
2471.640000000014,623.1588534123949,617.590659478334
2471.984000000055,623.148274856464,617.590659478334
2472.3279999999795,623.1513771509248,617.590659478334
2472.670999999973,623.1521511359749,617.590659478334
2473.030999999959,623.1532524261055,617.590659478334
2473.375,623.1537617554811,617.590659478334
2473.7179999999935,623.1505790363931,617.590659478334
2474.0620000000345,623.1390009575586,617.590659478334
2474.420999999973,623.1624983184666,617.590659478334
2474.765000000014,623.1580219105676,617.590659478334
2475.0929999999935,623.148796559608,617.590659478334
2475.4370000000345,623.1498525358379,617.590659478334
2475.780999999959,623.1492979519628,617.590659478334
2476.125,623.1504499054142,617.590659478334
2476.4679999999935,623.1608384454634,617.590659478334
2476.8279999999795,623.1613984887252,617.590659478334
2477.170999999973,623.1506015674594,617.590659478334
2477.515000000014,623.155288581794,617.590659478334
2477.859000000055,623.1523967383732,617.590659478334
2478.2029999999795,623.1558295794691,617.590659478334
2478.545999999973,623.1498180035989,617.590659478334
2478.905999999959,623.1518528433509,617.590659478334
2479.25,623.1489799773403,617.590659478334
2479.5929999999935,623.1427219983899,617.590659478334
2479.9370000000345,623.1525755723072,617.590659478334
2480.280999999959,623.1423275188607,617.590659478334
2480.625,623.1466967410628,617.590659478334
2480.9529999999795,623.1492746735017,617.590659478334
2481.3120000000345,623.156639303844,617.590659478334
2481.655999999959,623.156259806331,617.590659478334
2482.0,623.147749732757,617.590659478334
2482.3429999999935,623.1547342044532,617.590659478334
2482.670999999973,623.1485838357179,617.590659478334
2483.045999999973,623.1483531993466,617.590659478334
2483.390000000014,623.1517977542281,617.590659478334
2483.75,623.1579268829319,617.590659478334
2484.0929999999935,623.1429632362556,617.590659478334
2484.4370000000345,623.1455177630467,617.590659478334
2484.780999999959,623.1452558935754,617.590659478334
2485.125,623.1491928728151,617.590659478334
2485.484000000055,623.1545192589292,617.590659478334
2485.8120000000345,623.1458751160284,617.590659478334
2486.170999999973,623.154021404242,617.590659478334
2486.515000000014,623.1481751916227,617.590659478334
2486.859000000055,623.1385507307149,617.590659478334
2487.2029999999795,623.1463025490046,617.590659478334
2487.545999999973,623.1451896278876,617.590659478334
2487.890000000014,623.1496763808777,617.590659478334
2488.25,623.1448907424708,617.590659478334
2488.5929999999935,623.1502582980617,617.590659478334
2488.9370000000345,623.1330270656761,617.590659478334
2489.280999999959,623.1488238991125,617.590659478334
2489.625,623.1535643479333,617.590659478334
2489.984000000055,623.1551925250609,617.590659478334
2490.3279999999795,623.1608065423698,617.590659478334
2490.670999999973,623.1433685779596,617.590659478334
2491.030999999959,623.146963005695,617.590659478334
2491.375,623.1563455514039,617.590659478334
2491.734000000055,623.1466646553255,617.590659478334
2492.0779999999795,623.1496035137463,617.590659478334
2492.420999999973,623.1473857136799,617.590659478334
2492.765000000014,623.1511743163217,617.590659478334
2493.109000000055,623.1421111904245,617.590659478334
2493.4679999999935,623.1493362473137,617.590659478334
2493.8279999999795,623.1481898870092,617.590659478334
2494.1870000000345,623.1486657246783,617.590659478334
2494.609000000055,623.1440806606018,617.590659478334
2494.9679999999935,623.1579813647406,617.590659478334
2495.295999999973,623.1504279925229,617.590659478334
2495.655999999959,623.1620257349706,617.590659478334
2496.0,623.147626770046,617.590659478334
2496.3429999999935,623.1464479947635,617.590659478334
2496.6870000000345,623.1517241500392,617.590659478334
2497.045999999973,623.1583298834144,617.590659478334
2497.390000000014,623.1552237302842,617.590659478334
2497.734000000055,623.1554520747658,617.590659478334
2498.0779999999795,623.1508597042218,617.590659478334
2498.420999999973,623.152833614577,617.590659478334
2498.780999999959,623.1582595911957,617.590659478334
2499.109000000055,623.1536646433827,617.590659478334
2499.4529999999795,623.1429574001778,617.590659478334
2499.8120000000345,623.1489616307512,617.590659478334
2500.155999999959,623.1490857532581,617.590659478334
2500.5,623.1503206416922,617.590659478334
2500.8429999999935,623.1513263330983,617.590659478334
2501.2029999999795,623.1427646551939,617.590659478334
2501.545999999973,623.1438653254868,617.590659478334
2501.890000000014,623.1466856198164,617.590659478334
2502.234000000055,623.1533559432478,617.590659478334
2502.5779999999795,623.1637997695236,617.590659478334
2502.9370000000345,623.146493765822,617.590659478334
2503.280999999959,623.148288226436,617.590659478334
2503.625,623.1498082432976,617.590659478334
2503.9679999999935,623.1372002464329,617.590659478334
2504.3279999999795,623.1437884554011,617.590659478334
2504.670999999973,623.1413746366126,617.590659478334
2505.015000000014,623.1524300566398,617.590659478334
2505.375,623.1466391999629,617.590659478334
2505.7029999999795,623.1555513222455,617.590659478334
2506.0620000000345,623.1508354052107,617.590659478334
2506.405999999959,623.1523563919513,617.590659478334
2506.765000000014,623.1429768951256,617.590659478334
2507.109000000055,623.1431311040084,617.590659478334
2507.4529999999795,623.148462723316,617.590659478334
2507.795999999973,623.1531114665576,617.590659478334
2508.140000000014,623.1572086330335,617.590659478334
2508.484000000055,623.1558629532874,617.590659478334
2508.8279999999795,623.1443570638932,617.590659478334
2509.155999999959,623.1448359752409,617.590659478334
2509.5,623.1358903295713,617.590659478334
2509.8429999999935,623.146868014724,617.590659478334
2510.1870000000345,623.149311592743,617.590659478334
2510.530999999959,623.1486767217115,617.590659478334
2510.875,623.139410229763,617.590659478334
2511.2179999999935,623.146446612867,617.590659478334
2511.5620000000345,623.1389553355455,617.590659478334
2511.905999999959,623.1515368650214,617.590659478334
2512.25,623.1392368396994,617.590659478334
2512.5929999999935,623.1478872722591,617.590659478334
2512.9370000000345,623.1454991376199,617.590659478334
2513.265000000014,623.1478878921002,617.590659478334
2513.609000000055,623.1506558317927,617.590659478334
2513.9529999999795,623.1485461615475,617.590659478334
2514.295999999973,623.1394025834715,617.590659478334
2514.640000000014,623.1330191763308,617.590659478334
2515.0,623.1487242858345,617.590659478334
2515.3429999999935,623.1342276163292,617.590659478334
2515.6870000000345,623.1498049269879,617.590659478334
2516.030999999959,623.1520788552762,617.590659478334
2516.390000000014,623.1451875934687,617.590659478334
2516.734000000055,623.1520392230552,617.590659478334
2517.0929999999935,623.1521434887243,617.590659478334
2517.4370000000345,623.1567639434579,617.590659478334
2517.780999999959,623.1491320832696,617.590659478334
2518.125,623.1463311055882,617.590659478334
2518.484000000055,623.1532787474454,617.590659478334
2518.8429999999935,623.1428287148595,617.590659478334
2519.1870000000345,623.1395659715572,617.590659478334
2519.530999999959,623.1519471086448,617.590659478334
2519.875,623.1397089847412,617.590659478334
2520.2179999999935,623.1462266962324,617.590659478334
2520.5620000000345,623.1401205988057,617.590659478334
2520.905999999959,623.159181582062,617.590659478334
2521.25,623.1437144293003,617.590659478334
2521.5929999999935,623.1426364219192,617.590659478334
2521.920999999973,623.1401285027572,617.590659478334
2522.265000000014,623.1443118847977,617.590659478334
2522.609000000055,623.1482951070369,617.590659478334
2522.9529999999795,623.151757758743,617.590659478334
2523.295999999973,623.148969741221,617.590659478334
2523.640000000014,623.1625104725176,617.590659478334
2523.984000000055,623.1548819381804,617.590659478334
2524.3279999999795,623.146620971234,617.590659478334
2524.670999999973,623.1454670459875,617.590659478334
2525.030999999959,623.1463155179409,617.590659478334
2525.375,623.145285733595,617.590659478334
2525.7179999999935,623.1487200687417,617.590659478334
2526.0620000000345,623.1645597257705,617.590659478334
2526.405999999959,623.1427514549055,617.590659478334
2526.75,623.1409444087444,617.590659478334
2527.0929999999935,623.1551289433393,617.590659478334
2527.4370000000345,623.1526993478637,617.590659478334
2527.780999999959,623.136236569657,617.590659478334
2528.125,623.1503715597505,617.590659478334
2528.4679999999935,623.1485553479465,617.590659478334
2528.8120000000345,623.1380052698064,617.590659478334
2529.155999999959,623.1413077740144,617.590659478334
2529.5,623.1610032289092,617.590659478334
2529.8429999999935,623.1698055547868,617.590659478334
2530.170999999973,623.1949610083097,617.590659478334
2530.609000000055,623.2401101195982,617.590659478334
2530.9529999999795,623.2766863837392,617.590659478334
2531.295999999973,623.3001352850572,617.590659478334
2531.625,623.3280532877728,617.590659478334
2531.9679999999935,623.3634281667763,617.590659478334
2532.3120000000345,623.3828802382195,617.590659478334
2532.655999999959,623.3957659690531,617.590659478334
2532.984000000055,623.4313868757598,617.590659478334
2533.3279999999795,623.4434576940168,617.590659478334
2533.670999999973,623.4646136251192,617.590659478334
2534.015000000014,623.48390528832,617.590659478334
2534.359000000055,623.498870156942,617.590659478334
2534.7029999999795,623.5153259886216,617.590659478334
2535.0620000000345,623.5191040332718,617.590659478334
2535.405999999959,623.5407569593733,617.590659478334
2535.75,623.5548552484116,617.590659478334
2536.0929999999935,623.580454975851,617.590659478334
2536.4370000000345,623.5894665532667,617.590659478334
2536.780999999959,623.603803313863,617.590659478334
2537.125,623.607890633568,617.590659478334
2537.4679999999935,623.6323053793135,617.590659478334
2537.8120000000345,623.6377290054943,617.590659478334
2538.155999999959,623.6503213671226,617.590659478334
2538.5,623.665076242806,617.590659478334
2538.8429999999935,623.6770202526875,617.590659478334
2539.1870000000345,623.6904674397675,617.590659478334
2539.515000000014,623.6936923098979,617.590659478334
2539.875,623.7081843629635,617.590659478334
2540.2179999999935,623.721333980259,617.590659478334
2540.5620000000345,623.7246883329675,617.590659478334
2540.920999999973,623.7283152034045,617.590659478334
2541.265000000014,623.7466125359747,617.590659478334
2541.609000000055,623.7648137772744,617.590659478334
2541.9679999999935,623.7931905338693,617.590659478334
2542.295999999973,623.8244668739247,617.590659478334
2542.655999999959,623.8356646747354,617.590659478334
2542.984000000055,623.8332658739673,617.590659478334
2543.3279999999795,623.8521878016469,617.590659478334
2543.6870000000345,623.850550386565,617.590659478334
2544.030999999959,623.8398731299228,617.590659478334
2544.375,623.8393804195712,617.590659478334
2544.7179999999935,623.824636190867,617.590659478334
2545.0620000000345,623.8288513336241,617.590659478334
2545.405999999959,623.8266965629821,617.590659478334
2545.75,623.8191707057285,617.590659478334
2546.0929999999935,623.8308410009611,617.590659478334
2546.420999999973,623.825044287972,617.590659478334
2546.765000000014,623.8170807434383,617.590659478334
2547.109000000055,623.8122807201453,617.590659478334
2547.4529999999795,623.8155789426531,617.590659478334
2547.795999999973,623.8191354918873,617.590659478334
2548.140000000014,623.8134967358249,617.590659478334
2548.5,623.8168601433758,617.590659478334
2548.8279999999795,623.8167103084613,617.590659478334
2549.1870000000345,623.8193691234063,617.590659478334
2549.530999999959,623.819896263362,617.590659478334
2549.890000000014,623.8142672414363,617.590659478334
2550.234000000055,623.8059318365733,617.590659478334
2550.5779999999795,623.8107953895385,617.590659478334
2550.920999999973,623.8159498896108,617.590659478334
2551.280999999959,623.8014867719202,617.590659478334
2551.625,623.8137005386709,617.590659478334
2551.9679999999935,623.8091254094779,617.590659478334
2552.3279999999795,623.814612234662,617.590659478334
2552.655999999959,623.8045312326794,617.590659478334
2553.0,623.7967073809039,617.590659478334
2553.3429999999935,623.8071716592251,617.590659478334
2553.6870000000345,623.8075233857635,617.590659478334
2554.045999999973,623.8060482203671,617.590659478334
2554.375,623.8128883175606,617.590659478334
2554.734000000055,623.8118940279475,617.590659478334
2555.0779999999795,623.8081583624952,617.590659478334
2555.420999999973,623.8282666666839,617.590659478334
2555.765000000014,623.6630890510055,617.590659478334
2556.109000000055,623.3969162270897,617.590659478334
2556.4529999999795,623.2876440598411,617.590659478334
2556.795999999973,623.212639056797,617.590659478334
2557.140000000014,623.1737084616539,617.590659478334
2557.484000000055,623.1475907080631,617.590659478334
2557.8279999999795,623.1109270004266,617.590659478334
2558.170999999973,623.0941781648075,617.590659478334
2558.515000000014,623.0915315436464,617.590659478334
2558.859000000055,623.0701701004125,617.590659478334
2559.2179999999935,623.0570710019801,617.590659478334
2559.5620000000345,623.0566221616863,617.590659478334
2559.905999999959,623.0400352330126,617.590659478334
2560.25,623.0491849345867,617.590659478334
2560.5929999999935,623.0390585852426,617.590659478334
2560.9370000000345,623.029468641139,617.590659478334
2561.265000000014,623.0186032148135,617.590659478334
2561.609000000055,623.0290968093827,617.590659478334
2561.9679999999935,623.013707764268,617.590659478334
2562.3120000000345,623.0054460380768,617.590659478334
2562.655999999959,623.0009742438543,617.590659478334
2563.015000000014,623.0105981304757,617.590659478334
2563.359000000055,622.9985181151098,617.590659478334
2563.7029999999795,622.9934490460066,617.590659478334
2564.045999999973,622.9892391957192,617.590659478334
2564.390000000014,622.9952477181844,617.590659478334
2564.7179999999935,622.9943262564705,617.590659478334
2565.0620000000345,622.9938988640525,617.590659478334
2565.405999999959,622.9809763419136,617.590659478334
2565.765000000014,622.9732149619709,617.590659478334
2566.109000000055,622.983170744719,617.590659478334
2566.4529999999795,622.9837921331728,617.590659478334
2566.795999999973,622.9743760121503,617.590659478334
2567.140000000014,622.975179810456,617.590659478334
2567.484000000055,622.9772846534589,617.590659478334
2567.8279999999795,622.9881222393175,617.590659478334
2568.170999999973,623.0433757138567,617.590659478334
2568.5,623.2072988808312,617.590659478334
2568.859000000055,623.2146560312738,617.590659478334
2569.2029999999795,623.2073587569643,617.590659478334
2569.545999999973,623.1979153708513,617.590659478334
2569.890000000014,623.1976073793312,617.590659478334
2570.234000000055,623.1789247190376,617.590659478334
2570.5779999999795,623.1881118337905,617.590659478334
2570.920999999973,623.1886362909958,617.590659478334
2571.265000000014,623.181974579414,617.590659478334
2571.609000000055,623.1840686492911,617.590659478334
2571.9529999999795,623.1881523447408,617.590659478334
2572.295999999973,623.1795763599962,617.590659478334
2572.640000000014,623.1791704750921,617.590659478334
2572.984000000055,623.1841435796658,617.590659478334
2573.3279999999795,623.1775184003839,617.590659478334
2573.670999999973,623.1734083211951,617.590659478334
2574.015000000014,623.1779290140081,617.590659478334
2574.359000000055,623.1803173250943,617.590659478334
2574.7179999999935,623.184731358426,617.590659478334
2575.0620000000345,623.1784335893676,617.590659478334
2575.405999999959,623.1744109629594,617.590659478334
2575.75,623.1738558314197,617.590659478334
2576.109000000055,623.1753352008054,617.590659478334
2576.4529999999795,623.178830303384,617.590659478334
2576.8120000000345,623.1792575541576,617.590659478334
2577.170999999973,623.1738878226037,617.590659478334
2577.515000000014,623.1759860726219,617.590659478334
2577.859000000055,623.1826688922275,617.590659478334
2578.2029999999795,623.1810598753543,617.590659478334
2578.609000000055,623.1776691628537,617.590659478334
2578.9679999999935,623.1711637774686,617.590659478334
2579.3120000000345,623.170649831777,617.590659478334
2579.670999999973,623.1720102693628,617.590659478334
2580.015000000014,623.1903952802197,617.590659478334
2580.359000000055,623.1553039098176,617.590659478334
2580.7179999999935,623.0116758707765,617.590659478334
2581.0620000000345,623.0110181153755,617.590659478334
2581.390000000014,623.0023366341287,617.590659478334
2581.75,623.003506829728,617.590659478334
2582.0929999999935,623.0148004009941,617.590659478334
2582.420999999973,622.9870222596953,617.590659478334
2582.780999999959,622.9874150541187,617.590659478334
2583.125,622.979142480023,617.590659478334
2583.4679999999935,622.9802040116416,617.590659478334
2583.8120000000345,622.976022456642,617.590659478334
2584.155999999959,622.9690189113214,617.590659478334
2584.5,622.9746200622001,617.590659478334
2584.8429999999935,622.9678076993034,617.590659478334
2585.1870000000345,622.9689155723676,617.590659478334
2585.530999999959,622.9683416174255,617.590659478334
2585.875,622.9647031540071,617.590659478334
2586.2179999999935,622.958559104324,617.590659478334
2586.5620000000345,622.9555002083345,617.590659478334
2586.905999999959,622.9627933490291,617.590659478334
2587.25,622.9665283972457,617.590659478334
2587.5929999999935,622.9573811808684,617.590659478334
2587.9370000000345,622.9567752730871,617.590659478334
2588.280999999959,622.963897960771,617.590659478334
2588.640000000014,622.9496014877944,617.590659478334
2589.0,622.9597253192858,617.590659478334
2589.3429999999935,622.9568296050467,617.590659478334
2589.6870000000345,622.9544821231863,617.590659478334
2590.045999999973,622.9496585808805,617.590659478334
2590.405999999959,622.9544105368926,617.590659478334
2590.75,622.9443553128962,617.590659478334
2591.0929999999935,622.9514576650249,617.590659478334
2591.4370000000345,622.9645742077913,617.590659478334
2591.780999999959,622.9632229726124,617.590659478334
2592.140000000014,622.9520267601814,617.590659478334
2592.484000000055,622.9767345169208,617.590659478334
2592.8279999999795,622.9996487883197,617.590659478334
2593.1870000000345,623.1791552883659,617.590659478334
2593.515000000014,623.1932034980948,617.590659478334
2593.875,623.1992446913239,617.590659478334
2594.2179999999935,623.1737057584595,617.590659478334
2594.5620000000345,623.1771963334486,617.590659478334
2594.905999999959,623.1592134019686,617.590659478334
2595.265000000014,623.1719717415236,617.590659478334
2595.5929999999935,623.1621222694944,617.590659478334
2595.9370000000345,623.1677462653245,617.590659478334
2596.295999999973,623.1656151057912,617.590659478334
2596.640000000014,623.1679778715084,617.590659478334
2596.9679999999935,623.1641629998072,617.590659478334
2597.3279999999795,623.161243245142,617.590659478334
2597.670999999973,623.1593668170891,617.590659478334
2598.030999999959,623.1516118388572,617.590659478334
2598.375,623.1582515274765,617.590659478334
2598.734000000055,623.1553332395306,617.590659478334
2599.0779999999795,623.164673413298,617.590659478334
2599.420999999973,623.141790696641,617.590659478334
2599.765000000014,623.1795947233956,617.590659478334
2600.125,623.1951489095629,617.590659478334
2600.4679999999935,623.210119618883,617.590659478334
2600.8120000000345,623.198719281182,617.590659478334
2601.155999999959,623.1939215175369,617.590659478334
2601.5,623.1851711431943,617.590659478334
2601.8429999999935,623.1786084517122,617.590659478334
2602.1870000000345,623.1729721381389,617.590659478334
2602.609000000055,623.1762183388166,617.590659478334
2602.9529999999795,623.1678680358945,617.590659478334
2603.295999999973,623.1714281748605,617.590659478334
2603.655999999959,623.1629815969756,617.590659478334
2604.0,623.1727973317314,617.590659478334
2604.3429999999935,623.1681409289147,617.590659478334
2604.6870000000345,623.1648277717264,617.590659478334
2605.030999999959,623.1756735325171,617.590659478334
2605.375,623.1724607900787,617.590659478334
2605.7179999999935,623.1676239440227,617.590659478334
2606.0620000000345,623.173203627278,617.590659478334
2606.405999999959,623.1688137128215,617.590659478334
2606.75,623.1724754608829,617.590659478334
2607.0929999999935,623.1631995886785,617.590659478334
2607.4370000000345,623.1668871809949,617.590659478334
2607.780999999959,623.1691952309708,617.590659478334
2608.140000000014,623.1649785482049,617.590659478334
2608.4679999999935,623.1638022316056,617.590659478334
2608.8279999999795,623.1650582230102,617.590659478334
2609.170999999973,623.1643630373869,617.590659478334
2609.515000000014,623.1619569721855,617.590659478334
2609.859000000055,623.1611062816698,617.590659478334
2610.2029999999795,623.171184888919,617.590659478334
2610.545999999973,623.1718997764984,617.590659478334
2610.890000000014,623.1685633775053,617.590659478334
2611.234000000055,623.1605446955649,617.590659478334
2611.5779999999795,623.1676611857014,617.590659478334
2611.920999999973,623.1628982391214,617.590659478334
2612.265000000014,623.1835042804989,617.590659478334
2612.609000000055,623.1879919219571,617.590659478334
2612.9529999999795,623.2114916936962,617.590659478334
2613.295999999973,623.2744130125317,617.590659478334
2613.640000000014,623.3367656937614,617.590659478334
2613.984000000055,623.3806600072917,617.590659478334
2614.3279999999795,623.4111701611408,617.590659478334
2614.655999999959,623.450806071996,617.590659478334
2615.0,623.4797626652625,617.590659478334
2615.3429999999935,623.4945043538825,617.590659478334
2615.6870000000345,623.5204912835937,617.590659478334
2616.030999999959,623.5470724876665,617.590659478334
2616.375,623.5596402838826,617.590659478334
2616.7179999999935,623.5847543357283,617.590659478334
2617.045999999973,623.6024097926858,617.590659478334
2617.390000000014,623.6171948183389,617.590659478334
2617.75,623.6395167391507,617.590659478334
2618.0779999999795,623.6469388430787,617.590659478334
2618.4370000000345,623.6688586822387,617.590659478334
2618.765000000014,623.681529060885,617.590659478334
2619.109000000055,623.6857679948585,617.590659478334
2619.4529999999795,623.7040469870383,617.590659478334
2619.795999999973,623.7212235899823,617.590659478334
2620.140000000014,623.7373913357541,617.590659478334
2620.484000000055,623.7518843879134,617.590659478334
2620.8279999999795,623.7511117821269,617.590659478334
2621.170999999973,623.7703207654008,617.590659478334
2621.530999999959,623.7770306685799,617.590659478334
2621.875,623.8031690737296,617.590659478334
2622.234000000055,623.7967642789745,617.590659478334
2622.5779999999795,623.8135992040038,617.590659478334
2622.9370000000345,623.8315623501154,617.590659478334
2623.295999999973,623.8293739529091,617.590659478334
2623.625,623.854256382027,617.590659478334
2623.984000000055,623.8546397039054,617.590659478334
2624.3279999999795,623.86362903004,617.590659478334
2624.655999999959,623.8730723825543,617.590659478334
2625.0,623.884486930386,617.590659478334
2625.3429999999935,623.8822810469987,617.590659478334
2625.6870000000345,623.9025127857708,617.590659478334
2626.045999999973,623.9148072978852,617.590659478334
2626.390000000014,623.9157591769806,617.590659478334
2626.75,623.9403648576798,617.590659478334
2627.0929999999935,623.9281835068089,617.590659478334
2627.4370000000345,623.9327310737891,617.590659478334
2627.780999999959,623.9433709393825,617.590659478334
2628.109000000055,623.9655329158642,617.590659478334
2628.4679999999935,623.9608066777884,617.590659478334
2628.8120000000345,623.9632975842771,617.590659478334
2629.140000000014,623.986654225108,617.590659478334
2629.484000000055,623.9844955526936,617.590659478334
2629.8279999999795,623.9886703563892,617.590659478334
2630.170999999973,623.9946922670653,617.590659478334
2630.5,624.0075027824917,617.590659478334
2630.859000000055,624.0030038395107,617.590659478334
2631.2029999999795,624.0115432857783,617.590659478334
2631.545999999973,624.0190023340546,617.590659478334
2631.890000000014,624.0292808838178,617.590659478334
2632.234000000055,624.0413318082603,617.590659478334
2632.5779999999795,624.0447396373569,617.590659478334
2632.905999999959,624.045062397616,617.590659478334
2633.25,624.0571296529373,617.590659478334
2633.5929999999935,624.0641935042458,617.590659478334
2633.9529999999795,624.0618871822502,617.590659478334
2634.295999999973,624.0635123806766,617.590659478334
2634.640000000014,624.0749005061413,617.590659478334
2634.984000000055,624.0870085361174,617.590659478334
2635.3429999999935,624.0785756362822,617.590659478334
2635.6870000000345,624.0883617363377,617.590659478334
2636.045999999973,624.0912879998078,617.590659478334
2636.390000000014,624.1006660638673,617.590659478334
2636.734000000055,624.1134538894648,617.590659478334
2637.0779999999795,624.1067546383003,617.590659478334
2637.420999999973,624.1171650402705,617.590659478334
2637.780999999959,624.12691255793,617.590659478334
2638.140000000014,624.1229661537874,617.590659478334
2638.515000000014,624.1391506858193,617.590659478334
2638.890000000014,624.143471514828,617.590659478334
2639.2179999999935,624.1383359509211,617.590659478334
2639.5620000000345,624.1404689881484,617.590659478334
2639.905999999959,624.1457841469252,617.590659478334
2640.25,624.1552694961161,617.590659478334
2640.5929999999935,624.1557377807871,617.590659478334
2640.920999999973,624.1536016619917,617.590659478334
2641.265000000014,624.1647069745328,617.590659478334
2641.609000000055,624.1676544731502,617.590659478334
2641.9529999999795,624.1645263305601,617.590659478334
2642.295999999973,624.1804378963081,617.590659478334
2642.625,624.1677666168167,617.590659478334
2642.984000000055,624.1908268437775,617.590659478334
2643.3120000000345,624.1847525943396,617.590659478334
2643.670999999973,624.1917216771812,617.590659478334
2644.0,624.2018666780351,617.590659478334
2644.3429999999935,624.1902833967729,617.590659478334
2644.7029999999795,624.1946276895062,617.590659478334
2645.030999999959,624.2010651513134,617.590659478334
2645.390000000014,624.2154979713528,617.590659478334
2645.75,624.2044117185361,617.590659478334
2646.0929999999935,624.2149738839489,617.590659478334
2646.4370000000345,624.2114183743307,617.590659478334
2646.795999999973,624.2219864794274,617.590659478334
2647.140000000014,624.228630435587,617.590659478334
2647.5,624.2376312158477,617.590659478334
2647.8279999999795,624.2382544819028,617.590659478334
2648.1870000000345,624.2315121955637,617.590659478334
2648.545999999973,624.2334010717578,617.590659478334
2648.890000000014,624.2361046323553,617.590659478334
2649.234000000055,624.2489331974543,617.590659478334
2649.5779999999795,624.2447853865308,617.590659478334
2649.920999999973,624.2461661990592,617.590659478334
2650.265000000014,624.2505859525772,617.590659478334
2650.625,624.2451058918399,617.590659478334
2650.9529999999795,624.2518601620027,617.590659478334
2651.295999999973,624.2585784568529,617.590659478334
2651.640000000014,624.2586597868291,617.590659478334
2651.984000000055,624.2642894955997,617.590659478334
2652.3279999999795,624.2722962427159,617.590659478334
2652.670999999973,624.2692727145254,617.590659478334
2653.015000000014,624.2741513155382,617.590659478334
2653.359000000055,624.2846237780608,617.590659478334
2653.7029999999795,624.2847510402728,617.590659478334
2654.045999999973,624.2884383443414,617.590659478334
2654.390000000014,624.2835845008633,617.590659478334
2654.734000000055,624.280631728632,617.590659478334
2655.0779999999795,624.2925645163351,617.590659478334
2655.4370000000345,624.2961309715141,617.590659478334
2655.765000000014,624.3132909879295,617.590659478334
2656.109000000055,624.2996539797739,617.590659478334
2656.4679999999935,624.296179661419,617.590659478334
2656.8120000000345,624.3033725504326,617.590659478334
2657.140000000014,624.314042067649,617.590659478334
2657.5,624.3076024693648,617.590659478334
2657.8279999999795,624.3155571075412,617.590659478334
2658.170999999973,624.3188342853049,617.590659478334
2658.515000000014,624.317265319871,617.590659478334
2658.859000000055,624.315823789829,617.590659478334
2659.2029999999795,624.3258151641793,617.590659478334
2659.545999999973,624.3280468168577,617.590659478334
2659.890000000014,624.3273069110129,617.590659478334
2660.234000000055,624.3279482462276,617.590659478334
2660.5929999999935,624.3259636882016,617.590659478334
2660.9370000000345,624.3298942765291,617.590659478334
2661.265000000014,624.332840005502,617.590659478334
2661.609000000055,624.3305184236659,617.590659478334
2661.9529999999795,624.3460618510214,617.590659478334
2662.295999999973,624.3402725835931,617.590659478334
2662.655999999959,624.349664167293,617.590659478334
2662.984000000055,624.3434327632898,617.590659478334
2663.3279999999795,624.3375528281999,617.590659478334
2663.670999999973,624.3475785143892,617.590659478334
2664.015000000014,624.351835419987,617.590659478334
2664.359000000055,624.3545226640473,617.590659478334
2664.7029999999795,624.3524273272203,617.590659478334
2665.0620000000345,624.3543879760447,617.590659478334
2665.405999999959,624.3605100062094,617.590659478334
2665.75,624.3644609736399,617.590659478334
2666.0929999999935,624.3681878607229,617.590659478334
2666.4370000000345,624.3627393763253,617.590659478334
2666.780999999959,624.3658090541531,617.590659478334
2667.125,624.3703948154069,617.590659478334
2667.4679999999935,624.3683602068503,617.590659478334
2667.8120000000345,624.3767216097489,617.590659478334
2668.170999999973,624.377311737138,617.590659478334
2668.515000000014,624.3796799737729,617.590659478334
2668.859000000055,624.3820748858907,617.590659478334
2669.2179999999935,624.3834149241271,617.590659478334
2669.5620000000345,624.3895641920692,617.590659478334
2669.905999999959,624.3959153466569,617.590659478334
2670.234000000055,624.3906459524778,617.590659478334
2670.5779999999795,624.3877188844529,617.590659478334
2670.9370000000345,624.3892822774806,617.590659478334
2671.280999999959,624.38915919307,617.590659478334
2671.625,624.391507517759,617.590659478334
2671.984000000055,624.3978593006336,617.590659478334
2672.3279999999795,624.3981741220002,617.590659478334
2672.670999999973,624.4092824243348,617.590659478334
2673.030999999959,624.399976334977,617.590659478334
2673.375,624.4040731511217,617.590659478334
2673.7179999999935,624.4004078997274,617.590659478334
2674.0620000000345,624.4141795228252,617.590659478334
2674.405999999959,624.3996556942003,617.590659478334
2674.75,624.4105225650122,617.590659478334
2675.109000000055,624.4193202572055,617.590659478334
2675.4529999999795,624.4012929891977,617.590659478334
2675.795999999973,624.4253768142601,617.590659478334
2676.140000000014,624.4258316474536,617.590659478334
2676.484000000055,624.4209658374007,617.590659478334
2676.8279999999795,624.4093001873472,617.590659478334
2677.1870000000345,624.4134968400554,617.590659478334
2677.515000000014,624.4170681556681,617.590659478334
2677.875,624.4178172884132,617.590659478334
2678.2029999999795,624.4212212793312,617.590659478334
2678.5620000000345,624.4218979748443,617.590659478334
2678.905999999959,624.4316762488761,617.590659478334
2679.25,624.4277962577082,617.590659478334
2679.5929999999935,624.4393184846227,617.590659478334
2679.9529999999795,624.4485358798896,617.590659478334
2680.295999999973,624.4580545835279,617.590659478334
2680.655999999959,624.4684047845518,617.590659478334
2681.0,624.4782248731949,617.590659478334
2681.3429999999935,624.4774909790465,617.590659478334
2681.6870000000345,624.4763273576682,617.590659478334
2682.045999999973,624.475819833221,617.590659478334
2682.390000000014,624.463620697063,617.590659478334
2682.734000000055,624.4685416393498,617.590659478334
2683.0779999999795,624.4582901677302,617.590659478334
2683.420999999973,624.4494819522577,617.590659478334
2683.780999999959,624.4476184810733,617.590659478334
2684.125,624.4349607035934,617.590659478334
2684.4679999999935,624.4419424046524,617.590659478334
2684.8120000000345,624.4497632734115,617.590659478334
2685.155999999959,624.4431522315916,617.590659478334
2685.515000000014,624.4384982147508,617.590659478334
2685.875,624.4417973976148,617.590659478334
2686.2179999999935,624.4351704377526,617.590659478334
2686.640000000014,624.4378570770367,617.590659478334
2686.984000000055,624.4382654845983,617.590659478334
2687.3279999999795,624.4319869165292,617.590659478334
2687.670999999973,624.4248302884447,617.590659478334
2688.030999999959,624.432756007494,617.590659478334
2688.375,624.4307968140631,617.590659478334
2688.7179999999935,624.4227278958472,617.590659478334
2689.0620000000345,624.4310857428202,617.590659478334
2689.405999999959,624.4453490728773,617.590659478334
2689.765000000014,624.4191953212231,617.590659478334
2690.109000000055,624.4235426367668,617.590659478334
2690.4529999999795,624.4249034144456,617.590659478334
2690.8120000000345,624.4287453941455,617.590659478334
2691.140000000014,624.421297980344,617.590659478334
2691.484000000055,624.4283277359159,617.590659478334
2691.8429999999935,624.4233751247693,617.590659478334
2692.170999999973,624.4332538825108,617.590659478334
2692.530999999959,624.4303329720942,617.590659478334
2692.875,624.4383479923565,617.590659478334
2693.2179999999935,624.4263978029807,617.590659478334
2693.545999999973,624.4175451011746,617.590659478334
2693.890000000014,624.4284277544043,617.590659478334
2694.25,624.4215726023134,617.590659478334
2694.5779999999795,624.4247363427941,617.590659478334
2694.9370000000345,624.4268743094298,617.590659478334
2695.280999999959,624.4305263591939,617.590659478334
2695.625,624.4301842311439,617.590659478334
2695.9679999999935,624.4265152509435,617.590659478334
2696.3279999999795,624.427905889087,617.590659478334
2696.670999999973,624.4190360998455,617.590659478334
2697.015000000014,624.4239774552693,617.590659478334
2697.359000000055,624.4230850579331,617.590659478334
2697.7029999999795,624.4412656213622,617.590659478334
2698.045999999973,624.4201874681372,617.590659478334
2698.390000000014,624.4197058596965,617.590659478334
2698.734000000055,624.422847441546,617.590659478334
2699.0779999999795,624.4296089408397,617.590659478334
2699.420999999973,624.4249937879887,617.590659478334
2699.765000000014,624.4273168021513,617.590659478334
2700.109000000055,624.423891161643,617.590659478334
2700.4679999999935,624.4163460760276,617.590659478334
2700.795999999973,624.4162249522684,617.590659478334
2701.140000000014,624.4238551990773,617.590659478334
2701.484000000055,624.4244641953472,617.590659478334
2701.8120000000345,624.4277860315021,617.590659478334
2702.170999999973,624.4122583993686,617.590659478334
2702.515000000014,624.4230556318009,617.590659478334
2702.859000000055,624.4263453162627,617.590659478334
2703.2029999999795,624.4166503107805,617.590659478334
2703.545999999973,624.4133419574398,617.590659478334
2703.875,624.4225374840534,617.590659478334
2704.234000000055,624.4233840102272,617.590659478334
2704.5620000000345,624.4236705205544,617.590659478334
2704.905999999959,624.4201329451249,617.590659478334
2705.265000000014,624.4211942756423,617.590659478334
2705.5929999999935,624.4217500664394,617.590659478334
2705.9529999999795,624.4146302567352,617.590659478334
2706.280999999959,624.4142068597534,617.590659478334
2706.625,624.4173243652435,617.590659478334
2706.9679999999935,624.4226373082357,617.590659478334
2707.3120000000345,624.4237637383183,617.590659478334
2707.640000000014,624.4208374976514,617.590659478334
2708.0,624.413450466915,617.590659478334
2708.3429999999935,624.427506621023,617.590659478334
2708.6870000000345,624.4293662888424,617.590659478334
2709.030999999959,624.4269632737693,617.590659478334
2709.375,624.429910053219,617.590659478334
2709.7179999999935,624.4287225174754,617.590659478334
2710.0620000000345,624.428183512619,617.590659478334
2710.390000000014,624.4130164805226,617.590659478334
2710.765000000014,624.4170052324612,617.590659478334
2711.0929999999935,624.4230928974698,617.590659478334
2711.4529999999795,624.4166434619871,617.590659478334
2711.780999999959,624.4319893742112,617.590659478334
2712.140000000014,624.4163501819291,617.590659478334
2712.484000000055,624.4209691514383,617.590659478334
2712.8279999999795,624.42242903924,617.590659478334
2713.170999999973,624.4168436452253,617.590659478334
2713.515000000014,624.4134290273325,617.590659478334
2713.859000000055,624.4327826274248,617.590659478334
2714.1870000000345,624.4152734652116,617.590659478334
2714.530999999959,624.4141078633954,617.590659478334
2714.890000000014,624.4137754783437,617.590659478334
2715.234000000055,624.4276032217292,617.590659478334
2715.5620000000345,624.4118868425228,617.590659478334
2715.920999999973,624.4205522104999,617.590659478334
2716.265000000014,624.4163052780716,617.590659478334
2716.609000000055,624.4194760328194,617.590659478334
2716.9529999999795,624.42466615941,617.590659478334
2717.295999999973,624.4225262525385,617.590659478334
2717.640000000014,624.4173290069563,617.590659478334
2717.984000000055,624.4149131699515,617.590659478334
2718.3279999999795,624.420645994313,617.590659478334
2718.670999999973,624.4209297388203,617.590659478334
2719.030999999959,624.4202033137802,617.590659478334
2719.359000000055,624.4183093176548,617.590659478334
2719.7029999999795,624.4208172640467,617.590659478334
2720.045999999973,624.4121811077266,617.590659478334
2720.390000000014,624.4309637587654,617.590659478334
2720.75,624.4161279437133,617.590659478334
2721.0929999999935,624.420685279267,617.590659478334
2721.4370000000345,624.4206547843294,617.590659478334
2721.780999999959,624.417107772945,617.590659478334
2722.140000000014,624.4108218461944,617.590659478334
2722.484000000055,624.411219285427,617.590659478334
2722.8120000000345,624.4242922760459,617.590659478334
2723.170999999973,624.4254933413287,617.590659478334
2723.515000000014,624.4169879743397,617.590659478334
2723.8429999999935,624.4147994493002,617.590659478334
2724.2029999999795,624.4135464749629,617.590659478334
2724.545999999973,624.4214454210403,617.590659478334
2724.890000000014,624.426134754477,617.590659478334
2725.234000000055,624.4270985058495,617.590659478334
2725.5779999999795,624.419151021724,617.590659478334
2725.920999999973,624.4189281550434,617.590659478334
2726.25,624.4181001028487,617.590659478334
2726.5929999999935,624.4144949784964,617.590659478334
2726.9529999999795,624.4228132505003,617.590659478334
2727.295999999973,624.420229213563,617.590659478334
2727.640000000014,624.4087552623262,617.590659478334
2727.984000000055,624.4120865716162,617.590659478334
2728.3279999999795,624.4193687769354,617.590659478334
2728.670999999973,624.4119135964105,617.590659478334
2729.030999999959,624.4152873356887,617.590659478334
2729.375,624.4204797982801,617.590659478334
2729.7179999999935,624.4146827389823,617.590659478334
2730.0620000000345,624.4196875996794,617.590659478334
2730.405999999959,624.4206783139963,617.590659478334
2730.75,624.408353762391,617.590659478334
2731.0929999999935,624.4098254108444,617.590659478334
2731.4370000000345,624.4134624071103,617.590659478334
2731.780999999959,624.4171995139834,617.590659478334
2732.125,624.4227656796318,617.590659478334
2732.4529999999795,624.414698041375,617.590659478334
2732.8120000000345,624.4168026320458,617.590659478334
2733.155999999959,624.4137782334685,617.590659478334
2733.5,624.4146622103301,617.590659478334
2733.8429999999935,624.41566315896,617.590659478334
2734.1870000000345,624.4132406212054,617.590659478334
2734.625,624.414222771096,617.590659478334
2734.9679999999935,624.41646066877,617.590659478334
2735.3120000000345,624.4147060014062,617.590659478334
2735.655999999959,624.4144309349889,617.590659478334
2736.015000000014,624.409827899228,617.590659478334
2736.3429999999935,624.4184092574919,617.590659478334
2736.6870000000345,624.417311876302,617.590659478334
2737.045999999973,624.4146292444813,617.590659478334
2737.405999999959,624.4169091421126,617.590659478334
2737.734000000055,624.4175100115492,617.590659478334
2738.0779999999795,624.4107638351032,617.590659478334
2738.4370000000345,624.4152764163647,617.590659478334
2738.780999999959,624.4074407193567,617.590659478334
2739.125,624.4211593202602,617.590659478334
2739.4679999999935,624.4105683324547,617.590659478334
2739.8279999999795,624.4220090768757,617.590659478334
2740.170999999973,624.4156876115081,617.590659478334
2740.515000000014,624.4095700210186,617.590659478334
2740.859000000055,624.4161857077199,617.590659478334
2741.2029999999795,624.4120984616624,617.590659478334
2741.545999999973,624.4032380062563,617.590659478334
2741.890000000014,624.4167618800312,617.590659478334
2742.234000000055,624.4219407240535,617.590659478334
2742.5929999999935,624.4466415093775,617.590659478334
2742.920999999973,624.0729767914588,617.590659478334
2743.280999999959,623.658512292081,617.590659478334
2743.625,623.4679041788272,617.590659478334
2743.9679999999935,623.3597794860997,617.590659478334
2744.3120000000345,623.3116440891648,617.590659478334
2744.655999999959,623.2595048000283,617.590659478334
2745.015000000014,623.2150123630161,617.590659478334
2745.359000000055,623.1957919783825,617.590659478334
2745.7029999999795,623.1735502670995,617.590659478334
2746.045999999973,623.1401291725856,617.590659478334
2746.390000000014,623.1359082895224,617.590659478334
2746.734000000055,623.1280368732115,617.590659478334
2747.0779999999795,623.1021958710779,617.590659478334
2747.420999999973,623.105735598274,617.590659478334
2747.765000000014,623.0842976467928,617.590659478334
2748.109000000055,623.0878079174323,617.590659478334
2748.4529999999795,623.0685989226045,617.590659478334
2748.795999999973,623.0625162823759,617.590659478334
2749.155999999959,623.0639309879766,617.590659478334
2749.5,623.0541595696362,617.590659478334
2749.8429999999935,623.0431605990417,617.590659478334
2750.1870000000345,623.0392398342568,617.590659478334
2750.515000000014,623.0382817682904,617.590659478334
2750.875,623.0249696406817,617.590659478334
2751.2029999999795,623.0297217124931,617.590659478334
2751.545999999973,623.0227920345404,617.590659478334
2751.890000000014,623.0127937560827,617.590659478334
2752.25,623.013026551818,617.590659478334
2752.5779999999795,623.016061187722,617.590659478334
2752.920999999973,623.0126911591811,617.590659478334
2753.280999999959,623.0039699259673,617.590659478334
2753.625,623.0021171811711,617.590659478334
2753.9679999999935,622.9933499028718,617.590659478334
2754.3120000000345,623.0018184432945,617.590659478334
2754.655999999959,623.0267164040467,617.590659478334
2755.0,623.0257487903937,617.590659478334
2755.3429999999935,623.2238587688006,617.590659478334
2755.7029999999795,623.2533502562078,617.590659478334
2756.045999999973,623.2333320841254,617.590659478334
2756.390000000014,623.2350161431066,617.590659478334
2756.734000000055,623.2243854494217,617.590659478334
2757.0779999999795,623.2142165811608,617.590659478334
2757.420999999973,623.2169338766123,617.590659478334
2757.765000000014,623.2145382196245,617.590659478334
2758.125,623.2186476316379,617.590659478334
2758.4679999999935,623.2184949008863,617.590659478334
2758.795999999973,623.2203374456733,617.590659478334
2759.140000000014,623.2168983834359,617.590659478334
2759.484000000055,623.2054428405205,617.590659478334
2759.8120000000345,623.2055208346612,617.590659478334
2760.155999999959,623.2023217487192,617.590659478334
2760.5,623.210632504135,617.590659478334
2760.8429999999935,623.2080818732699,617.590659478334
2761.1870000000345,623.215865805151,617.590659478334
2761.530999999959,623.2120845338757,617.590659478334
2761.875,623.2061091010701,617.590659478334
2762.2179999999935,623.20665138376,617.590659478334
2762.5620000000345,623.2073396157111,617.590659478334
2762.905999999959,623.2137670555909,617.590659478334
2763.280999999959,623.2088568151412,617.590659478334
2763.625,623.2002059593178,617.590659478334
2763.9679999999935,623.2039832018904,617.590659478334
2764.3120000000345,623.2068017035244,617.590659478334
2764.655999999959,623.2048011315197,617.590659478334
2765.0,623.2009415831529,617.590659478334
2765.359000000055,623.1989264408462,617.590659478334
2765.7029999999795,623.211236560387,617.590659478334
2766.045999999973,623.2111365787582,617.590659478334
2766.390000000014,623.1926513603073,617.590659478334
2766.734000000055,623.2101616107187,617.590659478334
2767.0779999999795,623.2038329980877,617.590659478334
2767.4370000000345,623.0969777513592,617.590659478334
2767.780999999959,623.0320430547163,617.590659478334
2768.109000000055,623.0370649228879,617.590659478334
2768.4679999999935,623.0303200243958,617.590659478334
2768.8120000000345,623.0291489693689,617.590659478334
2769.140000000014,623.0192841149476,617.590659478334
2769.484000000055,623.0029213033497,617.590659478334
2769.8279999999795,623.012000481047,617.590659478334
2770.170999999973,623.0081541220428,617.590659478334
2770.609000000055,623.0031606766827,617.590659478334
2770.9679999999935,622.9978404118511,617.590659478334
2771.295999999973,622.9956080160416,617.590659478334
2771.655999999959,622.9855718510084,617.590659478334
2772.0,622.992945009943,617.590659478334
2772.3279999999795,622.98659487529,617.590659478334
2772.670999999973,622.9912807868528,617.590659478334
2773.030999999959,622.9846125559235,617.590659478334
2773.359000000055,622.9865801153212,617.590659478334
2773.7029999999795,622.9754504942117,617.590659478334
2774.0620000000345,622.9853698478379,617.590659478334
2774.405999999959,622.9756105597351,617.590659478334
2774.75,622.9880821999229,617.590659478334
2775.0929999999935,622.9708797104723,617.590659478334
2775.4529999999795,622.9770446840173,617.590659478334
2775.795999999973,622.9730174881114,617.590659478334
2776.140000000014,622.9836619747546,617.590659478334
2776.484000000055,622.9689668425319,617.590659478334
2776.8279999999795,622.9762813181185,617.590659478334
2777.170999999973,622.9810706499641,617.590659478334
2777.515000000014,622.9742868034924,617.590659478334
2777.875,622.9793538811808,617.590659478334
2778.2179999999935,622.9773431913671,617.590659478334
2778.5620000000345,622.9746236787985,617.590659478334
2778.905999999959,622.9719807520175,617.590659478334
2779.25,622.9928837655458,617.590659478334
2779.5929999999935,623.000961982921,617.590659478334
2779.9370000000345,623.1808859528307,617.590659478334
2780.295999999973,623.2176053458143,617.590659478334
2780.625,623.2217636962781,617.590659478334
2780.984000000055,623.2077750303604,617.590659478334
2781.3279999999795,623.1953541185674,617.590659478334
2781.670999999973,623.1899344171293,617.590659478334
2782.030999999959,623.1988550914997,617.590659478334
2782.375,623.1873874460991,617.590659478334
2782.734000000055,623.1866934350294,617.590659478334
2783.0779999999795,623.1699627211647,617.590659478334
2783.420999999973,623.1834554874006,617.590659478334
2783.765000000014,623.17620936922,617.590659478334
2784.125,623.1754580461421,617.590659478334
2784.4679999999935,623.1881702693214,617.590659478334
2784.8120000000345,623.1775018571525,617.590659478334
2785.155999999959,623.1784939361169,617.590659478334
2785.5,623.1817932833218,617.590659478334
2785.8429999999935,623.1802089941922,617.590659478334
2786.1870000000345,623.1572636787043,617.590659478334
2786.545999999973,623.2118377695499,617.590659478334
2786.875,623.2182873697025,617.590659478334
2787.2179999999935,623.2344645721524,617.590659478334
2787.5779999999795,623.2237688997851,617.590659478334
2787.905999999959,623.2052470055755,617.590659478334
2788.265000000014,623.194958290314,617.590659478334
2788.609000000055,623.1967281645848,617.590659478334
2788.9679999999935,623.1921537143764,617.590659478334
2789.295999999973,623.1964413998172,617.590659478334
2789.640000000014,623.1938853129459,617.590659478334
2789.984000000055,623.1973287024446,617.590659478334
2790.3120000000345,623.1870185209469,617.590659478334
2790.655999999959,623.1878819099586,617.590659478334
2791.015000000014,623.1865947686665,617.590659478334
2791.359000000055,623.1894189104536,617.590659478334
2791.6870000000345,623.1831585016121,617.590659478334
2792.045999999973,623.1820229377356,617.590659478334
2792.390000000014,623.1898019252742,617.590659478334
2792.734000000055,623.1821509932688,617.590659478334
2793.0779999999795,623.1887889673496,617.590659478334
2793.420999999973,623.1814506601294,617.590659478334
2793.765000000014,623.1865217667379,617.590659478334
2794.109000000055,623.1948954215309,617.590659478334
2794.4529999999795,623.1887466994606,617.590659478334
2794.780999999959,623.1848396042374,617.590659478334
2795.109000000055,623.1725602856341,617.590659478334
2795.4529999999795,623.1860560486683,617.590659478334
2795.795999999973,623.1882422649169,617.590659478334
2796.140000000014,623.1806490044415,617.590659478334
2796.484000000055,623.1847559219169,617.590659478334
2796.8279999999795,623.1815697265708,617.590659478334
2797.170999999973,623.1838794722331,617.590659478334
2797.515000000014,623.1822587212458,617.590659478334
2797.859000000055,623.1867381719683,617.590659478334
2798.2029999999795,623.1777429972341,617.590659478334
2798.545999999973,623.1911651158701,617.590659478334
2798.890000000014,623.1826441464734,617.590659478334
2799.234000000055,623.1986990015718,617.590659478334
2799.5779999999795,623.2012851077199,617.590659478334
2799.920999999973,623.237319544013,617.590659478334
2800.280999999959,623.2980010780221,617.590659478334
2800.625,623.3613035906217,617.590659478334
2800.9679999999935,623.404488872033,617.590659478334
2801.295999999973,623.4325097392735,617.590659478334
2801.640000000014,623.4658086935248,617.590659478334
2801.984000000055,623.4885013634944,617.590659478334
2802.3279999999795,623.5177864407076,617.590659478334
2802.670999999973,623.546750523286,617.590659478334
2803.015000000014,623.5587638813299,617.590659478334
2803.359000000055,623.5873627936526,617.590659478334
2803.7029999999795,623.6000636949268,617.590659478334
2804.030999999959,623.630102422595,617.590659478334
2804.375,623.6311611953103,617.590659478334
2804.7179999999935,623.6507144058454,617.590659478334
2805.0620000000345,623.6767968838769,617.590659478334
2805.405999999959,623.6839657482578,617.590659478334
2805.75,623.686958866762,617.590659478334
2806.0929999999935,623.7102276353103,617.590659478334
2806.4370000000345,623.7278753370804,617.590659478334
2806.795999999973,623.7378182803039,617.590659478334
2807.125,623.7471698095421,617.590659478334
2807.484000000055,623.7602017070532,617.590659478334
2807.8120000000345,623.7773609315561,617.590659478334
2808.170999999973,623.7791288560246,617.590659478334
2808.515000000014,623.792119315416,617.590659478334
2808.859000000055,623.8054585042571,617.590659478334
2809.2029999999795,623.8177593072792,617.590659478334
2809.545999999973,623.8375222992934,617.590659478334
2809.890000000014,623.8419646694197,617.590659478334
2810.234000000055,623.8548674215587,617.590659478334
2810.5779999999795,623.8646738900762,617.590659478334
2810.920999999973,623.8786397126994,617.590659478334
2811.265000000014,623.8644104981911,617.590659478334
2811.609000000055,623.8861223831863,617.590659478334
2811.9370000000345,623.8868384865059,617.590659478334
2812.280999999959,623.9054808443193,617.590659478334
2812.640000000014,623.9107302598073,617.590659478334
2812.9679999999935,623.9197661017406,617.590659478334
2813.3120000000345,623.9239238077919,617.590659478334
2813.655999999959,623.9353237810883,617.590659478334
2814.0,623.9556854921591,617.590659478334
2814.3429999999935,623.9594329444323,617.590659478334
2814.6870000000345,623.9688004846516,617.590659478334
2815.030999999959,623.9743384410773,617.590659478334
2815.359000000055,623.9782639421957,617.590659478334
2815.6870000000345,623.9862624492589,617.590659478334
2816.045999999973,623.9875172302276,617.590659478334
2816.375,623.995898660113,617.590659478334
2816.734000000055,623.9972444059309,617.590659478334
2817.0620000000345,624.016831577726,617.590659478334
2817.405999999959,624.0173419807808,617.590659478334
2817.75,624.018788729832,617.590659478334
2818.0929999999935,624.0192560076872,617.590659478334
2818.4529999999795,624.0304415760368,617.590659478334
2818.780999999959,624.0457362831862,617.590659478334
2819.125,624.0486449772717,617.590659478334
2819.4679999999935,624.0512171743418,617.590659478334
2819.8120000000345,624.0557690989191,617.590659478334
2820.155999999959,624.0621032651372,617.590659478334
2820.515000000014,624.0783590641436,617.590659478334
2820.859000000055,624.0802301431089,617.590659478334
2821.2029999999795,624.073428933384,617.590659478334
2821.545999999973,624.087287220324,617.590659478334
2821.890000000014,624.0856230634924,617.590659478334
2822.234000000055,624.0893818011992,617.590659478334
2822.5779999999795,624.0942936211667,617.590659478334
2822.920999999973,624.1071371296615,617.590659478334
2823.25,624.1093437700954,617.590659478334
2823.5929999999935,624.1121554599625,617.590659478334
2823.9370000000345,624.1206158707037,617.590659478334
2824.280999999959,624.1152157919187,617.590659478334
2824.625,624.1319801096907,617.590659478334
2824.9679999999935,624.1378462537751,617.590659478334
2825.295999999973,624.1359965449758,617.590659478334
2825.640000000014,624.1424710140338,617.590659478334
2825.984000000055,624.1409316920924,617.590659478334
2826.3429999999935,624.1555144834415,617.590659478334
2826.6870000000345,624.1629378727091,617.590659478334
2827.030999999959,624.1644764789286,617.590659478334
2827.375,624.1654683606928,617.590659478334
2827.7029999999795,624.1611125278163,617.590659478334
2828.0620000000345,624.1635439951776,617.590659478334
2828.390000000014,624.1733857824876,617.590659478334
2828.734000000055,624.1840120911125,617.590659478334
2829.0929999999935,624.1683301628195,617.590659478334
2829.420999999973,624.1810136659557,617.590659478334
2829.765000000014,624.1894473144422,617.590659478334
2830.109000000055,624.2007577524266,617.590659478334
2830.4679999999935,624.2047524830068,617.590659478334
2830.8120000000345,624.2068230841611,617.590659478334
2831.155999999959,624.1985372919265,617.590659478334
2831.5,624.2063920304091,617.590659478334
2831.8429999999935,624.2121615821864,617.590659478334
2832.2029999999795,624.216738043107,617.590659478334
2832.530999999959,624.2207312678205,617.590659478334
2832.875,624.2248812008196,617.590659478334
2833.2179999999935,624.2219043838942,617.590659478334
2833.5620000000345,624.222416760734,617.590659478334
2833.920999999973,624.2308599480767,617.590659478334
2834.265000000014,624.239917967875,617.590659478334
2834.609000000055,624.2422449900768,617.590659478334
2834.9529999999795,624.2384270088271,617.590659478334
2835.3120000000345,624.2523385146615,617.590659478334
2835.655999999959,624.2396873116063,617.590659478334
2836.0,624.254364461907,617.590659478334
2836.3279999999795,624.2557942224826,617.590659478334
2836.670999999973,624.2669530927477,617.590659478334
2837.015000000014,624.2661519555702,617.590659478334
2837.359000000055,624.2760569133669,617.590659478334
2837.7029999999795,624.2736761873925,617.590659478334
2838.0620000000345,624.2738518131498,617.590659478334
2838.390000000014,624.2609040634576,617.590659478334
2838.734000000055,624.2688122383354,617.590659478334
2839.0779999999795,624.2778306495178,617.590659478334
2839.420999999973,624.2917752666928,617.590659478334
2839.765000000014,624.2893822573342,617.590659478334
2840.109000000055,624.2870507310927,617.590659478334
2840.4370000000345,624.2841331544538,617.590659478334
2840.780999999959,624.3032779233268,617.590659478334
2841.125,624.2981327978468,617.590659478334
2841.484000000055,624.2950211656507,617.590659478334
2841.8120000000345,624.2990969113238,617.590659478334
2842.155999999959,624.2978179654308,617.590659478334
2842.5929999999935,624.311068190308,617.590659478334
2842.9529999999795,624.3147793008741,617.590659478334
2843.295999999973,624.3148468535641,617.590659478334
2843.640000000014,624.3210409892133,617.590659478334
2843.984000000055,624.3138886822973,617.590659478334
2844.3120000000345,624.3231528406538,617.590659478334
2844.670999999973,624.317760657531,617.590659478334
2845.015000000014,624.3238229313597,617.590659478334
2845.3429999999935,624.3231637658062,617.590659478334
2845.6870000000345,624.3307918450735,617.590659478334
2846.045999999973,624.3281863022512,617.590659478334
2846.375,624.3282502290712,617.590659478334
2846.7179999999935,624.3389333294434,617.590659478334
2847.0620000000345,624.3336258783935,617.590659478334
2847.405999999959,624.3329618521917,617.590659478334
2847.75,624.3387989819529,617.590659478334
2848.0929999999935,624.3490966508912,617.590659478334
2848.4370000000345,624.3466321494379,617.590659478334
2848.780999999959,624.3400056762421,617.590659478334
2849.125,624.3401286797209,617.590659478334
2849.4529999999795,624.3456414291417,617.590659478334
2849.8120000000345,624.3608959039603,617.590659478334
2850.155999999959,624.3553231932839,617.590659478334
2850.5,624.3508435172367,617.590659478334
2850.8429999999935,624.3565837989269,617.590659478334
2851.2179999999935,624.3622429981483,617.590659478334
2851.5620000000345,624.3650675219521,617.590659478334
2851.920999999973,624.3713863583048,617.590659478334
2852.25,624.3737944834124,617.590659478334
2852.5929999999935,624.3696628161464,617.590659478334
2852.9370000000345,624.3711715360798,617.590659478334
2853.280999999959,624.3729591014051,617.590659478334
2853.625,624.3856461438642,617.590659478334
2853.9679999999935,624.379643046989,617.590659478334
2854.3120000000345,624.373579032019,617.590659478334
2854.655999999959,624.3855542834166,617.590659478334
2855.015000000014,624.3879605601337,617.590659478334
2855.3429999999935,624.3886686836182,617.590659478334
2855.6870000000345,624.3905267121357,617.590659478334
2856.045999999973,624.3954630683381,617.590659478334
2856.375,624.3883638168306,617.590659478334
2856.734000000055,624.3883116388191,617.590659478334
2857.0779999999795,624.3918163913634,617.590659478334
2857.405999999959,624.3961792533762,617.590659478334
2857.765000000014,624.3945996310454,617.590659478334
2858.109000000055,624.4057934082167,617.590659478334
2858.4529999999795,624.3930378495254,617.590659478334
2858.795999999973,624.3942588810307,617.590659478334
2859.140000000014,624.3880331275095,617.590659478334
2859.5,624.3985074303231,617.590659478334
2859.8429999999935,624.3985590747417,617.590659478334
2860.2029999999795,624.4129685914501,617.590659478334
2860.545999999973,624.3968214014009,617.590659478334
2860.920999999973,624.4159731662737,617.590659478334
2861.265000000014,624.4208093190167,617.590659478334
2861.609000000055,624.4154331745913,617.590659478334
2861.9679999999935,624.4152838459323,617.590659478334
2862.295999999973,624.4327801436147,617.590659478334
2862.655999999959,624.4121460483894,617.590659478334
2863.0,624.4157135226918,617.590659478334
2863.3429999999935,624.4187045415882,617.590659478334
2863.6870000000345,624.4329802759715,617.590659478334
2864.030999999959,624.421306610467,617.590659478334
2864.375,624.4272707325703,617.590659478334
2864.734000000055,624.4338277424914,617.590659478334
2865.0779999999795,624.4248603544681,617.590659478334
2865.420999999973,624.4337779955257,617.590659478334
2865.765000000014,624.4349464119309,617.590659478334
2866.125,624.4336312903346,617.590659478334
2866.4679999999935,624.4328242553526,617.590659478334
2866.795999999973,624.4496104125958,617.590659478334
2867.155999999959,624.471942414115,617.590659478334
2867.484000000055,624.4710984257345,617.590659478334
2867.8279999999795,624.4769519604457,617.590659478334
2868.170999999973,624.4748614690641,617.590659478334
2868.530999999959,624.4730094870001,617.590659478334
2868.875,624.4728419119241,617.590659478334
2869.234000000055,624.4687565505172,617.590659478334
2869.5620000000345,624.4752781204774,617.590659478334
2869.905999999959,624.4641399791795,617.590659478334
2870.265000000014,624.4546012871707,617.590659478334
2870.609000000055,624.452533975472,617.590659478334
2870.9529999999795,624.4422685696935,617.590659478334
2871.295999999973,624.452925081394,617.590659478334
2871.640000000014,624.4444502706272,617.590659478334
2872.0,624.4510972469435,617.590659478334
2872.3429999999935,624.4346078372748,617.590659478334
2872.6870000000345,624.4445349649551,617.590659478334
2873.045999999973,624.4453514793581,617.590659478334
2873.390000000014,624.4339628845554,617.590659478334
2873.734000000055,624.441578414016,617.590659478334
2874.0779999999795,624.443553125426,617.590659478334
2874.420999999973,624.4462693421847,617.590659478334
2874.765000000014,624.4353975368745,617.590659478334
2875.109000000055,624.4289236571799,617.590659478334
2875.4679999999935,624.435567587268,617.590659478334
2875.8120000000345,624.4387016229514,617.590659478334
2876.155999999959,624.4331905539632,617.590659478334
2876.5,624.4311763871734,617.590659478334
2876.859000000055,624.4338913623999,617.590659478334
2877.234000000055,624.4406523593134,617.590659478334
2877.5620000000345,624.433290143489,617.590659478334
2877.920999999973,624.4254382145888,617.590659478334
2878.265000000014,624.4338589466555,617.590659478334
2878.625,624.4330781883523,617.590659478334
2878.9679999999935,624.4317635253421,617.590659478334
2879.3120000000345,624.4304728090189,617.590659478334
2879.655999999959,624.4297878428882,617.590659478334
2880.0,624.4318836030146,617.590659478334
2880.359000000055,624.4334864052418,617.590659478334
2880.7029999999795,624.4291967614183,617.590659478334
2881.045999999973,624.4279197294342,617.590659478334
2881.390000000014,624.4216113325053,617.590659478334
2881.734000000055,624.4313806934824,617.590659478334
2882.0779999999795,624.4280193808271,617.590659478334
2882.4370000000345,624.4231123706925,617.590659478334
2882.780999999959,624.427964334916,617.590659478334
2883.125,624.4237339269988,617.590659478334
2883.4679999999935,624.4226130207803,617.590659478334
2883.8279999999795,624.432869459042,617.590659478334
2884.1870000000345,624.4335883098087,617.590659478334
2884.530999999959,624.4349034740501,617.590659478334
2884.875,624.4317783615808,617.590659478334
2885.2179999999935,624.4278831679414,617.590659478334
2885.5620000000345,624.4345294712153,617.590659478334
2885.905999999959,624.4268259554676,617.590659478334
2886.265000000014,624.4101521209353,617.590659478334
2886.609000000055,624.4262160370262,617.590659478334
2886.9529999999795,624.4277958045124,617.590659478334
2887.295999999973,624.4267143375869,617.590659478334
2887.655999999959,624.4271130011658,617.590659478334
2888.0,624.423034405379,617.590659478334
2888.3429999999935,624.4249102245125,617.590659478334
2888.6870000000345,624.4234225477591,617.590659478334
2889.030999999959,624.4347331372139,617.590659478334
2889.375,624.4309643530917,617.590659478334
2889.7179999999935,624.421005685462,617.590659478334
2890.0620000000345,624.4272800735969,617.590659478334
2890.420999999973,624.4318208214212,617.590659478334
2890.765000000014,624.4295816781043,617.590659478334
2891.109000000055,624.4266912114706,617.590659478334
2891.4529999999795,624.4202611017893,617.590659478334
2891.795999999973,624.4213688453854,617.590659478334
2892.140000000014,624.4210236704096,617.590659478334
2892.484000000055,624.4252554889135,617.590659478334
2892.8279999999795,624.4237833151599,617.590659478334
2893.2029999999795,624.424814076598,617.590659478334
2893.530999999959,624.4199070123424,617.590659478334
2893.890000000014,624.4313113987025,617.590659478334
2894.234000000055,624.4244275854653,617.590659478334
2894.5620000000345,624.4202031197469,617.590659478334
2894.905999999959,624.4286644389928,617.590659478334
2895.25,624.4222884948604,617.590659478334
2895.5929999999935,624.4280159794198,617.590659478334
2895.9370000000345,624.4179723739609,617.590659478334
2896.280999999959,624.426176643952,617.590659478334
2896.625,624.4294073774876,617.590659478334
2896.9679999999935,624.4211402731632,617.590659478334
2897.3120000000345,624.4255055765487,617.590659478334
2897.655999999959,624.4266071591093,617.590659478334
2898.0,624.4263322145993,617.590659478334
2898.3429999999935,624.4242934644344,617.590659478334
2898.6870000000345,624.4297989554258,617.590659478334
2899.030999999959,624.4318435249351,617.590659478334
2899.375,624.4241044765515,617.590659478334
2899.7029999999795,624.4241738617658,617.590659478334
2900.045999999973,624.4237851527447,617.590659478334
2900.390000000014,624.4297493314741,617.590659478334
2900.734000000055,624.4190517379144,617.590659478334
2901.0779999999795,624.4325274758046,617.590659478334
2901.405999999959,624.4188113524499,617.590659478334
2901.765000000014,624.4208072168706,617.590659478334
2902.109000000055,624.4280358520749,617.590659478334
2902.4529999999795,624.4309763504677,617.590659478334
2902.780999999959,624.424635156869,617.590659478334
2903.125,624.4322598257982,617.590659478334
2903.484000000055,624.4344787249388,617.590659478334
2903.8279999999795,624.4240381942708,617.590659478334
2904.170999999973,624.4203798895575,617.590659478334
2904.515000000014,624.4350404894813,617.590659478334
2904.859000000055,624.4193971010487,617.590659478334
2905.2029999999795,624.4210781263006,617.590659478334
2905.545999999973,624.4273652789133,617.590659478334
2905.890000000014,624.4293278532946,617.590659478334
2906.2179999999935,624.4175849575768,617.590659478334
2906.5779999999795,624.4204817679883,617.590659478334
2906.905999999959,624.4246547726602,617.590659478334
2907.25,624.4192858732209,617.590659478334
2907.5929999999935,624.4188473358922,617.590659478334
2907.9370000000345,624.4235970727614,617.590659478334
2908.280999999959,624.4284537755854,617.590659478334
2908.625,624.4257784584695,617.590659478334
2908.9679999999935,624.4308330013058,617.590659478334
2909.3120000000345,624.4285978846502,617.590659478334
2909.655999999959,624.42870044967,617.590659478334
2910.0,624.4210077236355,617.590659478334
2910.3429999999935,624.4119466433347,617.590659478334
2910.6870000000345,624.41025734768,617.590659478334
2911.030999999959,624.4243863146296,617.590659478334
2911.375,624.4141024123995,617.590659478334
2911.7029999999795,624.4227123392885,617.590659478334
2912.045999999973,624.416501181397,617.590659478334
2912.390000000014,624.4224275168534,617.590659478334
2912.734000000055,624.4275170964168,617.590659478334
2913.0620000000345,624.4227578276713,617.590659478334
2913.405999999959,624.4277983701045,617.590659478334
2913.75,624.4217795937074,617.590659478334
2914.0929999999935,624.422540943869,617.590659478334
2914.4370000000345,624.4205272497231,617.590659478334
2914.780999999959,624.4185983400836,617.590659478334
2915.125,624.4211315083911,617.590659478334
2915.4679999999935,624.4205260999619,617.590659478334
2915.795999999973,624.4258095595785,617.590659478334
2916.155999999959,624.4287325068225,617.590659478334
2916.5,624.4342002435197,617.590659478334
2916.8279999999795,624.4231637505775,617.590659478334
2917.170999999973,624.4288727647181,617.590659478334
2917.515000000014,624.4317062057546,617.590659478334
2917.859000000055,624.4216867425176,617.590659478334
2918.2029999999795,624.428967651241,617.590659478334
2918.545999999973,624.4281517968071,617.590659478334
2918.890000000014,624.4196497528965,617.590659478334
2919.234000000055,624.4219783197987,617.590659478334
2919.5779999999795,624.4201252603457,617.590659478334
2919.920999999973,624.4115064711826,617.590659478334
2920.265000000014,624.4199667695832,617.590659478334
2920.609000000055,624.4177005681485,617.590659478334
2920.9529999999795,624.4313093233482,617.590659478334
2921.295999999973,624.4189256958708,617.590659478334
2921.640000000014,624.4186232213596,617.590659478334
2921.984000000055,624.4166360590854,617.590659478334
2922.3279999999795,624.4230599851643,617.590659478334
2922.670999999973,624.4194104729012,617.590659478334
2923.015000000014,624.4148027393253,617.590659478334
2923.3429999999935,624.4196523606495,617.590659478334
2923.7029999999795,624.4205677675288,617.590659478334
2924.045999999973,624.4187986509262,617.590659478334
2924.390000000014,624.4216757345215,617.590659478334
2924.75,624.4209170194008,617.590659478334
2925.0929999999935,624.4151996619381,617.590659478334
2925.4370000000345,624.428770630734,617.590659478334
2925.795999999973,624.4255482238441,617.590659478334
2926.125,624.410382857993,617.590659478334
2926.4679999999935,624.424891704788,617.590659478334
2926.795999999973,624.4283341593929,617.590659478334
2927.155999999959,624.4206497737679,617.590659478334
2927.5,624.4209436185512,617.590659478334
2927.8429999999935,624.4189616820694,617.590659478334
2928.2029999999795,624.4220290138446,617.590659478334
2928.545999999973,624.4125594520098,617.590659478334
2928.890000000014,624.4205057972089,617.590659478334
2929.234000000055,624.4186920914916,617.590659478334
2929.5779999999795,624.445249715731,617.590659478334
2929.920999999973,624.0533221594756,617.590659478334
2930.265000000014,623.6521550429356,617.590659478334
2930.609000000055,623.4611176940629,617.590659478334
2930.9529999999795,623.371897590283,617.590659478334
2931.295999999973,623.3212652366657,617.590659478334
2931.640000000014,623.2724756367403,617.590659478334
2931.984000000055,623.225324825942,617.590659478334
2932.3279999999795,623.2037558667519,617.590659478334
2932.670999999973,623.1781448181334,617.590659478334
2933.0,623.1634500358259,617.590659478334
2933.359000000055,623.1480462802156,617.590659478334
2933.6870000000345,623.1327056760011,617.590659478334
2934.045999999973,623.1170930278845,617.590659478334
2934.390000000014,623.1087412551676,617.590659478334
2934.734000000055,623.0943176395759,617.590659478334
2935.0779999999795,623.0929962931339,617.590659478334
2935.420999999973,623.0848226702159,617.590659478334
2935.765000000014,623.080116055884,617.590659478334
2936.109000000055,623.0705363586685,617.590659478334
2936.4529999999795,623.0643233505737,617.590659478334
2936.795999999973,623.0652522016447,617.590659478334
2937.140000000014,623.0517870575079,617.590659478334
2937.484000000055,623.0559983626963,617.590659478334
2937.8279999999795,623.0381754554782,617.590659478334
2938.170999999973,623.0410463082287,617.590659478334
2938.609000000055,623.0412485499216,617.590659478334
2938.9529999999795,623.0211625505285,617.590659478334
2939.295999999973,623.0382350694774,617.590659478334
2939.655999999959,623.0313277180435,617.590659478334
2939.984000000055,623.038592116418,617.590659478334
2940.3279999999795,623.0172164574786,617.590659478334
2940.670999999973,623.0186003672629,617.590659478334
2941.015000000014,623.0042787340234,617.590659478334
2941.359000000055,623.0141215692377,617.590659478334
2941.7179999999935,623.0354615821858,617.590659478334
2942.045999999973,623.0472818579117,617.590659478334
2942.390000000014,623.2414117689111,617.590659478334
2942.734000000055,623.2474024421527,617.590659478334
2943.0779999999795,623.2573164950494,617.590659478334
2943.420999999973,623.2425486683298,617.590659478334
2943.765000000014,623.2454216952485,617.590659478334
2944.0929999999935,623.2351817032288,617.590659478334
2944.4679999999935,623.231502970462,617.590659478334
2944.8120000000345,623.2102087917174,617.590659478334
2945.155999999959,623.2289414222481,617.590659478334
2945.5,623.2301764833576,617.590659478334
2945.8429999999935,623.2305085145414,617.590659478334
2946.2029999999795,623.2242707781368,617.590659478334
2946.545999999973,623.216770849329,617.590659478334
2946.875,623.2278493207698,617.590659478334
2947.2179999999935,623.2159655203916,617.590659478334
2947.5779999999795,623.21372727678,617.590659478334
2947.905999999959,623.2214171026037,617.590659478334
2948.265000000014,623.2188236502111,617.590659478334
2948.5929999999935,623.2070101661773,617.590659478334
2948.9370000000345,623.248500197971,617.590659478334
2949.280999999959,623.2649455138571,617.590659478334
2949.640000000014,623.2622497846567,617.590659478334
2949.984000000055,623.2699349509843,617.590659478334
2950.3279999999795,623.2564812063071,617.590659478334
2950.655999999959,623.2491710491806,617.590659478334
2951.0,623.2458256134609,617.590659478334
2951.3429999999935,623.2457226343922,617.590659478334
2951.6870000000345,623.2539120502342,617.590659478334
2952.030999999959,623.2327431406065,617.590659478334
2952.390000000014,623.2333507435895,617.590659478334
2952.734000000055,623.237145519708,617.590659478334
2953.0620000000345,623.2300229043396,617.590659478334
2953.405999999959,623.227398056031,617.590659478334
2953.765000000014,623.2306421901883,617.590659478334
2954.109000000055,623.2273425480738,617.590659478334
2954.4529999999795,623.2346433038257,617.590659478334
2954.795999999973,623.2330439832034,617.590659478334
2955.140000000014,623.2319603653452,617.590659478334
2955.515000000014,623.2354159833043,617.590659478334
2955.859000000055,623.231284122142,617.590659478334
2956.2029999999795,623.2275627290451,617.590659478334
2956.5620000000345,623.2300902661566,617.590659478334
2956.890000000014,623.2272230488121,617.590659478334
2957.234000000055,623.2263785001439,617.590659478334
2957.5929999999935,623.2245601935551,617.590659478334
2957.9370000000345,623.2240321574145,617.590659478334
2958.280999999959,623.2293780755385,617.590659478334
2958.625,623.2231615174155,617.590659478334
2958.9679999999935,623.2301578716058,617.590659478334
2959.3279999999795,623.2235511980082,617.590659478334
2959.655999999959,623.227569510855,617.590659478334
2960.015000000014,623.230272677799,617.590659478334
2960.375,623.2269198130298,617.590659478334
2960.7179999999935,623.2340186442921,617.590659478334
2961.0620000000345,623.2271096810006,617.590659478334
2961.405999999959,623.2258329139814,617.590659478334
2961.75,623.2241986899888,617.590659478334
2962.109000000055,623.2248517308764,617.590659478334
2962.4529999999795,623.224211407238,617.590659478334
2962.795999999973,623.2302020202085,617.590659478334
2963.140000000014,623.2253557886418,617.590659478334
2963.484000000055,623.2195523458171,617.590659478334
2963.8279999999795,623.2246127362109,617.590659478334
2964.1870000000345,623.2094421845992,617.590659478334
2964.530999999959,623.2253208183946,617.590659478334
2964.875,623.2147643448872,617.590659478334
2965.234000000055,623.2271905908515,617.590659478334
2965.5779999999795,623.2242559206453,617.590659478334
2965.920999999973,623.2233621845309,617.590659478334
2966.265000000014,623.2231885747301,617.590659478334
2966.609000000055,623.2207024254769,617.590659478334
2966.9679999999935,623.2169916898806,617.590659478334
2967.3120000000345,623.233473234471,617.590659478334
2967.655999999959,623.2250191656507,617.590659478334
2968.0,623.2180739816857,617.590659478334
2968.3429999999935,623.2253007696769,617.590659478334
2968.7029999999795,623.2323118306671,617.590659478334
2969.045999999973,623.228275145827,617.590659478334
2969.390000000014,623.2243764177825,617.590659478334
2969.734000000055,623.2159087838852,617.590659478334
2970.0929999999935,623.2343767480365,617.590659478334
2970.420999999973,623.2216693895413,617.590659478334
2970.765000000014,623.2353411049418,617.590659478334
2971.109000000055,623.2218157068356,617.590659478334
2971.4679999999935,623.2268923240351,617.590659478334
2971.795999999973,623.230058298823,617.590659478334
2972.155999999959,623.2247952619095,617.590659478334
2972.5,623.2264850068894,617.590659478334
2972.8429999999935,623.2222070047512,617.590659478334
2973.1870000000345,623.2226370638688,617.590659478334
2973.545999999973,623.2168462387426,617.590659478334
2973.890000000014,623.2271256284249,617.590659478334
2974.234000000055,623.2267632525064,617.590659478334
2974.609000000055,623.2289356262278,617.590659478334
2974.9679999999935,623.2309083630038,617.590659478334
2975.3120000000345,623.2205843506238,617.590659478334
2975.655999999959,623.2217635843888,617.590659478334
2975.984000000055,623.2215400298007,617.590659478334
2976.3429999999935,623.2190110320413,617.590659478334
2976.7029999999795,623.2172841061143,617.590659478334
2977.045999999973,623.2159320440495,617.590659478334
2977.390000000014,623.2301306123163,617.590659478334
2977.75,623.2220650277393,617.590659478334
2978.0929999999935,623.2268808669339,617.590659478334
2978.4370000000345,623.2310792014669,617.590659478334
2978.780999999959,623.2180737333069,617.590659478334
2979.125,623.2242517756781,617.590659478334
2979.4679999999935,623.2365208474931,617.590659478334
2979.8279999999795,623.2305718190871,617.590659478334
2980.155999999959,623.2165079497644,617.590659478334
2980.515000000014,623.2257037681385,617.590659478334
2980.859000000055,623.2265228578611,617.590659478334
2981.2179999999935,623.2255651534774,617.590659478334
2981.5620000000345,623.2292490337578,617.590659478334
2981.920999999973,623.2207901800816,617.590659478334
2982.265000000014,623.2320908072185,617.590659478334
2982.609000000055,623.2200203342331,617.590659478334
2982.9529999999795,623.2357316010635,617.590659478334
2983.3120000000345,623.2241524053575,617.590659478334
2983.655999999959,623.2224543574937,617.590659478334
2984.0,623.2148882666329,617.590659478334
2984.3429999999935,623.2220240222721,617.590659478334
2984.6870000000345,623.2263873313204,617.590659478334
2985.045999999973,623.2267789827886,617.590659478334
2985.390000000014,623.2228997785056,617.590659478334
2985.734000000055,623.2219213228364,617.590659478334
2986.0929999999935,623.2104780000948,617.590659478334
2986.4370000000345,623.220038876839,617.590659478334
2986.765000000014,623.2232438035531,617.590659478334
2987.109000000055,623.2210263059089,617.590659478334
2987.4679999999935,623.2233338306335,617.590659478334
2987.8120000000345,623.2267335127026,617.590659478334
2988.155999999959,623.217102462282,617.590659478334
2988.5,623.2133512873477,617.590659478334
2988.8429999999935,623.2204747673832,617.590659478334
2989.2029999999795,623.2104672984634,617.590659478334
2989.545999999973,623.2258119785496,617.590659478334
2989.905999999959,623.2218708092623,617.590659478334
2990.25,623.2103335686676,617.590659478334
2990.5929999999935,623.2271764585472,617.590659478334
2990.9370000000345,623.2263617596581,617.590659478334
2991.280999999959,623.2180521893875,617.590659478334
2991.625,623.2316197182391,617.590659478334
2991.9679999999935,623.2261696311705,617.590659478334
2992.3120000000345,623.2165794112512,617.590659478334
2992.655999999959,623.226487003218,617.590659478334
2993.0,623.2224822027342,617.590659478334
2993.3429999999935,623.2194592243158,617.590659478334
2993.670999999973,623.2143597575839,617.590659478334
2994.015000000014,623.2323924547793,617.590659478334
2994.375,623.2170349862515,617.590659478334
2994.7179999999935,623.2263492110991,617.590659478334
2995.0620000000345,623.2255143775374,617.590659478334
2995.405999999959,623.2173141644348,617.590659478334
2995.734000000055,623.2067268246009,617.590659478334
2996.0929999999935,623.2246225849703,617.590659478334
2996.420999999973,623.2184213522778,617.590659478334
2996.780999999959,623.23416940078,617.590659478334
2997.125,623.2186051615826,617.590659478334
2997.4529999999795,623.2216258712187,617.590659478334
2997.8120000000345,623.2219991060125,617.590659478334
2998.155999999959,623.2242803853449,617.590659478334
2998.5929999999935,623.2265526212036,617.590659478334
2998.9370000000345,623.2248586566222,617.590659478334
2999.280999999959,623.2274666002959,617.590659478334
2999.625,623.2197103835658,617.590659478334
2999.9679999999935,623.2268736627677,617.590659478334
3000.3120000000345,623.2203190619448,617.590659478334
3000.655999999959,623.2160214159694,617.590659478334
3000.984000000055,623.2192802730679,617.590659478334
3001.3279999999795,623.2132981512548,617.590659478334
3001.6870000000345,623.2169172786956,617.590659478334
3002.030999999959,623.2178892354957,617.590659478334
3002.359000000055,623.2283242709454,617.590659478334
3002.7029999999795,623.2159238947798,617.590659478334
3003.045999999973,623.2177045224344,617.590659478334
3003.405999999959,623.2202444018964,617.590659478334
3003.75,623.2203889305663,617.590659478334
3004.0929999999935,623.2154024639091,617.590659478334
3004.4370000000345,623.2109461319872,617.590659478334
3004.780999999959,623.2248323862171,617.590659478334
3005.125,623.2187640068398,617.590659478334
3005.4679999999935,623.211509204933,617.590659478334
3005.8120000000345,623.2204948765769,617.590659478334
3006.155999999959,623.2144103329734,617.590659478334
3006.5,623.2058276397219,617.590659478334
3006.8429999999935,623.2195878877981,617.590659478334
3007.2179999999935,623.2236428168119,617.590659478334
3007.5620000000345,623.2117296258051,617.590659478334
3007.905999999959,623.2171317524615,617.590659478334
3008.265000000014,623.2159009765871,617.590659478334
3008.609000000055,623.2182081348477,617.590659478334
3008.9370000000345,623.2175240147357,617.590659478334
3009.295999999973,623.2191986589994,617.590659478334
3009.640000000014,623.2300742411177,617.590659478334
3009.984000000055,623.2155382178345,617.590659478334
3010.3279999999795,623.2201156418696,617.590659478334
3010.655999999959,623.2121392109331,617.590659478334
3011.0,623.2223715487299,617.590659478334
3011.3279999999795,623.2094290952931,617.590659478334
3011.670999999973,623.2231217303155,617.590659478334
3012.015000000014,623.2177252629533,617.590659478334
3012.359000000055,623.220576664248,617.590659478334
3012.7029999999795,623.2089165293194,617.590659478334
3013.030999999959,623.2191218946805,617.590659478334
3013.390000000014,623.2139388912243,617.590659478334
3013.734000000055,623.2222984974044,617.590659478334
3014.0929999999935,623.217501012959,617.590659478334
3014.4370000000345,623.2242539300669,617.590659478334
3014.780999999959,623.2210910108292,617.590659478334
3015.125,623.2205819854952,617.590659478334
3015.4679999999935,623.2206452381303,617.590659478334
3015.8120000000345,623.2214546329791,617.590659478334
3016.155999999959,623.2172585263808,617.590659478334
3016.515000000014,623.2237322061171,617.590659478334
3016.859000000055,623.223588222789,617.590659478334
3017.234000000055,623.2230082032413,617.590659478334
3017.5779999999795,623.2189845708891,617.590659478334
3017.920999999973,623.2219228450484,617.590659478334
3018.265000000014,623.2166867994248,617.590659478334
3018.609000000055,623.2175350709871,617.590659478334
3018.9529999999795,623.2134012095678,617.590659478334
3019.295999999973,623.2195509427298,617.590659478334
3019.640000000014,623.2174213707934,617.590659478334
3019.984000000055,623.2170914889258,617.590659478334
3020.3279999999795,623.2149175751077,617.590659478334
3020.655999999959,623.2215092385223,617.590659478334
3021.0,623.2209977125985,617.590659478334
3021.359000000055,623.2211153487916,617.590659478334
3021.6870000000345,623.2193661209305,617.590659478334
3022.045999999973,623.2222140078057,617.590659478334
3022.375,623.2169619455033,617.590659478334
3022.734000000055,623.2193424635617,617.590659478334
3023.0779999999795,623.2248852017917,617.590659478334
3023.420999999973,623.2268373946587,617.590659478334
3023.765000000014,623.2190755985557,617.590659478334
3024.109000000055,623.217335549772,617.590659478334
3024.4370000000345,623.213135773942,617.590659478334
3024.795999999973,623.2157163273331,617.590659478334
3025.140000000014,623.2092385171486,617.590659478334
3025.484000000055,623.2241655221411,617.590659478334
3025.8279999999795,623.2162981420663,617.590659478334
3026.1870000000345,623.2115546555483,617.590659478334
3026.515000000014,623.2222948793917,617.590659478334
3026.875,623.2103716017294,617.590659478334
3027.2179999999935,623.2236058411968,617.590659478334
3027.545999999973,623.217442853121,617.590659478334
3027.890000000014,623.2220686853763,617.590659478334
3028.25,623.2159213526455,617.590659478334
3028.5929999999935,623.2277021258438,617.590659478334
3028.920999999973,623.2128187773604,617.590659478334
3029.265000000014,623.2199574352103,617.590659478334
3029.609000000055,623.2040413783724,617.590659478334
3029.9529999999795,623.2129102722106,617.590659478334
3030.295999999973,623.2323533656324,617.590659478334
3030.640000000014,623.2207230579705,617.590659478334
3030.984000000055,623.2140927462941,617.590659478334
3031.3279999999795,623.2192553585235,617.590659478334
3031.670999999973,623.210498600846,617.590659478334
3032.015000000014,623.2231244052103,617.590659478334
3032.359000000055,623.2122525439406,617.590659478334
3032.7029999999795,623.2082667093578,617.590659478334
3033.045999999973,623.2230157329342,617.590659478334
3033.390000000014,623.2185647345485,617.590659478334
3033.734000000055,623.2093152818256,617.590659478334
3034.0779999999795,623.2149810412566,617.590659478334
3034.420999999973,623.2123030125002,617.590659478334
3034.75,623.2148889948236,617.590659478334
3035.109000000055,623.2127422473035,617.590659478334
3035.4370000000345,623.2214308332847,617.590659478334
3035.780999999959,623.2204250375318,617.590659478334
3036.140000000014,623.2162681434233,617.590659478334
3036.484000000055,623.210684890055,617.590659478334
3036.8279999999795,623.2201034902841,617.590659478334
3037.170999999973,623.2213776654112,617.590659478334
3037.515000000014,623.2203259241402,617.590659478334
3037.859000000055,623.2217800403487,617.590659478334
3038.234000000055,623.2160684818729,617.590659478334
3038.5620000000345,623.221730653517,617.590659478334
3038.920999999973,623.2186265269416,617.590659478334
3039.25,623.2075827437105,617.590659478334
3039.5929999999935,623.2185274543791,617.590659478334
3039.9370000000345,623.228242347157,617.590659478334
3040.280999999959,623.2141842680354,617.590659478334
3040.625,623.2169977023937,617.590659478334
3040.9679999999935,623.223581400125,617.590659478334
3041.3120000000345,623.2270969199972,617.590659478334
3041.655999999959,623.2116784297218,617.590659478334
3042.0,623.2203060619344,617.590659478334
3042.3429999999935,623.2208434604332,617.590659478334
3042.7029999999795,623.2094289630758,617.590659478334
3043.045999999973,623.2206868199884,617.590659478334
3043.390000000014,623.2167119192464,617.590659478334
3043.734000000055,623.2216851610024,617.590659478334
3044.0779999999795,623.2156861344739,617.590659478334
3044.420999999973,623.2243851414252,617.590659478334
3044.765000000014,623.2220628433524,617.590659478334
3045.109000000055,623.2214465011388,617.590659478334
3045.4529999999795,623.2129805998389,617.590659478334
3045.795999999973,623.2244469850932,617.590659478334
3046.140000000014,623.2373748973225,617.590659478334
3046.484000000055,623.2650906853786,617.590659478334
3046.8120000000345,623.4272254930102,617.590659478334
3047.155999999959,623.6075281537103,617.590659478334
3047.5,623.7246086045227,617.590659478334
3047.859000000055,623.8353521210785,617.590659478334
3048.234000000055,623.9121371686057,617.590659478334
3048.5779999999795,623.9703336794921,617.590659478334
3048.920999999973,624.0276677456301,617.590659478334
3049.280999999959,624.0613782830542,617.590659478334
3049.625,624.1108966824079,617.590659478334
3049.9679999999935,624.1388722815535,617.590659478334
3050.3120000000345,624.1657712128875,617.590659478334
3050.670999999973,624.187315781899,617.590659478334
3051.015000000014,624.2018246316053,617.590659478334
3051.359000000055,624.243340667269,617.590659478334
3051.7029999999795,624.2447058508408,617.590659478334
3052.030999999959,624.2738236667165,617.590659478334
3052.390000000014,624.2758164356729,617.590659478334
3052.7179999999935,624.298521525927,617.590659478334
3053.0620000000345,624.3092015051815,617.590659478334
3053.405999999959,624.3279362684306,617.590659478334
3053.75,624.3326886106586,617.590659478334
3054.0929999999935,624.3465123581167,617.590659478334
3054.4370000000345,624.3598853480796,617.590659478334
3054.780999999959,624.3689905678419,617.590659478334
3055.125,624.387623779524,617.590659478334
3055.4679999999935,624.3795020514522,617.590659478334
3055.8279999999795,624.389622333076,617.590659478334
3056.155999999959,624.397822179249,617.590659478334
3056.5,624.4200255545608,617.590659478334
3056.859000000055,624.4193892484589,617.590659478334
3057.2029999999795,624.4450715816796,617.590659478334
3057.545999999973,624.443354923026,617.590659478334
3057.890000000014,624.451879978411,617.590659478334
3058.234000000055,624.4788523163165,617.590659478334
3058.625,624.4910688189543,617.590659478334
3058.9529999999795,624.4850337125754,617.590659478334
3059.295999999973,624.4999757310277,617.590659478334
3059.655999999959,624.4916098571955,617.590659478334
3060.0,624.4968786169633,617.590659478334
3060.3429999999935,624.4998891438382,617.590659478334
3060.670999999973,624.4943130484179,617.590659478334
3061.030999999959,624.4821156484908,617.590659478334
3061.375,624.4762695187445,617.590659478334
3061.7179999999935,624.4668359477249,617.590659478334
3062.0620000000345,624.4634372081266,617.590659478334
3062.405999999959,624.4555961761631,617.590659478334
3062.765000000014,624.4438812803386,617.590659478334
3063.109000000055,624.4508743195357,617.590659478334
3063.4529999999795,624.4553440533501,617.590659478334
3063.8120000000345,624.4452414582802,617.590659478334
3064.155999999959,624.458187943144,617.590659478334
3064.484000000055,624.4575231003623,617.590659478334
3064.8279999999795,624.4450521329597,617.590659478334
3065.170999999973,624.4485130498481,617.590659478334
3065.515000000014,624.444990029305,617.590659478334
3065.859000000055,624.4502580345666,617.590659478334
3066.2029999999795,624.4450043835997,617.590659478334
3066.545999999973,624.4347216637976,617.590659478334
3066.890000000014,624.43974013435,617.590659478334
3067.234000000055,624.4406688228879,617.590659478334
3067.5779999999795,624.4428004923841,617.590659478334
3067.9370000000345,624.4409793346044,617.590659478334
3068.280999999959,624.4391433439893,617.590659478334
3068.625,624.43892340761,617.590659478334
3068.984000000055,624.4425379577693,617.590659478334
3069.3120000000345,624.431509126477,617.590659478334
3069.640000000014,624.4436475840101,617.590659478334
3070.0,624.4450629931517,617.590659478334
3070.3429999999935,624.4388827285782,617.590659478334
3070.670999999973,624.447398963444,617.590659478334
3071.030999999959,624.4439267450736,617.590659478334
3071.375,624.4406994811071,617.590659478334
3071.7179999999935,624.454258139961,617.590659478334
3072.0620000000345,624.1837606298259,617.590659478334
3072.405999999959,623.6757828745583,617.590659478334
3072.75,623.4658156457206,617.590659478334
3073.0929999999935,623.3642831354713,617.590659478334
3073.4370000000345,623.3112622881649,617.590659478334
3073.780999999959,623.2645367366953,617.590659478334
3074.125,623.2353859631336,617.590659478334
3074.4679999999935,623.2036399319546,617.590659478334
3074.8120000000345,623.1796057271497,617.590659478334
3075.155999999959,623.1654789896348,617.590659478334
3075.515000000014,623.1601575313009,617.590659478334
3075.859000000055,623.1396379088133,617.590659478334
3076.2029999999795,623.1312821894563,617.590659478334
3076.545999999973,623.1122926686003,617.590659478334
3076.890000000014,623.1186883950561,617.590659478334
3077.25,623.1013497674971,617.590659478334
3077.5929999999935,623.089722515865,617.590659478334
3077.9370000000345,623.0896525583914,617.590659478334
3078.280999999959,623.0773049493754,617.590659478334
3078.625,623.0678197704918,617.590659478334
3078.9679999999935,623.0664327777297,617.590659478334
3079.295999999973,623.0568968720734,617.590659478334
3079.655999999959,623.0598031807662,617.590659478334
3079.984000000055,623.0581143463507,617.590659478334
3080.3429999999935,623.0391968167379,617.590659478334
3080.670999999973,623.058633888838,617.590659478334
3081.015000000014,623.0446536244664,617.590659478334
3081.359000000055,623.0420286756645,617.590659478334
3081.7179999999935,623.0342370559631,617.590659478334
3082.0620000000345,623.0294066749977,617.590659478334
3082.405999999959,623.0346994418628,617.590659478334
3082.75,623.0257029995555,617.590659478334
3083.0929999999935,623.0211207677953,617.590659478334
3083.4370000000345,623.0205667286093,617.590659478334
3083.765000000014,623.0300266570387,617.590659478334
3084.125,623.0490831856663,617.590659478334
3084.4679999999935,623.169464817013,617.590659478334
3084.8120000000345,623.2587390384256,617.590659478334
3085.170999999973,623.2704611763925,617.590659478334
3085.515000000014,623.2637084312599,617.590659478334
3085.859000000055,623.2441065068078,617.590659478334
3086.2029999999795,623.2515339329968,617.590659478334
3086.545999999973,623.247632791767,617.590659478334
3086.890000000014,623.2330829126182,617.590659478334
3087.25,623.2438643575293,617.590659478334
3087.5779999999795,623.2313858946736,617.590659478334
3087.920999999973,623.2295357015944,617.590659478334
3088.265000000014,623.250881458186,617.590659478334
3088.609000000055,623.2374519297994,617.590659478334
3088.9529999999795,623.2300111443352,617.590659478334
3089.295999999973,623.2335219446727,617.590659478334
3089.640000000014,623.2381521789879,617.590659478334
3089.984000000055,623.2396523179407,617.590659478334
3090.3429999999935,623.2408718741763,617.590659478334
3090.670999999973,623.2351165999884,617.590659478334
3091.015000000014,623.23323834948,617.590659478334
3091.359000000055,623.2359053615868,617.590659478334
3091.7029999999795,623.24185047948,617.590659478334
3092.045999999973,623.2377396447998,617.590659478334
3092.405999999959,623.2391529503873,617.590659478334
3092.75,623.2403745068876,617.590659478334
3093.0929999999935,623.2325347486174,617.590659478334
3093.4370000000345,623.2326661153088,617.590659478334
3093.780999999959,623.232787366738,617.590659478334
3094.125,623.2364464894251,617.590659478334
3094.4679999999935,623.2296146633535,617.590659478334
3094.8279999999795,623.2307828385038,617.590659478334
3095.2029999999795,623.2386935233376,617.590659478334
3095.545999999973,623.2378947070841,617.590659478334
3095.890000000014,623.2368362625415,617.590659478334
3096.234000000055,623.2395118920923,617.590659478334
3096.5929999999935,623.221055744104,617.590659478334
3096.920999999973,623.0648254833756,617.590659478334
3097.280999999959,623.0608869802288,617.590659478334
3097.609000000055,623.0611005108776,617.590659478334
3097.9679999999935,623.0542920354948,617.590659478334
3098.3120000000345,623.0630723895761,617.590659478334
3098.655999999959,623.0571304862223,617.590659478334
3099.0,623.0291451096298,617.590659478334
3099.3429999999935,623.0390093320148,617.590659478334
3099.6870000000345,623.0201080821693,617.590659478334
3100.030999999959,623.0281151599578,617.590659478334
3100.359000000055,623.0200032125911,617.590659478334
3100.7179999999935,623.009056022364,617.590659478334
3101.045999999973,623.0282032783631,617.590659478334
3101.390000000014,623.0145937971745,617.590659478334
3101.734000000055,623.0170683146592,617.590659478334
3102.0779999999795,623.0087714620014,617.590659478334
3102.4370000000345,623.0218549356022,617.590659478334
3102.780999999959,623.0109249037959,617.590659478334
3103.109000000055,623.0072816833828,617.590659478334
3103.4679999999935,623.007197084057,617.590659478334
3103.8120000000345,623.0044578291894,617.590659478334
3104.155999999959,622.9962401992603,617.590659478334
3104.5,623.0057517361086,617.590659478334
3104.8429999999935,623.0065787290224,617.590659478334
3105.234000000055,623.0122497759588,617.590659478334
3105.5620000000345,622.9994926870647,617.590659478334
3105.905999999959,622.9964123193281,617.590659478334
3106.265000000014,622.9971495483755,617.590659478334
3106.655999999959,623.0019398955116,617.590659478334
3107.0,623.0000472490435,617.590659478334
3107.3429999999935,622.9984597027769,617.590659478334
3107.6870000000345,622.9888172443508,617.590659478334
3108.015000000014,622.9975693466481,617.590659478334
3108.359000000055,622.9962509639513,617.590659478334
3108.7029999999795,623.0190425323328,617.590659478334
3109.045999999973,623.0338363718538,617.590659478334
3109.390000000014,623.2218378347243,617.590659478334
3109.734000000055,623.2362019374777,617.590659478334
3110.0620000000345,623.2378368016533,617.590659478334
3110.420999999973,623.2297891904312,617.590659478334
3110.765000000014,623.2219983168393,617.590659478334
3111.109000000055,623.2192525081521,617.590659478334
3111.4529999999795,623.2121170602046,617.590659478334
3111.795999999973,623.2199874259973,617.590659478334
3112.155999999959,623.2114693580166,617.590659478334
3112.5,623.2034653463647,617.590659478334
3112.8429999999935,623.2066690142722,617.590659478334
3113.1870000000345,623.1995991522737,617.590659478334
3113.515000000014,623.2104847832142,617.590659478334
3113.875,623.2059963684104,617.590659478334
3114.2179999999935,623.2116941717256,617.590659478334
3114.5620000000345,623.1998058080876,617.590659478334
3114.905999999959,623.2030468726965,617.590659478334
3115.25,623.193774854879,617.590659478334
3115.609000000055,623.1975139845413,617.590659478334
3115.9529999999795,623.2288852685747,617.590659478334
3116.280999999959,623.2357191776717,617.590659478334
3116.625,623.2489129891629,617.590659478334
3116.9679999999935,623.2407756621964,617.590659478334
3117.3279999999795,623.2418823169081,617.590659478334
3117.670999999973,623.2296396220772,617.590659478334
3118.030999999959,623.2317552304095,617.590659478334
3118.375,623.2241622316335,617.590659478334
3118.7029999999795,623.2265987637022,617.590659478334
3119.045999999973,623.2224370896736,617.590659478334
3119.405999999959,623.2262722254011,617.590659478334
3119.75,623.2137407216711,617.590659478334
3120.0929999999935,623.2180333025353,617.590659478334
3120.4370000000345,623.217269681532,617.590659478334
3120.780999999959,623.2274604684545,617.590659478334
3121.125,623.2253318554592,617.590659478334
3121.484000000055,623.2180823031166,617.590659478334
3121.8279999999795,623.2172107395631,617.590659478334
3122.1870000000345,623.2134891515474,617.590659478334
3122.530999999959,623.2219574994924,617.590659478334
3122.875,623.2143540721452,617.590659478334
3123.2179999999935,623.2059299520756,617.590659478334
3123.5620000000345,623.2096084923862,617.590659478334
3123.905999999959,623.213802174394,617.590659478334
3124.25,623.2125890927514,617.590659478334
3124.5929999999935,623.215979820983,617.590659478334
3124.9529999999795,623.2066511375872,617.590659478334
3125.295999999973,623.2050532485997,617.590659478334
3125.640000000014,623.2120687745391,617.590659478334
3125.984000000055,623.2085061266763,617.590659478334
3126.3120000000345,623.2072171540782,617.590659478334
3126.670999999973,623.2116032772633,617.590659478334
3127.015000000014,623.2141751799505,617.590659478334
3127.359000000055,623.2063818073457,617.590659478334
3127.7029999999795,623.2117145690314,617.590659478334
3128.045999999973,623.2123349894725,617.590659478334
3128.390000000014,623.2060415460686,617.590659478334
3128.734000000055,623.2280010356382,617.590659478334
3129.0779999999795,623.2439990168186,617.590659478334
3129.420999999973,623.4041894103524,617.590659478334
3129.765000000014,623.6740737160993,617.590659478334
3130.109000000055,623.8604172409715,617.590659478334
3130.4529999999795,623.9749475352066,617.590659478334
3130.795999999973,624.043192331481,617.590659478334
3131.140000000014,624.0950467094763,617.590659478334
3131.484000000055,624.1407301690477,617.590659478334
3131.8429999999935,624.1706125364726,617.590659478334
3132.1870000000345,624.2022705075099,617.590659478334
3132.545999999973,624.2385777910217,617.590659478334
3132.890000000014,624.2542414110816,617.590659478334
3133.234000000055,624.2719189045987,617.590659478334
3133.5779999999795,624.3031814481507,617.590659478334
3133.920999999973,624.3223930745108,617.590659478334
3134.280999999959,624.3333286809973,617.590659478334
3134.625,624.3363755147305,617.590659478334
3134.9679999999935,624.3626382269384,617.590659478334
3135.3120000000345,624.3771758553165,617.590659478334
3135.655999999959,624.3882692420705,617.590659478334
3136.0,624.393634081451,617.590659478334
3136.375,624.4158486188027,617.590659478334
3136.7029999999795,624.42216796479,617.590659478334
3137.045999999973,624.4298787098205,617.590659478334
3137.390000000014,624.4434499470196,617.590659478334
3137.734000000055,624.4524937875286,617.590659478334
3138.0779999999795,624.4547724820544,617.590659478334
3138.420999999973,624.4624260012802,617.590659478334
3138.765000000014,624.4786594938373,617.590659478334
3139.0929999999935,624.4787880346987,617.590659478334
3139.4529999999795,624.4819999958986,617.590659478334
3139.780999999959,624.4914237746426,617.590659478334
3140.125,624.4967658190152,617.590659478334
3140.4679999999935,624.5035225916596,617.590659478334
3140.8279999999795,624.5154872226957,617.590659478334
3141.170999999973,624.5273454348827,617.590659478334
3141.515000000014,624.5161736240808,617.590659478334
3141.859000000055,624.5320881032811,617.590659478334
3142.234000000055,624.5427599309985,617.590659478334
3142.625,624.5417186193166,617.590659478334
3142.9679999999935,624.5483915837581,617.590659478334
3143.3120000000345,624.557101558135,617.590659478334
3143.655999999959,624.5553877104381,617.590659478334
3143.984000000055,624.5642445403344,617.590659478334
3144.3429999999935,624.5763307143742,617.590659478334
3144.6870000000345,624.5687497258417,617.590659478334
3145.015000000014,624.5704295998308,617.590659478334
3145.359000000055,624.5831169181054,617.590659478334
3145.7029999999795,624.5763468528636,617.590659478334
3146.045999999973,624.5841469329462,617.590659478334
3146.390000000014,624.5909818980884,617.590659478334
3146.734000000055,624.5950234370829,617.590659478334
3147.0779999999795,624.603009944581,617.590659478334
3147.405999999959,624.6008132539644,617.590659478334
3147.75,624.6137553724569,617.590659478334
3148.0929999999935,624.6109760047455,617.590659478334
3148.4370000000345,624.6121401704893,617.590659478334
3148.780999999959,624.6082352676882,617.590659478334
3149.125,624.6166406250169,617.590659478334
3149.4679999999935,624.6176556412523,617.590659478334
3149.8120000000345,624.6274434325088,617.590659478334
3150.155999999959,624.6309732661213,617.590659478334
3150.5,624.6281439246062,617.590659478334
3150.8429999999935,624.6376741045817,617.590659478334
3151.1870000000345,624.6495779802104,617.590659478334
3151.530999999959,624.6496676422702,617.590659478334
3151.875,624.6478775916802,617.590659478334
3152.234000000055,624.6359821659627,617.590659478334
3152.5620000000345,624.6557171201667,617.590659478334
3152.920999999973,624.6670294401291,617.590659478334
3153.265000000014,624.6646354021814,617.590659478334
3153.609000000055,624.6562778840837,617.590659478334
3153.9529999999795,624.665347372482,617.590659478334
3154.295999999973,624.6643971358949,617.590659478334
3154.640000000014,624.6695559301425,617.590659478334
3154.984000000055,624.6710096039512,617.590659478334
3155.3279999999795,624.6724655919619,617.590659478334
3155.670999999973,624.681679079138,617.590659478334
3156.030999999959,624.6746419319413,617.590659478334
3156.375,624.681963711058,617.590659478334
3156.7179999999935,624.6864262803942,617.590659478334
3157.0620000000345,624.6857806548794,617.590659478334
3157.405999999959,624.6831488472566,617.590659478334
3157.75,624.7005499673578,617.590659478334
3158.109000000055,624.6965850792521,617.590659478334
3158.4529999999795,624.6847814121821,617.590659478334
3158.780999999959,624.696948229558,617.590659478334
3159.140000000014,624.6953030826405,617.590659478334
3159.484000000055,624.6964964493126,617.590659478334
3159.8279999999795,624.700497552795,617.590659478334
3160.170999999973,624.7130968535477,617.590659478334
3160.515000000014,624.6983521159285,617.590659478334
3160.875,624.7039590270487,617.590659478334
3161.2179999999935,624.7104837137664,617.590659478334
3161.5620000000345,624.7152818735647,617.590659478334
3161.920999999973,624.7080006563752,617.590659478334
3162.25,624.7201571690032,617.590659478334
3162.5929999999935,624.7115593469447,617.590659478334
3162.9529999999795,624.7191352629163,617.590659478334
3163.295999999973,624.7285806864251,617.590659478334
3163.625,624.7350674642909,617.590659478334
3163.9679999999935,624.7355941336064,617.590659478334
3164.3120000000345,624.7241075741143,617.590659478334
3164.655999999959,624.7364924288521,617.590659478334
3165.0,624.7306951353066,617.590659478334
3165.3429999999935,624.7231526066358,617.590659478334
3165.6870000000345,624.7270206742721,617.590659478334
3166.030999999959,624.7416873119845,617.590659478334
3166.375,624.7546355518153,617.590659478334
3166.734000000055,624.7311457450797,617.590659478334
3167.0779999999795,624.7397163309587,617.590659478334
3167.420999999973,624.7345739144514,617.590659478334
3167.765000000014,624.7488227514075,617.590659478334
3168.109000000055,624.7452848148214,617.590659478334
3168.4529999999795,624.7446588219893,617.590659478334
3168.795999999973,624.7543472258907,617.590659478334
3169.140000000014,624.7484254166679,617.590659478334
3169.484000000055,624.7455219729381,617.590659478334
3169.8279999999795,624.7602794606354,617.590659478334
3170.170999999973,624.7486983538461,617.590659478334
3170.5,624.7577935582519,617.590659478334
3170.8429999999935,624.76513950473,617.590659478334
3171.2029999999795,624.7652340233449,617.590659478334
3171.545999999973,624.7634119637928,617.590659478334
3171.890000000014,624.7690270673488,617.590659478334
3172.234000000055,624.7615734310939,617.590659478334
3172.5779999999795,624.7549911137978,617.590659478334
3172.920999999973,624.772927767496,617.590659478334
3173.25,624.7650849584004,617.590659478334
3173.5929999999935,624.7666409399578,617.590659478334
3173.9529999999795,624.771590227014,617.590659478334
3174.295999999973,624.7644756966313,617.590659478334
3174.640000000014,624.7739263165219,617.590659478334
3174.984000000055,624.7781227838095,617.590659478334
3175.3279999999795,624.7802423272763,617.590659478334
3175.670999999973,624.7744834700457,617.590659478334
3176.015000000014,624.7815799542612,617.590659478334
3176.359000000055,624.7805605831801,617.590659478334
3176.7029999999795,624.7892114154216,617.590659478334
3177.045999999973,624.7876622378758,617.590659478334
3177.390000000014,624.7784471800752,617.590659478334
3177.75,624.7770523531368,617.590659478334
3178.0779999999795,624.7806389215045,617.590659478334
3178.4370000000345,624.7894009538211,617.590659478334
3178.795999999973,624.7887580141241,617.590659478334
3179.125,624.7860834983359,617.590659478334
3179.4679999999935,624.7929653239426,617.590659478334
3179.8120000000345,624.793068586129,617.590659478334
3180.155999999959,624.8032722657333,617.590659478334
3180.5,624.7860103073597,617.590659478334
3180.8429999999935,624.8005197116939,617.590659478334
3181.170999999973,624.7955402450823,617.590659478334
3181.530999999959,624.7995355341117,617.590659478334
3181.875,624.7970834776129,617.590659478334
3182.2029999999795,624.7983778888278,617.590659478334
3182.5620000000345,624.7872102424851,617.590659478334
3182.920999999973,624.8086820439199,617.590659478334
3183.25,624.7929139392929,617.590659478334
3183.5929999999935,624.8018383925133,617.590659478334
3183.9370000000345,624.8013898281778,617.590659478334
3184.280999999959,624.8099582377886,617.590659478334
3184.625,624.8092498779046,617.590659478334
3184.9679999999935,624.8050387299118,617.590659478334
3185.3120000000345,624.8077347638183,617.590659478334
3185.655999999959,624.8167055953625,617.590659478334
3186.0,624.805278895869,617.590659478334
3186.3429999999935,624.8166490361003,617.590659478334
3186.6870000000345,624.8201545204163,617.590659478334
3187.045999999973,624.8133109525115,617.590659478334
3187.390000000014,624.8157043179385,617.590659478334
3187.734000000055,624.8175588620662,617.590659478334
3188.0779999999795,624.8202627286834,617.590659478334
3188.4679999999935,624.8285022344012,617.590659478334
3188.795999999973,624.8233230200135,617.590659478334
3189.140000000014,624.8220538451926,617.590659478334
3189.484000000055,624.8304945094338,617.590659478334
3189.8279999999795,624.8217641727878,617.590659478334
3190.155999999959,624.8285919558747,617.590659478334
3190.609000000055,624.8253407370047,617.590659478334
3190.9529999999795,624.8226425273563,617.590659478334
3191.295999999973,624.8211560549062,617.590659478334
3191.640000000014,624.8208874955915,617.590659478334
3191.984000000055,624.8315046210453,617.590659478334
3192.3279999999795,624.83032076828,617.590659478334
3192.670999999973,624.8426391139238,617.590659478334
3193.015000000014,624.8255085792525,617.590659478334
3193.359000000055,624.830540061532,617.590659478334
3193.7029999999795,624.8293962388865,617.590659478334
3194.045999999973,624.8293612559902,617.590659478334
3194.390000000014,624.8300031617981,617.590659478334
3194.734000000055,624.843362997717,617.590659478334
3195.0779999999795,624.8386248470239,617.590659478334
3195.420999999973,624.8389909708394,617.590659478334
3195.765000000014,624.8335804460326,617.590659478334
3196.109000000055,624.8563132787834,617.590659478334
3196.4529999999795,624.8659239150129,617.590659478334
3196.795999999973,624.8661591450142,617.590659478334
3197.140000000014,624.8647849624432,617.590659478334
3197.4679999999935,624.8608538802255,617.590659478334
3197.8279999999795,624.8680298048591,617.590659478334
3198.170999999973,624.8571423439432,617.590659478334
3198.515000000014,624.8482675900889,617.590659478334
3198.859000000055,624.8516310926543,617.590659478334
3199.2029999999795,624.8452054543197,617.590659478334
3199.545999999973,624.8281299230898,617.590659478334
3199.890000000014,624.8299834780323,617.590659478334
3200.234000000055,624.8221364893145,617.590659478334
3200.5779999999795,624.8275751306371,617.590659478334
3200.920999999973,624.8200339170121,617.590659478334
3201.25,624.8230239538939,617.590659478334
3201.609000000055,624.8227967522682,617.590659478334
3201.9529999999795,624.8210518720844,617.590659478334
3202.295999999973,624.8134581117534,617.590659478334
3202.640000000014,624.8092319648389,617.590659478334
3202.984000000055,624.8109496529892,617.590659478334
3203.3279999999795,624.814891485579,617.590659478334
3203.670999999973,624.8137040486728,617.590659478334
3204.015000000014,624.8078179132317,617.590659478334
3204.359000000055,624.8112070832914,617.590659478334
3204.7029999999795,624.8131991446044,617.590659478334
3205.045999999973,624.815669946857,617.590659478334
3205.390000000014,624.8058089717881,617.590659478334
3205.734000000055,624.8065028231987,617.590659478334
3206.0779999999795,624.8024352429768,617.590659478334
3206.420999999973,624.801090246547,617.590659478334
3206.765000000014,624.8075966316096,617.590659478334
3207.125,624.7990775542221,617.590659478334
3207.4679999999935,624.8025431938934,617.590659478334
3207.8120000000345,624.7983517603003,617.590659478334
3208.155999999959,624.8054378526515,617.590659478334
3208.5,624.7889381513297,617.590659478334
3208.8279999999795,624.8027612892221,617.590659478334
3209.1870000000345,624.804709285928,617.590659478334
3209.515000000014,624.7995385249774,617.590659478334
3209.875,624.7953544511892,617.590659478334
3210.2029999999795,624.796292872996,617.590659478334
3210.5620000000345,624.7907420713306,617.590659478334
3210.905999999959,624.7921118626807,617.590659478334
3211.25,624.7953734856129,617.590659478334
3211.5929999999935,624.7842752047013,617.590659478334
3211.9370000000345,624.7960269150992,617.590659478334
3212.295999999973,624.7941117406574,617.590659478334
3212.640000000014,624.7936998611058,617.590659478334
3212.984000000055,624.7945236386583,617.590659478334
3213.3120000000345,624.7892836210773,617.590659478334
3213.670999999973,624.7963786829489,617.590659478334
3214.015000000014,624.8009216064316,617.590659478334
3214.3429999999935,624.7887863512645,617.590659478334
3214.7029999999795,624.7942974076525,617.590659478334
3215.045999999973,624.785900406259,617.590659478334
3215.390000000014,624.7803308102119,617.590659478334
3215.734000000055,624.7902396994316,617.590659478334
3216.0929999999935,624.7890295389186,617.590659478334
3216.4370000000345,624.7844006138495,617.590659478334
3216.795999999973,624.7838135463937,617.590659478334
3217.125,624.7900898279875,617.590659478334
3217.4679999999935,624.7944813615193,617.590659478334
3217.8120000000345,624.7841147360471,617.590659478334
3218.155999999959,624.7949458722509,617.590659478334
3218.5,624.7984484047155,617.590659478334
3218.859000000055,624.7917488745431,617.590659478334
3219.1870000000345,624.7872897595646,617.590659478334
3219.530999999959,624.7867616143346,617.590659478334
3219.890000000014,624.7869915286965,617.590659478334
3220.234000000055,624.7848327220485,617.590659478334
3220.5929999999935,624.7830951826717,617.590659478334
3220.9370000000345,624.7904481824979,617.590659478334
3221.295999999973,624.7752461114734,617.590659478334
3221.640000000014,624.7912525408202,617.590659478334
3222.0,624.7875232008034,617.590659478334
3222.3429999999935,624.7882902466125,617.590659478334
3222.6870000000345,624.7841135553672,617.590659478334
3223.030999999959,624.7933649553603,617.590659478334
3223.390000000014,624.7815654177793,617.590659478334
3223.734000000055,624.7826744337095,617.590659478334
3224.0779999999795,624.781445131448,617.590659478334
3224.484000000055,624.7672714735907,617.590659478334
3224.8279999999795,624.7825793328298,617.590659478334
3225.170999999973,624.7741612658107,617.590659478334
3225.530999999959,624.7906496708873,617.590659478334
3225.875,624.7907737619802,617.590659478334
3226.2179999999935,624.7856228598857,617.590659478334
3226.655999999959,624.7776907217589,617.590659478334
3227.0,624.7765695804814,617.590659478334
3227.3429999999935,624.7768948328832,617.590659478334
3227.6870000000345,624.7901917822381,617.590659478334
3228.030999999959,624.7822996619477,617.590659478334
3228.375,624.7763133438284,617.590659478334
3228.7179999999935,624.7757006402028,617.590659478334
3229.0620000000345,624.7741929705122,617.590659478334
3229.390000000014,624.7854281394315,617.590659478334
3229.75,624.7714046363326,617.590659478334
3230.0929999999935,624.772965938958,617.590659478334
3230.4529999999795,624.7818677103913,617.590659478334
3230.780999999959,624.7795169390943,617.590659478334
3231.140000000014,624.7840634720176,617.590659478334
3231.484000000055,624.7787959321303,617.590659478334
3231.8279999999795,624.7829190913352,617.590659478334
3232.170999999973,624.7766834370126,617.590659478334
3232.515000000014,624.782246614317,617.590659478334
3232.859000000055,624.7924086586153,617.590659478334
3233.2029999999795,624.7813416820784,617.590659478334
3233.545999999973,624.7812327462424,617.590659478334
3233.875,624.7791836430006,617.590659478334
3234.234000000055,624.7651483248437,617.590659478334
3234.5620000000345,624.7694210879736,617.590659478334
3234.905999999959,624.7866688230073,617.590659478334
3235.265000000014,624.7781651480402,617.590659478334
3235.609000000055,624.7806998020582,617.590659478334
3235.9529999999795,624.7762906706444,617.590659478334
3236.295999999973,624.7720154415704,617.590659478334
3236.640000000014,624.7743558362762,617.590659478334
3236.984000000055,624.7891405735097,617.590659478334
3237.3279999999795,624.7864712133354,617.590659478334
3237.670999999973,624.7705322563016,617.590659478334
3238.015000000014,624.771874817982,617.590659478334
3238.359000000055,624.7677534525834,617.590659478334
3238.7029999999795,624.7817219552368,617.590659478334
3239.045999999973,624.7745471873455,617.590659478334
3239.390000000014,624.7795388155583,617.590659478334
3239.734000000055,624.7733577893068,617.590659478334
3240.0779999999795,624.7705407277922,617.590659478334
3240.420999999973,624.7719725920844,617.590659478334
3240.765000000014,624.7660744824113,617.590659478334
3241.125,624.7682125904737,617.590659478334
3241.4679999999935,624.7610150187659,617.590659478334
3241.8120000000345,624.7685519791543,617.590659478334
3242.155999999959,624.7728949964581,617.590659478334
3242.5,624.7773849051094,617.590659478334
3242.8429999999935,624.7660269251667,617.590659478334
3243.2029999999795,624.7701382099254,617.590659478334
3243.530999999959,624.7789267591413,617.590659478334
3243.890000000014,624.7813266400393,617.590659478334
3244.234000000055,624.7722923303506,617.590659478334
3244.5779999999795,624.7724823097544,617.590659478334
3244.920999999973,624.7735432990974,617.590659478334
3245.265000000014,624.7665832879837,617.590659478334
3245.625,624.7728281897357,617.590659478334
3245.9679999999935,624.7734824325067,617.590659478334
3246.3279999999795,624.7776293023921,617.590659478334
3246.670999999973,624.7765979184355,617.590659478334
3247.015000000014,624.7799270479784,617.590659478334
3247.359000000055,624.7817528158558,617.590659478334
3247.7179999999935,624.7645972585299,617.590659478334
3248.0620000000345,624.7722573985562,617.590659478334
3248.420999999973,624.7687089914095,617.590659478334
3248.765000000014,624.7777107455777,617.590659478334
3249.125,624.7658133250427,617.590659478334
3249.4679999999935,624.767556479465,617.590659478334
3249.8279999999795,624.7755570596269,617.590659478334
3250.170999999973,624.7730861094019,617.590659478334
3250.609000000055,624.7686187400246,617.590659478334
3250.9529999999795,624.7692407519451,617.590659478334
3251.3120000000345,624.7718434562172,617.590659478334
3251.655999999959,624.7782025161654,617.590659478334
3252.015000000014,624.7622873256641,617.590659478334
3252.359000000055,624.7664985333662,617.590659478334
3252.7029999999795,624.7680204088159,617.590659478334
3253.045999999973,624.7732969234813,617.590659478334
3253.405999999959,624.772848590017,617.590659478334
3253.75,624.7717797811106,617.590659478334
3254.0929999999935,624.7738745915566,617.590659478334
3254.4529999999795,624.7607618912765,617.590659478334
3254.795999999973,624.7702574522958,617.590659478334
3255.125,624.7641624741894,617.590659478334
3255.4679999999935,624.7642774819185,617.590659478334
3255.8279999999795,624.7628484462662,617.590659478334
3256.170999999973,624.7664695275632,617.590659478334
3256.515000000014,624.7740672905713,617.590659478334
3256.859000000055,624.7683643664551,617.590659478334
3257.2179999999935,624.7785827497697,617.590659478334
3257.5620000000345,624.7671815726274,617.590659478334
3257.905999999959,624.7727032695414,617.590659478334
3258.25,624.7810265014182,617.590659478334
3258.5929999999935,624.7776958435561,617.590659478334
3258.9529999999795,624.8006362826765,617.590659478334
3259.295999999973,624.4518570592758,617.590659478334
3259.640000000014,623.8532688831501,617.590659478334
3259.984000000055,623.5954201763448,617.590659478334
3260.3279999999795,623.4602006340816,617.590659478334
3260.6870000000345,623.3745833585585,617.590659478334
3261.030999999959,623.3291500317382,617.590659478334
3261.375,623.2864900430486,617.590659478334
3261.734000000055,623.2479314741546,617.590659478334
3262.0779999999795,623.2269270932004,617.590659478334
3262.420999999973,623.2143385448628,617.590659478334
3262.780999999959,623.1844526524815,617.590659478334
3263.140000000014,623.1682212927913,617.590659478334
3263.4679999999935,623.1699260415634,617.590659478334
3263.8279999999795,623.1482735311922,617.590659478334
3264.155999999959,623.1312531791528,617.590659478334
3264.515000000014,623.1299252716224,617.590659478334
3264.859000000055,623.1237318120718,617.590659478334
3265.2029999999795,623.1132995111088,617.590659478334
3265.5620000000345,623.1070482690759,617.590659478334
3265.905999999959,623.0944010795066,617.590659478334
3266.25,623.0918068162437,617.590659478334
3266.5929999999935,623.0837704036738,617.590659478334
3266.9370000000345,623.0763526156294,617.590659478334
3267.295999999973,623.0892903410436,617.590659478334
3267.640000000014,623.0668148726558,617.590659478334
3267.984000000055,623.0749442821856,617.590659478334
3268.3279999999795,623.0643216703725,617.590659478334
3268.6870000000345,623.0521343774751,617.590659478334
3269.030999999959,623.0634527769822,617.590659478334
3269.375,623.0482924081493,617.590659478334
3269.7179999999935,623.0514350014065,617.590659478334
3270.0620000000345,623.0443187384045,617.590659478334
3270.405999999959,623.0479432935504,617.590659478334
3270.75,623.0417020593853,617.590659478334
3271.0929999999935,623.0724553447506,617.590659478334
3271.484000000055,623.1027442830568,617.590659478334
3271.8279999999795,623.2861781342523,617.590659478334
3272.170999999973,623.2890738850257,617.590659478334
3272.515000000014,623.2869936091168,617.590659478334
3272.859000000055,623.2637056655019,617.590659478334
3273.2179999999935,623.2737000306562,617.590659478334
3273.545999999973,623.2666969493065,617.590659478334
3273.890000000014,623.2625650136592,617.590659478334
3274.234000000055,623.267993971766,617.590659478334
3274.609000000055,623.2548660572312,617.590659478334
3274.9529999999795,623.2525029498028,617.590659478334
3275.295999999973,623.2524761285107,617.590659478334
3275.640000000014,623.2549179043,617.590659478334
3276.0,623.2563844549616,617.590659478334
3276.3279999999795,623.2526278478085,617.590659478334
3276.670999999973,623.2541598745482,617.590659478334
3277.015000000014,623.2525041422323,617.590659478334
3277.359000000055,623.2597794389766,617.590659478334
3277.6870000000345,623.2571077091171,617.590659478334
3278.030999999959,623.2494317474608,617.590659478334
3278.375,623.2590052589712,617.590659478334
3278.7179999999935,623.2573772150713,617.590659478334
3279.0620000000345,623.2555404641158,617.590659478334
3279.405999999959,623.2462274634298,617.590659478334
3279.75,623.2570488301479,617.590659478334
3280.0929999999935,623.2520766827541,617.590659478334
3280.4370000000345,623.2463177368606,617.590659478334
3280.780999999959,623.2542545411286,617.590659478334
3281.125,623.2427421653728,617.590659478334
3281.4529999999795,623.2442572734584,617.590659478334
3281.8120000000345,623.2461503857279,617.590659478334
3282.155999999959,623.2544473499222,617.590659478334
3282.5,623.2485678391304,617.590659478334
3282.8429999999935,623.2547333196463,617.590659478334
3283.1870000000345,623.2569233009307,617.590659478334
3283.530999999959,623.2447257715513,617.590659478334
3283.875,623.1466211004728,617.590659478334
3284.2029999999795,623.0782820562507,617.590659478334
3284.5620000000345,623.0812548863748,617.590659478334
3284.890000000014,623.0763414399551,617.590659478334
3285.234000000055,623.0797563264828,617.590659478334
3285.5779999999795,623.0686583301001,617.590659478334
3285.920999999973,623.0490435368534,617.590659478334
3286.265000000014,623.0477172139448,617.590659478334
3286.655999999959,623.046004745252,617.590659478334
3287.0,623.0443292092955,617.590659478334
3287.3429999999935,623.0387934988732,617.590659478334
3287.670999999973,623.0474006098462,617.590659478334
3288.015000000014,623.0377928234427,617.590659478334
3288.359000000055,623.0436853749397,617.590659478334
3288.7029999999795,623.030885654354,617.590659478334
3289.045999999973,623.025933202863,617.590659478334
3289.390000000014,623.0319353969551,617.590659478334
3289.734000000055,623.0153666997713,617.590659478334
3290.0620000000345,623.0276105201881,617.590659478334
3290.405999999959,623.0168087739027,617.590659478334
3290.75,623.0216034692697,617.590659478334
3291.0929999999935,623.017333804643,617.590659478334
3291.4370000000345,623.0187350839909,617.590659478334
3291.780999999959,623.0176104234125,617.590659478334
3292.125,623.0212071662728,617.590659478334
3292.484000000055,623.0147834609566,617.590659478334
3292.8279999999795,623.01911360466,617.590659478334
3293.170999999973,623.0078630654467,617.590659478334
3293.515000000014,623.0199224873205,617.590659478334
3293.859000000055,623.0129297838903,617.590659478334
3294.2029999999795,623.0147314395991,617.590659478334
3294.545999999973,623.0065142122875,617.590659478334
3294.890000000014,623.0083866567509,617.590659478334
3295.2179999999935,623.0151805452649,617.590659478334
3295.5620000000345,623.0260583325305,617.590659478334
3295.905999999959,623.0352526833564,617.590659478334
3296.25,623.1372152488125,617.590659478334
3296.5929999999935,623.2622918164323,617.590659478334
3296.920999999973,623.2541398646597,617.590659478334
3297.280999999959,623.2564896010213,617.590659478334
3297.625,623.2337590999756,617.590659478334
3297.9679999999935,623.2318643123649,617.590659478334
3298.295999999973,623.2290310519783,617.590659478334
3298.655999999959,623.2335699296581,617.590659478334
3299.0,623.2191043450015,617.590659478334
3299.3429999999935,623.2200394680196,617.590659478334
3299.6870000000345,623.222998087039,617.590659478334
3300.030999999959,623.2270641307274,617.590659478334
3300.375,623.2289820580952,617.590659478334
3300.7029999999795,623.2209562420303,617.590659478334
3301.0620000000345,623.2203449772552,617.590659478334
3301.390000000014,623.2091864922801,617.590659478334
3301.734000000055,623.2153619521963,617.590659478334
3302.0779999999795,623.2186239606617,617.590659478334
3302.420999999973,623.2303988650145,617.590659478334
3302.780999999959,623.2089093734054,617.590659478334
3303.109000000055,623.2498916217701,617.590659478334
3303.4529999999795,623.2728203377047,617.590659478334
3303.795999999973,623.2597378630446,617.590659478334
3304.140000000014,623.2652342411228,617.590659478334
3304.484000000055,623.2495370702235,617.590659478334
3304.8279999999795,623.2430288325113,617.590659478334
3305.170999999973,623.2416656724974,617.590659478334
3305.515000000014,623.2461112271236,617.590659478334
3305.8429999999935,623.23644526035,617.590659478334
3306.2029999999795,623.2310390447592,617.590659478334
3306.545999999973,623.2288098425882,617.590659478334
3306.875,623.2403259604464,617.590659478334
3307.2179999999935,623.2315276644227,617.590659478334
3307.5779999999795,623.2401030116663,617.590659478334
3307.905999999959,623.229766997177,617.590659478334
3308.265000000014,623.2306332317867,617.590659478334
3308.609000000055,623.2281271856076,617.590659478334
3308.9529999999795,623.2299142510437,617.590659478334
3309.295999999973,623.2302988426696,617.590659478334
3309.640000000014,623.2254973638137,617.590659478334
3309.9679999999935,623.2324771726877,617.590659478334
3310.3279999999795,623.2275928050564,617.590659478334
3310.655999999959,623.2186983281113,617.590659478334
3311.0,623.2249158261493,617.590659478334
3311.3429999999935,623.2357497163608,617.590659478334
3311.6870000000345,623.2296827724501,617.590659478334
3312.030999999959,623.2231637407519,617.590659478334
3312.375,623.2250476475582,617.590659478334
3312.7179999999935,623.2309154351728,617.590659478334
3313.0779999999795,623.22157987351,617.590659478334
3313.420999999973,623.2233960443338,617.590659478334
3313.765000000014,623.2245727476856,617.590659478334
3314.109000000055,623.2262173014792,617.590659478334
3314.4679999999935,623.2219488078605,617.590659478334
3314.795999999973,623.2255458004252,617.590659478334
3315.155999999959,623.2259433357117,617.590659478334
3315.5,623.2208018936858,617.590659478334
3315.8429999999935,623.2423717380954,617.590659478334
3316.1870000000345,623.2751960809046,617.590659478334
3316.530999999959,623.4899235390699,617.590659478334
3316.875,623.7505400312391,617.590659478334
3317.2029999999795,623.9081771561446,617.590659478334
3317.5620000000345,623.993142157335,617.590659478334
3317.890000000014,624.0736967798687,617.590659478334
3318.234000000055,624.1216613325706,617.590659478334
3318.5929999999935,624.163133248948,617.590659478334
3318.9370000000345,624.1960819318263,617.590659478334
3319.280999999959,624.2333031237918,617.590659478334
3319.625,624.2510144924938,617.590659478334
3319.9529999999795,624.2752185393251,617.590659478334
3320.3120000000345,624.298099630653,617.590659478334
3320.640000000014,624.3069840921324,617.590659478334
3321.0,624.3285033934773,617.590659478334
3321.3429999999935,624.3453194957916,617.590659478334
3321.6870000000345,624.3592603957488,617.590659478334
3322.030999999959,624.3792323958619,617.590659478334
3322.375,624.3829045681643,617.590659478334
3322.7179999999935,624.4104623914737,617.590659478334
3323.045999999973,624.4090725981342,617.590659478334
3323.405999999959,624.4238354916903,617.590659478334
3323.765000000014,624.4362360624552,617.590659478334
3324.109000000055,624.4405526704929,617.590659478334
3324.4529999999795,624.4424908103337,617.590659478334
3324.795999999973,624.4576595661185,617.590659478334
3325.140000000014,624.4584585138679,617.590659478334
3325.5,624.4779496302459,617.590659478334
3325.8279999999795,624.4809910201898,617.590659478334
3326.1870000000345,624.4824801436507,617.590659478334
3326.530999999959,624.4927409722701,617.590659478334
3326.875,624.5097012967248,617.590659478334
3327.2179999999935,624.5065304216106,617.590659478334
3327.5620000000345,624.5021240198338,617.590659478334
3327.890000000014,624.522002792158,617.590659478334
3328.265000000014,624.5272904707085,617.590659478334
3328.609000000055,624.5402335728163,617.590659478334
3328.9370000000345,624.5410856296952,617.590659478334
3329.280999999959,624.5356166736877,617.590659478334
3329.625,624.5550082950178,617.590659478334
3329.984000000055,624.5612613086452,617.590659478334
3330.3120000000345,624.5512734782974,617.590659478334
3330.670999999973,624.5555263071699,617.590659478334
3331.030999999959,624.5698666136294,617.590659478334
3331.375,624.5782612763097,617.590659478334
3331.7029999999795,624.5794899576438,617.590659478334
3332.045999999973,624.5880327468293,617.590659478334
3332.405999999959,624.5849979500333,617.590659478334
3332.75,624.5861385253804,617.590659478334
3333.0929999999935,624.5921746912388,617.590659478334
3333.484000000055,624.6029022559679,617.590659478334
3333.8279999999795,624.6075479919465,617.590659478334
3334.1870000000345,624.599330956636,617.590659478334
3334.625,624.6158746471268,617.590659478334
3334.9679999999935,624.6089251830832,617.590659478334
3335.3120000000345,624.6176231358662,617.590659478334
3335.655999999959,624.6131007497302,617.590659478334
3336.0,624.6208797407754,617.590659478334
3336.3429999999935,624.6282832150616,617.590659478334
3336.6870000000345,624.6421212386749,617.590659478334
3337.030999999959,624.6380380829512,617.590659478334
3337.375,624.6358863729412,617.590659478334
3337.7179999999935,624.6482119840513,617.590659478334
3338.0620000000345,624.6541495752865,617.590659478334
3338.405999999959,624.6539245715901,617.590659478334
3338.75,624.6564029091949,617.590659478334
3339.0929999999935,624.6515813691744,617.590659478334
3339.4370000000345,624.6581624994601,617.590659478334
3339.780999999959,624.6606570935678,617.590659478334
3340.125,624.6579203400647,617.590659478334
3340.4679999999935,624.6531538341567,617.590659478334
3340.795999999973,624.6711471323814,617.590659478334
3341.140000000014,624.6680823734758,617.590659478334
3341.484000000055,624.6698399739446,617.590659478334
3341.8279999999795,624.6705347884184,617.590659478334
3342.155999999959,624.6757064346881,617.590659478334
3342.515000000014,624.685095074015,617.590659478334
3342.859000000055,624.6775004556365,617.590659478334
3343.2029999999795,624.6818942692336,617.590659478334
3343.545999999973,624.6867938259554,617.590659478334
3343.890000000014,624.6957523413926,617.590659478334
3344.234000000055,624.6957792014591,617.590659478334
3344.5620000000345,624.6942385809875,617.590659478334
3344.920999999973,624.6866100256914,617.590659478334
3345.25,624.6981111682876,617.590659478334
3345.609000000055,624.6989638553306,617.590659478334
3345.9529999999795,624.704571550124,617.590659478334
3346.295999999973,624.7115668450297,617.590659478334
3346.640000000014,624.7168807310632,617.590659478334
3346.9679999999935,624.7029942141601,617.590659478334
3347.3120000000345,624.7111356336852,617.590659478334
3347.655999999959,624.7097279357467,617.590659478334
3348.015000000014,624.7125059839008,617.590659478334
3348.359000000055,624.7181332187424,617.590659478334
3348.7029999999795,624.7220419628826,617.590659478334
3349.045999999973,624.7094889987349,617.590659478334
3349.405999999959,624.7206956021578,617.590659478334
3349.734000000055,624.725353244613,617.590659478334
3350.0779999999795,624.729181139645,617.590659478334
3350.420999999973,624.736187597968,617.590659478334
3350.765000000014,624.735867776349,617.590659478334
3351.109000000055,624.7368721152483,617.590659478334
3351.4529999999795,624.7218512712232,617.590659478334
3351.8120000000345,624.734567488189,617.590659478334
3352.155999999959,624.7471738178624,617.590659478334
3352.5,624.7326778543077,617.590659478334
3352.8429999999935,624.7359865831779,617.590659478334
3353.2029999999795,624.7511848065612,617.590659478334
3353.545999999973,624.7394307937149,617.590659478334
3353.890000000014,624.7423315641231,617.590659478334
3354.234000000055,624.7380244295624,617.590659478334
3354.5620000000345,624.7484588271229,617.590659478334
3354.920999999973,624.7476337638614,617.590659478334
3355.265000000014,624.7379699412828,617.590659478334
3355.609000000055,624.7532981053444,617.590659478334
3355.9529999999795,624.753329706939,617.590659478334
3356.280999999959,624.7552289976206,617.590659478334
3356.640000000014,624.7537317837117,617.590659478334
3356.984000000055,624.7636496913178,617.590659478334
3357.3279999999795,624.7523838823955,617.590659478334
3357.670999999973,624.7624685423647,617.590659478334
3358.015000000014,624.7668475350065,617.590659478334
3358.359000000055,624.7617615086987,617.590659478334
3358.7029999999795,624.7663625223875,617.590659478334
3359.045999999973,624.7649607169924,617.590659478334
3359.405999999959,624.7742051777002,617.590659478334
3359.765000000014,624.7793701599771,617.590659478334
3360.109000000055,624.7775396400426,617.590659478334
3360.4529999999795,624.7697461696341,617.590659478334
3360.795999999973,624.7734850097498,617.590659478334
3361.155999999959,624.7839773309157,617.590659478334
3361.484000000055,624.7749249910493,617.590659478334
3361.8429999999935,624.7872143691477,617.590659478334
3362.1870000000345,624.7943426901719,617.590659478334
3362.530999999959,624.7801640110749,617.590659478334
3362.875,624.7863990221841,617.590659478334
3363.234000000055,624.7764767062154,617.590659478334
3363.5779999999795,624.7877164220923,617.590659478334
3363.920999999973,624.7835326986431,617.590659478334
3364.265000000014,624.7911050425629,617.590659478334
3364.625,624.791791403624,617.590659478334
3364.9679999999935,624.7912923973081,617.590659478334
3365.3279999999795,624.794007040329,617.590659478334
3365.670999999973,624.78495603968,617.590659478334
3366.015000000014,624.8097518511472,617.590659478334
3366.359000000055,624.8027205513592,617.590659478334
3366.7029999999795,624.8007324294249,617.590659478334
3367.045999999973,624.7962289628955,617.590659478334
3367.390000000014,624.8028678982494,617.590659478334
3367.75,624.800943714138,617.590659478334
3368.0929999999935,624.8050393145751,617.590659478334
3368.4370000000345,624.8032720790382,617.590659478334
3368.780999999959,624.8089960280735,617.590659478334
3369.140000000014,624.8118253839318,617.590659478334
3369.484000000055,624.8028271990102,617.590659478334
3369.8279999999795,624.8007970899513,617.590659478334
3370.170999999973,624.8136592840366,617.590659478334
3370.609000000055,624.8055208545554,617.590659478334
3370.9529999999795,624.8042274115992,617.590659478334
3371.295999999973,624.8092257966024,617.590659478334
3371.655999999959,624.8046104443051,617.590659478334
3372.0,624.8160344258515,617.590659478334
3372.3279999999795,624.8101766063885,617.590659478334
3372.6870000000345,624.8159739540558,617.590659478334
3373.015000000014,624.8192444278621,617.590659478334
3373.375,624.8219035252928,617.590659478334
3373.7179999999935,624.8260995771985,617.590659478334
3374.0620000000345,624.8135945034173,617.590659478334
3374.405999999959,624.8270562280893,617.590659478334
3374.75,624.8240894167111,617.590659478334
3375.0929999999935,624.8209025281581,617.590659478334
3375.4679999999935,624.8303846396487,617.590659478334
3375.8279999999795,624.8294142621796,617.590659478334
3376.170999999973,624.8167542788776,617.590659478334
3376.515000000014,624.8347300114478,617.590659478334
3376.875,624.8278547347174,617.590659478334
3377.234000000055,624.8234770652376,617.590659478334
3377.5779999999795,624.8287961828976,617.590659478334
3377.920999999973,624.8315684255981,617.590659478334
3378.265000000014,624.8342158662866,617.590659478334
3378.625,624.8343497855723,617.590659478334
3378.9679999999935,624.8312641764664,617.590659478334
3379.3120000000345,624.8369911915685,617.590659478334
3379.655999999959,624.8416638412226,617.590659478334
3380.0,624.8250649279362,617.590659478334
3380.3429999999935,624.8329531113123,617.590659478334
3380.6870000000345,624.8427732885533,617.590659478334
3381.030999999959,624.8400933769113,617.590659478334
3381.359000000055,624.8406515046056,617.590659478334
3381.7179999999935,624.8450425953694,617.590659478334
3382.0620000000345,624.8388421024025,617.590659478334
3382.420999999973,624.8400482812161,617.590659478334
3382.765000000014,624.8448689686476,617.590659478334
3383.0929999999935,624.8652508662589,617.590659478334
3383.4679999999935,624.8707954868056,617.590659478334
3383.8120000000345,624.8725550126915,617.590659478334
3384.140000000014,624.8704774797336,617.590659478334
3384.5,624.8721699119757,617.590659478334
3384.8429999999935,624.8513395403495,617.590659478334
3385.1870000000345,624.8747090844485,617.590659478334
3385.5620000000345,624.8603407011468,617.590659478334
3385.890000000014,624.8587409677992,617.590659478334
3386.25,624.8504899793272,617.590659478334
3386.5929999999935,624.8321988023033,617.590659478334
3386.9370000000345,624.8362079766993,617.590659478334
3387.280999999959,624.8329606240302,617.590659478334
3387.625,624.8403004521329,617.590659478334
3387.9679999999935,624.8316770676508,617.590659478334
3388.3120000000345,624.8298911870116,617.590659478334
3388.655999999959,624.8205420804956,617.590659478334
3389.015000000014,624.830012405673,617.590659478334
3389.3429999999935,624.8175101327989,617.590659478334
3389.6870000000345,624.817290531994,617.590659478334
3390.030999999959,624.8152129505445,617.590659478334
3390.375,624.8186794282826,617.590659478334
3390.7179999999935,624.8248095905251,617.590659478334
3391.0779999999795,624.8142011263054,617.590659478334
3391.420999999973,624.8192073686072,617.590659478334
3391.75,624.8071152288582,617.590659478334
3392.109000000055,624.8153362614108,617.590659478334
3392.4529999999795,624.8087826434817,617.590659478334
3392.795999999973,624.8178063810559,617.590659478334
3393.140000000014,624.8244866946228,617.590659478334
3393.484000000055,624.8056676890544,617.590659478334
3393.8429999999935,624.798728339902,617.590659478334
3394.1870000000345,624.807927026403,617.590659478334
3394.609000000055,624.8015913742951,617.590659478334
3394.9529999999795,624.8063618554191,617.590659478334
3395.3120000000345,624.8129029448443,617.590659478334
3395.655999999959,624.8088666347016,617.590659478334
3396.0,624.8045552214219,617.590659478334
3396.3429999999935,624.8078500153782,617.590659478334
3396.6870000000345,624.810277149286,617.590659478334
3397.030999999959,624.7981909242186,617.590659478334
3397.359000000055,624.7934687381505,617.590659478334
3397.7029999999795,624.8066007358312,617.590659478334
3398.045999999973,624.795591765383,617.590659478334
3398.405999999959,624.7988771492244,617.590659478334
3398.75,624.790710462286,617.590659478334
3399.0929999999935,624.795252996842,617.590659478334
3399.4370000000345,624.7924123795683,617.590659478334
3399.780999999959,624.8001230706292,617.590659478334
3400.125,624.8002274673021,617.590659478334
3400.4679999999935,624.7994668866857,617.590659478334
3400.8120000000345,624.7899288105125,617.590659478334
3401.155999999959,624.7951626529076,617.590659478334
3401.5,624.7960892145436,617.590659478334
3401.8429999999935,624.790425619585,617.590659478334
3402.170999999973,624.7997354273748,617.590659478334
3402.515000000014,624.792235894094,617.590659478334
3402.859000000055,624.8034530040723,617.590659478334
3403.2029999999795,624.798629642924,617.590659478334
3403.545999999973,624.7908322092119,617.590659478334
3403.890000000014,624.8020122874501,617.590659478334
3404.234000000055,624.795645175985,617.590659478334
3404.5620000000345,624.797097625139,617.590659478334
3404.905999999959,624.7999691069929,617.590659478334
3405.25,624.8019601382732,617.590659478334
3405.5929999999935,624.8078431094133,617.590659478334
3405.9370000000345,624.797622030613,617.590659478334
3406.280999999959,624.7939944425245,617.590659478334
3406.655999999959,624.7924941831214,617.590659478334
3407.0,624.7906273485529,617.590659478334
3407.3279999999795,624.792722239896,617.590659478334
3407.6870000000345,624.7910946631041,617.590659478334
3408.015000000014,624.7823734197021,617.590659478334
3408.359000000055,624.7852876647609,617.590659478334
3408.7029999999795,624.7936827840041,617.590659478334
3409.045999999973,624.7862435979988,617.590659478334
3409.390000000014,624.7785590322594,617.590659478334
3409.734000000055,624.7897870233807,617.590659478334
3410.0620000000345,624.7908294869076,617.590659478334
3410.405999999959,624.7903783856033,617.590659478334
3410.75,624.7876097391348,617.590659478334
3411.0929999999935,624.7926304789243,617.590659478334
3411.4679999999935,624.7866040902197,617.590659478334
3411.8120000000345,624.7936495827179,617.590659478334
3412.155999999959,624.7845585302333,617.590659478334
3412.5,624.7813063918566,617.590659478334
3412.8279999999795,624.7863536794301,617.590659478334
3413.170999999973,624.788405202213,617.590659478334
3413.515000000014,624.7921304977903,617.590659478334
3413.8429999999935,624.7878254617336,617.590659478334
3414.2029999999795,624.7892439109515,617.590659478334
3414.545999999973,624.783401096525,617.590659478334
3414.890000000014,624.7848609664064,617.590659478334
3415.234000000055,624.7896528201265,617.590659478334
3415.5620000000345,624.7832309598092,617.590659478334
3415.920999999973,624.7863745766216,617.590659478334
3416.265000000014,624.786952706534,617.590659478334
3416.625,624.7986776856704,617.590659478334
3416.9679999999935,624.7779438037259,617.590659478334
3417.3120000000345,624.7891047305815,617.590659478334
3417.640000000014,624.7754185141722,617.590659478334
3417.984000000055,624.7854482043515,617.590659478334
3418.3279999999795,624.7828835039884,617.590659478334
3418.655999999959,624.7830532122917,617.590659478334
3419.0,624.7813939115237,617.590659478334
3419.3429999999935,624.7907644200202,617.590659478334
3419.6870000000345,624.7906963239109,617.590659478334
3420.030999999959,624.7840436835659,617.590659478334
3420.359000000055,624.7851560351472,617.590659478334
3420.7029999999795,624.7824474163297,617.590659478334
3421.045999999973,624.7780421938672,617.590659478334
3421.390000000014,624.7906397987185,617.590659478334
3421.734000000055,624.7864418929864,617.590659478334
3422.0779999999795,624.782631337792,617.590659478334
3422.405999999959,624.7848738664339,617.590659478334
3422.765000000014,624.7823537860637,617.590659478334
3423.0929999999935,624.7857794399522,617.590659478334
3423.4370000000345,624.7846452670827,617.590659478334
3423.780999999959,624.7730463115281,617.590659478334
3424.125,624.7870174554464,617.590659478334
3424.4679999999935,624.7763756887338,617.590659478334
3424.8120000000345,624.7798234004036,617.590659478334
3425.155999999959,624.7802919275236,617.590659478334
3425.5,624.7831046879447,617.590659478334
3425.8429999999935,624.7762167168728,617.590659478334
3426.170999999973,624.7715979795516,617.590659478334
3426.530999999959,624.785358112712,617.590659478334
3426.875,624.7679115228216,617.590659478334
3427.2029999999795,624.7838563987025,617.590659478334
3427.545999999973,624.7826788309626,617.590659478334
3427.875,624.7892111972449,617.590659478334
3428.2179999999935,624.7815645340295,617.590659478334
3428.5620000000345,624.7792197386136,617.590659478334
3428.905999999959,624.7816243984734,617.590659478334
3429.25,624.7839663763124,617.590659478334
3429.5929999999935,624.7803206000696,617.590659478334
3429.9370000000345,624.7810734274819,617.590659478334
3430.265000000014,624.7796342418138,617.590659478334
3430.625,624.7865144290166,617.590659478334
3430.9529999999795,624.7776004086069,617.590659478334
3431.3120000000345,624.7791627215811,617.590659478334
3431.640000000014,624.7839865156607,617.590659478334
3431.984000000055,624.78401581275,617.590659478334
3432.3279999999795,624.7794778665682,617.590659478334
3432.670999999973,624.7735285432299,617.590659478334
3433.015000000014,624.7816277143296,617.590659478334
3433.359000000055,624.787385051735,617.590659478334
3433.7029999999795,624.7815616186655,617.590659478334
3434.045999999973,624.7870259101991,617.590659478334
3434.390000000014,624.7762705403288,617.590659478334
3434.734000000055,624.784027574017,617.590659478334
3435.0779999999795,624.7768614781436,617.590659478334
3435.420999999973,624.7814225304821,617.590659478334
3435.765000000014,624.7753973616719,617.590659478334
3436.0929999999935,624.7757707795179,617.590659478334
3436.4370000000345,624.7686313805023,617.590659478334
3436.780999999959,624.7791289072807,617.590659478334
3437.140000000014,624.7777179313107,617.590659478334
3437.5,624.7758325552663,617.590659478334
3437.8429999999935,624.7766333901544,617.590659478334
3438.170999999973,624.7760744333965,617.590659478334
3438.515000000014,624.7725047869648,617.590659478334
3438.875,624.7688196863936,617.590659478334
3439.2029999999795,624.786602017553,617.590659478334
3439.5620000000345,624.7840536419835,617.590659478334
3439.905999999959,624.7831093712774,617.590659478334
3440.25,624.7744849969965,617.590659478334
3440.5929999999935,624.769650685144,617.590659478334
3440.9370000000345,624.7786102614118,617.590659478334
3441.280999999959,624.7765185730397,617.590659478334
3441.625,624.7693616419324,617.590659478334
3441.9679999999935,624.7842997741739,617.590659478334
3442.3120000000345,624.7772566916549,617.590659478334
3442.655999999959,624.77853751496,617.590659478334
3443.0,624.7799936533279,617.590659478334
3443.3429999999935,624.7753105922743,617.590659478334
3443.6870000000345,624.7780038321829,617.590659478334
3444.030999999959,624.7759485074123,617.590659478334
3444.359000000055,624.7704098019256,617.590659478334
3444.7179999999935,624.7663337560368,617.590659478334
3445.0620000000345,624.7767910085173,617.590659478334
3445.390000000014,624.7836084234763,617.590659478334
3445.734000000055,624.802101283018,617.590659478334
3446.0779999999795,624.4839943304153,617.590659478334
3446.420999999973,623.8779442081149,617.590659478334
3446.765000000014,623.596988773593,617.590659478334
3447.109000000055,623.4672501401262,617.590659478334
3447.5,623.3914870038147,617.590659478334
3447.8429999999935,623.3272473233804,617.590659478334
3448.170999999973,623.2880220107238,617.590659478334
3448.515000000014,623.2603923064565,617.590659478334
3448.859000000055,623.2386658427963,617.590659478334
3449.2029999999795,623.2176445775043,617.590659478334
3449.545999999973,623.1954985059264,617.590659478334
3449.890000000014,623.192808866091,617.590659478334
3450.25,623.1759633096851,617.590659478334
3450.5929999999935,623.157296295555,617.590659478334
3450.920999999973,623.1599727000703,617.590659478334
3451.280999999959,623.1394648133327,617.590659478334
3451.625,623.1259596333391,617.590659478334
3451.9679999999935,623.1247603394015,617.590659478334
3452.3120000000345,623.1235140174214,617.590659478334
3452.655999999959,623.0984091641203,617.590659478334
3453.0,623.1056322326823,617.590659478334
3453.3279999999795,623.0954016988919,617.590659478334
3453.6870000000345,623.0943855118958,617.590659478334
3454.015000000014,623.0844423792865,617.590659478334
3454.359000000055,623.0844350773206,617.590659478334
3454.7179999999935,623.0843009367453,617.590659478334
3455.0620000000345,623.0880510718439,617.590659478334
3455.405999999959,623.0703937327324,617.590659478334
3455.75,623.0643600762783,617.590659478334
3456.0929999999935,623.0741910398759,617.590659478334
3456.4370000000345,623.0690863638745,617.590659478334
3456.780999999959,623.056445306845,617.590659478334
3457.125,623.0513836731631,617.590659478334
3457.4679999999935,623.0517221539823,617.590659478334
3457.8120000000345,623.0600201855492,617.590659478334
3458.170999999973,623.0845539830725,617.590659478334
3458.515000000014,623.1641837406376,617.590659478334
3458.859000000055,623.294483544091,617.590659478334
3459.2029999999795,623.2989645760742,617.590659478334
3459.545999999973,623.2929770827037,617.590659478334
3459.905999999959,623.2756699745244,617.590659478334
3460.25,623.2763112543321,617.590659478334
3460.5779999999795,623.2704991585537,617.590659478334
3460.920999999973,623.2741122862225,617.590659478334
3461.265000000014,623.267157204834,617.590659478334
3461.609000000055,623.2668724093601,617.590659478334
3461.9679999999935,623.2609531577805,617.590659478334
3462.3120000000345,623.2605031261147,617.590659478334
3462.655999999959,623.2669142629576,617.590659478334
3462.984000000055,623.2672311774423,617.590659478334
3463.3429999999935,623.2623656673918,617.590659478334
3463.670999999973,623.2700438893282,617.590659478334
3464.015000000014,623.2723232917418,617.590659478334
3464.359000000055,623.260456957795,617.590659478334
3464.7029999999795,623.2577228430248,617.590659478334
3465.045999999973,623.2738853414062,617.590659478334
3465.390000000014,623.3041024853885,617.590659478334
3465.734000000055,623.3146073277873,617.590659478334
3466.0779999999795,623.3081211076056,617.590659478334
3466.420999999973,623.3079132982048,617.590659478334
3466.765000000014,623.2949448656698,617.590659478334
3467.109000000055,623.2897298417046,617.590659478334
3467.4679999999935,623.2829031980143,617.590659478334
3467.8120000000345,623.2807713604585,617.590659478334
3468.155999999959,623.287045932966,617.590659478334
3468.515000000014,623.2800833985133,617.590659478334
3468.8429999999935,623.2782898667803,617.590659478334
3469.1870000000345,623.2840793664432,617.590659478334
3469.530999999959,623.2613035931512,617.590659478334
3469.875,623.2701921904081,617.590659478334
3470.2179999999935,623.2855599037102,617.590659478334
3470.5620000000345,623.2800841268049,617.590659478334
3470.905999999959,623.2719933228943,617.590659478334
3471.25,623.2698565876299,617.590659478334
3471.5929999999935,623.2766116770108,617.590659478334
3471.9370000000345,623.2688043177341,617.590659478334
3472.280999999959,623.2886265850012,617.590659478334
3472.625,623.269144096345,617.590659478334
3472.9679999999935,623.2607968538506,617.590659478334
3473.3120000000345,623.2759657759894,617.590659478334
3473.670999999973,623.2748325758308,617.590659478334
3474.015000000014,623.2650843436652,617.590659478334
3474.359000000055,623.2719916514382,617.590659478334
3474.7029999999795,623.2669247687505,617.590659478334
3475.045999999973,623.2782150359407,617.590659478334
3475.390000000014,623.2751774931365,617.590659478334
3475.734000000055,623.2685727631791,617.590659478334
3476.0779999999795,623.2842054895194,617.590659478334
3476.420999999973,623.2688461084551,617.590659478334
3476.765000000014,623.2683210622495,617.590659478334
3477.109000000055,623.2679844310817,617.590659478334
3477.4529999999795,623.2688194406801,617.590659478334
3477.795999999973,623.2725787710593,617.590659478334
3478.140000000014,623.2684558314203,617.590659478334
3478.609000000055,623.2682802705103,617.590659478334
3478.9529999999795,623.2809044853008,617.590659478334
3479.295999999973,623.2621986654528,617.590659478334
3479.640000000014,623.2689104459814,617.590659478334
3479.984000000055,623.2663394454632,617.590659478334
3480.3279999999795,623.2567676005008,617.590659478334
3480.670999999973,623.2640623795944,617.590659478334
3481.015000000014,623.2697822718685,617.590659478334
3481.375,623.2577020689865,617.590659478334
3481.7179999999935,623.2649386153098,617.590659478334
3482.0620000000345,623.2680471099651,617.590659478334
3482.405999999959,623.2778389762184,617.590659478334
3482.75,623.2641899556683,617.590659478334
3483.0929999999935,623.2634940968921,617.590659478334
3483.4370000000345,623.263963704337,617.590659478334
3483.780999999959,623.2627271699904,617.590659478334
3484.125,623.2723568201218,617.590659478334
3484.5,623.2707407445666,617.590659478334
3484.8429999999935,623.2715683171047,617.590659478334
3485.1870000000345,623.2731396032135,617.590659478334
3485.530999999959,623.266898145451,617.590659478334
3485.875,623.271991532067,617.590659478334
3486.2179999999935,623.2627967459377,617.590659478334
3486.5620000000345,623.2668278073569,617.590659478334
3486.905999999959,623.2689162591328,617.590659478334
3487.25,623.2867394142017,617.590659478334
3487.609000000055,623.3337372368636,617.590659478334
3487.9529999999795,623.6119584546612,617.590659478334
3488.295999999973,623.8399696674725,617.590659478334
3488.640000000014,623.9690468119547,617.590659478334
3489.0,624.0602299542542,617.590659478334
3489.3429999999935,624.1298906385117,617.590659478334
3489.670999999973,624.1857560985884,617.590659478334
3490.015000000014,624.212080703837,617.590659478334
3490.359000000055,624.2599455910147,617.590659478334
3490.6870000000345,624.2856508678407,617.590659478334
3491.015000000014,624.3072061773989,617.590659478334
3491.375,624.331400531351,617.590659478334
3491.7029999999795,624.3563002122117,617.590659478334
3492.045999999973,624.376935532091,617.590659478334
3492.390000000014,624.3936590716411,617.590659478334
3492.734000000055,624.4029716917936,617.590659478334
3493.0620000000345,624.4222553103175,617.590659478334
3493.420999999973,624.4402636169913,617.590659478334
3493.765000000014,624.4584588520389,617.590659478334
3494.109000000055,624.4634529191085,617.590659478334
3494.484000000055,624.4863402289541,617.590659478334
3494.8429999999935,624.4817694794772,617.590659478334
3495.1870000000345,624.5079572965833,617.590659478334
3495.530999999959,624.5037767174895,617.590659478334
3495.875,624.5230810382766,617.590659478334
3496.2179999999935,624.5383998672586,617.590659478334
3496.5620000000345,624.5318824109605,617.590659478334
3496.905999999959,624.5473370675107,617.590659478334
3497.25,624.5473773892056,617.590659478334
3497.609000000055,624.5692454882621,617.590659478334
3497.9529999999795,624.5638483689539,617.590659478334
3498.280999999959,624.5719840169224,617.590659478334
3498.625,624.580561471562,617.590659478334
3498.9679999999935,624.5774433981858,617.590659478334
3499.3120000000345,624.5921141955467,617.590659478334
3499.655999999959,624.5911017297925,617.590659478334
3500.0,624.5938676479426,617.590659478334
3500.3279999999795,624.6261609407559,617.590659478334
3500.670999999973,624.6463106014494,617.590659478334
3501.030999999959,624.6453044549837,617.590659478334
3501.359000000055,624.6282217698736,617.590659478334
3501.7029999999795,624.6321946727892,617.590659478334
3502.045999999973,624.6244176640996,617.590659478334
3502.390000000014,624.6196632474961,617.590659478334
3502.75,624.6264516420285,617.590659478334
3503.0929999999935,624.6206843107358,617.590659478334
3503.4370000000345,624.6168897213099,617.590659478334
3503.795999999973,624.6179078406686,617.590659478334
3504.125,624.6193794089319,617.590659478334
3504.5,624.5916998050675,617.590659478334
3504.8429999999935,624.6018801261329,617.590659478334
3505.1870000000345,624.590293703573,617.590659478334
3505.530999999959,624.5886286366392,617.590659478334
3505.875,624.5940385017822,617.590659478334
3506.2179999999935,624.6015906927155,617.590659478334
3506.5620000000345,624.5858155836995,617.590659478334
3506.905999999959,624.5927040231398,617.590659478334
3507.25,624.5836731650322,617.590659478334
3507.5929999999935,624.5910042292925,617.590659478334
3507.9370000000345,624.5835120319583,617.590659478334
3508.295999999973,624.5845020217724,617.590659478334
3508.640000000014,624.5833160283295,617.590659478334
3508.9679999999935,624.5681446702448,617.590659478334
3509.3120000000345,624.5890000514194,617.590659478334
3509.640000000014,624.5708702432851,617.590659478334
3510.0,624.5721860008285,617.590659478334
3510.3429999999935,624.5796366154376,617.590659478334
3510.6870000000345,624.5807233650171,617.590659478334
3511.030999999959,624.5828056182635,617.590659478334
3511.375,624.5862404853267,617.590659478334
3511.7029999999795,624.5852022904584,617.590659478334
3512.0620000000345,624.5668957865886,617.590659478334
3512.390000000014,624.5715838865361,617.590659478334
3512.734000000055,624.5747264463047,617.590659478334
3513.0779999999795,624.5654587331544,617.590659478334
3513.420999999973,624.5692310915016,617.590659478334
3513.765000000014,624.5735950007395,617.590659478334
3514.109000000055,624.5755694702908,617.590659478334
3514.4529999999795,624.5771093605367,617.590659478334
3514.8120000000345,624.5748139391497,617.590659478334
3515.155999999959,624.5724354963089,617.590659478334
3515.5,624.5605200802082,617.590659478334
3515.8429999999935,624.5824193127827,617.590659478334
3516.1870000000345,624.583537989328,617.590659478334
3516.530999999959,624.1002772044604,617.590659478334
3516.875,623.6527324944515,617.590659478334
3517.2179999999935,623.4801166958832,617.590659478334
3517.5620000000345,623.3934360053838,617.590659478334
3517.905999999959,623.3376160198425,617.590659478334
3518.25,623.3119234157348,617.590659478334
3518.5929999999935,623.2762072894827,617.590659478334
3518.9370000000345,623.2521189278805,617.590659478334
3519.280999999959,623.2212976254124,617.590659478334
3519.640000000014,623.2022560220946,617.590659478334
3519.984000000055,623.1883822355215,617.590659478334
3520.3279999999795,623.180985546613,617.590659478334
3520.6870000000345,623.1767848515815,617.590659478334
3521.030999999959,623.1561943016793,617.590659478334
3521.375,623.1592219757636,617.590659478334
3521.7179999999935,623.1540275160448,617.590659478334
3522.0620000000345,623.1386253072677,617.590659478334
3522.405999999959,623.1291749050066,617.590659478334
3522.75,623.1122951004756,617.590659478334
3523.0929999999935,623.1130108459664,617.590659478334
3523.4529999999795,623.1206124777977,617.590659478334
3523.795999999973,623.1001921097567,617.590659478334
3524.140000000014,623.1010956042963,617.590659478334
3524.484000000055,623.0920358715126,617.590659478334
3524.8279999999795,623.082043882292,617.590659478334
3525.1870000000345,623.0835984537476,617.590659478334
3525.515000000014,623.0851896813597,617.590659478334
3525.859000000055,623.081178728992,617.590659478334
3526.2029999999795,623.0702082322741,617.590659478334
3526.5779999999795,623.0671044858253,617.590659478334
3526.9370000000345,623.0615798721462,617.590659478334
3527.280999999959,623.0730903164643,617.590659478334
3527.625,623.0672473898688,617.590659478334
3527.9679999999935,623.0594122286617,617.590659478334
3528.3120000000345,623.0657648190628,617.590659478334
3528.655999999959,623.0660946299281,617.590659478334
3528.984000000055,623.0526654103019,617.590659478334
3529.3429999999935,623.0900307725357,617.590659478334
3529.6870000000345,623.1082011202986,617.590659478334
3530.030999999959,623.2972144361306,617.590659478334
3530.375,623.3017441117944,617.590659478334
3530.734000000055,623.2952827988612,617.590659478334
3531.0779999999795,623.3036805252227,617.590659478334
3531.420999999973,623.3008592239233,617.590659478334
3531.765000000014,623.2877914211473,617.590659478334
3532.109000000055,623.2858990949147,617.590659478334
3532.4529999999795,623.2851176650507,617.590659478334
3532.795999999973,623.275688159596,617.590659478334
3533.140000000014,623.2891650207429,617.590659478334
3533.484000000055,623.2849236450783,617.590659478334
3533.8279999999795,623.2759669868578,617.590659478334
3534.170999999973,623.2768016248884,617.590659478334
3534.515000000014,623.2806578041686,617.590659478334
3534.859000000055,623.2763320474553,617.590659478334
3535.2029999999795,623.2833053487024,617.590659478334
3535.545999999973,623.2758982684483,617.590659478334
3535.890000000014,623.2753239788797,617.590659478334
3536.234000000055,623.2742157510621,617.590659478334
3536.5779999999795,623.2674681287033,617.590659478334
3536.905999999959,623.2700096453224,617.590659478334
3537.265000000014,623.2755235239545,617.590659478334
3537.609000000055,623.2697478385595,617.590659478334
3537.9529999999795,623.2741198209193,617.590659478334
3538.295999999973,623.2715181630381,617.590659478334
3538.640000000014,623.2785067195559,617.590659478334
3539.0,623.2671536100163,617.590659478334
3539.3429999999935,623.2756773492875,617.590659478334
3539.670999999973,623.280047120732,617.590659478334
3540.015000000014,623.2765053493696,617.590659478334
3540.375,623.276133667665,617.590659478334
3540.734000000055,623.275546447856,617.590659478334
3541.0779999999795,623.2688234092788,617.590659478334
3541.420999999973,623.2780461052946,617.590659478334
3541.75,623.2692410006656,617.590659478334
3542.0929999999935,623.2685611836295,617.590659478334
3542.4529999999795,623.274446007487,617.590659478334
3542.795999999973,623.2810548851637,617.590659478334
3543.140000000014,623.14832677629,617.590659478334
3543.484000000055,623.0887374309591,617.590659478334
3543.8279999999795,623.0965805657174,617.590659478334
3544.170999999973,623.0929779685415,617.590659478334
3544.515000000014,623.0963213835524,617.590659478334
3544.859000000055,623.0889115061719,617.590659478334
3545.1870000000345,623.0846075091416,617.590659478334
3545.545999999973,623.0747817327255,617.590659478334
3545.890000000014,623.0739131432614,617.590659478334
3546.234000000055,623.0677431528276,617.590659478334
3546.5620000000345,623.0548735627724,617.590659478334
3546.905999999959,623.0651265184961,617.590659478334
3547.265000000014,623.0624417494855,617.590659478334
3547.609000000055,623.0566325929024,617.590659478334
3547.9529999999795,623.0436828060317,617.590659478334
3548.295999999973,623.0524221413431,617.590659478334
3548.625,623.04995866667,617.590659478334
3548.9679999999935,623.0591955265288,617.590659478334
3549.3279999999795,623.0504713541098,617.590659478334
3549.670999999973,623.042945264544,617.590659478334
3550.015000000014,623.0407727005132,617.590659478334
3550.359000000055,623.0389214917676,617.590659478334
3550.7029999999795,623.0432528427309,617.590659478334
3551.0620000000345,623.0395972281434,617.590659478334
3551.405999999959,623.0386677958318,617.590659478334
3551.75,623.0268548018712,617.590659478334
3552.0929999999935,623.0338575341391,617.590659478334
3552.4529999999795,623.0420652810768,617.590659478334
3552.795999999973,623.0446933207273,617.590659478334
3553.125,623.0423303917902,617.590659478334
3553.4679999999935,623.0329631248956,617.590659478334
3553.8120000000345,623.0344519435537,617.590659478334
3554.155999999959,623.0296378218408,617.590659478334
3554.5,623.0291909655972,617.590659478334
3554.8429999999935,623.043311140905,617.590659478334
3555.1870000000345,623.0296319358987,617.590659478334
3555.530999999959,623.0242919658733,617.590659478334
3555.890000000014,623.0317128513461,617.590659478334
3556.234000000055,623.0571826585101,617.590659478334
3556.5620000000345,623.0799452389475,617.590659478334
3556.905999999959,623.2715369228939,617.590659478334
3557.25,623.2701747926843,617.590659478334
3557.5929999999935,623.2781377632057,617.590659478334
3557.9370000000345,623.276105031722,617.590659478334
3558.280999999959,623.2627229409169,617.590659478334
3558.625,623.2552765403605,617.590659478334
3558.9679999999935,623.2522409475849,617.590659478334
3559.3120000000345,623.2678027163201,617.590659478334
3559.655999999959,623.2542780314085,617.590659478334
3560.0,623.2550868699145,617.590659478334
3560.3429999999935,623.2400999462565,617.590659478334
3560.6870000000345,623.2512463939283,617.590659478334
3561.030999999959,623.2496079765212,617.590659478334
3561.375,623.2447909419764,617.590659478334
3561.7179999999935,623.2464979654818,617.590659478334
3562.0620000000345,623.241551204583,617.590659478334
3562.405999999959,623.2397773724196,617.590659478334
3562.765000000014,623.243636877286,617.590659478334
3563.109000000055,623.2497162578265,617.590659478334
3563.4529999999795,623.2517233237643,617.590659478334
3563.8120000000345,623.2673176755604,617.590659478334
3564.140000000014,623.2681397962899,617.590659478334
3564.5,623.2771586723914,617.590659478334
3564.8429999999935,623.2818923713397,617.590659478334
3565.1870000000345,623.2801766332676,617.590659478334
3565.515000000014,623.2630610049039,617.590659478334
3565.859000000055,623.269258503927,617.590659478334
3566.2029999999795,623.2597670696972,617.590659478334
3566.545999999973,623.2548306454312,617.590659478334
3566.875,623.2551764157771,617.590659478334
3567.234000000055,623.2579657978715,617.590659478334
3567.5620000000345,623.2647021901644,617.590659478334
3567.905999999959,623.2563230233363,617.590659478334
3568.25,623.2632586459185,617.590659478334
3568.5929999999935,623.2565808957112,617.590659478334
3568.920999999973,623.2529336834793,617.590659478334
3569.265000000014,623.2514396339589,617.590659478334
3569.625,623.2465690530657,617.590659478334
3569.9529999999795,623.250141145885,617.590659478334
3570.295999999973,623.2477993349318,617.590659478334
3570.640000000014,623.2551881206234,617.590659478334
3570.984000000055,623.2533638679901,617.590659478334
3571.3120000000345,623.2528758857608,617.590659478334
3571.670999999973,623.2465733495828,617.590659478334
3572.015000000014,623.2499015053633,617.590659478334
3572.359000000055,623.2555489533527,617.590659478334
3572.7029999999795,623.2464326647682,617.590659478334
3573.045999999973,623.2413088102675,617.590659478334
3573.390000000014,623.2412258469947,617.590659478334
3573.734000000055,623.2410274482519,617.590659478334
3574.0779999999795,623.2367042951639,617.590659478334
3574.420999999973,623.2440853408119,617.590659478334
3574.765000000014,623.2446553234385,617.590659478334
3575.109000000055,623.2484245344579,617.590659478334
3575.4529999999795,623.2511317192946,617.590659478334
3575.795999999973,623.248118701719,617.590659478334
3576.155999999959,623.2541296957411,617.590659478334
3576.5,623.2435263149415,617.590659478334
3576.8279999999795,623.2595786454857,617.590659478334
3577.170999999973,623.2833340710852,617.590659478334
3577.515000000014,623.5066152523178,617.590659478334
3577.859000000055,623.8557780721744,617.590659478334
3578.2029999999795,624.0599045753186,617.590659478334
3578.545999999973,624.1567884837507,617.590659478334
3578.890000000014,624.2147040989148,617.590659478334
3579.2179999999935,624.2815754928084,617.590659478334
3579.5620000000345,624.3017003503519,617.590659478334
3579.905999999959,624.3372000369019,617.590659478334
3580.25,624.366301237834,617.590659478334
3580.5929999999935,624.4040420400534,617.590659478334
3580.9370000000345,624.4126677975919,617.590659478334
3581.280999999959,624.4249172136027,617.590659478334
3581.625,624.4595569121499,617.590659478334
3581.9679999999935,624.4648446709086,617.590659478334
3582.3120000000345,624.4864459442252,617.590659478334
3582.655999999959,624.4866385339147,617.590659478334
3582.984000000055,624.5061281006139,617.590659478334
3583.3279999999795,624.518229639043,617.590659478334
3583.670999999973,624.5264258438255,617.590659478334
3584.015000000014,624.5357924040774,617.590659478334
3584.3429999999935,624.5462249286207,617.590659478334
3584.7029999999795,624.5628169164756,617.590659478334
3585.045999999973,624.5610786637208,617.590659478334
3585.375,624.5683213879975,617.590659478334
3585.7179999999935,624.5683217486627,617.590659478334
3586.0620000000345,624.5832768596346,617.590659478334
3586.405999999959,624.5910684562779,617.590659478334
3586.765000000014,624.5968453220115,617.590659478334
3587.0929999999935,624.6115963026177,617.590659478334
3587.5,624.6163802743289,617.590659478334
3587.8279999999795,624.6167124165104,617.590659478334
3588.1870000000345,624.6259849743723,617.590659478334
3588.530999999959,624.630404263212,617.590659478334
3588.875,624.6317061517736,617.590659478334
3589.2029999999795,624.6361088236796,617.590659478334
3589.545999999973,624.6466966151121,617.590659478334
3589.890000000014,624.6488108356763,617.590659478334
3590.234000000055,624.6572964851954,617.590659478334
3590.5779999999795,624.6658083226965,617.590659478334
3590.920999999973,624.6710287799119,617.590659478334
3591.265000000014,624.6778988061914,617.590659478334
3591.5929999999935,624.6855917373384,617.590659478334
3591.9370000000345,624.679130832238,617.590659478334
3592.295999999973,624.6909303237546,617.590659478334
3592.625,624.6872032390088,617.590659478334
3592.9679999999935,624.6929055373959,617.590659478334
3593.3120000000345,624.6975944502868,617.590659478334
3593.640000000014,624.7175492976276,617.590659478334
3593.984000000055,624.6940175591851,617.590659478334
3594.3429999999935,624.7031152651355,617.590659478334
3594.6870000000345,624.7158746484265,617.590659478334
3595.015000000014,624.715140744272,617.590659478334
3595.359000000055,624.7142152394274,617.590659478334
3595.7029999999795,624.717858555918,617.590659478334
3596.030999999959,624.7356961734461,617.590659478334
3596.390000000014,624.7320743833887,617.590659478334
3596.734000000055,624.7371934420079,617.590659478334
3597.0779999999795,624.7353047860769,617.590659478334
3597.420999999973,624.7437580194878,617.590659478334
3597.75,624.7340732548796,617.590659478334
3598.0929999999935,624.7431502823418,617.590659478334
3598.4370000000345,624.7474539603153,617.590659478334
3598.795999999973,624.7485787746745,617.590659478334
3599.125,624.7563129720859,617.590659478334
3599.4529999999795,624.7580598105094,617.590659478334
3599.8120000000345,624.7568955156665,617.590659478334
3600.155999999959,624.7507980202888,617.590659478334
3600.5,624.7668488202786,617.590659478334
3600.8429999999935,624.7670075205041,617.590659478334
3601.170999999973,624.76975088512,617.590659478334
3601.530999999959,624.7746048815911,617.590659478334
3601.875,624.7823951159222,617.590659478334
3602.2179999999935,624.7739741038848,617.590659478334
3602.5779999999795,624.7828642391056,617.590659478334
3602.905999999959,624.7793294138053,617.590659478334
3603.25,624.7767358486711,617.590659478334
3603.5929999999935,624.7896677483651,617.590659478334
3603.9370000000345,624.7859221971422,617.590659478334
3604.295999999973,624.7914107388433,617.590659478334
3604.625,624.7856425746959,617.590659478334
3604.9679999999935,624.7817794045211,617.590659478334
3605.3120000000345,624.7960096872952,617.590659478334
3605.670999999973,624.8056594123007,617.590659478334
3606.015000000014,624.788749249646,617.590659478334
3606.3429999999935,624.7968353443027,617.590659478334
3606.7029999999795,624.7984991406506,617.590659478334
3607.030999999959,624.8073671346406,617.590659478334
3607.375,624.8170859854471,617.590659478334
3607.7179999999935,624.8077947927827,617.590659478334
3608.0620000000345,624.8088680043114,617.590659478334
3608.405999999959,624.80786539784,617.590659478334
3608.75,624.8198708427725,617.590659478334
3609.109000000055,624.8138517700351,617.590659478334
3609.4529999999795,624.827545323144,617.590659478334
3609.795999999973,624.8149923841271,617.590659478334
3610.140000000014,624.8319694790811,617.590659478334
3610.484000000055,624.8297317508849,617.590659478334
3610.8429999999935,624.828161095309,617.590659478334
3611.1870000000345,624.8241643815326,617.590659478334
3611.530999999959,624.8346114729778,617.590659478334
3611.875,624.8326799298836,617.590659478334
3612.2179999999935,624.828759186084,617.590659478334
3612.5620000000345,624.8350155193108,617.590659478334
3612.920999999973,624.8428615498519,617.590659478334
3613.265000000014,624.8341830303083,617.590659478334
3613.609000000055,624.8451310144989,617.590659478334
3613.9529999999795,624.84567656793,617.590659478334
3614.280999999959,624.8413985457046,617.590659478334
3614.625,624.8295712140562,617.590659478334
3614.9679999999935,624.855384101318,617.590659478334
3615.3120000000345,624.8508341271402,617.590659478334
3615.655999999959,624.8531471843964,617.590659478334
3616.0,624.8457894542014,617.590659478334
3616.3429999999935,624.857682964389,617.590659478334
3616.6870000000345,624.8434924908647,617.590659478334
3617.030999999959,624.8616042625888,617.590659478334
3617.375,624.8597785460323,617.590659478334
3617.7179999999935,624.8598067553248,617.590659478334
3618.0620000000345,624.8622595291765,617.590659478334
3618.405999999959,624.8657225814294,617.590659478334
3618.765000000014,624.8629405933398,617.590659478334
3619.109000000055,624.8671367519397,617.590659478334
3619.4529999999795,624.8716384798745,617.590659478334
3619.780999999959,624.8593077969083,617.590659478334
3620.140000000014,624.8696057794023,617.590659478334
3620.4679999999935,624.8612514869942,617.590659478334
3620.8120000000345,624.8717319360337,617.590659478334
3621.155999999959,624.8660821701952,617.590659478334
3621.515000000014,624.8766337767181,617.590659478334
3621.859000000055,624.8721179754283,617.590659478334
3622.1870000000345,624.8780480205915,617.590659478334
3622.625,624.8853890039775,617.590659478334
3622.9679999999935,624.8739671723677,617.590659478334
3623.3120000000345,624.8834924518314,617.590659478334
3623.655999999959,624.8761488546065,617.590659478334
3623.984000000055,624.8918947978625,617.590659478334
3624.3279999999795,624.890223355946,617.590659478334
3624.670999999973,624.8895588628652,617.590659478334
3625.015000000014,624.8818743700954,617.590659478334
3625.359000000055,624.887298722969,617.590659478334
3625.7029999999795,624.8842008099465,617.590659478334
3626.030999999959,624.8806625568554,617.590659478334
3626.375,624.8813991756613,617.590659478334
3626.7179999999935,624.8838200702552,617.590659478334
3627.0620000000345,624.8926012929546,617.590659478334
3627.405999999959,624.8926716785783,617.590659478334
3627.75,624.8991709091591,617.590659478334
3628.0929999999935,624.8953146180991,617.590659478334
3628.484000000055,624.8946421610591,617.590659478334
3628.8120000000345,624.901327886047,617.590659478334
3629.170999999973,624.8963801095107,617.590659478334
3629.515000000014,624.9000034857,617.590659478334
3629.859000000055,624.9013209051391,617.590659478334
3630.2029999999795,624.912441901005,617.590659478334
3630.5620000000345,624.9160370771426,617.590659478334
3630.890000000014,624.908300149328,617.590659478334
3631.234000000055,624.91768928133,617.590659478334
3631.5779999999795,624.905482016452,617.590659478334
3631.920999999973,624.9102839545894,617.590659478334
3632.265000000014,624.9204526863758,617.590659478334
3632.609000000055,624.9001921144718,617.590659478334
3632.9679999999935,624.9124028950316,617.590659478334
3633.295999999973,624.9209843075952,617.590659478334
3633.655999999959,624.913634306537,617.590659478334
3634.0,624.9228116907432,617.590659478334
3634.3279999999795,624.918552711676,617.590659478334
3634.670999999973,624.9002236247956,617.590659478334
3635.015000000014,624.9147136963942,617.590659478334
3635.359000000055,624.922889800278,617.590659478334
3635.7029999999795,624.9207811800896,617.590659478334
3636.045999999973,624.9200061428069,617.590659478334
3636.390000000014,624.9190883515984,617.590659478334
3636.75,624.9112473969285,617.590659478334
3637.0929999999935,624.9317263264668,617.590659478334
3637.4370000000345,624.9174936615354,617.590659478334
3637.780999999959,624.9255946057611,617.590659478334
3638.125,624.9264927391062,617.590659478334
3638.4679999999935,624.9268344497486,617.590659478334
3638.8120000000345,624.9344621393344,617.590659478334
3639.155999999959,624.9342582962535,617.590659478334
3639.515000000014,624.9267855268749,617.590659478334
3639.859000000055,624.9267660643844,617.590659478334
3640.2029999999795,624.9283195656807,617.590659478334
3640.545999999973,624.9214171638521,617.590659478334
3640.890000000014,624.9302261372384,617.590659478334
3641.234000000055,624.9365532499071,617.590659478334
3641.5779999999795,624.9257190066359,617.590659478334
3641.920999999973,624.926504545031,617.590659478334
3642.265000000014,624.9272353524053,617.590659478334
3642.625,624.9422850980367,617.590659478334
3642.9679999999935,624.9342167365228,617.590659478334
3643.3120000000345,624.9403225713032,617.590659478334
3643.655999999959,624.9281768496819,617.590659478334
3644.0,624.9369965068352,617.590659478334
3644.3429999999935,624.9464037417121,617.590659478334
3644.670999999973,624.9372050840848,617.590659478334
3645.030999999959,624.931701544257,617.590659478334
3645.375,624.9388596857533,617.590659478334
3645.7179999999935,624.9764031590985,617.590659478334
3646.0620000000345,624.9669091614076,617.590659478334
3646.420999999973,624.944119166902,617.590659478334
3646.780999999959,624.9572980870973,617.590659478334
3647.125,624.9369666923586,617.590659478334
3647.4529999999795,624.9473272528215,617.590659478334
3647.8120000000345,624.9422739255344,617.590659478334
3648.155999999959,624.9438731266204,617.590659478334
3648.5,624.9354682717053,617.590659478334
3648.8429999999935,624.9447720035515,617.590659478334
3649.1870000000345,624.9344394947102,617.590659478334
3649.515000000014,624.9307210960767,617.590659478334
3649.859000000055,624.9122944873201,617.590659478334
3650.2029999999795,624.9283943092801,617.590659478334
3650.545999999973,624.9131490709772,617.590659478334
3650.905999999959,624.9134017438004,617.590659478334
3651.25,624.917986827264,617.590659478334
3651.5929999999935,624.9136352066616,617.590659478334
3651.9370000000345,624.8963279369705,617.590659478334
3652.280999999959,624.9049014656915,617.590659478334
3652.625,624.9007785186623,617.590659478334
3652.9679999999935,624.895895388074,617.590659478334
3653.3120000000345,624.90122772731,617.590659478334
3653.655999999959,624.8976174360461,617.590659478334
3654.0,624.9022871851936,617.590659478334
3654.3429999999935,624.8934701459373,617.590659478334
3654.6870000000345,624.9031312131361,617.590659478334
3655.015000000014,624.8895269840425,617.590659478334
3655.359000000055,624.8841238666905,617.590659478334
3655.7029999999795,624.8869334920159,617.590659478334
3656.0620000000345,624.8889137818096,617.590659478334
3656.405999999959,624.8966374254276,617.590659478334
3656.734000000055,624.8892781212468,617.590659478334
3657.0779999999795,624.8843285131908,617.590659478334
3657.4370000000345,624.8881020167486,617.590659478334
3657.765000000014,624.8923784968705,617.590659478334
3658.125,624.8845841578637,617.590659478334
3658.4679999999935,624.8888577849009,617.590659478334
3658.8120000000345,624.881112307425,617.590659478334
3659.155999999959,624.8810960028919,617.590659478334
3659.515000000014,624.8832801644293,617.590659478334
3659.859000000055,624.8723910753182,617.590659478334
3660.2029999999795,624.8873153779925,617.590659478334
3660.545999999973,624.8849267602903,617.590659478334
3660.890000000014,624.8785896541907,617.590659478334
3661.234000000055,624.8839238779731,617.590659478334
3661.5929999999935,624.8849403314005,617.590659478334
3661.9370000000345,624.8815375292457,617.590659478334
3662.265000000014,624.874370979702,617.590659478334
3662.625,624.8827915464522,617.590659478334
3662.9529999999795,624.8776341312731,617.590659478334
3663.295999999973,624.8725121137422,617.590659478334
3663.640000000014,624.8756355906078,617.590659478334
3663.984000000055,624.8740193079907,617.590659478334
3664.3279999999795,624.8784156463465,617.590659478334
3664.670999999973,624.8745712494718,617.590659478334
3665.015000000014,624.8762181895047,617.590659478334
3665.359000000055,624.8800786096501,617.590659478334
3665.7029999999795,624.8710261796646,617.590659478334
3666.045999999973,624.8716543716004,617.590659478334
3666.375,624.8712669443167,617.590659478334
3666.7179999999935,624.8689782579929,617.590659478334
3667.0620000000345,624.8633982372547,617.590659478334
3667.405999999959,624.8711736709419,617.590659478334
3667.734000000055,624.8818839686697,617.590659478334
3668.0929999999935,624.86179866072,617.590659478334
3668.420999999973,624.8727804256372,617.590659478334
3668.780999999959,624.8729853042477,617.590659478334
3669.109000000055,624.8715728298782,617.590659478334
3669.4679999999935,624.8661989665875,617.590659478334
3669.8120000000345,624.8805979459522,617.590659478334
3670.155999999959,624.8819804397742,617.590659478334
3670.609000000055,624.8677058013482,617.590659478334
3670.9529999999795,624.871279971017,617.590659478334
3671.280999999959,624.86905561677,617.590659478334
3671.625,624.8554027317567,617.590659478334
3671.9679999999935,624.8706323765861,617.590659478334
3672.3120000000345,624.860005848472,617.590659478334
3672.640000000014,624.8626159349611,617.590659478334
3672.984000000055,624.8646741073915,617.590659478334
3673.3429999999935,624.8636961167487,617.590659478334
3673.6870000000345,624.862562833838,617.590659478334
3674.015000000014,624.8680724550965,617.590659478334
3674.359000000055,624.8703952113914,617.590659478334
3674.6870000000345,624.8664989860188,617.590659478334
3675.045999999973,624.861694179208,617.590659478334
3675.390000000014,624.8654939417072,617.590659478334
3675.7179999999935,624.8653224742726,617.590659478334
3676.0620000000345,624.8588201356334,617.590659478334
3676.405999999959,624.8637529648307,617.590659478334
3676.75,624.8633058603652,617.590659478334
3677.0779999999795,624.8620567311557,617.590659478334
3677.420999999973,624.8628008384561,617.590659478334
3677.765000000014,624.8629664844182,617.590659478334
3678.109000000055,624.8683184456827,617.590659478334
3678.4529999999795,624.8697725704919,617.590659478334
3678.795999999973,624.8632122954318,617.590659478334
3679.140000000014,624.867205743047,617.590659478334
3679.4679999999935,624.850653607787,617.590659478334
3679.8120000000345,624.8543481878392,617.590659478334
3680.170999999973,624.8733133716639,617.590659478334
3680.515000000014,624.8574266424046,617.590659478334
3680.859000000055,624.8601665427213,617.590659478334
3681.2029999999795,624.8643102594692,617.590659478334
3681.545999999973,624.8572912144957,617.590659478334
3681.890000000014,624.8634781369557,617.590659478334
3682.2179999999935,624.8550222838095,617.590659478334
3682.609000000055,624.8604862747418,617.590659478334
3682.9370000000345,624.8667730706578,617.590659478334
3683.295999999973,624.8629027916925,617.590659478334
3683.625,624.8693617278034,617.590659478334
3683.9679999999935,624.8618350062279,617.590659478334
3684.3120000000345,624.8740849554379,617.590659478334
3684.655999999959,624.8673140991918,617.590659478334
3684.984000000055,624.8664311963724,617.590659478334
3685.3429999999935,624.8618477188143,617.590659478334
3685.670999999973,624.8573270201352,617.590659478334
3686.015000000014,624.8544239171314,617.590659478334
3686.359000000055,624.8541526853286,617.590659478334
3686.7029999999795,624.8555680396598,617.590659478334
3687.045999999973,624.8627054607655,617.590659478334
3687.390000000014,624.8689357627528,617.590659478334
3687.734000000055,624.8450588384493,617.590659478334
3688.0779999999795,624.8556711577061,617.590659478334
3688.405999999959,624.8507633009916,617.590659478334
3688.75,624.8555948976117,617.590659478334
3689.0929999999935,624.8480993250881,617.590659478334
3689.4529999999795,624.8482592801612,617.590659478334
3689.795999999973,624.8579098632281,617.590659478334
3690.125,624.8482948468718,617.590659478334
3690.5,624.8565707451919,617.590659478334
3690.8429999999935,624.854838665167,617.590659478334
3691.1870000000345,624.8620790915322,617.590659478334
3691.530999999959,624.8517417160393,617.590659478334
3691.875,624.8527683903734,617.590659478334
3692.2179999999935,624.846498469326,617.590659478334
3692.545999999973,624.8516590579419,617.590659478334
3692.890000000014,624.861850919922,617.590659478334
3693.234000000055,624.8482254181886,617.590659478334
3693.5779999999795,624.8563439287445,617.590659478334
3693.905999999959,624.8616973616506,617.590659478334
3694.25,624.8582680868594,617.590659478334
3694.625,624.8559367129471,617.590659478334
3694.9529999999795,624.8540226254058,617.590659478334
3695.295999999973,624.8529495280877,617.590659478334
3695.655999999959,624.8521757746861,617.590659478334
3696.0,624.847892745299,617.590659478334
3696.3429999999935,624.8427283479442,617.590659478334
3696.670999999973,624.8494214435116,617.590659478334
3697.015000000014,624.8457301456381,617.590659478334
3697.375,624.8535433894942,617.590659478334
3697.7029999999795,624.8580983564764,617.590659478334
3698.045999999973,624.8514820742427,617.590659478334
3698.390000000014,624.8575481824249,617.590659478334
3698.734000000055,624.8444922372134,617.590659478334
3699.0779999999795,624.8583572356887,617.590659478334
3699.420999999973,624.8485809303032,617.590659478334
3699.765000000014,624.8499462029753,617.590659478334
3700.109000000055,624.8551800329574,617.590659478334
3700.4529999999795,624.8600149064195,617.590659478334
3700.795999999973,624.8444311433492,617.590659478334
3701.155999999959,624.8619588600999,617.590659478334
3701.530999999959,624.8533669847791,617.590659478334
3701.875,624.8554338806521,617.590659478334
3702.2179999999935,624.8529274270294,617.590659478334
3702.5620000000345,624.851725705842,617.590659478334
3702.920999999973,624.846617746463,617.590659478334
3703.25,624.8481439578331,617.590659478334
3703.5929999999935,624.8454862231373,617.590659478334
3703.9370000000345,624.8496942777341,617.590659478334
3704.280999999959,624.8478370795403,617.590659478334
3704.625,624.848307597848,617.590659478334
3704.9679999999935,624.8597099604724,617.590659478334
3705.3120000000345,624.8481249731299,617.590659478334
3705.655999999959,624.8448689970758,617.590659478334
3706.0,624.8529090678329,617.590659478334
3706.359000000055,624.83939732029,617.590659478334
3706.6870000000345,624.8336539827376,617.590659478334
3707.030999999959,624.8571181453467,617.590659478334
3707.375,624.8452440014377,617.590659478334
3707.7029999999795,624.8744779532217,617.590659478334
3708.0620000000345,624.655632071316,617.590659478334
3708.405999999959,623.9819091869249,617.590659478334
3708.75,623.6524658126126,617.590659478334
3709.0929999999935,623.5146096825916,617.590659478334
3709.4370000000345,623.4295002748916,617.590659478334
3709.780999999959,623.3711305515133,617.590659478334
3710.140000000014,623.3337907545367,617.590659478334
3710.484000000055,623.2988334727198,617.590659478334
3710.8120000000345,623.2745715101528,617.590659478334
3711.170999999973,623.2585381075918,617.590659478334
3711.5,623.2318762047729,617.590659478334
3711.8429999999935,623.2163690731994,617.590659478334
3712.170999999973,623.2000437387184,617.590659478334
3712.530999999959,623.1842524100166,617.590659478334
3712.875,623.1829327031794,617.590659478334
3713.2179999999935,623.1663484394223,617.590659478334
3713.5620000000345,623.1593229052538,617.590659478334
3713.920999999973,623.154085838596,617.590659478334
3714.265000000014,623.140900082569,617.590659478334
3714.5929999999935,623.1418958459119,617.590659478334
3714.9370000000345,623.1283052677079,617.590659478334
3715.280999999959,623.1201410994831,617.590659478334
3715.625,623.1186399840525,617.590659478334
3715.9679999999935,623.1187691303103,617.590659478334
3716.3120000000345,623.1060500802739,617.590659478334
3716.655999999959,623.0981562285924,617.590659478334
3716.984000000055,623.1040799586465,617.590659478334
3717.3279999999795,623.0962552231579,617.590659478334
3717.6870000000345,623.0870484119606,617.590659478334
3718.015000000014,623.0852569951966,617.590659478334
3718.359000000055,623.0897015044912,617.590659478334
3718.7179999999935,623.0795998306694,617.590659478334
3719.045999999973,623.0776304294901,617.590659478334
3719.390000000014,623.0772978411424,617.590659478334
3719.734000000055,623.0679628752097,617.590659478334
3720.0620000000345,623.0603848313305,617.590659478334
3720.420999999973,623.0804266674699,617.590659478334
3720.75,623.0653954455328,617.590659478334
3721.109000000055,623.1036572969655,617.590659478334
3721.484000000055,623.1396408097245,617.590659478334
3721.8279999999795,623.3161105802217,617.590659478334
3722.170999999973,623.3172999966728,617.590659478334
3722.515000000014,623.3132768693254,617.590659478334
3722.8429999999935,623.3097404822681,617.590659478334
3723.1870000000345,623.308800722218,617.590659478334
3723.545999999973,623.2981794835675,617.590659478334
3723.875,623.2978252710009,617.590659478334
3724.2179999999935,623.3019404628973,617.590659478334
3724.5620000000345,623.2837531310437,617.590659478334
3724.905999999959,623.2914699086688,617.590659478334
3725.25,623.2981655356643,617.590659478334
3725.5929999999935,623.2744687019343,617.590659478334
3725.9370000000345,623.2837387944663,617.590659478334
3726.280999999959,623.2967596067755,617.590659478334
3726.625,623.294338215734,617.590659478334
3726.9679999999935,623.2785504997645,617.590659478334
3727.3120000000345,623.292829789568,617.590659478334
3727.655999999959,623.2745953763011,617.590659478334
3728.0,623.2820849361817,617.590659478334
3728.3279999999795,623.2863197631547,617.590659478334
3728.6870000000345,623.2928945689783,617.590659478334
3729.030999999959,623.2717184860727,617.590659478334
3729.375,623.2833451072448,617.590659478334
3729.7179999999935,623.280072818571,617.590659478334
3730.0620000000345,623.2768694554857,617.590659478334
3730.405999999959,623.2911363151918,617.590659478334
3730.765000000014,623.2831909037818,617.590659478334
3731.109000000055,623.2772704664757,617.590659478334
3731.4529999999795,623.2802500581714,617.590659478334
3731.795999999973,623.2904348894957,617.590659478334
3732.155999999959,623.2998577559839,617.590659478334
3732.5,623.2818382840209,617.590659478334
3732.8429999999935,623.2898522736645,617.590659478334
3733.1870000000345,623.2837906537048,617.590659478334
3733.530999999959,623.282138275933,617.590659478334
3733.875,623.2869078781836,617.590659478334
3734.2179999999935,623.2817471325721,617.590659478334
3734.5620000000345,623.2921899876809,617.590659478334
3734.905999999959,623.1865208493168,617.590659478334
3735.25,623.1145394522177,617.590659478334
3735.5929999999935,623.103006750072,617.590659478334
3735.9370000000345,623.0930251641438,617.590659478334
3736.280999999959,623.0987397208698,617.590659478334
3736.625,623.1001989030268,617.590659478334
3736.984000000055,623.0954317156328,617.590659478334
3737.3279999999795,623.0832171523354,617.590659478334
3737.6870000000345,623.0843399164422,617.590659478334
3738.030999999959,623.0757830678324,617.590659478334
3738.375,623.0698560167755,617.590659478334
3738.7179999999935,623.0696841580749,617.590659478334
3739.0620000000345,623.059314452198,617.590659478334
3739.405999999959,623.0758744026219,617.590659478334
3739.734000000055,623.0633741857038,617.590659478334
3740.0779999999795,623.0609501648117,617.590659478334
3740.4370000000345,623.0688757389829,617.590659478334
3740.765000000014,623.0643193696619,617.590659478334
3741.109000000055,623.0594333791987,617.590659478334
3741.4529999999795,623.0594809430672,617.590659478334
3741.8120000000345,623.0537729798372,617.590659478334
3742.155999999959,623.0400671227808,617.590659478334
3742.640000000014,623.056310913529,617.590659478334
3742.9679999999935,623.0508346822141,617.590659478334
3743.3120000000345,623.0598686186518,617.590659478334
3743.655999999959,623.0455612157584,617.590659478334
3744.0,623.0440353499454,617.590659478334
3744.3279999999795,623.0501359858566,617.590659478334
3744.6870000000345,623.0451606656571,617.590659478334
3745.030999999959,623.0461867407961,617.590659478334
3745.375,623.0472831908552,617.590659478334
3745.7179999999935,623.0499559502802,617.590659478334
3746.045999999973,623.0492954609855,617.590659478334
3746.390000000014,623.0393191500625,617.590659478334
3746.75,623.0418981803421,617.590659478334
3747.0779999999795,623.0509929529023,617.590659478334
3747.4679999999935,623.0429549882755,617.590659478334
3747.8120000000345,623.0552691570626,617.590659478334
3748.140000000014,623.0727535676422,617.590659478334
3748.5,623.2265777386737,617.590659478334
3748.8429999999935,623.282425040987,617.590659478334
3749.170999999973,623.2815294582972,617.590659478334
3749.515000000014,623.2857281048271,617.590659478334
3749.875,623.2832464045541,617.590659478334
3750.2029999999795,623.2747303800917,617.590659478334
3750.545999999973,623.269587332136,617.590659478334
3750.890000000014,623.2580748348493,617.590659478334
3751.234000000055,623.2560761703421,617.590659478334
3751.5779999999795,623.2653216151745,617.590659478334
3751.920999999973,623.2633067129973,617.590659478334
3752.265000000014,623.2622089678982,617.590659478334
3752.625,623.2590447153993,617.590659478334
3752.984000000055,623.2655526706252,617.590659478334
3753.3120000000345,623.2480508769968,617.590659478334
3753.655999999959,623.2482361261774,617.590659478334
3754.0,623.2395122232548,617.590659478334
3754.3429999999935,623.2599717321826,617.590659478334
3754.6870000000345,623.2598385742784,617.590659478334
3755.030999999959,623.2659199024652,617.590659478334
3755.375,623.2582902745356,617.590659478334
3755.7179999999935,623.2497264664006,617.590659478334
3756.0779999999795,623.2474155141114,617.590659478334
3756.420999999973,623.251560943228,617.590659478334
3756.765000000014,623.2527308129662,617.590659478334
3757.109000000055,623.2622202439541,617.590659478334
3757.4529999999795,623.256142719227,617.590659478334
3757.795999999973,623.2540929024203,617.590659478334
3758.140000000014,623.2506779670766,617.590659478334
3758.5,623.2668409150556,617.590659478334
3758.8429999999935,623.2550700024271,617.590659478334
3759.1870000000345,623.2459119491268,617.590659478334
3759.530999999959,623.2566121476423,617.590659478334
3759.875,623.2547393191845,617.590659478334
3760.2179999999935,623.268047552457,617.590659478334
3760.5779999999795,623.2453221221161,617.590659478334
3760.920999999973,623.28193625599,617.590659478334
3761.265000000014,623.2846026238261,617.590659478334
3761.609000000055,623.282963140969,617.590659478334
3761.9529999999795,623.2863887363159,617.590659478334
3762.295999999973,623.2900905137632,617.590659478334
3762.640000000014,623.2799340467421,617.590659478334
3762.984000000055,623.2835754344197,617.590659478334
3763.3279999999795,623.2702301103302,617.590659478334
3763.670999999973,623.2824000452425,617.590659478334
3764.030999999959,623.267687186712,617.590659478334
3764.359000000055,623.2755940368068,617.590659478334
3764.7029999999795,623.2686503082407,617.590659478334
3765.045999999973,623.2636905867807,617.590659478334
3765.390000000014,623.2589096134164,617.590659478334
3765.734000000055,623.2645475909385,617.590659478334
3766.0779999999795,623.2458942121712,617.590659478334
3766.420999999973,623.2669735803441,617.590659478334
3766.765000000014,623.2504813551335,617.590659478334
3767.109000000055,623.2614625945039,617.590659478334
3767.4529999999795,623.2667579767535,617.590659478334
3767.795999999973,623.2581361097152,617.590659478334
3768.155999999959,623.2674425845717,617.590659478334
3768.5,623.2637923672878,617.590659478334
3768.8429999999935,623.2683444152206,617.590659478334
3769.1870000000345,623.2586520938029,617.590659478334
3769.530999999959,623.2618983490875,617.590659478334
3769.875,623.2533187681372,617.590659478334
3770.2179999999935,623.2551532434136,617.590659478334
3770.545999999973,623.257019108066,617.590659478334
3770.905999999959,623.2560065607099,617.590659478334
3771.234000000055,623.249769676663,617.590659478334
3771.5779999999795,623.2479473423804,617.590659478334
3771.920999999973,623.2546011128044,617.590659478334
3772.265000000014,623.2521428946081,617.590659478334
3772.609000000055,623.2434376928994,617.590659478334
3772.9370000000345,623.2596136680472,617.590659478334
3773.280999999959,623.2550765655645,617.590659478334
3773.625,623.2565456485228,617.590659478334
3773.9679999999935,623.273740855484,617.590659478334
3774.3120000000345,623.3593523816274,617.590659478334
3774.670999999973,623.6932572211249,617.590659478334
3775.015000000014,623.9880879316107,617.590659478334
3775.3429999999935,624.1225124854052,617.590659478334
3775.7029999999795,624.2037893998103,617.590659478334
3776.030999999959,624.2584508692397,617.590659478334
3776.390000000014,624.3003463260308,617.590659478334
3776.734000000055,624.3175364466583,617.590659478334
3777.0779999999795,624.3584061205237,617.590659478334
3777.420999999973,624.3847536257624,617.590659478334
3777.765000000014,624.4060758799011,617.590659478334
3778.109000000055,624.4309821905352,617.590659478334
3778.530999999959,624.4492058106234,617.590659478334
3778.875,624.4590118155863,617.590659478334
3779.2029999999795,624.478930043641,617.590659478334
3779.545999999973,624.4943396440428,617.590659478334
3779.905999999959,624.4964730259658,617.590659478334
3780.25,624.5174612006792,617.590659478334
3780.5929999999935,624.5326931382584,617.590659478334
3780.9370000000345,624.542341060902,617.590659478334
3781.280999999959,624.5596378772825,617.590659478334
3781.625,624.5672515750855,617.590659478334
3781.9679999999935,624.5704045069316,617.590659478334
3782.295999999973,624.5711048523716,617.590659478334
3782.640000000014,624.5795969932581,617.590659478334
3782.984000000055,624.5876198941987,617.590659478334
3783.3279999999795,624.59156714046,617.590659478334
3783.6870000000345,624.6049559372772,617.590659478334
3784.015000000014,624.6113646550394,617.590659478334
3784.375,624.6108862560221,617.590659478334
3784.7179999999935,624.6199890312904,617.590659478334
3785.0620000000345,624.6195128038255,617.590659478334
3785.405999999959,624.6467614229858,617.590659478334
3785.75,624.6403109983964,617.590659478334
3786.0779999999795,624.6518342374859,617.590659478334
3786.4370000000345,624.6517939113406,617.590659478334
3786.780999999959,624.6513945910283,617.590659478334
3787.125,624.6565930766734,617.590659478334
3787.4679999999935,624.6752904641098,617.590659478334
3787.8120000000345,624.6804521655812,617.590659478334
3788.155999999959,624.6804867550867,617.590659478334
3788.5,624.690144934826,617.590659478334
3788.8429999999935,624.6877687813202,617.590659478334
3789.1870000000345,624.6795171536763,617.590659478334
3789.515000000014,624.6904204005598,617.590659478334
3789.859000000055,624.6919427094927,617.590659478334
3790.2179999999935,624.7047737716642,617.590659478334
3790.609000000055,624.7012391614239,617.590659478334
3790.9529999999795,624.7008170810556,617.590659478334
3791.295999999973,624.7069968051105,617.590659478334
3791.640000000014,624.7246455009978,617.590659478334
3791.984000000055,624.7097131820608,617.590659478334
3792.3279999999795,624.7218992570338,617.590659478334
3792.670999999973,624.7304350534403,617.590659478334
3793.015000000014,624.7221878664166,617.590659478334
3793.359000000055,624.7241044680018,617.590659478334
3793.7029999999795,624.733631041795,617.590659478334
3794.045999999973,624.7336493312783,617.590659478334
3794.390000000014,624.7331218505035,617.590659478334
3794.734000000055,624.7516099827624,617.590659478334
3795.0779999999795,624.7429120257698,617.590659478334
3795.405999999959,624.7522808267643,617.590659478334
3795.75,624.7525935111257,617.590659478334
3796.0929999999935,624.7584262203299,617.590659478334
3796.4370000000345,624.7567011768406,617.590659478334
3796.780999999959,624.7611302124969,617.590659478334
3797.109000000055,624.7593133955725,617.590659478334
3797.4529999999795,624.7589655620205,617.590659478334
3797.8120000000345,624.7673172785884,617.590659478334
3798.140000000014,624.7728814967543,617.590659478334
3798.484000000055,624.770868147486,617.590659478334
3798.8279999999795,624.7783739796237,617.590659478334
3799.170999999973,624.7862095356373,617.590659478334
3799.515000000014,624.7788966941332,617.590659478334
3799.859000000055,624.7832751001102,617.590659478334
3800.2029999999795,624.7869656681553,617.590659478334
3800.545999999973,624.7845619655758,617.590659478334
3800.875,624.7897273489742,617.590659478334
3801.234000000055,624.7925189657067,617.590659478334
3801.5620000000345,624.79365009238,617.590659478334
3801.905999999959,624.8097512719344,617.590659478334
3802.25,624.7996032267804,617.590659478334
3802.609000000055,624.792187066512,617.590659478334
3802.9529999999795,624.808676462509,617.590659478334
3803.280999999959,624.8022572786875,617.590659478334
3803.640000000014,624.8027932353094,617.590659478334
3803.984000000055,624.811992879277,617.590659478334
3804.3279999999795,624.8094362208242,617.590659478334
3804.655999999959,624.810030420614,617.590659478334
3805.0,624.8163022779142,617.590659478334
3805.3429999999935,624.8132899938414,617.590659478334
3805.7029999999795,624.8257505883398,617.590659478334
3806.030999999959,624.8269802009603,617.590659478334
3806.390000000014,624.8241076139178,617.590659478334
3806.7179999999935,624.81980444109,617.590659478334
3807.0620000000345,624.825013208727,617.590659478334
3807.405999999959,624.8345316355623,617.590659478334
3807.75,624.823914309518,617.590659478334
3808.0929999999935,624.8210979836246,617.590659478334
3808.4370000000345,624.8308009476829,617.590659478334
3808.780999999959,624.8320172314944,617.590659478334
3809.125,624.831847707349,617.590659478334
3809.5,624.8464251633956,617.590659478334
3809.8279999999795,624.8416055433007,617.590659478334
3810.170999999973,624.8328146273944,617.590659478334
3810.515000000014,624.8557152548747,617.590659478334
3810.859000000055,624.8435861637538,617.590659478334
3811.2179999999935,624.8419270198257,617.590659478334
3811.5620000000345,624.8476464611234,617.590659478334
3811.905999999959,624.8477678260958,617.590659478334
3812.234000000055,624.8432694868552,617.590659478334
3812.5779999999795,624.8480603359758,617.590659478334
3812.920999999973,624.862134102033,617.590659478334
3813.265000000014,624.8553875553735,617.590659478334
3813.609000000055,624.8470237148468,617.590659478334
3813.9529999999795,624.862652218148,617.590659478334
3814.295999999973,624.8600070982524,617.590659478334
3814.640000000014,624.8679370710621,617.590659478334
3814.984000000055,624.8653838068473,617.590659478334
3815.3279999999795,624.8643826991249,617.590659478334
3815.6870000000345,624.8634554318603,617.590659478334
3816.030999999959,624.8722062393291,617.590659478334
3816.375,624.8661111791054,617.590659478334
3816.7179999999935,624.8571024617506,617.590659478334
3817.045999999973,624.8687051710059,617.590659478334
3817.405999999959,624.8775767028205,617.590659478334
3817.75,624.8677474930646,617.590659478334
3818.0929999999935,624.881322456851,617.590659478334
3818.420999999973,624.8711843654933,617.590659478334
3818.765000000014,624.8757351766365,617.590659478334
3819.109000000055,624.8816278608455,617.590659478334
3819.4529999999795,624.86817296474,617.590659478334
3819.795999999973,624.8786755984142,617.590659478334
3820.140000000014,624.8756935291827,617.590659478334
3820.5,624.8778280084002,617.590659478334
3820.8429999999935,624.9029823422289,617.590659478334
3821.170999999973,624.882773213217,617.590659478334
3821.515000000014,624.8778849722567,617.590659478334
3821.859000000055,624.8824820763199,617.590659478334
3822.2029999999795,624.8797988649062,617.590659478334
3822.530999999959,624.8963304604454,617.590659478334
3822.890000000014,624.8965803447072,617.590659478334
3823.234000000055,624.8973496383109,617.590659478334
3823.5620000000345,624.9020540971052,617.590659478334
3823.905999999959,624.8900271125995,617.590659478334
3824.25,624.899540689309,617.590659478334
3824.5929999999935,624.9040855244408,617.590659478334
3824.9370000000345,624.898222930245,617.590659478334
3825.280999999959,624.8945440637474,617.590659478334
3825.625,624.9010119754281,617.590659478334
3825.9679999999935,624.8938918646304,617.590659478334
3826.3120000000345,624.916570015763,617.590659478334
3826.655999999959,624.902562334505,617.590659478334
3827.0,624.9022508574152,617.590659478334
3827.3429999999935,624.9081670356278,617.590659478334
3827.6870000000345,624.9155652406971,617.590659478334
3828.030999999959,624.9004847340107,617.590659478334
3828.375,624.907435977105,617.590659478334
3828.7179999999935,624.9074574676173,617.590659478334
3829.0620000000345,624.9199486089875,617.590659478334
3829.405999999959,624.9186463329497,617.590659478334
3829.75,624.9039863336018,617.590659478334
3830.0929999999935,624.9194233373273,617.590659478334
3830.484000000055,624.9111303107668,617.590659478334
3830.8279999999795,624.9119979910449,617.590659478334
3831.170999999973,624.9285754108743,617.590659478334
3831.530999999959,624.9114427692573,617.590659478334
3831.859000000055,624.9285140727625,617.590659478334
3832.2179999999935,624.9101433856162,617.590659478334
3832.545999999973,624.924257689432,617.590659478334
3832.905999999959,624.921426811296,617.590659478334
3833.234000000055,624.9263598616076,617.590659478334
3833.5929999999935,624.9324032083205,617.590659478334
3833.9370000000345,624.9216386809182,617.590659478334
3834.280999999959,624.9186178876018,617.590659478334
3834.625,624.9287597963352,617.590659478334
3834.9679999999935,624.9230335410593,617.590659478334
3835.3120000000345,624.9311262287437,617.590659478334
3835.655999999959,624.9420048311893,617.590659478334
3835.984000000055,624.9284733042199,617.590659478334
3836.3429999999935,624.9415818109737,617.590659478334
3836.6870000000345,624.9287515296144,617.590659478334
3837.030999999959,624.9296028852353,617.590659478334
3837.375,624.9452623187489,617.590659478334
3837.7029999999795,624.9296180212724,617.590659478334
3838.0620000000345,624.9393547539869,617.590659478334
3838.390000000014,624.938737179832,617.590659478334
3838.734000000055,624.9330465562311,617.590659478334
3839.0620000000345,624.9419632414255,617.590659478334
3839.420999999973,624.9479696435883,617.590659478334
3839.765000000014,624.943875148235,617.590659478334
3840.0929999999935,624.9401348377162,617.590659478334
3840.5,624.9350422930856,617.590659478334
3840.8279999999795,624.9451099364419,617.590659478334
3841.170999999973,624.9504857911747,617.590659478334
3841.515000000014,624.9426464565415,617.590659478334
3841.875,624.9530238940735,617.590659478334
3842.2179999999935,624.945574781981,617.590659478334
3842.545999999973,624.9510987935017,617.590659478334
3842.890000000014,624.9773960874271,617.590659478334
3843.25,624.9694473565045,617.590659478334
3843.5929999999935,624.9562204575949,617.590659478334
3843.9370000000345,624.9673750410269,617.590659478334
3844.280999999959,624.9523563336435,617.590659478334
3844.625,624.943980465654,617.590659478334
3844.9679999999935,624.9559977579988,617.590659478334
3845.3120000000345,624.9350465593436,617.590659478334
3845.655999999959,624.9419674212926,617.590659478334
3845.984000000055,624.9525216810852,617.590659478334
3846.3429999999935,624.9372603877163,617.590659478334
3846.670999999973,624.9298419085577,617.590659478334
3847.015000000014,624.92185235113,617.590659478334
3847.375,624.9183677433441,617.590659478334
3847.7179999999935,624.9290278232373,617.590659478334
3848.0620000000345,624.9118312918897,617.590659478334
3848.405999999959,624.9081944065936,617.590659478334
3848.734000000055,624.8953593915369,617.590659478334
3849.0929999999935,624.9085704973616,617.590659478334
3849.4370000000345,624.9084434045307,617.590659478334
3849.780999999959,624.9173556256404,617.590659478334
3850.125,624.9028317950608,617.590659478334
3850.4679999999935,624.9003479258334,617.590659478334
3850.8120000000345,624.8991999610402,617.590659478334
3851.155999999959,624.8924658044946,617.590659478334
3851.5,624.9002747338511,617.590659478334
3851.8429999999935,624.8947931969398,617.590659478334
3852.1870000000345,624.8934322722399,617.590659478334
3852.545999999973,624.8990875015418,617.590659478334
3852.875,624.8978746678401,617.590659478334
3853.234000000055,624.9034291208752,617.590659478334
3853.5620000000345,624.8928340035851,617.590659478334
3853.905999999959,624.8833510778537,617.590659478334
3854.25,624.8908378000854,617.590659478334
3854.609000000055,624.8923956003727,617.590659478334
3854.9529999999795,624.8885858729665,617.590659478334
3855.280999999959,624.888132495269,617.590659478334
3855.625,624.8875515976654,617.590659478334
3855.984000000055,624.8763806474585,617.590659478334
3856.3279999999795,624.9019868168256,617.590659478334
3856.670999999973,624.8927291839354,617.590659478334
3857.015000000014,624.8888758592859,617.590659478334
3857.375,624.8848933040821,617.590659478334
3857.7029999999795,624.8857877438892,617.590659478334
3858.045999999973,624.8866795283512,617.590659478334
3858.405999999959,624.883188067207,617.590659478334
3858.734000000055,624.8745209859587,617.590659478334
3859.0779999999795,624.8802387803672,617.590659478334
3859.4370000000345,624.8784633426828,617.590659478334
3859.780999999959,624.8958205586193,617.590659478334
3860.125,624.8851225463378,617.590659478334
3860.4529999999795,624.8845719010307,617.590659478334
3860.795999999973,624.875420150197,617.590659478334
3861.140000000014,624.8807172789064,617.590659478334
3861.5,624.8879444103832,617.590659478334
3861.8429999999935,624.8829787848515,617.590659478334
3862.1870000000345,624.886536640096,617.590659478334
3862.625,624.8831598261991,617.590659478334
3862.9679999999935,624.8773777603794,617.590659478334
3863.3120000000345,624.8727820413583,617.590659478334
3863.655999999959,624.8778402119475,617.590659478334
3863.984000000055,624.8805838936113,617.590659478334
3864.3279999999795,624.8862376837752,617.590659478334
3864.6870000000345,624.883094235648,617.590659478334
3865.015000000014,624.8730036364001,617.590659478334
3865.359000000055,624.8751310609755,617.590659478334
3865.7029999999795,624.8674785159735,617.590659478334
3866.045999999973,624.8701431057763,617.590659478334
3866.390000000014,624.868183695422,617.590659478334
3866.7179999999935,624.8763502789823,617.590659478334
3867.0779999999795,624.8755629881196,617.590659478334
3867.420999999973,624.8745276287523,617.590659478334
3867.75,624.8789837262591,617.590659478334
3868.0929999999935,624.879409578171,617.590659478334
3868.4370000000345,624.8812113653943,617.590659478334
3868.780999999959,624.8787287068545,617.590659478334
3869.125,624.8738931701828,617.590659478334
3869.4679999999935,624.8733708943072,617.590659478334
3869.8120000000345,624.8767842687761,617.590659478334
3870.155999999959,624.8825663642493,617.590659478334
3870.5,624.8663053203593,617.590659478334
3870.8429999999935,624.8798649127283,617.590659478334
3871.1870000000345,624.8791980459148,617.590659478334
3871.545999999973,624.8717107528627,617.590659478334
3871.890000000014,624.8632023354811,617.590659478334
3872.234000000055,624.8650315462104,617.590659478334
3872.5779999999795,624.8665710522989,617.590659478334
3872.920999999973,624.8656775426127,617.590659478334
3873.265000000014,624.8659837375295,617.590659478334
3873.609000000055,624.863351787702,617.590659478334
3873.9529999999795,624.8615394565704,617.590659478334
3874.295999999973,624.8606411407854,617.590659478334
3874.640000000014,624.8632720559121,617.590659478334
3874.984000000055,624.8723895539305,617.590659478334
3875.3279999999795,624.8730408665203,617.590659478334
3875.670999999973,624.8553792699931,617.590659478334
3876.015000000014,624.8613094141102,617.590659478334
3876.3429999999935,624.8756211522972,617.590659478334
3876.7029999999795,624.8611414136134,617.590659478334
3877.045999999973,624.8707935238078,617.590659478334
3877.390000000014,624.8636444516379,617.590659478334
3877.734000000055,624.8634919690705,617.590659478334
3878.0779999999795,624.866635985303,617.590659478334
3878.420999999973,624.8691912986407,617.590659478334
3878.765000000014,624.8579030571407,617.590659478334
3879.109000000055,624.8681558454526,617.590659478334
3879.4529999999795,624.8756017456265,617.590659478334
3879.8120000000345,624.8613528277956,617.590659478334
3880.155999999959,624.8668441656225,617.590659478334
3880.5,624.8591579441683,617.590659478334
3880.8429999999935,624.8588696166721,617.590659478334
3881.1870000000345,624.8559532194275,617.590659478334
3881.530999999959,624.8647991472221,617.590659478334
3881.890000000014,624.8617693235028,617.590659478334
3882.234000000055,624.8624689565441,617.590659478334
3882.5929999999935,624.8658031868321,617.590659478334
3882.9370000000345,624.8511263828238,617.590659478334
3883.265000000014,624.8580373431602,617.590659478334
3883.609000000055,624.8606024197896,617.590659478334
3883.9529999999795,624.8609317694788,617.590659478334
3884.295999999973,624.8545281631302,617.590659478334
3884.625,624.8533674539926,617.590659478334
3884.984000000055,624.857767438765,617.590659478334
3885.3120000000345,624.8578085145991,617.590659478334
3885.670999999973,624.8609590470147,617.590659478334
3886.015000000014,624.858816342713,617.590659478334
3886.359000000055,624.8643319878777,617.590659478334
3886.7179999999935,624.8587116651986,617.590659478334
3887.0620000000345,624.8563195579935,617.590659478334
3887.405999999959,624.8635784530339,617.590659478334
3887.75,624.8608580116936,617.590659478334
3888.0929999999935,624.852150659271,617.590659478334
3888.4370000000345,624.860097433556,617.590659478334
3888.780999999959,624.866261535688,617.590659478334
3889.125,624.8433821660012,617.590659478334
3889.4679999999935,624.8565723240749,617.590659478334
3889.8120000000345,624.8605069832529,617.590659478334
3890.155999999959,624.8653938944434,617.590659478334
3890.5,624.8645561293822,617.590659478334
3890.8429999999935,624.8647073401929,617.590659478334
3891.1870000000345,624.8665192991809,617.590659478334
3891.530999999959,624.857982669894,617.590659478334
3891.875,624.8592980454941,617.590659478334
3892.2179999999935,624.8499888327325,617.590659478334
3892.5779999999795,624.8606101491873,617.590659478334
3892.920999999973,624.8611712436143,617.590659478334
3893.265000000014,624.8445361246393,617.590659478334
3893.609000000055,624.8664497916698,617.590659478334
3893.9529999999795,624.8442557570629,617.590659478334
3894.295999999973,624.84972326874,617.590659478334
3894.640000000014,624.8560031213789,617.590659478334
3894.984000000055,624.8572760738805,617.590659478334
3895.3279999999795,624.8550423312389,617.590659478334
3895.6870000000345,624.8548756078645,617.590659478334
3896.030999999959,624.8448466607223,617.590659478334
3896.375,624.8496941163017,617.590659478334
3896.7029999999795,624.85038082665,617.590659478334
3897.0620000000345,624.8615365948422,617.590659478334
3897.405999999959,624.8431571300274,617.590659478334
3897.765000000014,624.8572711745128,617.590659478334
3898.0929999999935,624.8550156767981,617.590659478334
3898.4529999999795,624.8471401804404,617.590659478334
3898.8120000000345,624.8501565067589,617.590659478334
3899.155999999959,624.8456179425011,617.590659478334
3899.5,624.8509580149366,617.590659478334
3899.859000000055,624.8565867078235,617.590659478334
3900.2029999999795,624.8489056657763,617.590659478334
3900.545999999973,624.8476708054067,617.590659478334
3900.890000000014,624.8560825388988,617.590659478334
3901.2179999999935,624.8471657162345,617.590659478334
3901.5620000000345,624.8438778982678,617.590659478334
3901.905999999959,624.8603959466495,617.590659478334
3902.25,624.8587191442731,617.590659478334
3902.609000000055,624.8532883078886,617.590659478334
3902.9529999999795,624.8507213757002,617.590659478334
3903.295999999973,624.8586582720698,617.590659478334
3903.655999999959,624.8531923579407,617.590659478334
3904.0,624.8456622661776,617.590659478334
3904.3429999999935,624.8572591559833,617.590659478334
3904.6870000000345,624.8796528237465,617.590659478334
3905.030999999959,624.6339895943956,617.590659478334
3905.390000000014,623.9504874907287,617.590659478334
3905.734000000055,623.6439667076576,617.590659478334
3906.0779999999795,623.5079914997573,617.590659478334
3906.420999999973,623.4376530053818,617.590659478334
3906.765000000014,623.3730774364317,617.590659478334
3907.109000000055,623.3404354894201,617.590659478334
3907.4529999999795,623.303985362653,617.590659478334
3907.795999999973,623.2740366692792,617.590659478334
3908.140000000014,623.2557030802617,617.590659478334
3908.515000000014,623.2305300784172,617.590659478334
3908.859000000055,623.21899828113,617.590659478334
3909.1870000000345,623.2044772630417,617.590659478334
3909.530999999959,623.1957946583758,617.590659478334
3909.875,623.1756104431017,617.590659478334
3910.2179999999935,623.1680592593082,617.590659478334
3910.609000000055,623.16358709205,617.590659478334
3910.9529999999795,623.1533929760704,617.590659478334
3911.295999999973,623.1535466140616,617.590659478334
3911.640000000014,623.1335962454935,617.590659478334
3911.984000000055,623.1441550431655,617.590659478334
3912.3279999999795,623.1308124013298,617.590659478334
3912.670999999973,623.1278166361466,617.590659478334
3913.015000000014,623.1151286830217,617.590659478334
3913.359000000055,623.1153636411658,617.590659478334
3913.7029999999795,623.1030115096169,617.590659478334
3914.045999999973,623.1037777222195,617.590659478334
3914.405999999959,623.098485634991,617.590659478334
3914.734000000055,623.0920270061725,617.590659478334
3915.0779999999795,623.0968851937629,617.590659478334
3915.4370000000345,623.0937583670355,617.590659478334
3915.780999999959,623.098189781055,617.590659478334
3916.125,623.0904219953154,617.590659478334
3916.4679999999935,623.0848886710803,617.590659478334
3916.8120000000345,623.0816937823107,617.590659478334
3917.155999999959,623.0796082507055,617.590659478334
3917.5,623.0798389869896,617.590659478334
3917.8429999999935,623.0843857227856,617.590659478334
3918.170999999973,623.1034525045345,617.590659478334
3918.515000000014,623.1511735812858,617.590659478334
3918.859000000055,623.3219785424718,617.590659478334
3919.2029999999795,623.3212353712246,617.590659478334
3919.545999999973,623.3131370459909,617.590659478334
3919.890000000014,623.3267502731417,617.590659478334
3920.234000000055,623.3132549094032,617.590659478334
3920.5779999999795,623.3096037947885,617.590659478334
3920.920999999973,623.3037102869048,617.590659478334
3921.265000000014,623.3091926230964,617.590659478334
3921.609000000055,623.2964488815106,617.590659478334
3921.9529999999795,623.2985232208664,617.590659478334
3922.3120000000345,623.3021017698046,617.590659478334
3922.655999999959,623.2978157944497,617.590659478334
3923.0,623.3031813685706,617.590659478334
3923.359000000055,623.2898622668957,617.590659478334
3923.7029999999795,623.2985209187756,617.590659478334
3924.045999999973,623.2969916590633,617.590659478334
3924.390000000014,623.3008689289007,617.590659478334
3924.734000000055,623.3042491651622,617.590659478334
3925.0779999999795,623.2857066447561,617.590659478334
3925.420999999973,623.3021240706669,617.590659478334
3925.765000000014,623.2904403971432,617.590659478334
3926.109000000055,623.2973336184475,617.590659478334
3926.4529999999795,623.2830824297968,617.590659478334
3926.795999999973,623.2939212993829,617.590659478334
3927.140000000014,623.2978503878048,617.590659478334
3927.484000000055,623.3023476362528,617.590659478334
3927.8279999999795,623.2778426545063,617.590659478334
3928.170999999973,623.2892186847602,617.590659478334
3928.515000000014,623.2989382967867,617.590659478334
3928.875,623.2923015659893,617.590659478334
3929.2029999999795,623.2961457037521,617.590659478334
3929.5620000000345,623.2929600038941,617.590659478334
3929.905999999959,623.302736511444,617.590659478334
3930.25,623.2931979110044,617.590659478334
3930.5929999999935,623.2932463971089,617.590659478334
3930.9370000000345,623.2926404030119,617.590659478334
3931.280999999959,623.290758558935,617.590659478334
3931.625,623.2954617114087,617.590659478334
3931.9679999999935,623.1810229492411,617.590659478334
3932.3120000000345,623.1068580955805,617.590659478334
3932.655999999959,623.1067338934181,617.590659478334
3933.0,623.1127235745894,617.590659478334
3933.3429999999935,623.1222282292172,617.590659478334
3933.7029999999795,623.1113412522354,617.590659478334
3934.045999999973,623.1092234676476,617.590659478334
3934.390000000014,623.0959581303587,617.590659478334
3934.734000000055,623.096445035402,617.590659478334
3935.0779999999795,623.0851048205299,617.590659478334
3935.420999999973,623.0765373005293,617.590659478334
3935.75,623.085028682361,617.590659478334
3936.109000000055,623.0788415523295,617.590659478334
3936.4370000000345,623.0745942977828,617.590659478334
3936.780999999959,623.0666120128346,617.590659478334
3937.125,623.0684621151955,617.590659478334
3937.4679999999935,623.0718979765677,617.590659478334
3937.8120000000345,623.0731651236612,617.590659478334
3938.140000000014,623.0628029309855,617.590659478334
3938.484000000055,623.0704984781362,617.590659478334
3938.8429999999935,623.0552717517428,617.590659478334
3939.1870000000345,623.0735970736648,617.590659478334
3939.545999999973,623.0645250028355,617.590659478334
3939.875,623.0634568607468,617.590659478334
3940.2179999999935,623.0622495674468,617.590659478334
3940.5779999999795,623.0538944458673,617.590659478334
3940.905999999959,623.0528051815063,617.590659478334
3941.25,623.0596441032503,617.590659478334
3941.609000000055,623.0519534683074,617.590659478334
3941.9529999999795,623.0595710168685,617.590659478334
3942.295999999973,623.0530848762882,617.590659478334
3942.640000000014,623.0581606741698,617.590659478334
3942.984000000055,623.0587022584584,617.590659478334
3943.3279999999795,623.043334516594,617.590659478334
3943.670999999973,623.0556101522708,617.590659478334
3944.015000000014,623.0491800099088,617.590659478334
3944.359000000055,623.0566325847971,617.590659478334
3944.7029999999795,623.0488187676461,617.590659478334
3945.045999999973,623.0775339154538,617.590659478334
3945.405999999959,623.1021498332794,617.590659478334
3945.75,623.2860645829177,617.590659478334
3946.0929999999935,623.2935503132074,617.590659478334
3946.4370000000345,623.300979277952,617.590659478334
3946.780999999959,623.2854525452551,617.590659478334
3947.125,623.2763517523017,617.590659478334
3947.4679999999935,623.2810053680571,617.590659478334
3947.8120000000345,623.2812399459036,617.590659478334
3948.155999999959,623.2675461988166,617.590659478334
3948.5,623.2701534135823,617.590659478334
3948.859000000055,623.2703225129513,617.590659478334
3949.1870000000345,623.2744049346446,617.590659478334
3949.5779999999795,623.2657518476885,617.590659478334
3949.920999999973,623.2621376994961,617.590659478334
3950.265000000014,623.2662192300661,617.590659478334
3950.625,623.2667724064746,617.590659478334
3950.9679999999935,623.2678547927786,617.590659478334
3951.3120000000345,623.2652997100921,617.590659478334
3951.655999999959,623.2619912611691,617.590659478334
3951.984000000055,623.276372732687,617.590659478334
3952.3429999999935,623.2753350735685,617.590659478334
3952.6870000000345,623.2671330614337,617.590659478334
3953.015000000014,623.2967330220649,617.590659478334
3953.359000000055,623.3045319779583,617.590659478334
3953.7179999999935,623.3078251175094,617.590659478334
3954.045999999973,623.3009760168493,617.590659478334
3954.390000000014,623.2952173069089,617.590659478334
3954.75,623.285145818005,617.590659478334
3955.0779999999795,623.283632373375,617.590659478334
3955.4370000000345,623.2883267810377,617.590659478334
3955.780999999959,623.278603661924,617.590659478334
3956.125,623.2870031406175,617.590659478334
3956.4679999999935,623.2759272698627,617.590659478334
3956.795999999973,623.2657895428056,617.590659478334
3957.140000000014,623.2739054125617,617.590659478334
3957.484000000055,623.2795113895993,617.590659478334
3957.8279999999795,623.2760767277305,617.590659478334
3958.170999999973,623.2717154106878,617.590659478334
3958.625,623.2685541903919,617.590659478334
3958.9679999999935,623.2652523259925,617.590659478334
3959.3120000000345,623.2696053481302,617.590659478334
3959.670999999973,623.2707168979149,617.590659478334
3960.015000000014,623.2640894532218,617.590659478334
3960.359000000055,623.280551937579,617.590659478334
3960.7029999999795,623.2675496781569,617.590659478334
3961.045999999973,623.2739225510807,617.590659478334
3961.390000000014,623.2696044121515,617.590659478334
3961.734000000055,623.2672592609986,617.590659478334
3962.0779999999795,623.2649778436287,617.590659478334
3962.420999999973,623.2648606172397,617.590659478334
3962.765000000014,623.267925827381,617.590659478334
3963.109000000055,623.2616229045823,617.590659478334
3963.4529999999795,623.266135856876,617.590659478334
3963.795999999973,623.2751123785777,617.590659478334
3964.140000000014,623.2709824775666,617.590659478334
3964.484000000055,623.2675819870466,617.590659478334
3964.8279999999795,623.267054877525,617.590659478334
3965.170999999973,623.2603022781884,617.590659478334
3965.5620000000345,623.2587549328092,617.590659478334
3965.890000000014,623.2627439230786,617.590659478334
3966.234000000055,623.2791747708516,617.590659478334
3966.5779999999795,623.2633910241481,617.590659478334
3966.920999999973,623.2725325296917,617.590659478334
3967.265000000014,623.2626562191822,617.590659478334
3967.609000000055,623.2615639535903,617.590659478334
3967.9529999999795,623.2608940836507,617.590659478334
3968.295999999973,623.2584501840171,617.590659478334
3968.640000000014,623.2713134120629,617.590659478334
3968.984000000055,623.2730434374138,617.590659478334
3969.3279999999795,623.2581008561393,617.590659478334
3969.670999999973,623.2672759027963,617.590659478334
3970.015000000014,623.2653410368054,617.590659478334
3970.359000000055,623.266665379899,617.590659478334
3970.7029999999795,623.2683965516878,617.590659478334
3971.045999999973,623.267372619388,617.590659478334
3971.390000000014,623.2698365538233,617.590659478334
3971.734000000055,623.2675927348798,617.590659478334
3972.0779999999795,623.2549543431518,617.590659478334
3972.420999999973,623.25971266105,617.590659478334
3972.765000000014,623.2641445134097,617.590659478334
3973.109000000055,623.2630677346443,617.590659478334
3973.4529999999795,623.2615321310237,617.590659478334
3973.795999999973,623.278019251024,617.590659478334
3974.140000000014,623.2601482197999,617.590659478334
3974.484000000055,623.2598025230664,617.590659478334
3974.8279999999795,623.256139135304,617.590659478334
3975.170999999973,623.2605827995325,617.590659478334
3975.5620000000345,623.2672719471057,617.590659478334
3975.905999999959,623.2691635586169,617.590659478334
3976.25,623.260903845138,617.590659478334
3976.609000000055,623.2647302735129,617.590659478334
3976.9529999999795,623.2627238310776,617.590659478334
3977.295999999973,623.2600168882906,617.590659478334
3977.640000000014,623.2672871563993,617.590659478334
3977.9679999999935,623.2643820716801,617.590659478334
3978.3120000000345,623.2640436959939,617.590659478334
3978.655999999959,623.2571756651427,617.590659478334
3979.0,623.261919890792,617.590659478334
3979.3429999999935,623.2622386850636,617.590659478334
3979.6870000000345,623.2741515013563,617.590659478334
3980.015000000014,623.2530615708572,617.590659478334
3980.375,623.2580055171796,617.590659478334
3980.7029999999795,623.2679617595813,617.590659478334
3981.045999999973,623.264701230976,617.590659478334
3981.390000000014,623.2578745964927,617.590659478334
3981.734000000055,623.2635481330079,617.590659478334
3982.0779999999795,623.2562471902132,617.590659478334
3982.4370000000345,623.2601471959342,617.590659478334
3982.765000000014,623.2602588116283,617.590659478334
3983.109000000055,623.2688310524717,617.590659478334
3983.4529999999795,623.2767997981904,617.590659478334
3983.780999999959,623.2654692033793,617.590659478334
3984.140000000014,623.2694032490361,617.590659478334
3984.484000000055,623.2631666562316,617.590659478334
3984.8279999999795,623.2686994861128,617.590659478334
3985.170999999973,623.2650332945191,617.590659478334
3985.5620000000345,623.2614256632407,617.590659478334
3985.905999999959,623.265912349464,617.590659478334
3986.25,623.2620810961436,617.590659478334
3986.5929999999935,623.2623040438849,617.590659478334
3986.9370000000345,623.2660103217314,617.590659478334
3987.280999999959,623.2661911376048,617.590659478334
3987.640000000014,623.2636912843778,617.590659478334
3987.9679999999935,623.2615915621625,617.590659478334
3988.3120000000345,623.2526742683903,617.590659478334
3988.655999999959,623.2690330387204,617.590659478334
3989.0,623.2619783770778,617.590659478334
3989.3429999999935,623.257991370711,617.590659478334
3989.6870000000345,623.2576074688764,617.590659478334
3990.030999999959,623.2577184138332,617.590659478334
3990.375,623.2576465459549,617.590659478334
3990.7029999999795,623.265687004169,617.590659478334
3991.045999999973,623.2549853059124,617.590659478334
3991.405999999959,623.2579697268596,617.590659478334
3991.75,623.264979512055,617.590659478334
3992.0929999999935,623.2563364202995,617.590659478334
3992.420999999973,623.2597117232322,617.590659478334
3992.780999999959,623.2552114231864,617.590659478334
3993.125,623.2635951134976,617.590659478334
3993.4679999999935,623.25455492188,617.590659478334
3993.8120000000345,623.2596632914193,617.590659478334
3994.155999999959,623.2665850517589,617.590659478334
3994.609000000055,623.2648738728094,617.590659478334
3994.9529999999795,623.2634229272417,617.590659478334
3995.3120000000345,623.2632365147439,617.590659478334
3995.655999999959,623.2649180931019,617.590659478334
3996.0,623.2618215498529,617.590659478334
3996.3429999999935,623.256052435912,617.590659478334
3996.7029999999795,623.267563176522,617.590659478334
3997.045999999973,623.2591118107703,617.590659478334
3997.405999999959,623.2557448650865,617.590659478334
3997.75,623.2593252662134,617.590659478334
3998.0929999999935,623.2616941353881,617.590659478334
3998.4370000000345,623.2535555540206,617.590659478334
3998.780999999959,623.2588641702878,617.590659478334
3999.125,623.2662231125511,617.590659478334
3999.4679999999935,623.252678624051,617.590659478334
3999.8120000000345,623.2655785573186,617.590659478334
4000.155999999959,623.2615376196856,617.590659478334
4000.5,623.2636882190541,617.590659478334
4000.8429999999935,623.2668349023927,617.590659478334
4001.2029999999795,623.2606563197585,617.590659478334
4001.545999999973,623.2571003049094,617.590659478334
4001.905999999959,623.2681648844552,617.590659478334
4002.25,623.2606130445886,617.590659478334
4002.5929999999935,623.2479393674802,617.590659478334
4002.9370000000345,623.2585866368621,617.590659478334
4003.280999999959,623.2600702827027,617.590659478334
4003.625,623.254464207635,617.590659478334
4003.9529999999795,623.2624515961109,617.590659478334
4004.3120000000345,623.2645466369848,617.590659478334
4004.655999999959,623.254543074305,617.590659478334
4005.0,623.2538221446656,617.590659478334
4005.3279999999795,623.250096313224,617.590659478334
4005.6870000000345,623.257705909445,617.590659478334
4006.030999999959,623.255250299799,617.590659478334
4006.390000000014,623.2549424804615,617.590659478334
4006.75,623.2599489968161,617.590659478334
4007.109000000055,623.2642428700451,617.590659478334
4007.4529999999795,623.2559186555316,617.590659478334
4007.795999999973,623.262581232787,617.590659478334
4008.140000000014,623.2523480485936,617.590659478334
4008.484000000055,623.2552901258971,617.590659478334
4008.8429999999935,623.2647612011936,617.590659478334
4009.170999999973,623.2563110283951,617.590659478334
4009.515000000014,623.2593527454101,617.590659478334
4009.875,623.2534126579067,617.590659478334
4010.3120000000345,623.2546060067932,617.590659478334
