0.5620000000344589,623.937973006544,617.590659478334
0.9060000000754371,623.9336597390633,617.590659478334
1.25,623.9454405632231,617.590659478334
1.5929999999934807,623.9340717782983,617.590659478334
1.937000000034459,623.9324142655524,617.590659478334
2.297000000020489,623.9339902650775,617.590659478334
2.64000000001397,623.9404745767358,617.590659478334
2.984000000054948,623.9428797910227,617.590659478334
3.327999999979511,623.9346384980898,617.590659478334
3.687000000034459,623.9344996028814,617.590659478334
4.031000000075437,623.9412895907179,617.590659478334
4.375,623.937919082583,617.590659478334
4.717999999993481,623.9402638223904,617.590659478334
5.156000000075437,623.9388222513846,617.590659478334
5.531000000075437,623.932743176439,617.590659478334
5.875,623.9500793383812,617.590659478334
6.217999999993481,623.9445274613621,617.590659478334
6.562000000034459,623.9302799022764,617.590659478334
6.906000000075437,623.9424371108345,617.590659478334
7.25,623.9470197456455,617.590659478334
7.609000000054948,623.9364373761593,617.590659478334
7.937000000034459,623.9396141698692,617.590659478334
8.297000000020489,623.9461649148928,617.590659478334
8.656000000075437,623.9531941845534,617.590659478334
9.0,623.9324028685235,617.590659478334
9.34299999999348,623.9256340424001,617.590659478334
9.687000000034459,623.9404210973777,617.590659478334
10.047000000020489,623.941268492701,617.590659478334
10.375,623.9432304104076,617.590659478334
10.734000000054948,623.9319939877181,617.590659478334
11.09299999999348,623.9512419905066,617.590659478334
11.437000000034459,623.9374207563669,617.590659478334
11.797000000020489,623.9234273665485,617.590659478334
12.156000000075437,623.9562805192428,617.590659478334
12.5,623.9338915201554,617.590659478334
12.859000000054948,623.9420396300258,617.590659478334
13.202999999979511,623.9396791482021,617.590659478334
13.562000000034459,623.9344829370416,617.590659478334
13.922000000020489,623.9407248392059,617.590659478334
14.26500000001397,623.9449943260589,617.590659478334
14.625,623.9312858442745,617.590659478334
14.984000000054948,623.931184990999,617.590659478334
15.327999999979511,623.9377599547782,617.590659478334
15.687000000034459,623.9412230487501,617.590659478334
16.031000000075437,623.9415931901792,617.590659478334
16.39000000001397,623.9430209863953,617.590659478334
16.75,623.9374830990955,617.590659478334
17.20299999997951,623.9348928267342,617.590659478334
17.56200000003446,623.9434491376653,617.590659478334
17.906000000075437,623.9308600508089,617.590659478334
18.25,623.9307450872504,617.590659478334
18.59299999999348,623.949714363943,617.590659478334
18.93700000003446,623.9462815355377,617.590659478334
19.29700000002049,623.9420047826327,617.590659478334
19.64000000001397,623.942958944,617.590659478334
19.984000000054948,623.9374507456275,617.590659478334
20.32799999997951,623.9371146887975,617.590659478334
20.68700000003446,623.9342716970434,617.590659478334
21.031000000075437,623.9481134504417,617.590659478334
21.375,623.9389554936112,617.590659478334
21.71799999999348,623.9410713867528,617.590659478334
22.07799999997951,623.9420779196848,617.590659478334
22.42200000002049,623.9427492647019,617.590659478334
22.76500000001397,623.9401755755925,617.590659478334
23.109000000054948,623.9391040883304,617.590659478334
23.45299999997951,623.9375656781424,617.590659478334
23.81200000003446,623.9497324694071,617.590659478334
24.17200000002049,623.930142701563,617.590659478334
24.51500000001397,623.9403023471648,617.590659478334
24.875,623.9383165109604,617.590659478334
25.21799999999348,623.9314466080638,617.590659478334
25.57799999997951,623.9283920988295,617.590659478334
25.93700000003446,623.9400325514047,617.590659478334
26.29700000002049,623.9365647591532,617.590659478334
26.64000000001397,623.9505452052435,617.590659478334
27.0,623.9488205464622,617.590659478334
27.34299999999348,623.9417290491496,617.590659478334
27.70299999997951,623.9573679854551,617.590659478334
28.04700000002049,623.9481323295747,617.590659478334
28.406000000075437,623.9450454696447,617.590659478334
28.75,623.938697461718,617.590659478334
29.26500000001397,623.9601997021603,617.590659478334
29.609000000054948,623.972400643363,617.590659478334
29.95299999997951,623.9740423177633,617.590659478334
30.31200000003446,623.9741360936414,617.590659478334
30.656000000075437,623.9723905917838,617.590659478334
31.0,623.9810095367872,617.590659478334
31.359000000054948,623.9616363104045,617.590659478334
31.70299999997951,623.9759970104506,617.590659478334
32.04700000002049,623.9550908072314,617.590659478334
32.39000000001397,623.9585182935479,617.590659478334
32.75,623.9585313057705,617.590659478334
33.09299999999348,623.9599568737409,617.590659478334
33.43700000003446,623.9569313394542,617.590659478334
33.78100000007544,623.9739024094642,617.590659478334
34.125,623.9624359277223,617.590659478334
34.46799999999348,623.9550431576215,617.590659478334
34.82799999997951,623.9663240208722,617.590659478334
35.17200000002049,623.9685083835134,617.590659478334
35.53100000007544,623.9553484710807,617.590659478334
35.89000000001397,623.9564555492257,617.590659478334
36.23400000005495,623.9616675508267,617.590659478334
36.59299999999348,623.9494663566163,617.590659478334
36.95299999997951,623.9690105014043,617.590659478334
37.31200000003446,623.9584977417206,617.590659478334
37.65600000007544,623.9641382157852,617.590659478334
38.01500000001397,623.9797076638808,617.590659478334
38.35900000005495,623.9650234966126,617.590659478334
38.71799999999348,623.9741172142221,617.590659478334
39.06200000003446,623.9669373021169,617.590659478334
39.42200000002049,623.9655352197125,617.590659478334
39.76500000001397,623.9765523288297,617.590659478334
40.125,623.9677308954706,617.590659478334
40.46799999999348,623.9605653682625,617.590659478334
40.82799999997951,623.9564395181321,617.590659478334
41.26500000001397,623.9577357638842,617.590659478334
41.60900000005495,623.960094849921,617.590659478334
41.95299999997951,623.9654378036768,617.590659478334
42.31200000003446,623.9836554287502,617.590659478334
42.65600000007544,623.9775747669698,617.590659478334
43.0,623.9709055166279,617.590659478334
43.34299999999348,623.970491059417,617.590659478334
43.68700000003446,623.9706688576149,617.590659478334
44.03100000007544,623.9795322587007,617.590659478334
44.375,623.9691277082266,617.590659478334
44.71799999999348,623.9732056009066,617.590659478334
45.07799999997951,623.9633741814547,617.590659478334
45.42200000002049,623.9743342394496,617.590659478334
45.76500000001397,623.9764091213624,617.590659478334
46.10900000005495,623.9716867948903,617.590659478334
46.45299999997951,623.9809223247725,617.590659478334
46.79700000002049,623.9873282654964,617.590659478334
47.15600000007544,623.9799936787831,617.590659478334
47.51500000001397,623.9857613648286,617.590659478334
47.84299999999348,623.9725588542769,617.590659478334
48.20299999997951,623.9801947040438,617.590659478334
48.56200000003446,623.9805807372699,617.590659478334
48.89000000001397,623.972512085339,617.590659478334
49.25,623.9694950293732,617.590659478334
49.59299999999348,623.965681786454,617.590659478334
49.93700000003446,623.9798563441382,617.590659478334
50.29700000002049,623.9685953214578,617.590659478334
50.64000000001397,623.9724611111545,617.590659478334
50.98400000005495,623.9887037251991,617.590659478334
51.32799999997951,623.9792203236906,617.590659478334
51.68700000003446,623.9839348651822,617.590659478334
52.01500000001397,623.9834885553693,617.590659478334
52.375,623.9770645649083,617.590659478334
52.71799999999348,623.9839534565282,617.590659478334
53.17200000002049,623.986148758576,617.590659478334
53.51500000001397,623.982943814254,617.590659478334
53.85900000005495,623.9784213383507,617.590659478334
54.21799999999348,623.9750583591396,617.590659478334
54.56200000003446,623.9662213900756,617.590659478334
54.90600000007544,623.9839326592198,617.590659478334
55.25,623.9784872470486,617.590659478334
55.59299999999348,623.9731299161651,617.590659478334
55.93700000003446,623.9832075385106,617.590659478334
56.29700000002049,623.972178125035,617.590659478334
56.64000000001397,623.9753411838154,617.590659478334
56.98400000005495,623.9951975368072,617.590659478334
57.32799999997951,623.9874285414983,617.590659478334
57.67200000002049,624.0000890058113,617.590659478334
58.03100000007544,623.9802869447899,617.590659478334
58.375,623.9830154494481,617.590659478334
58.71799999999348,623.9846114616405,617.590659478334
59.07799999997951,623.9924070136411,617.590659478334
59.42200000002049,623.970425270785,617.590659478334
59.78100000007544,623.9841634405607,617.590659478334
60.14000000001397,623.9847430972998,617.590659478334
60.48400000005495,623.9858286399256,617.590659478334
60.84299999999348,623.9918627619658,617.590659478334
61.20299999997951,623.9858962867863,617.590659478334
61.54700000002049,623.9912636028482,617.590659478334
61.90600000007544,623.9850824363522,617.590659478334
62.25,623.9867523461247,617.590659478334
62.59299999999348,623.9845444413635,617.590659478334
62.95299999997951,623.9830564248473,617.590659478334
63.31200000003446,623.9899173486635,617.590659478334
63.65600000007544,623.987639766808,617.590659478334
64.01500000001397,623.9960493164502,617.590659478334
64.35900000005495,623.9774699999899,617.590659478334
64.71799999999348,623.9833635158459,617.590659478334
65.125,623.9953627239203,617.590659478334
65.48400000005495,623.9863562445297,617.590659478334
65.82799999997951,623.9878574719883,617.590659478334
66.17200000002049,623.9922456170821,617.590659478334
66.51500000001397,623.9924079478252,617.590659478334
66.85900000005495,623.9887695945554,617.590659478334
67.21799999999348,623.9859926581711,617.590659478334
67.54700000002049,623.994224966139,617.590659478334
67.90600000007544,623.9828207023453,617.590659478334
68.25,623.9751939353438,617.590659478334
68.59299999999348,623.986169594687,617.590659478334
68.93700000003446,623.9955518953557,617.590659478334
69.29700000002049,624.0060879621927,617.590659478334
69.64000000001397,623.9913147058387,617.590659478334
69.98400000005495,623.9938307678212,617.590659478334
70.32799999997951,624.0012700554646,617.590659478334
70.67200000002049,623.9909640712739,617.590659478334
71.03100000007544,623.9842570967365,617.590659478334
71.375,623.9999872945345,617.590659478334
71.73400000005495,624.0035165862822,617.590659478334
72.09299999999348,623.9943923480513,617.590659478334
72.45299999997951,623.9905334487,617.590659478334
72.79700000002049,623.9962111851436,617.590659478334
73.15600000007544,624.0021274005478,617.590659478334
73.5,624.0084650584374,617.590659478334
73.85900000005495,623.999305070128,617.590659478334
74.21799999999348,623.9976068893799,617.590659478334
74.56200000003446,624.0010253749217,617.590659478334
74.90600000007544,624.0036961113512,617.590659478334
75.26500000001397,624.0047273644683,617.590659478334
75.60900000005495,623.9994278987159,617.590659478334
75.96799999999348,623.9845915848127,617.590659478334
76.32799999997951,624.0036545584721,617.590659478334
76.67200000002049,623.998830200549,617.590659478334
77.03100000007544,624.0021199447457,617.590659478334
77.39000000001397,623.9983820664526,617.590659478334
77.75,623.9973341134753,617.590659478334
78.09299999999348,623.9946043337953,617.590659478334
78.43700000003446,623.9890472091082,617.590659478334
78.79700000002049,624.0026222429391,617.590659478334
79.14000000001397,623.9915419513078,617.590659478334
79.48400000005495,624.0003729984791,617.590659478334
79.82799999997951,624.0025124263774,617.590659478334
80.17200000002049,623.9977664637935,617.590659478334
80.51500000001397,623.9906956429602,617.590659478334
80.875,624.006643038592,617.590659478334
81.21799999999348,623.992101245032,617.590659478334
81.56200000003446,623.9884273017108,617.590659478334
81.90600000007544,624.0137484565215,617.590659478334
82.25,624.0046881628581,617.590659478334
82.59299999999348,623.9982999512954,617.590659478334
82.95299999997951,624.0086646552979,617.590659478334
83.29700000002049,624.0009568242459,617.590659478334
83.65600000007544,623.9914795358912,617.590659478334
84.0,624.008679034403,617.590659478334
84.35900000005495,623.9904910268614,617.590659478334
84.71799999999348,623.9993949245696,617.590659478334
85.07799999997951,623.9998526885714,617.590659478334
85.42200000002049,623.998998931912,617.590659478334
85.78100000007544,624.0013050238922,617.590659478334
86.14000000001397,624.0099094513863,617.590659478334
86.48400000005495,623.9884045094125,617.590659478334
86.82799999997951,624.0043854090743,617.590659478334
87.18700000003446,623.9959306305743,617.590659478334
87.54700000002049,624.0033457289477,617.590659478334
87.89000000001397,624.0021681125064,617.590659478334
88.25,624.0180580629976,617.590659478334
88.59299999999348,623.9939318935028,617.590659478334
88.95299999997951,624.0086332837129,617.590659478334
89.32799999997951,624.0191263773647,617.590659478334
89.68700000003446,624.0078204939688,617.590659478334
90.03100000007544,624.0078937798935,617.590659478334
90.375,624.0053627644334,617.590659478334
90.71799999999348,624.0042802954958,617.590659478334
91.07799999997951,624.0013361188376,617.590659478334
91.42200000002049,624.0099580048789,617.590659478334
91.76500000001397,624.0134184863432,617.590659478334
92.10900000005495,623.9976668856153,617.590659478334
92.46799999999348,624.0056189279985,617.590659478334
92.81200000003446,624.0064478309372,617.590659478334
93.15600000007544,624.0128749348709,617.590659478334
93.5,624.0137070256426,617.590659478334
93.84299999999348,624.004549746861,617.590659478334
94.20299999997951,624.0150568587026,617.590659478334
94.54700000002049,624.0073422735895,617.590659478334
94.89000000001397,624.0130319089584,617.590659478334
95.23400000005495,623.9932871406709,617.590659478334
95.59299999999348,624.0148947509595,617.590659478334
95.93700000003446,624.0122699160207,617.590659478334
96.28100000007544,624.0005421754001,617.590659478334
96.64000000001397,624.0024696408074,617.590659478334
97.0,624.0152703803826,617.590659478334
97.34299999999348,624.0108755663925,617.590659478334
97.68700000003446,624.0227498135445,617.590659478334
98.04700000002049,624.0127099563316,617.590659478334
98.39000000001397,624.0105889621312,617.590659478334
98.73400000005495,624.0193757353775,617.590659478334
99.09299999999348,624.0119485397643,617.590659478334
99.45299999997951,624.0118137546946,617.590659478334
99.81200000003446,624.0080752997419,617.590659478334
100.15600000007544,624.0060558720504,617.590659478334
100.51500000001397,624.0127421469318,617.590659478334
100.84299999999348,624.013273910484,617.590659478334
101.28100000007544,624.0038282058473,617.590659478334
101.625,624.0127315041635,617.590659478334
101.98400000005495,624.0154188056771,617.590659478334
102.34299999999348,624.0164113738364,617.590659478334
102.68700000003446,624.0185333074164,617.590659478334
103.03100000007544,624.013484519587,617.590659478334
103.375,624.0229037347495,617.590659478334
103.73400000005495,624.0114647028169,617.590659478334
104.07799999997951,624.0117550879401,617.590659478334
104.42200000002049,624.0079320413323,617.590659478334
104.76500000001397,624.0111582961008,617.590659478334
105.10900000005495,624.0171812643947,617.590659478334
105.45299999997951,624.0036501056261,617.590659478334
105.79700000002049,624.0205531316543,617.590659478334
106.15600000007544,624.0182811276618,617.590659478334
106.5,624.0122462932625,617.590659478334
106.84299999999348,624.0082349246275,617.590659478334
107.18700000003446,624.0133450105585,617.590659478334
107.53100000007544,624.0227520799041,617.590659478334
107.89000000001397,624.0182071764721,617.590659478334
108.23400000005495,624.0146524395977,617.590659478334
108.59299999999348,624.019964689004,617.590659478334
108.93700000003446,624.0146830732432,617.590659478334
109.28100000007544,624.0020130473041,617.590659478334
109.625,624.0283067369766,617.590659478334
109.96799999999348,624.0216471056505,617.590659478334
110.32799999997951,624.0116274999316,617.590659478334
110.67200000002049,624.0190538253509,617.590659478334
111.01500000001397,624.0140491962832,617.590659478334
111.35900000005495,624.013614634813,617.590659478334
111.70299999997951,624.0225873987731,617.590659478334
112.04700000002049,624.0215263633786,617.590659478334
112.40600000007544,624.027688437375,617.590659478334
112.75,624.0063856141549,617.590659478334
113.28100000007544,624.0131941953953,617.590659478334
113.64000000001397,624.0257259802719,617.590659478334
113.98400000005495,624.0057489576698,617.590659478334
114.32799999997951,624.009567806676,617.590659478334
114.68700000003446,624.0068916556436,617.590659478334
115.03100000007544,624.0099455472578,617.590659478334
115.375,624.0062668017623,617.590659478334
115.71799999999348,624.0173004140232,617.590659478334
116.07799999997951,624.0280858588056,617.590659478334
116.43700000003446,624.0106277852658,617.590659478334
116.78100000007544,624.0131230182749,617.590659478334
117.125,624.0232317256249,617.590659478334
117.46799999999348,624.032831454054,617.590659478334
117.81200000003446,624.0015064818543,617.590659478334
118.17200000002049,624.0159107937795,617.590659478334
118.51500000001397,624.0184803896856,617.590659478334
118.85900000005495,624.0141512839984,617.590659478334
119.20299999997951,624.0170167756545,617.590659478334
119.56200000003446,624.0231820087056,617.590659478334
119.90600000007544,624.0114617833156,617.590659478334
120.25,624.0261004573913,617.590659478334
120.59299999999348,624.0110307645517,617.590659478334
120.95299999997951,624.0272908112545,617.590659478334
121.29700000002049,624.0290034246485,617.590659478334
121.65600000007544,624.0249154446806,617.590659478334
122.0,624.0269891350471,617.590659478334
122.34299999999348,624.0120823049938,617.590659478334
122.68700000003446,624.0026723775757,617.590659478334
123.04700000002049,624.0140638546717,617.590659478334
123.39000000001397,624.0090963782214,617.590659478334
123.75,624.0199635966294,617.590659478334
124.125,624.0117016906358,617.590659478334
124.45299999997951,624.0256413234962,617.590659478334
124.79700000002049,624.031843530988,617.590659478334
125.26500000001397,624.016760854781,617.590659478334
125.60900000005495,624.0279114199817,617.590659478334
125.96799999999348,624.0172970938535,617.590659478334
126.31200000003446,624.0290536085483,617.590659478334
126.65600000007544,624.0227705326593,617.590659478334
127.0,624.0207927440889,617.590659478334
127.34299999999348,624.0222768691626,617.590659478334
127.70299999997951,624.0183459889608,617.590659478334
128.0470000000205,624.0150366772841,617.590659478334
128.39000000001397,624.0187624741075,617.590659478334
128.73400000005495,624.022228155863,617.590659478334
129.0779999999795,624.0316630318611,617.590659478334
129.4220000000205,624.0027075670773,617.590659478334
129.76500000001397,624.0153436207706,617.590659478334
130.10900000005495,624.0195464362893,617.590659478334
130.4529999999795,624.0235215938178,617.590659478334
130.7970000000205,624.0297056853086,617.590659478334
131.14000000001397,624.021524712688,617.590659478334
131.48400000005495,624.0281325480601,617.590659478334
131.8279999999795,624.0191301088747,617.590659478334
132.18700000003446,624.0115570247697,617.590659478334
132.53100000007544,624.0103189430097,617.590659478334
132.875,624.0214380977422,617.590659478334
133.21799999999348,624.0142257158651,617.590659478334
133.5779999999795,624.0286443146219,617.590659478334
133.9220000000205,624.0387954310662,617.590659478334
134.26500000001397,624.0167343147625,617.590659478334
134.625,624.0192959106076,617.590659478334
134.98400000005495,624.0309609981747,617.590659478334
135.31200000003446,624.0164755216706,617.590659478334
135.6720000000205,624.0271206087423,617.590659478334
136.01500000001397,624.0191089722141,617.590659478334
136.35900000005495,624.0209930615084,617.590659478334
136.71799999999348,624.0288902591845,617.590659478334
137.0779999999795,624.0215598788741,617.590659478334
137.4220000000205,624.0263888108926,617.590659478334
137.78100000007544,624.0203317216093,617.590659478334
138.125,624.0165750295401,617.590659478334
138.46799999999348,624.0289891411791,617.590659478334
138.81200000003446,624.027950265373,617.590659478334
139.15600000007544,624.0219337711418,617.590659478334
139.5,624.0152574756356,617.590659478334
139.84299999999348,624.0326037892988,617.590659478334
140.2029999999795,624.028919323818,617.590659478334
140.5470000000205,624.0202491364181,617.590659478334
140.89000000001397,624.0153061887246,617.590659478334
141.23400000005495,624.0187421552506,617.590659478334
141.59299999999348,624.0273046207694,617.590659478334
141.93700000003446,624.0164376017127,617.590659478334
142.28100000007544,624.0248731764974,617.590659478334
142.625,624.0271418539285,617.590659478334
142.96799999999348,624.0300505697393,617.590659478334
143.3279999999795,624.0322419231208,617.590659478334
143.6720000000205,624.0245891603905,617.590659478334
144.03100000007544,624.0261615942148,617.590659478334
144.375,624.0251396300168,617.590659478334
144.73400000005495,624.026339448644,617.590659478334
145.0779999999795,624.0111325503136,617.590659478334
145.43700000003446,624.0187758768628,617.590659478334
145.78100000007544,624.0291535472034,617.590659478334
146.14000000001397,624.0260423281079,617.590659478334
146.5,624.0327052620322,617.590659478334
146.84299999999348,624.031596973112,617.590659478334
147.2029999999795,624.0301451599274,617.590659478334
147.56200000003446,624.0138433387631,617.590659478334
147.9220000000205,624.0265903223357,617.590659478334
148.26500000001397,624.0260957917734,617.590659478334
148.625,624.0270129572618,617.590659478334
148.96799999999348,624.0255899969135,617.590659478334
149.31200000003446,624.0177942097356,617.590659478334
149.6720000000205,624.0321504348607,617.590659478334
150.01500000001397,624.0251787457698,617.590659478334
150.35900000005495,624.0217165493641,617.590659478334
150.7029999999795,624.0311103261214,617.590659478334
151.0470000000205,624.0331565109168,617.590659478334
151.39000000001397,624.0354052238238,617.590659478334
151.75,624.0294469029982,617.590659478334
152.09299999999348,624.0133470930335,617.590659478334
152.4220000000205,624.0369844525197,617.590659478334
152.78100000007544,624.0164394414923,617.590659478334
153.125,624.0325944606057,617.590659478334
153.48400000005495,624.0314366126471,617.590659478334
153.81200000003446,624.0148944258361,617.590659478334
154.1720000000205,624.0233274276919,617.590659478334
154.53100000007544,624.0268776528239,617.590659478334
154.875,624.037166142862,617.590659478334
155.23400000005495,624.0330254430309,617.590659478334
155.5779999999795,624.023967716638,617.590659478334
155.93700000003446,624.012301133772,617.590659478334
156.28100000007544,624.0267063713652,617.590659478334
156.64000000001397,624.0236830094184,617.590659478334
156.98400000005495,624.031857037457,617.590659478334
157.3279999999795,624.0148971664532,617.590659478334
157.68700000003446,624.0308262133317,617.590659478334
158.0470000000205,624.0412162914074,617.590659478334
158.39000000001397,624.0263821146755,617.590659478334
158.75,624.0188317583716,617.590659478334
159.09299999999348,624.0332929938714,617.590659478334
159.43700000003446,624.0312772330288,617.590659478334
159.7970000000205,624.0329328223451,617.590659478334
160.15600000007544,624.0157043248134,617.590659478334
160.5,624.0206482396366,617.590659478334
160.85900000005495,624.0277308935238,617.590659478334
161.25,624.0234304850698,617.590659478334
161.59299999999348,624.0246788702086,617.590659478334
161.9529999999795,624.0318624759295,617.590659478334
162.2970000000205,624.0202835145459,617.590659478334
162.64000000001397,624.0251076763634,617.590659478334
162.98400000005495,624.0094647880677,617.590659478334
163.3279999999795,624.0247933087262,617.590659478334
163.6720000000205,624.0241282961553,617.590659478334
164.01500000001397,624.0279485757264,617.590659478334
164.35900000005495,624.0301209218211,617.590659478334
164.71799999999348,624.0248313847129,617.590659478334
165.06200000003446,624.0177142212652,617.590659478334
165.40600000007544,624.0163598954042,617.590659478334
165.75,624.0328799938069,617.590659478334
166.09299999999348,624.0437726657758,617.590659478334
166.43700000003446,624.0329194367749,617.590659478334
166.7970000000205,624.0342414137065,617.590659478334
167.14000000001397,624.0220630031234,617.590659478334
167.48400000005495,624.0200997241377,617.590659478334
167.84299999999348,624.0277756915052,617.590659478334
168.2029999999795,624.0326235158694,617.590659478334
168.5470000000205,624.0403203335071,617.590659478334
168.90600000007544,624.0194175436595,617.590659478334
169.25,624.0216602921939,617.590659478334
169.59299999999348,624.0292485237006,617.590659478334
169.9529999999795,624.0154422619939,617.590659478334
170.2970000000205,624.0447124468429,617.590659478334
170.64000000001397,624.0320411177267,617.590659478334
171.0,624.0310310313336,617.590659478334
171.35900000005495,624.0212587993658,617.590659478334
171.7029999999795,624.0289286866908,617.590659478334
172.0470000000205,624.0270188545127,617.590659478334
172.39000000001397,624.0302520806407,617.590659478334
172.73400000005495,624.0260213399739,617.590659478334
173.28100000007544,624.0293642577819,617.590659478334
173.625,624.04221238858,617.590659478334
173.96799999999348,624.0300510425166,617.590659478334
174.31200000003446,624.0329393640889,617.590659478334
174.65600000007544,624.0448937502857,617.590659478334
175.0,624.0221431984442,617.590659478334
175.35900000005495,624.0314499585352,617.590659478334
175.7029999999795,624.0330976458318,617.590659478334
176.06200000003446,624.0226411091526,617.590659478334
176.39000000001397,624.0317908368263,617.590659478334
176.73400000005495,624.0236104719739,617.590659478334
177.09299999999348,624.035529436488,617.590659478334
177.43700000003446,624.0361125952536,617.590659478334
177.7970000000205,624.039821552461,617.590659478334
178.14000000001397,624.028937126506,617.590659478334
178.48400000005495,624.0324003317934,617.590659478334
178.84299999999348,624.0371358069419,617.590659478334
179.2029999999795,624.0303080520949,617.590659478334
179.5470000000205,624.0262121020065,617.590659478334
179.90600000007544,624.0218443716095,617.590659478334
180.25,624.0143022874784,617.590659478334
180.59299999999348,624.0298360451885,617.590659478334
180.9529999999795,624.0336201649504,617.590659478334
181.2970000000205,624.0380440343898,617.590659478334
181.64000000001397,624.0322202362776,617.590659478334
181.98400000005495,624.0389700300744,617.590659478334
182.34299999999348,624.0337910512744,617.590659478334
182.68700000003446,624.026644656246,617.590659478334
183.0470000000205,624.0374532773819,617.590659478334
183.40600000007544,624.0302535358738,617.590659478334
183.76500000001397,624.0392563451239,617.590659478334
184.10900000005495,624.0391660723517,617.590659478334
184.46799999999348,624.0270970446007,617.590659478334
184.8279999999795,624.0276101148619,617.590659478334
185.25,624.0268506501608,617.590659478334
185.60900000005495,624.0311581497112,617.590659478334
185.9529999999795,624.0399077809049,617.590659478334
186.31200000003446,624.0323568520608,617.590659478334
186.65600000007544,624.0331982340257,617.590659478334
186.98400000005495,624.0325004871229,617.590659478334
187.34299999999348,624.0302732895609,617.590659478334
187.68700000003446,624.0230752108744,617.590659478334
188.0470000000205,624.0208839188787,617.590659478334
188.39000000001397,624.0360237304163,617.590659478334
188.73400000005495,624.0328898240342,617.590659478334
189.0779999999795,624.0319503707517,617.590659478334
189.4220000000205,624.0390366440271,617.590659478334
189.76500000001397,624.0316807214133,617.590659478334
190.10900000005495,624.0356159421779,617.590659478334
190.4529999999795,624.0320916048736,617.590659478334
190.81200000003446,624.0329809423934,617.590659478334
191.15600000007544,624.0327488229973,617.590659478334
191.5,624.027291005965,617.590659478334
191.84299999999348,624.0368944619179,617.590659478334
192.2029999999795,624.0362455197392,617.590659478334
192.5470000000205,624.0303845793823,617.590659478334
192.90600000007544,624.0226657910582,617.590659478334
193.25,624.029822576336,617.590659478334
193.5779999999795,624.0218066973435,617.590659478334
193.93700000003446,624.0177201630902,617.590659478334
194.2970000000205,624.0293987177331,617.590659478334
194.64000000001397,624.0374814530952,617.590659478334
194.98400000005495,624.0279502895432,617.590659478334
195.34299999999348,624.0424255386275,617.590659478334
195.68700000003446,624.0358114864135,617.590659478334
196.0470000000205,624.0375170179428,617.590659478334
196.40600000007544,624.0320358141327,617.590659478334
196.75,624.0473190703972,617.590659478334
197.2970000000205,624.0293683720871,617.590659478334
197.64000000001397,624.0415332753456,617.590659478334
197.98400000005495,624.0240695786975,617.590659478334
198.3279999999795,624.0330519942415,617.590659478334
198.6720000000205,624.038132019702,617.590659478334
199.01500000001397,624.0316136232733,617.590659478334
199.375,624.0325909991435,617.590659478334
199.71799999999348,624.0400335010471,617.590659478334
200.06200000003446,624.0284121821048,617.590659478334
200.40600000007544,624.0365636649627,617.590659478334
200.75,624.0229705273807,617.590659478334
201.09299999999348,624.035320458383,617.590659478334
201.4529999999795,624.0406491839879,617.590659478334
201.7970000000205,624.0488777945499,617.590659478334
202.14000000001397,624.0339963594812,617.590659478334
202.48400000005495,624.0288796310496,617.590659478334
202.8279999999795,624.0403630929925,617.590659478334
203.18700000003446,624.0403772521943,617.590659478334
203.5470000000205,624.0311025843703,617.590659478334
203.89000000001397,624.0259470241823,617.590659478334
204.23400000005495,624.0222002031596,617.590659478334
204.59299999999348,624.0281240781466,617.590659478334
204.93700000003446,624.0508328421307,617.590659478334
205.2970000000205,624.0294596467645,617.590659478334
205.64000000001397,624.0305361911255,617.590659478334
206.0,624.0390370101495,617.590659478334
206.34299999999348,624.041966683962,617.590659478334
206.7029999999795,624.0365770681001,617.590659478334
207.0470000000205,624.0370636955263,617.590659478334
207.39000000001397,624.0283734721788,617.590659478334
207.75,624.0189569468696,617.590659478334
208.09299999999348,624.0302585413582,617.590659478334
208.43700000003446,624.0250662220533,617.590659478334
208.7970000000205,624.0381459803057,617.590659478334
209.25,624.0395232973325,617.590659478334
209.59299999999348,624.0228344306544,617.590659478334
209.93700000003446,624.0330792145858,617.590659478334
210.2970000000205,624.0306899868908,617.590659478334
210.64000000001397,624.0217913088342,617.590659478334
210.98400000005495,624.0459276796347,617.590659478334
211.3279999999795,624.0209370756705,617.590659478334
211.6720000000205,624.033489165923,617.590659478334
212.01500000001397,624.0262745827449,617.590659478334
212.375,624.0301026383993,617.590659478334
212.71799999999348,624.0290060505931,617.590659478334
213.06200000003446,624.0322676474326,617.590659478334
213.40600000007544,624.0307888326317,617.590659478334
213.76500000001397,624.03243609335,617.590659478334
214.10900000005495,624.0479822405995,617.590659478334
214.4529999999795,624.0393485626342,617.590659478334
214.81200000003446,624.0305012834092,617.590659478334
215.15600000007544,624.0442521279091,617.590659478334
215.5,624.0385059918576,617.590659478334
215.85900000005495,624.040293451623,617.590659478334
216.2029999999795,624.032784302763,617.590659478334
216.56200000003446,624.0409378257456,617.590659478334
216.9220000000205,624.0389168987466,617.590659478334
217.26500000001397,624.0353023104145,617.590659478334
217.625,624.0271507340265,617.590659478334
217.96799999999348,624.0340491909241,617.590659478334
218.3279999999795,624.0330003094228,617.590659478334
218.68700000003446,624.0222354588258,617.590659478334
219.03100000007544,624.0324510523116,617.590659478334
219.375,624.0198059450329,617.590659478334
219.73400000005495,624.0474126250949,617.590659478334
220.0779999999795,624.0315858946133,617.590659478334
220.43700000003446,624.0315431879574,617.590659478334
220.78100000007544,624.0321314251988,617.590659478334
221.28100000007544,624.0374815037102,617.590659478334
221.60900000005495,624.0525313211582,617.590659478334
221.96799999999348,624.0403471122096,617.590659478334
222.31200000003446,624.0404823508501,617.590659478334
222.65600000007544,624.027138768073,617.590659478334
223.0,624.0303413599908,617.590659478334
223.34299999999348,624.0466987294147,617.590659478334
223.68700000003446,624.0294168258821,617.590659478334
224.03100000007544,624.043003451063,617.590659478334
224.39000000001397,624.0396560570366,617.590659478334
224.73400000005495,624.0407410160932,617.590659478334
225.0779999999795,624.0306950823747,617.590659478334
225.43700000003446,624.0241208354516,617.590659478334
225.76500000001397,624.0401955726779,617.590659478334
226.125,624.0345803747008,617.590659478334
226.46799999999348,624.0417425989783,617.590659478334
226.81200000003446,624.0425367804143,617.590659478334
227.15600000007544,624.0426236516215,617.590659478334
227.51500000001397,624.0264321326199,617.590659478334
227.85900000005495,624.0369381497094,617.590659478334
228.2029999999795,624.0326171921654,617.590659478334
228.56200000003446,624.0435826997416,617.590659478334
228.90600000007544,624.0411057534448,617.590659478334
229.25,624.0313509747335,617.590659478334
229.59299999999348,624.0351859641097,617.590659478334
229.93700000003446,624.0374699370767,617.590659478334
230.28100000007544,624.0169386495105,617.590659478334
230.625,624.043148741795,617.590659478334
230.96799999999348,624.0297488869974,617.590659478334
231.3279999999795,624.0279678934274,617.590659478334
231.6720000000205,624.0381568445815,617.590659478334
232.01500000001397,624.0494105971036,617.590659478334
232.35900000005495,624.0306901107757,617.590659478334
232.71799999999348,624.0367503150212,617.590659478334
233.09299999999348,624.0332504001642,617.590659478334
233.4529999999795,624.0411187572697,617.590659478334
233.7970000000205,624.0242547769031,617.590659478334
234.14000000001397,624.0423886966227,617.590659478334
234.48400000005495,624.0326865228488,617.590659478334
234.8279999999795,624.0387517960469,617.590659478334
235.1720000000205,624.0204045559049,617.590659478334
235.51500000001397,624.0391701307843,617.590659478334
235.875,624.0580585789496,617.590659478334
236.2029999999795,624.0423969117501,617.590659478334
236.56200000003446,624.0313465013294,617.590659478334
236.90600000007544,624.0354707669584,617.590659478334
237.25,624.0383808547087,617.590659478334
237.59299999999348,624.0514404104828,617.590659478334
237.9529999999795,624.0368307215016,617.590659478334
238.2970000000205,624.0322171563191,617.590659478334
238.64000000001397,624.0347655827494,617.590659478334
238.98400000005495,624.0286165700189,617.590659478334
239.3279999999795,624.0386984915051,617.590659478334
239.6720000000205,624.0284467015366,617.590659478334
240.03100000007544,624.0697841973081,617.590659478334
240.375,624.0863149346256,617.590659478334
240.73400000005495,624.0729617228228,617.590659478334
241.0779999999795,624.0508868327898,617.590659478334
241.4220000000205,624.0589901141306,617.590659478334
241.76500000001397,624.0670210578611,617.590659478334
242.09299999999348,624.0551690517697,617.590659478334
242.43700000003446,624.057677087352,617.590659478334
242.78100000007544,624.0597817101929,617.590659478334
243.125,624.0594755579956,617.590659478334
243.46799999999348,624.0506750178047,617.590659478334
243.8279999999795,624.0564254587925,617.590659478334
244.1720000000205,624.0469909910804,617.590659478334
244.51500000001397,624.050010347312,617.590659478334
244.85900000005495,624.0497695266323,617.590659478334
245.25,624.0626724789433,617.590659478334
245.59299999999348,624.0490437108896,617.590659478334
245.9529999999795,624.0694295302591,617.590659478334
246.2970000000205,624.0466072233164,617.590659478334
246.64000000001397,624.0443760798407,617.590659478334
246.98400000005495,624.05700881671,617.590659478334
247.34299999999348,624.0642233392102,617.590659478334
247.68700000003446,624.0612574721273,617.590659478334
248.03100000007544,624.0632055460337,617.590659478334
248.375,624.0562121341447,617.590659478334
248.71799999999348,624.0572137597627,617.590659478334
249.0779999999795,624.0713719678567,617.590659478334
249.4220000000205,624.0496691743062,617.590659478334
249.75,624.0615554761919,617.590659478334
250.10900000005495,624.0655940563793,617.590659478334
250.4529999999795,624.0518367990022,617.590659478334
250.7970000000205,624.0513445119062,617.590659478334
251.14000000001397,624.0610609427919,617.590659478334
251.5,624.064712086847,617.590659478334
251.8279999999795,624.0582901179506,617.590659478334
252.18700000003446,624.067682795047,617.590659478334
252.53100000007544,624.0960370700426,617.590659478334
252.875,624.0943860764241,617.590659478334
253.23400000005495,624.1074115231049,617.590659478334
253.5779999999795,624.1074593239734,617.590659478334
253.90600000007544,624.10737466331,617.590659478334
254.26500000001397,624.1044367579431,617.590659478334
254.60900000005495,624.1036753525957,617.590659478334
254.9529999999795,624.0855105921199,617.590659478334
255.2970000000205,624.0985209901739,617.590659478334
255.64000000001397,624.0856653811823,617.590659478334
255.98400000005495,624.0975597202637,617.590659478334
256.3429999999935,624.0756720032751,617.590659478334
256.68700000003446,624.0751503260601,617.590659478334
257.0470000000205,624.0798375722434,617.590659478334
257.375,624.0896354620357,617.590659478334
257.7179999999935,624.0790635648739,617.590659478334
258.06200000003446,624.0862514275896,617.590659478334
258.4220000000205,624.0755989597584,617.590659478334
258.76500000001397,624.0872555087519,617.590659478334
259.10900000005495,624.0699358142939,617.590659478334
259.4529999999795,624.0768479485389,617.590659478334
259.7970000000205,624.0733089363154,617.590659478334
260.14000000001397,624.0695612565407,617.590659478334
260.48400000005495,624.0713257843681,617.590659478334
260.8279999999795,624.0665826628212,617.590659478334
261.18700000003446,624.0706814624268,617.590659478334
261.53100000007544,624.0771147888554,617.590659478334
261.875,624.0715952633115,617.590659478334
262.23400000005495,624.073292822861,617.590659478334
262.5779999999795,624.0716531061687,617.590659478334
262.9220000000205,624.0815451576044,617.590659478334
263.26500000001397,624.063093831237,617.590659478334
263.60900000005495,624.0584060492432,617.590659478334
263.9679999999935,624.0607099390578,617.590659478334
264.3279999999795,624.0716491596686,617.590659478334
264.6720000000205,624.074051400442,617.590659478334
265.03100000007544,624.064259556092,617.590659478334
265.375,624.0596249209608,617.590659478334
265.73400000005495,624.0915399051482,617.590659478334
266.0929999999935,624.0742367464154,617.590659478334
266.4529999999795,623.9442248324805,617.590659478334
266.7970000000205,623.892595107436,617.590659478334
267.15600000007544,623.8780892303303,617.590659478334
267.5,623.8792642801577,617.590659478334
267.85900000005495,623.8629732162821,617.590659478334
268.2179999999935,623.8323246075918,617.590659478334
268.56200000003446,623.8370143323718,617.590659478334
268.90600000007544,623.8387075851822,617.590659478334
269.25,623.831726922337,617.590659478334
269.60900000005495,623.821518186415,617.590659478334
269.93700000003446,623.8183135885664,617.590659478334
270.2970000000205,623.8093787967451,617.590659478334
270.64000000001397,623.8108326603519,617.590659478334
270.98400000005495,623.8200773876024,617.590659478334
271.3279999999795,623.8130333031112,617.590659478334
271.68700000003446,623.8134865683546,617.590659478334
272.03100000007544,623.8012107090078,617.590659478334
272.375,623.8076777363044,617.590659478334
272.7179999999935,623.8013701442239,617.590659478334
273.06200000003446,623.814051442724,617.590659478334
273.40600000007544,623.8000978753569,617.590659478334
273.75,623.8155032826028,617.590659478334
274.0929999999935,623.8042361513576,617.590659478334
274.4529999999795,623.7937215646828,617.590659478334
274.7970000000205,623.8017336294129,617.590659478334
275.14000000001397,623.8116733770373,617.590659478334
275.5,623.7960516977284,617.590659478334
275.85900000005495,623.7785190453823,617.590659478334
276.2029999999795,623.7997319772345,617.590659478334
276.56200000003446,623.7996550080151,617.590659478334
276.90600000007544,623.8020309365394,617.590659478334
277.26500000001397,623.7885058288015,617.590659478334
277.60900000005495,623.792986806087,617.590659478334
277.9679999999935,623.7901132294713,617.590659478334
278.31200000003446,623.8297219219224,617.590659478334
278.6720000000205,623.8567370153773,617.590659478334
279.01500000001397,623.9268672137455,617.590659478334
279.375,623.9336142530685,617.590659478334
279.73400000005495,623.9370065442207,617.590659478334
280.0929999999935,623.9295904198162,617.590659478334
280.4529999999795,623.9189811541896,617.590659478334
280.7970000000205,623.9107307347849,617.590659478334
281.26500000001397,623.9257348347414,617.590659478334
281.5929999999935,623.9303713957542,617.590659478334
281.93700000003446,623.9134972954092,617.590659478334
282.2970000000205,623.9155184738296,617.590659478334
282.64000000001397,623.911141664172,617.590659478334
282.98400000005495,623.9094993123662,617.590659478334
283.3279999999795,623.917773836512,617.590659478334
283.68700000003446,623.9082231129438,617.590659478334
284.03100000007544,623.9055628102161,617.590659478334
284.375,623.9161289256762,617.590659478334
284.7179999999935,623.9173121798557,617.590659478334
285.06200000003446,623.9085333481457,617.590659478334
285.4220000000205,623.9167585180165,617.590659478334
285.76500000001397,623.9107930507353,617.590659478334
286.10900000005495,623.9209670100195,617.590659478334
286.4529999999795,623.9045576760533,617.590659478334
286.7970000000205,623.9153645709124,617.590659478334
287.15600000007544,623.9190143553521,617.590659478334
287.5,623.8989935593161,617.590659478334
287.85900000005495,623.905059806203,617.590659478334
288.2029999999795,623.9032496264654,617.590659478334
288.56200000003446,623.9108984206088,617.590659478334
288.90600000007544,623.9049904343273,617.590659478334
289.26500000001397,623.9065974689823,617.590659478334
289.60900000005495,623.9124687700049,617.590659478334
289.9529999999795,623.9031726633689,617.590659478334
290.31200000003446,623.905131835963,617.590659478334
290.65600000007544,623.9065706507757,617.590659478334
291.01500000001397,623.8914009339412,617.590659478334
291.35900000005495,623.8404321482236,617.590659478334
291.7179999999935,623.8372376054953,617.590659478334
292.0779999999795,623.8272523481301,617.590659478334
292.4220000000205,623.8369117860502,617.590659478334
292.76500000001397,623.8425703247071,617.590659478334
293.39000000001397,623.8344401280577,617.590659478334
293.73400000005495,623.8185852445849,617.590659478334
294.0779999999795,623.8015550944798,617.590659478334
294.4220000000205,623.8155445247263,617.590659478334
294.78100000007544,623.7989647179579,617.590659478334
295.125,623.8069765640987,617.590659478334
295.4679999999935,623.8082450285623,617.590659478334
295.81200000003446,623.789943293264,617.590659478334
296.15600000007544,623.7894623956038,617.590659478334
296.5,623.8002587759484,617.590659478334
296.8429999999935,623.8024542299742,617.590659478334
297.18700000003446,623.8059212362116,617.590659478334
297.53100000007544,623.7938825885875,617.590659478334
297.89000000001397,623.7950967401634,617.590659478334
298.23400000005495,623.8046099560704,617.590659478334
298.5779999999795,623.8020339974092,617.590659478334
298.9220000000205,623.7929631530614,617.590659478334
299.28100000007544,623.7953402791571,617.590659478334
299.64000000001397,623.7911705079594,617.590659478334
299.98400000005495,623.7850229482303,617.590659478334
300.3279999999795,623.7947040193495,617.590659478334
300.68700000003446,623.8098197374372,617.590659478334
301.03100000007544,623.795208603859,617.590659478334
301.375,623.7946689187636,617.590659478334
301.73400000005495,623.7838324325813,617.590659478334
302.0929999999935,623.7930886281175,617.590659478334
302.43700000003446,623.792663936252,617.590659478334
302.7970000000205,623.7887335584885,617.590659478334
303.14000000001397,623.8039570223714,617.590659478334
303.5,623.8211475653006,617.590659478334
303.8429999999935,623.867514645064,617.590659478334
304.2029999999795,623.9393235456841,617.590659478334
304.5470000000205,623.9412046325815,617.590659478334
304.89000000001397,623.9373098173968,617.590659478334
305.26500000001397,623.9391152467791,617.590659478334
305.60900000005495,623.9149599526341,617.590659478334
305.9529999999795,623.9203578194262,617.590659478334
306.2970000000205,623.9107457166634,617.590659478334
306.65600000007544,623.9098942743143,617.590659478334
307.0,623.9031812220042,617.590659478334
307.3429999999935,623.9023076802944,617.590659478334
307.68700000003446,623.9191910648213,617.590659478334
308.03100000007544,623.9088538790731,617.590659478334
308.39000000001397,623.8912487923661,617.590659478334
308.73400000005495,623.9121058408531,617.590659478334
309.0929999999935,623.8966462799881,617.590659478334
309.43700000003446,623.9065742696193,617.590659478334
309.78100000007544,623.913832906569,617.590659478334
310.125,623.9636446056586,617.590659478334
310.4679999999935,623.9539886031868,617.590659478334
310.81200000003446,623.9568770511042,617.590659478334
311.1720000000205,623.9426319171857,617.590659478334
311.53100000007544,623.9476684428836,617.590659478334
311.875,623.9288220922505,617.590659478334
312.2179999999935,623.9212929047583,617.590659478334
312.5779999999795,623.9355057624061,617.590659478334
312.9220000000205,623.9148733170069,617.590659478334
313.28100000007544,623.9139483677347,617.590659478334
313.625,623.9133069927391,617.590659478334
313.98400000005495,623.928673571186,617.590659478334
314.3279999999795,623.926317127862,617.590659478334
314.68700000003446,623.9089596132876,617.590659478334
315.0470000000205,623.917923913772,617.590659478334
315.40600000007544,623.9249862522252,617.590659478334
315.75,623.9220825374806,617.590659478334
316.10900000005495,623.9186562671775,617.590659478334
316.43700000003446,623.9166012948854,617.590659478334
316.7970000000205,623.9309018419326,617.590659478334
317.14000000001397,623.918588759597,617.590659478334
317.48400000005495,623.907910887337,617.590659478334
317.8279999999795,623.907320432105,617.590659478334
318.18700000003446,623.9128734443524,617.590659478334
318.53100000007544,623.9165317577053,617.590659478334
318.875,623.9044612169789,617.590659478334
319.2179999999935,623.9140327044771,617.590659478334
319.56200000003446,623.921990613489,617.590659478334
319.90600000007544,623.9127262788091,617.590659478334
320.26500000001397,623.9068442760556,617.590659478334
320.60900000005495,623.9160279703158,617.590659478334
320.9529999999795,623.920751777451,617.590659478334
321.2970000000205,623.9186860093005,617.590659478334
321.64000000001397,623.9216606693735,617.590659478334
321.98400000005495,623.9133231549715,617.590659478334
322.3429999999935,623.9125568357875,617.590659478334
322.68700000003446,623.9013842980388,617.590659478334
323.03100000007544,623.9208838656414,617.590659478334
323.39000000001397,623.924861931131,617.590659478334
323.73400000005495,623.9406592768221,617.590659478334
324.0929999999935,623.9383097874806,617.590659478334
324.43700000003446,623.9415437180348,617.590659478334
324.7970000000205,623.9368174979307,617.590659478334
325.14000000001397,623.9302033693143,617.590659478334
325.5,623.9241562367224,617.590659478334
325.8429999999935,623.9361197560355,617.590659478334
326.2029999999795,623.9225813869351,617.590659478334
326.5470000000205,623.9346135899597,617.590659478334
326.89000000001397,623.9366468106145,617.590659478334
327.25,623.9232844965594,617.590659478334
327.60900000005495,623.927954793803,617.590659478334
327.9529999999795,623.9245574250858,617.590659478334
328.2970000000205,623.9318813259215,617.590659478334
328.65600000007544,623.9253206580563,617.590659478334
329.01500000001397,623.941098156683,617.590659478334
329.35900000005495,623.921728390344,617.590659478334
329.7029999999795,623.9309901234957,617.590659478334
330.0470000000205,623.9400743617492,617.590659478334
330.39000000001397,623.931364305487,617.590659478334
330.75,623.9297985125245,617.590659478334
331.0929999999935,623.9326239643586,617.590659478334
331.43700000003446,623.931847212878,617.590659478334
331.78100000007544,623.9292610606,617.590659478334
332.14000000001397,623.9142416614588,617.590659478334
332.48400000005495,623.9270775395697,617.590659478334
332.81200000003446,623.9325268720646,617.590659478334
333.1720000000205,623.9342771233243,617.590659478334
333.51500000001397,623.9231777620439,617.590659478334
333.85900000005495,623.9353928253936,617.590659478334
334.2179999999935,623.9355077180768,617.590659478334
334.56200000003446,623.93548334914,617.590659478334
334.90600000007544,623.9368931396075,617.590659478334
335.26500000001397,623.9325829420496,617.590659478334
335.625,623.9276711165533,617.590659478334
335.9679999999935,623.9415374777625,617.590659478334
336.3279999999795,623.9297351375395,617.590659478334
336.6720000000205,623.9434143045414,617.590659478334
337.03100000007544,623.9424708729092,617.590659478334
337.39000000001397,623.9366208737254,617.590659478334
337.73400000005495,623.9262542663394,617.590659478334
338.0779999999795,623.9240179810993,617.590659478334
338.4529999999795,623.937034953878,617.590659478334
338.7970000000205,623.9509395219005,617.590659478334
339.15600000007544,623.9282650350365,617.590659478334
339.5,623.9247491779745,617.590659478334
339.85900000005495,623.9391639036401,617.590659478334
340.2029999999795,623.9355221741478,617.590659478334
340.56200000003446,623.9284980180099,617.590659478334
340.9220000000205,623.9322582933996,617.590659478334
341.26500000001397,623.937588905535,617.590659478334
341.625,623.9403820062702,617.590659478334
341.9679999999935,623.945430307524,617.590659478334
342.2970000000205,623.952422693157,617.590659478334
342.65600000007544,623.9436242210477,617.590659478334
343.0,623.9362857616007,617.590659478334
343.35900000005495,623.9205931937453,617.590659478334
343.7029999999795,623.9210323150639,617.590659478334
344.0470000000205,623.916345215281,617.590659478334
344.39000000001397,623.9438032138368,617.590659478334
344.73400000005495,623.9276414886019,617.590659478334
345.0779999999795,623.9444666782337,617.590659478334
345.43700000003446,623.9264038530406,617.590659478334
345.78100000007544,623.9323116799305,617.590659478334
346.125,623.9308538928432,617.590659478334
346.4679999999935,623.9438905920458,617.590659478334
346.81200000003446,623.9473147113432,617.590659478334
347.15600000007544,623.9425888507417,617.590659478334
347.5,623.9318128177914,617.590659478334
347.8429999999935,623.9269023604777,617.590659478334
348.2029999999795,623.9392226188692,617.590659478334
348.56200000003446,623.9366886577867,617.590659478334
348.90600000007544,623.9484773888206,617.590659478334
349.26500000001397,623.9469304216149,617.590659478334
349.60900000005495,623.939378639425,617.590659478334
349.9679999999935,623.9473954650737,617.590659478334
350.31200000003446,623.9394831183128,617.590659478334
350.6720000000205,623.941962037937,617.590659478334
351.01500000001397,623.9348785729843,617.590659478334
351.375,623.9525411603944,617.590659478334
351.73400000005495,623.9443678475712,617.590659478334
352.0929999999935,623.9357003583335,617.590659478334
352.4529999999795,623.9409630487553,617.590659478334
352.7970000000205,623.9363984887398,617.590659478334
353.26500000001397,623.9311272739686,617.590659478334
353.625,623.9423909763473,617.590659478334
353.9679999999935,623.9420712803383,617.590659478334
354.31200000003446,623.9358259740525,617.590659478334
354.6720000000205,623.9431016906772,617.590659478334
355.01500000001397,623.9465081799564,617.590659478334
355.3429999999935,623.933386293643,617.590659478334
355.7029999999795,623.9466029958538,617.590659478334
356.0470000000205,623.9424527942856,617.590659478334
356.39000000001397,623.9461114289841,617.590659478334
356.73400000005495,623.9422154827017,617.590659478334
357.0779999999795,623.9334903501452,617.590659478334
357.43700000003446,623.9393366176167,617.590659478334
357.78100000007544,623.9423400735283,617.590659478334
358.125,623.9426774532951,617.590659478334
358.48400000005495,623.9422676533594,617.590659478334
358.8279999999795,623.9470048317395,617.590659478334
359.18700000003446,623.93423292359,617.590659478334
359.51500000001397,623.9396906843021,617.590659478334
359.875,623.9440930041949,617.590659478334
360.2179999999935,623.9411674788538,617.590659478334
360.5779999999795,623.9403721081428,617.590659478334
360.9220000000205,623.9419062331449,617.590659478334
361.28100000007544,623.9512262535739,617.590659478334
361.64000000001397,623.929888049211,617.590659478334
361.98400000005495,623.9323590126583,617.590659478334
362.3429999999935,623.9450184100132,617.590659478334
362.68700000003446,623.9430546887822,617.590659478334
363.03100000007544,623.9451681662672,617.590659478334
363.39000000001397,623.9441440294236,617.590659478334
363.75,623.9480608472516,617.590659478334
364.0929999999935,623.9378631266757,617.590659478334
364.4529999999795,623.9440962157707,617.590659478334
364.81200000003446,623.9407896044938,617.590659478334
365.26500000001397,623.951962592613,617.590659478334
365.60900000005495,623.9444842726547,617.590659478334
365.9529999999795,623.9481865280896,617.590659478334
366.2970000000205,623.9477781487949,617.590659478334
366.65600000007544,623.9502465141843,617.590659478334
367.0,623.941648110667,617.590659478334
367.3429999999935,623.9428498924208,617.590659478334
367.7029999999795,623.9536916935124,617.590659478334
368.0470000000205,623.9319426385156,617.590659478334
368.39000000001397,623.9571893311388,617.590659478334
368.75,623.9548349250492,617.590659478334
369.0929999999935,623.9297222024435,617.590659478334
369.43700000003446,623.9449322430869,617.590659478334
369.78100000007544,623.9460091840677,617.590659478334
370.14000000001397,623.9674975835255,617.590659478334
370.4679999999935,623.9411604131519,617.590659478334
370.8279999999795,623.947320307335,617.590659478334
371.1720000000205,623.9513508601267,617.590659478334
371.53100000007544,623.9492411561239,617.590659478334
371.875,623.9491184808442,617.590659478334
372.23400000005495,623.9596884806243,617.590659478334
372.5779999999795,623.9547155744251,617.590659478334
372.93700000003446,623.9571280664311,617.590659478334
373.2970000000205,623.9547662676783,617.590659478334
373.64000000001397,623.9521508342231,617.590659478334
373.98400000005495,623.9468844807132,617.590659478334
374.3429999999935,623.961186701635,617.590659478334
374.68700000003446,623.9472093930835,617.590659478334
375.0470000000205,623.9409951516709,617.590659478334
375.40600000007544,623.9437161086411,617.590659478334
375.75,623.9523493887959,617.590659478334
376.0929999999935,623.9487111272701,617.590659478334
376.4529999999795,623.9573472234971,617.590659478334
376.7970000000205,623.9550596286704,617.590659478334
377.15600000007544,623.9460222890698,617.590659478334
377.51500000001397,623.9496580525473,617.590659478334
377.85900000005495,623.9404830966798,617.590659478334
378.2029999999795,623.9367324910867,617.590659478334
378.56200000003446,623.9482476146884,617.590659478334
378.90600000007544,623.9480374095423,617.590659478334
379.25,623.9439043584428,617.590659478334
379.5929999999935,623.9532653535962,617.590659478334
379.9529999999795,623.9493473343213,617.590659478334
380.2970000000205,623.9483580181528,617.590659478334
380.64000000001397,623.9385718973875,617.590659478334
380.98400000005495,623.9388193744037,617.590659478334
381.3279999999795,623.9446536834798,617.590659478334
381.6720000000205,623.9525965624995,617.590659478334
382.03100000007544,623.9610265505372,617.590659478334
382.375,623.9570484526769,617.590659478334
382.7179999999935,623.9504136940412,617.590659478334
383.06200000003446,623.9491677589928,617.590659478334
383.40600000007544,623.9478198278774,617.590659478334
383.76500000001397,623.9547568132413,617.590659478334
384.125,623.9423361366697,617.590659478334
384.4679999999935,623.9537743071592,617.590659478334
384.8279999999795,623.9534517192299,617.590659478334
385.1720000000205,623.9425232962,617.590659478334
385.53100000007544,623.9563527944559,617.590659478334
385.875,623.9629105794128,617.590659478334
386.23400000005495,623.9620775558187,617.590659478334
386.5779999999795,623.9548492391582,617.590659478334
386.93700000003446,623.9517498396734,617.590659478334
387.2970000000205,623.9546795652311,617.590659478334
387.64000000001397,623.9598767615136,617.590659478334
388.0,623.9538364994836,617.590659478334
388.3429999999935,623.9550385894681,617.590659478334
388.7029999999795,623.9459185089511,617.590659478334
389.06200000003446,623.9655615395161,617.590659478334
389.40600000007544,623.959638428103,617.590659478334
389.75,623.9418591740242,617.590659478334
390.0929999999935,623.9656701285771,617.590659478334
390.4529999999795,623.9598123100355,617.590659478334
390.7970000000205,623.9581006360283,617.590659478334
391.14000000001397,623.9764352120396,617.590659478334
391.48400000005495,623.993139282904,617.590659478334
391.8279999999795,623.9848608621488,617.590659478334
392.1720000000205,624.0044085639281,617.590659478334
392.53100000007544,624.0009809092153,617.590659478334
392.85900000005495,623.9994104612326,617.590659478334
393.2179999999935,624.0000597296194,617.590659478334
393.56200000003446,623.9937281745232,617.590659478334
393.90600000007544,623.9975646950157,617.590659478334
394.25,623.9914849986583,617.590659478334
394.60900000005495,623.9797949761496,617.590659478334
394.9529999999795,623.9801452102653,617.590659478334
395.2970000000205,623.9734537820856,617.590659478334
395.64000000001397,623.9754252647621,617.590659478334
395.98400000005495,623.9802857946944,617.590659478334
396.3279999999795,623.9695512404855,617.590659478334
396.68700000003446,623.9644056442269,617.590659478334
397.0470000000205,623.9649677691291,617.590659478334
397.40600000007544,623.973878015852,617.590659478334
397.75,623.9612670084678,617.590659478334
398.10900000005495,623.9647695434343,617.590659478334
398.4529999999795,623.9607549181233,617.590659478334
398.81200000003446,623.9688637595943,617.590659478334
399.1720000000205,623.9575935178071,617.590659478334
399.51500000001397,623.9658005594945,617.590659478334
399.875,623.9582260331027,617.590659478334
400.2179999999935,623.9871734255983,617.590659478334
400.5779999999795,623.9441692391082,617.590659478334
400.9220000000205,623.9663352614699,617.590659478334
401.40600000007544,623.9561771423229,617.590659478334
401.76500000001397,623.9671161867332,617.590659478334
402.0929999999935,623.9701870340604,617.590659478334
402.4529999999795,623.9646359442255,617.590659478334
402.7970000000205,623.9572141194756,617.590659478334
403.15600000007544,623.9577363230248,617.590659478334
403.5,623.9644510524921,617.590659478334
403.8429999999935,623.9609361835898,617.590659478334
404.18700000003446,623.9658514275317,617.590659478334
404.53100000007544,623.9581798108626,617.590659478334
404.875,623.9559875189275,617.590659478334
405.23400000005495,623.9707515299687,617.590659478334
405.5779999999795,623.9582847928717,617.590659478334
405.9220000000205,623.9528631599842,617.590659478334
406.28100000007544,623.9650339252463,617.590659478334
406.625,623.9606703417525,617.590659478334
406.98400000005495,623.9524929927936,617.590659478334
407.3279999999795,623.9636246945856,617.590659478334
407.6720000000205,623.9558561616245,617.590659478334
408.03100000007544,623.9584623312483,617.590659478334
408.375,623.9612249248048,617.590659478334
408.7179999999935,623.9556423474048,617.590659478334
409.06200000003446,623.9635704506827,617.590659478334
409.40600000007544,623.9603609746928,617.590659478334
409.75,623.9603819557169,617.590659478334
410.0929999999935,623.9746746371128,617.590659478334
410.43700000003446,623.9562522367229,617.590659478334
410.7970000000205,623.9711919221832,617.590659478334
411.125,623.9616287923479,617.590659478334
411.48400000005495,623.9685015193817,617.590659478334
411.8279999999795,623.9560793781089,617.590659478334
412.1720000000205,623.9643995208261,617.590659478334
412.51500000001397,623.9599193570002,617.590659478334
412.875,623.9559482282929,617.590659478334
413.26500000001397,623.9646178707027,617.590659478334
413.60900000005495,623.9554470523507,617.590659478334
413.9529999999795,623.9584289709463,617.590659478334
414.2970000000205,623.9643458318365,617.590659478334
414.64000000001397,623.9633564971365,617.590659478334
414.98400000005495,623.9534727408519,617.590659478334
415.3279999999795,623.9594328621611,617.590659478334
415.6720000000205,623.968188813262,617.590659478334
416.03100000007544,623.9542707905962,617.590659478334
416.375,623.9550901260718,617.590659478334
416.7029999999795,623.9665706246182,617.590659478334
417.06200000003446,623.9471264872425,617.590659478334
417.40600000007544,623.952625159541,617.590659478334
417.76500000001397,623.9549136545162,617.590659478334
418.10900000005495,623.9557683057087,617.590659478334
418.4529999999795,623.9706967065651,617.590659478334
418.81200000003446,623.9632899759442,617.590659478334
419.15600000007544,623.9436158649045,617.590659478334
419.51500000001397,623.9590525984383,617.590659478334
419.875,623.9434399327173,617.590659478334
420.2179999999935,623.9556641455273,617.590659478334
420.5779999999795,623.9542520857351,617.590659478334
420.9220000000205,623.9632711119236,617.590659478334
421.28100000007544,623.9532887661145,617.590659478334
421.64000000001397,623.9607158802204,617.590659478334
421.98400000005495,623.9485007246647,617.590659478334
422.3279999999795,623.9606975614943,617.590659478334
422.68700000003446,623.965619148074,617.590659478334
423.03100000007544,623.9489703923888,617.590659478334
423.39000000001397,623.9607843421854,617.590659478334
423.75,623.9653896385832,617.590659478334
424.0929999999935,623.9485982206735,617.590659478334
424.4529999999795,623.9600932795507,617.590659478334
424.7970000000205,623.9502800810424,617.590659478334
425.25,623.9629249258296,617.590659478334
425.60900000005495,623.9485074089798,617.590659478334
425.9529999999795,623.954378133086,617.590659478334
426.2970000000205,623.9473247879276,617.590659478334
426.64000000001397,623.9610636726488,617.590659478334
426.98400000005495,623.9402946117315,617.590659478334
427.3279999999795,623.9425655372463,617.590659478334
427.6720000000205,623.9512847150671,617.590659478334
428.03100000007544,623.9491726697405,617.590659478334
428.375,623.944448479545,617.590659478334
428.7179999999935,623.962137473808,617.590659478334
429.06200000003446,623.9456383026982,617.590659478334
429.40600000007544,623.9363335607499,617.590659478334
429.76500000001397,623.95235958983,617.590659478334
430.10900000005495,623.9665341474442,617.590659478334
430.4529999999795,623.9543455072846,617.590659478334
430.7970000000205,623.9528035418929,617.590659478334
431.15600000007544,623.949234613604,617.590659478334
431.5,623.9582913146601,617.590659478334
431.8429999999935,623.9566273707977,617.590659478334
432.2029999999795,623.9521003228524,617.590659478334
432.56200000003446,623.9554825274174,617.590659478334
432.90600000007544,623.9532710019029,617.590659478334
433.26500000001397,623.9522294189643,617.590659478334
433.60900000005495,623.9580822049014,617.590659478334
433.9679999999935,623.9516302564214,617.590659478334
434.31200000003446,623.9534953967199,617.590659478334
434.6720000000205,623.9427178782331,617.590659478334
435.03100000007544,623.9585259835437,617.590659478334
435.35900000005495,623.9564683079743,617.590659478334
435.7179999999935,623.9526880280954,617.590659478334
436.0779999999795,623.9536536171406,617.590659478334
436.4220000000205,623.9592389409006,617.590659478334
436.78100000007544,623.9590508216822,617.590659478334
437.18700000003446,623.9522451191465,617.590659478334
437.5470000000205,623.9688773494572,617.590659478334
437.89000000001397,623.9502668657182,617.590659478334
438.23400000005495,623.9524876351975,617.590659478334
438.5929999999935,623.9504147229786,617.590659478334
438.93700000003446,623.9545253125444,617.590659478334
439.28100000007544,623.9556097752388,617.590659478334
439.625,623.9523795101646,617.590659478334
439.9679999999935,623.962537590909,617.590659478334
440.31200000003446,623.9528059614385,617.590659478334
440.65600000007544,623.9619540518448,617.590659478334
441.01500000001397,623.960481927903,617.590659478334
441.35900000005495,623.9723023986149,617.590659478334
441.7029999999795,623.9586346737559,617.590659478334
442.0470000000205,623.9617619163134,617.590659478334
442.39000000001397,623.9580000725147,617.590659478334
442.75,623.9577075725708,617.590659478334
443.0929999999935,623.948879581392,617.590659478334
443.4529999999795,623.9621070737486,617.590659478334
443.7970000000205,623.9534016263935,617.590659478334
444.14000000001397,623.9528992161147,617.590659478334
444.5,623.9576693312405,617.590659478334
444.85900000005495,623.9488215622496,617.590659478334
445.2029999999795,623.9508565413549,617.590659478334
445.56200000003446,623.9511423616226,617.590659478334
445.90600000007544,623.9530009714437,617.590659478334
446.26500000001397,623.9524376368195,617.590659478334
446.625,623.9553647920195,617.590659478334
446.9679999999935,623.9535108675743,617.590659478334
447.31200000003446,623.9696163858468,617.590659478334
447.6720000000205,623.9649774905561,617.590659478334
448.03100000007544,623.9444016044267,617.590659478334
448.39000000001397,623.9400759753933,617.590659478334
448.73400000005495,623.9631110557855,617.590659478334
449.28100000007544,623.9515152449533,617.590659478334
449.64000000001397,623.9536416141137,617.590659478334
449.98400000005495,623.94919605375,617.590659478334
450.31200000003446,623.9539158096507,617.590659478334
450.6720000000205,623.9676168344054,617.590659478334
451.01500000001397,623.9553276281773,617.590659478334
451.35900000005495,623.9476199081158,617.590659478334
451.7179999999935,623.9532835219649,617.590659478334
452.06200000003446,623.963990688523,617.590659478334
452.40600000007544,623.9599573208258,617.590659478334
452.75,623.9554543522937,617.590659478334
453.0929999999935,623.9654760390225,617.590659478334
453.43700000003446,623.9792347841471,617.590659478334
453.7970000000205,623.8945246063809,617.590659478334
454.14000000001397,623.8717407149926,617.590659478334
454.48400000005495,623.8456077964096,617.590659478334
454.8429999999935,623.8385173636372,617.590659478334
455.18700000003446,623.8435310369368,617.590659478334
455.53100000007544,623.8381670964285,617.590659478334
455.875,623.8206352655135,617.590659478334
456.23400000005495,623.8275262957804,617.590659478334
456.5779999999795,623.806949453137,617.590659478334
456.93700000003446,623.8090641800662,617.590659478334
457.28100000007544,623.7926246965367,617.590659478334
457.625,623.7995419824294,617.590659478334
457.98400000005495,623.8050054749785,617.590659478334
458.3429999999935,623.7886485202973,617.590659478334
458.68700000003446,623.7885679261809,617.590659478334
459.0470000000205,623.8118859760951,617.590659478334
459.39000000001397,623.8016938708564,617.590659478334
459.75,623.7991296523371,617.590659478334
460.10900000005495,623.797410649344,617.590659478334
460.4529999999795,623.7924212282682,617.590659478334
460.7970000000205,623.8081546458861,617.590659478334
461.26500000001397,623.8028809447082,617.590659478334
461.625,623.787499366408,617.590659478334
461.9679999999935,623.7886230245185,617.590659478334
462.3279999999795,623.7898135578818,617.590659478334
462.65600000007544,623.7898094484077,617.590659478334
463.01500000001397,623.7913802048055,617.590659478334
463.35900000005495,623.7861021592598,617.590659478334
463.7029999999795,623.7908648446897,617.590659478334
464.0470000000205,623.7766629576884,617.590659478334
464.40600000007544,623.7959637462575,617.590659478334
464.75,623.7907226362324,617.590659478334
465.0929999999935,623.7932984203593,617.590659478334
465.43700000003446,623.7821089436239,617.590659478334
465.7970000000205,623.8080381650183,617.590659478334
466.14000000001397,623.8215364555165,617.590659478334
466.48400000005495,623.9256919112048,617.590659478334
466.8279999999795,623.9305145614817,617.590659478334
467.18700000003446,623.9295862464102,617.590659478334
467.53100000007544,623.9220472554484,617.590659478334
467.89000000001397,623.9119209651435,617.590659478334
468.23400000005495,623.9172791190827,617.590659478334
468.5779999999795,623.90328816972,617.590659478334
468.93700000003446,623.9144964906925,617.590659478334
469.28100000007544,623.9050302411993,617.590659478334
469.60900000005495,623.9112630408129,617.590659478334
469.9679999999935,623.9044543213626,617.590659478334
470.31200000003446,623.888839530259,617.590659478334
470.6720000000205,623.913203313963,617.590659478334
471.01500000001397,623.9024774644653,617.590659478334
471.35900000005495,623.9123936053079,617.590659478334
471.7029999999795,623.8968425416938,617.590659478334
472.06200000003446,623.8960093828185,617.590659478334
472.40600000007544,623.9053216610369,617.590659478334
472.75,623.8905119062056,617.590659478334
473.28100000007544,623.8963202838386,617.590659478334
473.64000000001397,623.9167269821398,617.590659478334
473.98400000005495,623.918355286708,617.590659478334
474.3279999999795,623.9084839282124,617.590659478334
474.6720000000205,623.8946971362784,617.590659478334
475.03100000007544,623.8954967788201,617.590659478334
475.39000000001397,623.8962774294038,617.590659478334
475.7179999999935,623.8960371403069,617.590659478334
476.06200000003446,623.9027729402101,617.590659478334
476.4220000000205,623.8898735105264,617.590659478334
476.76500000001397,623.8942319017383,617.590659478334
477.10900000005495,623.9112313224659,617.590659478334
477.4679999999935,623.9061667344399,617.590659478334
477.81200000003446,623.8975318495729,617.590659478334
478.15600000007544,623.8974787954946,617.590659478334
478.51500000001397,623.8819901140956,617.590659478334
478.8429999999935,623.8338532344419,617.590659478334
479.2029999999795,623.833384582516,617.590659478334
479.5470000000205,623.8247674679392,617.590659478334
479.89000000001397,623.8233766701682,617.590659478334
480.25,623.8366832848225,617.590659478334
480.5929999999935,623.8136333352529,617.590659478334
480.9529999999795,623.8026246922035,617.590659478334
481.2970000000205,623.8151690867719,617.590659478334
481.65600000007544,623.8121619549037,617.590659478334
482.0,623.7997406509563,617.590659478334
482.3429999999935,623.7981904281552,617.590659478334
482.68700000003446,623.8029726586606,617.590659478334
483.0470000000205,623.8164370480408,617.590659478334
483.40600000007544,623.8031144284846,617.590659478334
483.75,623.7923538064517,617.590659478334
484.10900000005495,623.7931112753643,617.590659478334
484.4529999999795,623.7916217499891,617.590659478334
484.7970000000205,623.7853463802788,617.590659478334
485.26500000001397,623.8060926953215,617.590659478334
485.60900000005495,623.8004784833602,617.590659478334
485.9679999999935,623.7874855250479,617.590659478334
486.31200000003446,623.7926865881304,617.590659478334
486.65600000007544,623.7957827709678,617.590659478334
487.0,623.7930623854486,617.590659478334
487.3429999999935,623.7923313965168,617.590659478334
487.68700000003446,623.7924247828488,617.590659478334
488.03100000007544,623.7988205830118,617.590659478334
488.375,623.7873041276605,617.590659478334
488.73400000005495,623.8008312040647,617.590659478334
489.0779999999795,623.7832146421891,617.590659478334
489.4220000000205,623.7814370855391,617.590659478334
489.78100000007544,623.7947822543997,617.590659478334
490.10900000005495,623.7868487923972,617.590659478334
490.4529999999795,623.7808500907511,617.590659478334
490.81200000003446,623.8067337457545,617.590659478334
491.15600000007544,623.8272827131037,617.590659478334
491.51500000001397,623.9320742800533,617.590659478334
491.85900000005495,623.9388849632124,617.590659478334
492.2029999999795,623.9234192812278,617.590659478334
492.56200000003446,623.9325111423186,617.590659478334
492.9220000000205,623.914663629517,617.590659478334
493.26500000001397,623.9045331579958,617.590659478334
493.60900000005495,623.9040035362192,617.590659478334
493.9679999999935,623.9179444116737,617.590659478334
494.31200000003446,623.9048576853086,617.590659478334
494.68700000003446,623.8920528321192,617.590659478334
495.0470000000205,623.9006245760291,617.590659478334
495.39000000001397,623.8995149382336,617.590659478334
495.73400000005495,623.9171802037383,617.590659478334
496.10900000005495,623.9017566533684,617.590659478334
496.4529999999795,623.9066675355872,617.590659478334
496.81200000003446,623.8991767784968,617.590659478334
497.3279999999795,623.8914339663938,617.590659478334
497.68700000003446,623.9216756989197,617.590659478334
498.03100000007544,623.9381252866953,617.590659478334
498.375,623.9463003009229,617.590659478334
498.7179999999935,623.938883304021,617.590659478334
499.06200000003446,623.9310810611609,617.590659478334
499.4220000000205,623.9238593121537,617.590659478334
499.76500000001397,623.928002312972,617.590659478334
500.10900000005495,623.9238372218458,617.590659478334
500.4679999999935,623.921916301003,617.590659478334
500.81200000003446,623.9240609293407,617.590659478334
501.15600000007544,623.9026367475145,617.590659478334
501.5,623.908657707907,617.590659478334
501.8429999999935,623.9239025160816,617.590659478334
502.2029999999795,623.9166498763294,617.590659478334
502.5470000000205,623.9111816381215,617.590659478334
502.89000000001397,623.9130754465285,617.590659478334
503.23400000005495,623.9238263366808,617.590659478334
503.5779999999795,623.9116011350013,617.590659478334
503.93700000003446,623.900587904753,617.590659478334
504.26500000001397,623.9284538211745,617.590659478334
504.64000000001397,623.909759331044,617.590659478334
504.98400000005495,623.9086952789876,617.590659478334
505.3279999999795,623.9130426269481,617.590659478334
505.68700000003446,623.9212564791671,617.590659478334
506.03100000007544,623.9145120432914,617.590659478334
506.39000000001397,623.9207931022244,617.590659478334
506.75,623.9141019512626,617.590659478334
507.0929999999935,623.9061636265768,617.590659478334
507.4529999999795,623.9059291414729,617.590659478334
507.7970000000205,623.9104285940177,617.590659478334
508.15600000007544,623.927919869817,617.590659478334
508.5,623.916962368019,617.590659478334
508.85900000005495,623.9179527530111,617.590659478334
509.26500000001397,623.9168101911621,617.590659478334
509.625,623.9073926179394,617.590659478334
509.9679999999935,623.8983004090062,617.590659478334
510.3279999999795,623.9114639322111,617.590659478334
510.65600000007544,623.9212162616101,617.590659478334
511.01500000001397,623.9320738577055,617.590659478334
511.35900000005495,623.9551606545135,617.590659478334
511.7029999999795,623.9483508514195,617.590659478334
512.0620000000345,623.9392594472258,617.590659478334
512.4060000000754,623.9415064386621,617.590659478334
512.765000000014,623.9215628769006,617.590659478334
513.109000000055,623.930397273838,617.590659478334
513.4529999999795,623.9329604433204,617.590659478334
513.7970000000205,623.9406104147986,617.590659478334
514.140000000014,623.9298101075052,617.590659478334
514.484000000055,623.9418677084185,617.590659478334
514.8429999999935,623.9164457913671,617.590659478334
515.1720000000205,623.9268846077706,617.590659478334
515.5310000000754,623.9222574606027,617.590659478334
515.890000000014,623.9320718973148,617.590659478334
516.234000000055,623.9258593821527,617.590659478334
516.5929999999935,623.9369208108019,617.590659478334
516.9370000000345,623.9213036230494,617.590659478334
517.2810000000754,623.9210420113312,617.590659478334
517.640000000014,623.9294785597717,617.590659478334
518.0,623.9182669271033,617.590659478334
518.3429999999935,623.9371688431788,617.590659478334
518.7029999999795,623.9209303960615,617.590659478334
519.0620000000345,623.9151234627401,617.590659478334
519.4060000000754,623.9367826430552,617.590659478334
519.75,623.9186645014911,617.590659478334
520.109000000055,623.913631004965,617.590659478334
520.4529999999795,623.9188866643137,617.590659478334
520.7970000000205,623.9210631771624,617.590659478334
521.265000000014,623.9290108164736,617.590659478334
521.609000000055,623.9274731415227,617.590659478334
521.9529999999795,623.9282999115796,617.590659478334
522.3120000000345,623.9382706028151,617.590659478334
522.6560000000754,623.93454082519,617.590659478334
523.0,623.9330919336062,617.590659478334
523.3429999999935,623.935828924518,617.590659478334
523.6870000000345,623.9249092962644,617.590659478334
524.0470000000205,623.9316231270215,617.590659478334
524.390000000014,623.9372848823623,617.590659478334
524.734000000055,623.9351854269797,617.590659478334
525.0779999999795,623.9385479229582,617.590659478334
525.4220000000205,623.9390295039503,617.590659478334
525.765000000014,623.9274489991654,617.590659478334
526.125,623.9324113898283,617.590659478334
526.4679999999935,623.9290856354162,617.590659478334
526.8120000000345,623.9333205916917,617.590659478334
527.1720000000205,623.932984341244,617.590659478334
527.515000000014,623.9416929491459,617.590659478334
527.875,623.9347647214811,617.590659478334
528.25,623.9382219132063,617.590659478334
528.5929999999935,623.9404182239408,617.590659478334
528.9370000000345,623.9343946542693,617.590659478334
529.2810000000754,623.9291308113344,617.590659478334
529.640000000014,623.9326314347908,617.590659478334
529.984000000055,623.9274893752981,617.590659478334
530.3279999999795,623.9375127276153,617.590659478334
530.6720000000205,623.9344156836697,617.590659478334
531.015000000014,623.9311141418674,617.590659478334
531.375,623.9421603280507,617.590659478334
531.7179999999935,623.945533491914,617.590659478334
532.0620000000345,623.9197142380078,617.590659478334
532.4060000000754,623.9438411004742,617.590659478334
532.75,623.9280608448728,617.590659478334
533.2810000000754,623.931407360554,617.590659478334
533.625,623.9359872961204,617.590659478334
533.9679999999935,623.9350781036433,617.590659478334
534.3279999999795,623.9462761032906,617.590659478334
534.6720000000205,623.9356130394112,617.590659478334
535.015000000014,623.9393350182537,617.590659478334
535.375,623.9344040773956,617.590659478334
535.7179999999935,623.9183764952278,617.590659478334
536.0620000000345,623.942345183478,617.590659478334
536.4060000000754,623.92657905579,617.590659478334
536.765000000014,623.9386797692489,617.590659478334
537.109000000055,623.9295402021087,617.590659478334
537.4529999999795,623.9288165058435,617.590659478334
537.8120000000345,623.9283273925433,617.590659478334
538.1560000000754,623.9428984411836,617.590659478334
538.5,623.9391082184761,617.590659478334
538.8429999999935,623.9364655352966,617.590659478334
539.2029999999795,623.9333106787288,617.590659478334
539.5620000000345,623.9442685065718,617.590659478334
539.9060000000754,623.9438864191931,617.590659478334
540.265000000014,623.9411456789054,617.590659478334
540.609000000055,623.9496133399135,617.590659478334
540.9370000000345,623.9448803781943,617.590659478334
541.2970000000205,623.9368373013305,617.590659478334
541.640000000014,623.9241794585032,617.590659478334
541.984000000055,623.9555041577765,617.590659478334
542.3279999999795,623.9527868955976,617.590659478334
542.6870000000345,623.9398975541455,617.590659478334
543.0310000000754,623.941106085544,617.590659478334
543.375,623.9249180621068,617.590659478334
543.734000000055,623.9508899032163,617.590659478334
544.0779999999795,623.9480222832475,617.590659478334
544.4370000000345,623.9362802192454,617.590659478334
544.7810000000754,623.9336960498156,617.590659478334
545.265000000014,623.9354538679901,617.590659478334
545.609000000055,623.9422683800274,617.590659478334
545.9679999999935,623.9366479338139,617.590659478334
546.3120000000345,623.9409657795792,617.590659478334
546.6560000000754,623.9349002313996,617.590659478334
547.0,623.9367781285573,617.590659478334
547.3429999999935,623.9450436056399,617.590659478334
547.6870000000345,623.960661295521,617.590659478334
548.0310000000754,623.9415746103423,617.590659478334
548.390000000014,623.9398480250387,617.590659478334
548.734000000055,623.9423347122666,617.590659478334
549.0779999999795,623.9334061244929,617.590659478334
549.4370000000345,623.9382115059927,617.590659478334
549.7810000000754,623.9461254080237,617.590659478334
550.125,623.9458788876883,617.590659478334
550.4679999999935,623.9506982159406,617.590659478334
550.8279999999795,623.954139783864,617.590659478334
551.1720000000205,623.9357125353257,617.590659478334
551.5310000000754,623.9494397371908,617.590659478334
551.875,623.9503551102782,617.590659478334
552.2179999999935,623.9404674719751,617.590659478334
552.5620000000345,623.9437427638909,617.590659478334
552.9220000000205,623.9435360217828,617.590659478334
553.265000000014,623.9522482447117,617.590659478334
553.625,623.9402745317539,617.590659478334
553.9679999999935,623.9437004866274,617.590659478334
554.3279999999795,623.9312637499316,617.590659478334
554.6720000000205,623.9517341994905,617.590659478334
555.0310000000754,623.9437542394229,617.590659478334
555.390000000014,623.9460515530767,617.590659478334
555.734000000055,623.9451701282097,617.590659478334
556.0779999999795,623.9504640692645,617.590659478334
556.4370000000345,623.9358183252338,617.590659478334
556.7970000000205,623.955326425751,617.590659478334
557.3279999999795,623.9330444549827,617.590659478334
557.6720000000205,623.9522341868837,617.590659478334
558.015000000014,623.9516681476993,617.590659478334
558.359000000055,623.9388302311352,617.590659478334
558.7179999999935,623.9372417908792,617.590659478334
559.0620000000345,623.9483682787784,617.590659478334
559.4060000000754,623.9413770197976,617.590659478334
559.75,623.9332009474963,617.590659478334
560.109000000055,623.9500486306177,617.590659478334
560.4529999999795,623.944124668571,617.590659478334
560.7970000000205,623.9480977222731,617.590659478334
561.140000000014,623.9564605380065,617.590659478334
561.484000000055,623.9386814708877,617.590659478334
561.8429999999935,623.9482221559895,617.590659478334
562.1870000000345,623.9510295222138,617.590659478334
562.5310000000754,623.9659609496798,617.590659478334
562.875,623.9603208641905,617.590659478334
563.234000000055,623.94366836836,617.590659478334
563.5779999999795,623.9444314353299,617.590659478334
563.9370000000345,623.958135352306,617.590659478334
564.2810000000754,623.9443374655349,617.590659478334
564.625,623.9499634353793,617.590659478334
564.984000000055,623.9447884245835,617.590659478334
565.3429999999935,623.9392538223125,617.590659478334
565.6870000000345,623.9443695980826,617.590659478334
566.0470000000205,623.9439804495662,617.590659478334
566.4060000000754,623.9457645866522,617.590659478334
566.75,623.9492630361597,617.590659478334
567.109000000055,623.9499445093938,617.590659478334
567.4529999999795,623.9346476157235,617.590659478334
567.8120000000345,623.9426965511399,617.590659478334
568.1560000000754,623.9373197957835,617.590659478334
568.515000000014,623.9418744372008,617.590659478334
568.875,623.9486016122614,617.590659478334
569.265000000014,623.9452797516016,617.590659478334
569.625,623.949859098481,617.590659478334
569.9679999999935,623.9501085443613,617.590659478334
570.3120000000345,623.9624047528928,617.590659478334
570.6560000000754,623.9427175694353,617.590659478334
571.015000000014,623.9621713379104,617.590659478334
571.359000000055,623.952078673184,617.590659478334
571.7029999999795,623.9496849952077,617.590659478334
572.0470000000205,623.941453621488,617.590659478334
572.4060000000754,623.9501307543352,617.590659478334
572.75,623.9406384789743,617.590659478334
573.0929999999935,623.9450476660907,617.590659478334
573.4370000000345,623.9447577202607,617.590659478334
573.7970000000205,623.950922047804,617.590659478334
574.125,623.9583772826725,617.590659478334
574.484000000055,623.9514148703263,617.590659478334
574.8279999999795,623.950652451106,617.590659478334
575.1720000000205,623.9517796533122,617.590659478334
575.5310000000754,623.9463858098795,617.590659478334
575.890000000014,623.9510554434806,617.590659478334
576.234000000055,623.9374566574562,617.590659478334
576.5779999999795,623.9564149899577,617.590659478334
576.9370000000345,623.9572186191511,617.590659478334
577.2970000000205,623.9533354867326,617.590659478334
577.640000000014,623.9452779072434,617.590659478334
578.0,623.9480532497466,617.590659478334
578.3429999999935,623.9635515020043,617.590659478334
578.6870000000345,623.9795046613335,617.590659478334
579.0470000000205,623.9873890763929,617.590659478334
579.390000000014,623.9953707766977,617.590659478334
579.734000000055,623.9991430262049,617.590659478334
580.0929999999935,623.9975719728172,617.590659478334
580.4529999999795,623.9988703128997,617.590659478334
580.7970000000205,623.993812656548,617.590659478334
581.25,624.000970936178,617.590659478334
581.609000000055,623.9690088945327,617.590659478334
581.9370000000345,623.9813560303679,617.590659478334
582.2970000000205,623.9732491156677,617.590659478334
582.640000000014,623.9790070733908,617.590659478334
582.984000000055,623.9763674919989,617.590659478334
583.3429999999935,623.9767636813892,617.590659478334
583.6870000000345,623.9656751344427,617.590659478334
584.0310000000754,623.9718661785397,617.590659478334
584.390000000014,623.965083446851,617.590659478334
584.734000000055,623.9734414064768,617.590659478334
585.0779999999795,623.9623562666048,617.590659478334
585.4370000000345,623.9518199729265,617.590659478334
585.7810000000754,623.9673438818155,617.590659478334
586.125,623.968898982459,617.590659478334
586.4679999999935,623.9701008597024,617.590659478334
586.8120000000345,623.9536823474157,617.590659478334
587.1720000000205,623.9581217593503,617.590659478334
587.515000000014,623.9601690126202,617.590659478334
587.875,623.9698576874611,617.590659478334
588.234000000055,623.9746881187662,617.590659478334
588.5620000000345,623.9555751341425,617.590659478334
588.9220000000205,623.9687186625547,617.590659478334
589.2810000000754,623.9715082475846,617.590659478334
589.625,623.9488159002539,617.590659478334
589.984000000055,623.9544095916103,617.590659478334
590.3429999999935,623.9558425739384,617.590659478334
590.6720000000205,623.964445899412,617.590659478334
591.0310000000754,623.9625767487852,617.590659478334
591.375,623.9655883432927,617.590659478334
591.734000000055,623.9430355128786,617.590659478334
592.0779999999795,623.9581156381381,617.590659478334
592.4370000000345,623.9694945117723,617.590659478334
592.7810000000754,623.9630779973799,617.590659478334
593.265000000014,623.9598306203837,617.590659478334
593.609000000055,623.9597810047793,617.590659478334
593.9529999999795,623.9462464453936,617.590659478334
594.3120000000345,623.9702420947682,617.590659478334
594.6560000000754,623.9638677804145,617.590659478334
595.0,623.959869679762,617.590659478334
595.359000000055,623.9560619148876,617.590659478334
595.7029999999795,623.9567021580093,617.590659478334
596.0470000000205,623.9506654862013,617.590659478334
596.390000000014,623.95305661154,617.590659478334
596.75,623.9555819952895,617.590659478334
597.0929999999935,623.9528035256016,617.590659478334
597.4370000000345,623.9583313865176,617.590659478334
597.7970000000205,623.95401739454,617.590659478334
598.140000000014,623.9614405378107,617.590659478334
598.484000000055,623.9543892035799,617.590659478334
598.8279999999795,623.9534541659476,617.590659478334
599.1720000000205,623.951966448339,617.590659478334
599.5310000000754,623.9585866921793,617.590659478334
599.890000000014,623.9616578614755,617.590659478334
600.25,623.9515745408081,617.590659478334
600.5929999999935,623.9544121213688,617.590659478334
600.9529999999795,623.9629262882603,617.590659478334
601.2970000000205,623.9594787115499,617.590659478334
601.6560000000754,623.9530628912654,617.590659478334
602.0,623.9537490988498,617.590659478334
602.359000000055,623.967252413609,617.590659478334
602.7029999999795,623.956466522946,617.590659478334
603.0620000000345,623.9536214848042,617.590659478334
603.4220000000205,623.9544703510774,617.590659478334
603.765000000014,623.9525408802944,617.590659478334
604.125,623.9593791231163,617.590659478334
604.484000000055,623.9560523561031,617.590659478334
604.8279999999795,623.9587151156501,617.590659478334
605.2810000000754,623.9440838522189,617.590659478334
605.625,623.9539704315168,617.590659478334
605.9679999999935,623.9513324387842,617.590659478334
606.3279999999795,623.9586344699065,617.590659478334
606.6720000000205,623.9531873596303,617.590659478334
607.015000000014,623.9653510759634,617.590659478334
607.359000000055,623.9401915357313,617.590659478334
607.7029999999795,623.952461453232,617.590659478334
608.0470000000205,623.9526908238198,617.590659478334
608.390000000014,623.958032184111,617.590659478334
608.75,623.9597839212486,617.590659478334
609.0929999999935,623.9445974581888,617.590659478334
609.4370000000345,623.9491832958576,617.590659478334
609.7810000000754,623.9633101794128,617.590659478334
610.125,623.948366920851,617.590659478334
610.484000000055,623.9518483539042,617.590659478334
610.8279999999795,623.959194999722,617.590659478334
611.1870000000345,623.9573698924884,617.590659478334
611.5310000000754,623.9669913900885,617.590659478334
611.875,623.9482832974076,617.590659478334
612.2179999999935,623.9458095991652,617.590659478334
612.5620000000345,623.9514179739551,617.590659478334
612.9060000000754,623.9500069116806,617.590659478334
613.25,623.9529351822254,617.590659478334
613.5929999999935,623.9517165783635,617.590659478334
613.9370000000345,623.9509643184152,617.590659478334
614.2970000000205,623.945216784849,617.590659478334
614.640000000014,623.9546303654993,617.590659478334
614.984000000055,623.9525968460604,617.590659478334
615.3279999999795,623.952052197777,617.590659478334
615.6870000000345,623.948166647223,617.590659478334
616.0310000000754,623.9547009581789,617.590659478334
616.375,623.9580648362823,617.590659478334
616.7179999999935,623.9413025027183,617.590659478334
617.125,623.959512814411,617.590659478334
617.4679999999935,623.9603381193438,617.590659478334
617.8120000000345,623.9468486256199,617.590659478334
618.1560000000754,623.9588230384702,617.590659478334
618.5,623.9442195966961,617.590659478334
618.8429999999935,623.9564789022728,617.590659478334
619.1870000000345,623.9620674841622,617.590659478334
619.5470000000205,623.9544583228501,617.590659478334
619.890000000014,623.9535512741476,617.590659478334
620.234000000055,623.9425501276164,617.590659478334
620.5929999999935,623.9590393462294,617.590659478334
620.9220000000205,623.9500203413519,617.590659478334
621.2810000000754,623.9448280531035,617.590659478334
621.625,623.9512388027373,617.590659478334
621.9679999999935,623.9551519624171,617.590659478334
622.3120000000345,623.9513540397047,617.590659478334
622.6720000000205,623.9551983747772,617.590659478334
623.015000000014,623.9570498950084,617.590659478334
623.359000000055,623.9544231848706,617.590659478334
623.7179999999935,623.9387848860252,617.590659478334
624.0779999999795,623.9564655645647,617.590659478334
624.4220000000205,623.9521380690608,617.590659478334
624.7810000000754,623.949028114305,617.590659478334
625.125,623.947649357125,617.590659478334
625.4679999999935,623.9529411832804,617.590659478334
625.8279999999795,623.9441993775109,617.590659478334
626.1720000000205,623.9513750368841,617.590659478334
626.515000000014,623.9574063436169,617.590659478334
626.875,623.9598413698659,617.590659478334
627.234000000055,623.9500319250585,617.590659478334
627.5779999999795,623.9558379926538,617.590659478334
627.9220000000205,623.9505576919418,617.590659478334
628.2810000000754,623.9325673633181,617.590659478334
628.625,623.94828099417,617.590659478334
628.984000000055,623.9560533632849,617.590659478334
629.3279999999795,623.9483079725328,617.590659478334
629.6870000000345,623.9534172521085,617.590659478334
630.0310000000754,623.9600344529238,617.590659478334
630.375,623.9587348365428,617.590659478334
630.734000000055,623.9587568890183,617.590659478334
631.0779999999795,623.9461094043597,617.590659478334
631.4370000000345,623.9405313958819,617.590659478334
631.765000000014,623.9526503474332,617.590659478334
632.125,623.9512591604278,617.590659478334
632.4679999999935,623.9506587882773,617.590659478334
632.8120000000345,623.9410840077743,617.590659478334
633.1560000000754,623.9573970282827,617.590659478334
633.515000000014,623.955716009804,617.590659478334
633.859000000055,623.9373918021857,617.590659478334
634.2029999999795,623.9615213958946,617.590659478334
634.5470000000205,623.9475280228047,617.590659478334
634.890000000014,623.9483783195108,617.590659478334
635.234000000055,623.9561331613128,617.590659478334
635.5929999999935,623.9473096803758,617.590659478334
635.9370000000345,623.9509919741056,617.590659478334
636.2810000000754,623.9498867162923,617.590659478334
636.625,623.9552374015308,617.590659478334
636.984000000055,623.9505848448775,617.590659478334
637.3279999999795,623.9600814287458,617.590659478334
637.6720000000205,623.9432408881808,617.590659478334
638.015000000014,623.9500077795016,617.590659478334
638.359000000055,623.9529257931966,617.590659478334
638.7179999999935,623.9488888456848,617.590659478334
639.0620000000345,623.9603849901016,617.590659478334
639.4060000000754,623.9510348520657,617.590659478334
639.75,623.9428495789816,617.590659478334
640.0929999999935,623.9525747908915,617.590659478334
640.4370000000345,623.9528670038596,617.590659478334
640.7810000000754,623.9558609230153,617.590659478334
641.265000000014,623.9752071511853,617.590659478334
641.609000000055,623.8639088399015,617.590659478334
641.9529999999795,623.8640677357403,617.590659478334
642.2970000000205,623.8513499220993,617.590659478334
642.6560000000754,623.8446591859125,617.590659478334
642.984000000055,623.8252882977594,617.590659478334
643.3429999999935,623.8175987623218,617.590659478334
643.6870000000345,623.812307930364,617.590659478334
644.0310000000754,623.814413052162,617.590659478334
644.390000000014,623.8228711480522,617.590659478334
644.734000000055,623.8039841023531,617.590659478334
645.0779999999795,623.8063113916958,617.590659478334
645.4220000000205,623.808705013829,617.590659478334
645.765000000014,623.8009026089239,617.590659478334
646.125,623.8028659002276,617.590659478334
646.4679999999935,623.8047011908321,617.590659478334
646.8120000000345,623.7901623593428,617.590659478334
647.1720000000205,623.8054826060983,617.590659478334
647.515000000014,623.7929747856143,617.590659478334
647.859000000055,623.7948470346663,617.590659478334
648.2029999999795,623.7928308359119,617.590659478334
648.5470000000205,623.7967705565756,617.590659478334
648.890000000014,623.7818793997604,617.590659478334
649.25,623.8059853821331,617.590659478334
649.5929999999935,623.8092931342774,617.590659478334
649.9370000000345,623.7863594901958,617.590659478334
650.2810000000754,623.7928016583572,617.590659478334
650.625,623.789779574965,617.590659478334
650.984000000055,623.7785287726111,617.590659478334
651.3279999999795,623.7763032723991,617.590659478334
651.6720000000205,623.7886700372212,617.590659478334
652.015000000014,623.778290679189,617.590659478334
652.359000000055,623.7894710140624,617.590659478334
652.7029999999795,623.7719668775559,617.590659478334
653.125,623.7885729096932,617.590659478334
653.484000000055,623.7990300059465,617.590659478334
653.8279999999795,623.8163052631007,617.590659478334
654.1870000000345,623.871085094748,617.590659478334
654.5310000000754,623.9261072146161,617.590659478334
654.890000000014,623.9148892724273,617.590659478334
655.234000000055,623.9242375235737,617.590659478334
655.5779999999795,623.9027545296414,617.590659478334
655.9220000000205,623.9108873722045,617.590659478334
656.265000000014,623.9026970426719,617.590659478334
656.609000000055,623.9055707303212,617.590659478334
656.9679999999935,623.8972831000984,617.590659478334
657.3120000000345,623.9053677428692,617.590659478334
657.6560000000754,623.9012205733403,617.590659478334
658.0,623.8966157265268,617.590659478334
658.3429999999935,623.900192117284,617.590659478334
658.7029999999795,623.9061882926425,617.590659478334
659.0620000000345,623.9090558468148,617.590659478334
659.4060000000754,623.9029349280938,617.590659478334
659.75,623.9117588560122,617.590659478334
660.109000000055,623.905148873252,617.590659478334
660.4529999999795,623.9010302655928,617.590659478334
660.8120000000345,623.8872857513313,617.590659478334
661.1720000000205,623.8959718725669,617.590659478334
661.515000000014,623.90050886331,617.590659478334
661.859000000055,623.9050596480023,617.590659478334
662.2179999999935,623.898311720064,617.590659478334
662.5779999999795,623.8969098191673,617.590659478334
662.9220000000205,623.8949191441129,617.590659478334
663.2810000000754,623.9097280357431,617.590659478334
663.625,623.8962998913513,617.590659478334
663.984000000055,623.9091077187356,617.590659478334
664.3429999999935,623.9077487945551,617.590659478334
664.6870000000345,623.8954414383111,617.590659478334
665.0470000000205,623.8915063032308,617.590659478334
665.390000000014,623.8831291236934,617.590659478334
665.75,623.9023538383733,617.590659478334
666.0929999999935,623.8873006285619,617.590659478334
666.4370000000345,623.8773464886857,617.590659478334
666.7810000000754,623.8333619399407,617.590659478334
667.125,623.8349118666493,617.590659478334
667.4679999999935,623.8294597682398,617.590659478334
667.8279999999795,623.830381105126,617.590659478334
668.1870000000345,623.8305068450863,617.590659478334
668.515000000014,623.8188070796938,617.590659478334
668.875,623.8028657322383,617.590659478334
669.2179999999935,623.8070396166098,617.590659478334
669.5620000000345,623.803486249629,617.590659478334
669.9060000000754,623.8121922264099,617.590659478334
670.25,623.7964465253076,617.590659478334
670.5929999999935,623.7863213209101,617.590659478334
670.9529999999795,623.8100543417387,617.590659478334
671.3120000000345,623.8067611357062,617.590659478334
671.6560000000754,623.7996867466084,617.590659478334
672.0,623.7965442037627,617.590659478334
672.359000000055,623.7979430018247,617.590659478334
672.7179999999935,623.8054169564896,617.590659478334
673.0470000000205,623.7917105066414,617.590659478334
673.4060000000754,623.8005567119328,617.590659478334
673.75,623.7893952781014,617.590659478334
674.109000000055,623.7905603327953,617.590659478334
674.4529999999795,623.7953131245815,617.590659478334
674.7970000000205,623.7894006565922,617.590659478334
675.1560000000754,623.7831355930849,617.590659478334
675.515000000014,623.7919032379036,617.590659478334
675.859000000055,623.7807114051045,617.590659478334
676.2179999999935,623.7754660757034,617.590659478334
676.5779999999795,623.7840926714886,617.590659478334
676.9220000000205,623.7901474168232,617.590659478334
677.359000000055,623.7832008262969,617.590659478334
677.7029999999795,623.7841192229268,617.590659478334
678.0470000000205,623.7840930024621,617.590659478334
678.390000000014,623.7791644460117,617.590659478334
678.734000000055,623.8111703219319,617.590659478334
679.0929999999935,623.8178480455942,617.590659478334
679.4370000000345,623.8726172103654,617.590659478334
679.7810000000754,623.9296847490564,617.590659478334
680.140000000014,623.9399616246462,617.590659478334
680.484000000055,623.9258937227886,617.590659478334
680.8120000000345,623.9120692918048,617.590659478334
681.1720000000205,623.9154592720978,617.590659478334
681.515000000014,623.9131869028421,617.590659478334
681.859000000055,623.9079592193929,617.590659478334
682.2179999999935,623.9106310177954,617.590659478334
682.5470000000205,623.9176821928259,617.590659478334
682.9060000000754,623.901212764716,617.590659478334
683.25,623.9132588029053,617.590659478334
683.609000000055,623.8952545103683,617.590659478334
683.9679999999935,623.9010998813884,617.590659478334
684.3279999999795,623.9057678585368,617.590659478334
684.6720000000205,623.8966272929257,617.590659478334
685.0310000000754,623.8926146756123,617.590659478334
685.390000000014,623.9034695872581,617.590659478334
685.734000000055,623.8883495565361,617.590659478334
686.0929999999935,623.9376179419073,617.590659478334
686.4529999999795,623.9451208871324,617.590659478334
686.8120000000345,623.9507071324747,617.590659478334
687.1560000000754,623.9230258093212,617.590659478334
687.515000000014,623.929595018353,617.590659478334
687.875,623.9241552338005,617.590659478334
688.2179999999935,623.9241857570082,617.590659478334
688.5779999999795,623.9220474746943,617.590659478334
688.9220000000205,623.9160706705944,617.590659478334
689.2810000000754,623.8997890649149,617.590659478334
689.609000000055,623.9072730560257,617.590659478334
689.9529999999795,623.9152721570999,617.590659478334
690.2970000000205,623.9210860472208,617.590659478334
690.640000000014,623.9126751898035,617.590659478334
691.0,623.9094127262052,617.590659478334
691.3429999999935,623.9191837822149,617.590659478334
691.6870000000345,623.9143158329352,617.590659478334
692.0310000000754,623.9059250361934,617.590659478334
692.390000000014,623.8993036248947,617.590659478334
692.7179999999935,623.9121210433576,617.590659478334
693.0929999999935,623.9136864165254,617.590659478334
693.4370000000345,623.9068800392973,617.590659478334
693.7810000000754,623.9000636104546,617.590659478334
694.125,623.9097334786643,617.590659478334
694.4679999999935,623.9178459974338,617.590659478334
694.8120000000345,623.9129557667421,617.590659478334
695.1870000000345,623.9032412157732,617.590659478334
695.5310000000754,623.9191118362115,617.590659478334
695.875,623.9077231949667,617.590659478334
696.234000000055,623.9195652106633,617.590659478334
696.5929999999935,623.9073038259829,617.590659478334
696.9529999999795,623.9058335730807,617.590659478334
697.2970000000205,623.9074070996844,617.590659478334
697.6560000000754,623.9074342367602,617.590659478334
698.015000000014,623.9118232204869,617.590659478334
698.375,623.9228395799468,617.590659478334
698.7179999999935,623.9028667636388,617.590659478334
699.0779999999795,623.9065154540967,617.590659478334
699.4370000000345,623.9017018728651,617.590659478334
699.7810000000754,623.9102764349085,617.590659478334
700.140000000014,623.9067182490744,617.590659478334
700.5,623.9134816314385,617.590659478334
700.859000000055,623.9116854952646,617.590659478334
701.2810000000754,623.9229188905076,617.590659478334
701.625,623.9092470401781,617.590659478334
701.9679999999935,623.9046730019497,617.590659478334
702.3120000000345,623.9065180457641,617.590659478334
702.6720000000205,623.908843382602,617.590659478334
703.015000000014,623.9081820479365,617.590659478334
703.359000000055,623.9091072227136,617.590659478334
703.7029999999795,623.900957444909,617.590659478334
704.0620000000345,623.9177528763031,617.590659478334
704.4060000000754,623.910838129509,617.590659478334
704.75,623.8944079613585,617.590659478334
705.0929999999935,623.9084808055028,617.590659478334
705.4529999999795,623.9029720899744,617.590659478334
705.7970000000205,623.9047144620264,617.590659478334
706.125,623.899402012974,617.590659478334
706.484000000055,623.9086376451645,617.590659478334
706.8279999999795,623.9123215261998,617.590659478334
707.1870000000345,623.9086154960654,617.590659478334
707.5310000000754,623.8992410934892,617.590659478334
707.875,623.9003044347357,617.590659478334
708.2179999999935,623.8952066060906,617.590659478334
708.5620000000345,623.9049416355142,617.590659478334
708.9220000000205,623.8918800985068,617.590659478334
709.265000000014,623.9099106088546,617.590659478334
709.609000000055,623.8996944390301,617.590659478334
709.9529999999795,623.8991748920585,617.590659478334
710.2970000000205,623.921435218768,617.590659478334
710.640000000014,623.8930050414804,617.590659478334
711.0,623.9060378659516,617.590659478334
711.3429999999935,623.9016336680379,617.590659478334
711.6870000000345,623.911399516466,617.590659478334
712.0310000000754,623.9042263081724,617.590659478334
712.375,623.9027163368489,617.590659478334
712.7179999999935,623.9050066730824,617.590659478334
713.1560000000754,623.8977024953757,617.590659478334
713.5310000000754,623.9043290040838,617.590659478334
713.875,623.903315785238,617.590659478334
714.2179999999935,623.9099650760542,617.590659478334
714.5620000000345,623.89034940783,617.590659478334
714.9060000000754,623.907520391564,617.590659478334
715.265000000014,623.9005540662711,617.590659478334
715.609000000055,623.9089455427932,617.590659478334
715.9529999999795,623.9101279038049,617.590659478334
716.3120000000345,623.9011684664754,617.590659478334
716.6560000000754,623.9024952066301,617.590659478334
716.984000000055,623.9103957038326,617.590659478334
717.3429999999935,623.9030631757798,617.590659478334
717.6870000000345,623.9037799498324,617.590659478334
718.0310000000754,623.9071295647426,617.590659478334
718.375,623.9067662821781,617.590659478334
718.7179999999935,623.900380926282,617.590659478334
719.0779999999795,623.8998950803029,617.590659478334
719.4220000000205,623.9037797058468,617.590659478334
719.765000000014,623.9046074494127,617.590659478334
720.109000000055,623.912712455026,617.590659478334
720.4529999999795,623.9079868537438,617.590659478334
720.8120000000345,623.8963891650393,617.590659478334
721.1560000000754,623.9152854835548,617.590659478334
721.5,623.8933342797928,617.590659478334
721.8429999999935,623.9069360230062,617.590659478334
722.2029999999795,623.9077286035539,617.590659478334
722.5620000000345,623.905338463478,617.590659478334
722.9220000000205,623.9082234973326,617.590659478334
723.265000000014,623.9059027935008,617.590659478334
723.625,623.9019564609733,617.590659478334
723.9679999999935,623.9067231273053,617.590659478334
724.3279999999795,623.8843240607605,617.590659478334
724.6720000000205,623.9047282983547,617.590659478334
725.0310000000754,623.9125928015558,617.590659478334
725.375,623.9023592440577,617.590659478334
725.7179999999935,623.8999772421253,617.590659478334
726.0779999999795,623.9000239510002,617.590659478334
726.4220000000205,623.8954181745954,617.590659478334
726.7810000000754,623.9014634774989,617.590659478334
727.109000000055,623.9000532963473,617.590659478334
727.4529999999795,623.9039056659084,617.590659478334
727.7970000000205,623.9189875103853,617.590659478334
728.1560000000754,623.8953782984283,617.590659478334
728.5,623.9037533624248,617.590659478334
728.8429999999935,623.9014925484097,617.590659478334
729.1870000000345,623.8982976033618,617.590659478334
729.5310000000754,623.89395466277,617.590659478334
729.890000000014,623.9133840626944,617.590659478334
730.234000000055,623.9117168180651,617.590659478334
730.5779999999795,623.9001985645448,617.590659478334
730.9220000000205,623.9066881464097,617.590659478334
731.265000000014,623.9143697961415,617.590659478334
731.609000000055,623.9146201041151,617.590659478334
731.9679999999935,623.9011737096017,617.590659478334
732.3120000000345,623.9013410736396,617.590659478334
732.6560000000754,623.8990674106809,617.590659478334
733.0,623.9230987844052,617.590659478334
733.359000000055,623.9028721620213,617.590659478334
733.7179999999935,623.9051688146814,617.590659478334
734.0620000000345,623.8963463326793,617.590659478334
734.4220000000205,623.9125275214355,617.590659478334
734.765000000014,623.8909189841618,617.590659478334
735.125,623.903127264587,617.590659478334
735.4679999999935,623.9054958890874,617.590659478334
735.8279999999795,623.9149325209582,617.590659478334
736.1720000000205,623.8924949089829,617.590659478334
736.515000000014,623.8967536558271,617.590659478334
736.875,623.9041910902846,617.590659478334
737.3279999999795,623.9112784389312,617.590659478334
737.6870000000345,623.8993329621549,617.590659478334
738.015000000014,623.895156450334,617.590659478334
738.359000000055,623.9036819051144,617.590659478334
738.7029999999795,623.9021837446239,617.590659478334
739.0620000000345,623.905426292091,617.590659478334
739.4060000000754,623.9125576330467,617.590659478334
739.75,623.8982572827064,617.590659478334
740.0929999999935,623.9030266721996,617.590659478334
740.4370000000345,623.9033598872064,617.590659478334
740.7970000000205,623.906755852485,617.590659478334
741.140000000014,623.9006980130473,617.590659478334
741.484000000055,623.9002000480184,617.590659478334
741.8279999999795,623.9020075513956,617.590659478334
742.1870000000345,623.9095288875216,617.590659478334
742.5310000000754,623.9017619708031,617.590659478334
742.875,623.9054384173323,617.590659478334
743.234000000055,623.9001871600117,617.590659478334
743.5779999999795,623.9064632187874,617.590659478334
743.9220000000205,623.9153611054561,617.590659478334
744.2810000000754,623.9070416052575,617.590659478334
744.625,623.9099831679571,617.590659478334
744.984000000055,623.9033480085642,617.590659478334
745.3279999999795,623.9025592556696,617.590659478334
745.6870000000345,623.9026464171054,617.590659478334
746.0310000000754,623.9078116509812,617.590659478334
746.390000000014,623.9044484000948,617.590659478334
746.734000000055,623.9089445030177,617.590659478334
747.109000000055,623.9015134016946,617.590659478334
747.4679999999935,623.900596607236,617.590659478334
747.8120000000345,623.8926198610149,617.590659478334
748.1560000000754,623.9010353596667,617.590659478334
748.5,623.9015296382831,617.590659478334
748.8429999999935,623.9022643235498,617.590659478334
749.265000000014,623.9039042589764,617.590659478334
749.609000000055,623.8995995791399,617.590659478334
749.9529999999795,623.8953903508088,617.590659478334
750.2970000000205,623.8929299706072,617.590659478334
750.6560000000754,623.9023134355712,617.590659478334
751.0,623.8949818980823,617.590659478334
751.3429999999935,623.8926766769991,617.590659478334
751.7029999999795,623.9044032338895,617.590659478334
752.0470000000205,623.9088405053452,617.590659478334
752.390000000014,623.9149289527975,617.590659478334
752.734000000055,623.8954512054996,617.590659478334
753.0779999999795,623.9021633458483,617.590659478334
753.4370000000345,623.8962253678272,617.590659478334
753.7810000000754,623.9022243246139,617.590659478334
754.125,623.8987315918837,617.590659478334
754.4679999999935,623.8912898108618,617.590659478334
754.8120000000345,623.8909822362646,617.590659478334
755.1560000000754,623.913927648872,617.590659478334
755.515000000014,623.9005575891589,617.590659478334
755.875,623.9125799843879,617.590659478334
756.234000000055,623.9055458830067,617.590659478334
756.5779999999795,623.9114554309639,617.590659478334
756.9370000000345,623.8967198565584,617.590659478334
757.2810000000754,623.9039639672344,617.590659478334
757.625,623.8953218956545,617.590659478334
757.9679999999935,623.8951504404104,617.590659478334
758.3279999999795,623.9019438365788,617.590659478334
758.6720000000205,623.9150561774995,617.590659478334
759.0310000000754,623.9058965162552,617.590659478334
759.375,623.9068979324774,617.590659478334
759.734000000055,623.8866251198235,617.590659478334
760.0929999999935,623.897747885109,617.590659478334
760.4529999999795,623.9034003541674,617.590659478334
760.8120000000345,623.9067082279946,617.590659478334
761.2810000000754,623.9053669764835,617.590659478334
761.625,623.902423560424,617.590659478334
761.9679999999935,623.8948990974989,617.590659478334
762.3120000000345,623.8933276329046,617.590659478334
762.6720000000205,623.9060224320253,617.590659478334
763.015000000014,623.8977482863255,617.590659478334
763.359000000055,623.9038425665773,617.590659478334
763.7029999999795,623.9078510777618,617.590659478334
764.0620000000345,623.8965580373584,617.590659478334
764.4060000000754,623.8959774262805,617.590659478334
764.75,623.8950453131877,617.590659478334
765.0929999999935,623.9031430359097,617.590659478334
765.4370000000345,623.8967052681755,617.590659478334
765.7810000000754,623.8973058130559,617.590659478334
766.125,623.8957033887085,617.590659478334
766.4679999999935,623.8904395198177,617.590659478334
766.7970000000205,623.8881837609634,617.590659478334
767.1560000000754,623.9100560445503,617.590659478334
767.5,623.9064816030912,617.590659478334
767.8429999999935,623.8899091255332,617.590659478334
768.2029999999795,623.9125640312415,617.590659478334
768.5470000000205,623.9091127625577,617.590659478334
768.890000000014,623.8900427377673,617.590659478334
769.234000000055,623.9030545748523,617.590659478334
769.5929999999935,623.8980174958567,617.590659478334
769.9370000000345,623.8888369771753,617.590659478334
770.2810000000754,623.896296286235,617.590659478334
770.625,623.9101116838256,617.590659478334
770.984000000055,623.8960373640198,617.590659478334
771.3279999999795,623.8885546147086,617.590659478334
771.6720000000205,623.9127693681102,617.590659478334
772.015000000014,623.9054083820533,617.590659478334
772.359000000055,623.9051133639528,617.590659478334
772.7179999999935,623.9027910316951,617.590659478334
773.265000000014,623.9002083391952,617.590659478334
773.609000000055,623.9073825791626,617.590659478334
773.9679999999935,623.8853944231671,617.590659478334
774.3120000000345,623.91359776708,617.590659478334
774.6560000000754,623.9075298242212,617.590659478334
775.0,623.8959760829757,617.590659478334
775.359000000055,623.8979859535609,617.590659478334
775.7029999999795,623.9114248967361,617.590659478334
776.0470000000205,623.8994632282869,617.590659478334
776.390000000014,623.8898464015593,617.590659478334
776.734000000055,623.9036291397313,617.590659478334
777.0929999999935,623.9009867540682,617.590659478334
777.4370000000345,623.9126597083441,617.590659478334
777.7810000000754,623.8937487798852,617.590659478334
778.125,623.9060674752574,617.590659478334
778.4679999999935,623.9050851785366,617.590659478334
778.8279999999795,623.8952171749247,617.590659478334
779.1720000000205,623.8984492694074,617.590659478334
779.515000000014,623.9079527910794,617.590659478334
779.859000000055,623.9005403619209,617.590659478334
780.2179999999935,623.8977940492815,617.590659478334
780.5620000000345,623.8996641234188,617.590659478334
780.9220000000205,623.8985706641051,617.590659478334
781.265000000014,623.8979808827187,617.590659478334
781.625,623.8976947867844,617.590659478334
781.984000000055,623.9006921412617,617.590659478334
782.3279999999795,623.9039120586949,617.590659478334
782.6870000000345,623.9019245176763,617.590659478334
783.0310000000754,623.9037251449836,617.590659478334
783.390000000014,623.9074035856952,617.590659478334
783.75,623.9029035959134,617.590659478334
784.109000000055,623.9011013820309,617.590659478334
784.4529999999795,623.9066330830965,617.590659478334
784.7970000000205,623.9017496422514,617.590659478334
785.265000000014,623.9034783633048,617.590659478334
785.609000000055,623.8885382647668,617.590659478334
785.9529999999795,623.9057924683577,617.590659478334
786.3120000000345,623.9011557954495,617.590659478334
786.6560000000754,623.9000896032314,617.590659478334
786.984000000055,623.9012903813074,617.590659478334
787.3429999999935,623.9001724567765,617.590659478334
787.6870000000345,623.9052454997095,617.590659478334
788.0470000000205,623.8883965037588,617.590659478334
788.390000000014,623.8941090407093,617.590659478334
788.734000000055,623.8921571838968,617.590659478334
789.0779999999795,623.8899200608292,617.590659478334
789.4370000000345,623.9041611390512,617.590659478334
789.7810000000754,623.8889672503889,617.590659478334
790.125,623.9018278936962,617.590659478334
790.4679999999935,623.8934810387284,617.590659478334
790.8279999999795,623.8968143491967,617.590659478334
791.1720000000205,623.8957674447006,617.590659478334
791.515000000014,623.9055363789982,617.590659478334
791.875,623.885420599354,617.590659478334
792.234000000055,623.907758761608,617.590659478334
792.5779999999795,623.8943771672974,617.590659478334
792.9370000000345,623.898828037464,617.590659478334
793.2970000000205,623.9027834592456,617.590659478334
793.6560000000754,623.8938907463757,617.590659478334
794.0,623.8985838267373,617.590659478334
794.359000000055,623.8961523111493,617.590659478334
794.7029999999795,623.9037850620815,617.590659478334
795.0620000000345,623.9020548752335,617.590659478334
795.4060000000754,623.90345643963,617.590659478334
795.765000000014,623.8987012885549,617.590659478334
796.109000000055,623.8864913054363,617.590659478334
796.4679999999935,623.8938283621638,617.590659478334
796.8120000000345,623.8954132105505,617.590659478334
797.1870000000345,623.8919956589149,617.590659478334
797.5310000000754,623.8990105942614,617.590659478334
797.859000000055,623.9038874033253,617.590659478334
798.2179999999935,623.9096212991753,617.590659478334
798.5620000000345,623.8907225167267,617.590659478334
798.9060000000754,623.90158804855,617.590659478334
799.25,623.9007084184003,617.590659478334
799.609000000055,623.8946420019561,617.590659478334
799.9370000000345,623.9070976253504,617.590659478334
800.2970000000205,623.8891727170914,617.590659478334
800.640000000014,623.9031929084896,617.590659478334
800.984000000055,623.8949186342436,617.590659478334
801.3279999999795,623.8951858999717,617.590659478334
801.6870000000345,623.9115153448435,617.590659478334
802.015000000014,623.909706479947,617.590659478334
802.375,623.9014151297554,617.590659478334
802.7179999999935,623.8988002231587,617.590659478334
803.0620000000345,623.8889080332639,617.590659478334
803.4060000000754,623.9017729199336,617.590659478334
803.765000000014,623.886220659903,617.590659478334
804.109000000055,623.8972722827077,617.590659478334
804.4529999999795,623.9004802252527,617.590659478334
804.7970000000205,623.890315937683,617.590659478334
805.1560000000754,623.8903692779345,617.590659478334
805.515000000014,623.8896728169757,617.590659478334
805.859000000055,623.9138252677242,617.590659478334
806.2179999999935,623.8966775541098,617.590659478334
806.5620000000345,623.8964190553235,617.590659478334
806.9220000000205,623.8906723927278,617.590659478334
807.25,623.897765902403,617.590659478334
807.5929999999935,623.8883430820747,617.590659478334
807.9529999999795,623.9014828917572,617.590659478334
808.2970000000205,623.9013563044167,617.590659478334
808.640000000014,623.8950694417769,617.590659478334
808.984000000055,623.8872883372522,617.590659478334
809.3429999999935,623.9063031813014,617.590659478334
809.6870000000345,623.9026505009278,617.590659478334
810.0310000000754,623.8977079745333,617.590659478334
810.359000000055,623.8991455308782,617.590659478334
810.7029999999795,623.8897523476378,617.590659478334
811.0470000000205,623.9047100030833,617.590659478334
811.390000000014,623.8979570294354,617.590659478334
811.75,623.9068999264086,617.590659478334
812.0929999999935,623.8916816989383,617.590659478334
812.4370000000345,623.8974714371201,617.590659478334
812.7810000000754,623.8950616778976,617.590659478334
813.125,623.9049691466515,617.590659478334
813.4679999999935,623.9046199262482,617.590659478334
813.8279999999795,623.8890746334971,617.590659478334
814.1720000000205,623.896228647182,617.590659478334
814.5310000000754,623.9072716200619,617.590659478334
814.875,623.8959811107575,617.590659478334
815.234000000055,623.8981590357329,617.590659478334
815.5779999999795,623.8961218898725,617.590659478334
815.9220000000205,623.9049627583149,617.590659478334
816.265000000014,623.9051521594394,617.590659478334
816.609000000055,623.9031691557732,617.590659478334
816.984000000055,623.8941694831382,617.590659478334
817.3279999999795,623.9003156536022,617.590659478334
817.6720000000205,623.8993509681213,617.590659478334
818.0310000000754,623.8924055549024,617.590659478334
818.375,623.8961227258335,617.590659478334
818.734000000055,623.8916534473814,617.590659478334
819.0929999999935,623.8952559288799,617.590659478334
819.4370000000345,623.9064662101815,617.590659478334
819.7970000000205,623.9019850022588,617.590659478334
820.140000000014,623.899832886437,617.590659478334
820.5,623.9052885546315,617.590659478334
820.8429999999935,623.8963958550822,617.590659478334
821.265000000014,623.8956997947633,617.590659478334
821.609000000055,623.8958185636251,617.590659478334
821.9529999999795,623.8913713134926,617.590659478334
822.3120000000345,623.9053914980404,617.590659478334
822.6560000000754,623.8860946007264,617.590659478334
822.984000000055,623.9082952021582,617.590659478334
823.3429999999935,623.8962254866891,617.590659478334
823.6870000000345,623.9055909243701,617.590659478334
824.0310000000754,623.8864433552152,617.590659478334
824.375,623.9021166806255,617.590659478334
824.7179999999935,623.885257815264,617.590659478334
825.0779999999795,623.901733871816,617.590659478334
825.4370000000345,623.89462766112,617.590659478334
825.7810000000754,623.8918681041162,617.590659478334
826.125,623.9036678027203,617.590659478334
826.484000000055,623.881246601328,617.590659478334
826.8429999999935,623.8986245984674,617.590659478334
827.1870000000345,623.896970900598,617.590659478334
827.5310000000754,623.8923686176103,617.590659478334
827.890000000014,623.9022621978264,617.590659478334
828.2179999999935,623.8971899989994,617.590659478334
828.5620000000345,623.8879614485098,617.590659478334
828.9220000000205,623.8905942011907,617.590659478334
829.265000000014,623.8852172063104,617.590659478334
829.609000000055,623.8988353547371,617.590659478334
829.9679999999935,623.8946380227169,617.590659478334
830.3120000000345,623.9171803595073,617.590659478334
830.6560000000754,623.9004691377636,617.590659478334
831.015000000014,623.887650606462,617.590659478334
831.359000000055,623.8924989981502,617.590659478334
831.7029999999795,623.8957829547528,617.590659478334
832.0470000000205,623.8938772666595,617.590659478334
832.390000000014,623.9004720852786,617.590659478334
832.75,623.9052892129388,617.590659478334
833.2810000000754,623.9031029356829,617.590659478334
833.625,623.8999523977459,617.590659478334
833.9679999999935,623.8920736296152,617.590659478334
834.3279999999795,623.8956854551823,617.590659478334
834.6560000000754,623.9058595719822,617.590659478334
835.015000000014,623.8984347871703,617.590659478334
835.359000000055,623.907907823546,617.590659478334
835.7179999999935,623.8975599473598,617.590659478334
836.0620000000345,623.8958666395366,617.590659478334
836.4060000000754,623.9031987632676,617.590659478334
836.765000000014,623.8993113230237,617.590659478334
837.0929999999935,623.8922519507229,617.590659478334
837.4529999999795,623.899000722882,617.590659478334
837.7970000000205,623.8953018489178,617.590659478334
838.140000000014,623.908614312626,617.590659478334
838.484000000055,623.8996322404981,617.590659478334
838.8429999999935,623.9017329399403,617.590659478334
839.1870000000345,623.8935946908512,617.590659478334
839.5470000000205,623.9011507045209,617.590659478334
839.890000000014,623.8972815766873,617.590659478334
840.25,623.9007929046408,617.590659478334
840.609000000055,623.89995060245,617.590659478334
840.9529999999795,623.9080319935161,617.590659478334
841.3120000000345,623.8959844476609,617.590659478334
841.6560000000754,623.9037382785685,617.590659478334
842.015000000014,623.901983720499,617.590659478334
842.359000000055,623.8945420170688,617.590659478334
842.7179999999935,623.8943858813107,617.590659478334
843.0620000000345,623.893216128394,617.590659478334
843.4370000000345,623.893260459681,617.590659478334
843.7810000000754,623.8936099768961,617.590659478334
844.140000000014,623.9092632003778,617.590659478334
844.5,623.894336937924,617.590659478334
844.8429999999935,623.9025644911565,617.590659478334
845.265000000014,623.9008007729739,617.590659478334
845.625,623.9129158407405,617.590659478334
845.9679999999935,623.9137635442709,617.590659478334
846.3120000000345,623.9286477290603,617.590659478334
846.6560000000754,623.9379025589193,617.590659478334
847.0,623.9219673106392,617.590659478334
847.3429999999935,623.9390651008747,617.590659478334
847.7029999999795,623.9329059738302,617.590659478334
848.0470000000205,623.918232598065,617.590659478334
848.390000000014,623.9291676190883,617.590659478334
848.734000000055,623.9146036809392,617.590659478334
849.0779999999795,623.9296085430719,617.590659478334
849.4370000000345,623.9267674515023,617.590659478334
849.7810000000754,623.9227800064511,617.590659478334
850.125,623.9271462768129,617.590659478334
850.484000000055,623.9174447314259,617.590659478334
850.8279999999795,623.9243135252646,617.590659478334
851.1870000000345,623.920520974349,617.590659478334
851.5310000000754,623.9409660949673,617.590659478334
851.890000000014,623.9298472249898,617.590659478334
852.234000000055,623.9333843911626,617.590659478334
852.5929999999935,623.9233865909239,617.590659478334
852.9370000000345,623.9315169383734,617.590659478334
853.2970000000205,623.9337198929204,617.590659478334
853.6560000000754,623.9314505374247,617.590659478334
854.0,623.9292606343308,617.590659478334
854.359000000055,623.9189800605748,617.590659478334
854.7179999999935,623.9349946262453,617.590659478334
855.0620000000345,623.9333864809083,617.590659478334
855.4220000000205,623.9379494616891,617.590659478334
855.7810000000754,623.9464480446991,617.590659478334
856.125,623.9440326329949,617.590659478334
856.484000000055,623.9466264391966,617.590659478334
856.8429999999935,623.9444108647716,617.590659478334
857.375,623.9245113232798,617.590659478334
857.734000000055,623.9450259852704,617.590659478334
858.0779999999795,623.9345335705879,617.590659478334
858.4220000000205,623.9620966575535,617.590659478334
858.765000000014,623.9783833451555,617.590659478334
859.125,623.9828783129346,617.590659478334
859.4679999999935,623.9898607124387,617.590659478334
859.8120000000345,623.9949085164599,617.590659478334
860.1560000000754,623.9922168576501,617.590659478334
860.5,623.9851373795723,617.590659478334
860.8429999999935,623.9891083294447,617.590659478334
861.2029999999795,623.9794788489471,617.590659478334
861.5470000000205,623.964318379452,617.590659478334
861.9060000000754,623.9715413429008,617.590659478334
862.25,623.9654116275447,617.590659478334
862.5929999999935,623.962136447211,617.590659478334
862.9370000000345,623.9643088896582,617.590659478334
863.2810000000754,623.9601146631836,617.590659478334
863.640000000014,623.9686806096862,617.590659478334
863.984000000055,623.9579043811264,617.590659478334
864.3429999999935,623.9538814008052,617.590659478334
864.6870000000345,623.9556618551745,617.590659478334
865.0470000000205,623.946230176061,617.590659478334
865.4060000000754,623.9488775631083,617.590659478334
865.75,623.9696207386087,617.590659478334
866.109000000055,623.9578054847104,617.590659478334
866.4679999999935,623.955176576852,617.590659478334
866.7970000000205,623.9539254478588,617.590659478334
867.1560000000754,623.9663288416286,617.590659478334
867.515000000014,623.9397078457632,617.590659478334
867.875,623.9459341768703,617.590659478334
868.2179999999935,623.9419742843944,617.590659478334
868.5620000000345,623.9591820157935,617.590659478334
868.9220000000205,623.9571764906281,617.590659478334
869.265000000014,623.959287395901,617.590659478334
869.609000000055,623.9550245239947,617.590659478334
869.9529999999795,623.9623997766132,617.590659478334
870.2970000000205,623.9568732169754,617.590659478334
870.6560000000754,623.944295225659,617.590659478334
871.0,623.9459910573818,617.590659478334
871.3429999999935,623.9391701782549,617.590659478334
871.6870000000345,623.9507435995665,617.590659478334
872.0310000000754,623.9610853229996,617.590659478334
872.375,623.9712764076166,617.590659478334
872.734000000055,623.865269856905,617.590659478334
873.0779999999795,623.848735083447,617.590659478334
873.4220000000205,623.850588573475,617.590659478334
873.765000000014,623.8449641956486,617.590659478334
874.125,623.8363325903937,617.590659478334
874.4679999999935,623.8153501387097,617.590659478334
874.8120000000345,623.8265961549631,617.590659478334
875.1560000000754,623.8206483667955,617.590659478334
875.5,623.8103039340886,617.590659478334
875.859000000055,623.8065779398826,617.590659478334
876.2029999999795,623.8064913173454,617.590659478334
876.5470000000205,623.8077185340086,617.590659478334
876.890000000014,623.797136506452,617.590659478334
877.25,623.7973208746032,617.590659478334
877.5779999999795,623.7907954326071,617.590659478334
877.9370000000345,623.7839128025047,617.590659478334
878.2970000000205,623.7900141535433,617.590659478334
878.640000000014,623.7935311970035,617.590659478334
879.0,623.7887534252354,617.590659478334
879.3429999999935,623.8031762257536,617.590659478334
879.6870000000345,623.7998037104477,617.590659478334
880.0470000000205,623.7845600143019,617.590659478334
880.390000000014,623.7892360647952,617.590659478334
880.75,623.7956040500311,617.590659478334
881.265000000014,623.7856147133389,617.590659478334
881.625,623.790656860245,617.590659478334
881.9679999999935,623.7885008183138,617.590659478334
882.3120000000345,623.775802677379,617.590659478334
882.6720000000205,623.795515052296,617.590659478334
883.015000000014,623.7898962024068,617.590659478334
883.359000000055,623.7801928246541,617.590659478334
883.7029999999795,623.7748466632396,617.590659478334
884.0470000000205,623.7840622915377,617.590659478334
884.390000000014,623.7829270491158,617.590659478334
884.734000000055,623.810541140699,617.590659478334
885.0929999999935,623.8182907783626,617.590659478334
885.4370000000345,623.9294201816688,617.590659478334
885.7970000000205,623.9328802041445,617.590659478334
886.125,623.9298857722065,617.590659478334
886.484000000055,623.923968043964,617.590659478334
886.8279999999795,623.9119257917331,617.590659478334
887.1720000000205,623.9033673293363,617.590659478334
887.5470000000205,623.9013707280978,617.590659478334
887.890000000014,623.9105056891366,617.590659478334
888.234000000055,623.9040339094881,617.590659478334
888.5779999999795,623.8961559755495,617.590659478334
888.9370000000345,623.8897251188143,617.590659478334
889.2970000000205,623.9049376457363,617.590659478334
889.640000000014,623.8981780535244,617.590659478334
889.984000000055,623.9033608340542,617.590659478334
890.3429999999935,623.9095190784393,617.590659478334
890.6870000000345,623.8990135733571,617.590659478334
891.0470000000205,623.9033710734313,617.590659478334
891.390000000014,623.9044582218529,617.590659478334
891.75,623.9069628781932,617.590659478334
892.0929999999935,623.8936193102888,617.590659478334
892.4529999999795,623.9034006150612,617.590659478334
892.7970000000205,623.8991726370383,617.590659478334
893.2810000000754,623.8872039883481,617.590659478334
893.640000000014,623.9027196761274,617.590659478334
894.015000000014,623.8854737763652,617.590659478334
894.359000000055,623.8961325188859,617.590659478334
894.7029999999795,623.9043560511354,617.590659478334
895.0470000000205,623.897594111023,617.590659478334
895.390000000014,623.8916858607972,617.590659478334
895.734000000055,623.9044286513127,617.590659478334
896.0929999999935,623.9003951886727,617.590659478334
896.4370000000345,623.9077812462111,617.590659478334
896.7810000000754,623.8956038237236,617.590659478334
897.125,623.9105178072202,617.590659478334
897.484000000055,623.8764085411783,617.590659478334
897.8279999999795,623.8147841225046,617.590659478334
898.1720000000205,623.8309936271883,617.590659478334
898.515000000014,623.8357406120078,617.590659478334
898.875,623.8341730818486,617.590659478334
899.2179999999935,623.8285930651448,617.590659478334
899.5779999999795,623.8086604280917,617.590659478334
899.9220000000205,623.8093416614894,617.590659478334
900.265000000014,623.8166014749607,617.590659478334
900.625,623.8026915529393,617.590659478334
900.984000000055,623.8051424926228,617.590659478334
901.3279999999795,623.793109586412,617.590659478334
901.6560000000754,623.7959068420477,617.590659478334
902.015000000014,623.7978119809233,617.590659478334
902.375,623.7907923364819,617.590659478334
902.7179999999935,623.7978055764756,617.590659478334
903.0779999999795,623.7980896804562,617.590659478334
903.4220000000205,623.789977565419,617.590659478334
903.7810000000754,623.7975354834747,617.590659478334
904.109000000055,623.788442944814,617.590659478334
904.4529999999795,623.7967422728071,617.590659478334
904.8120000000345,623.7876096429152,617.590659478334
905.25,623.7824206322565,617.590659478334
905.5929999999935,623.7886167291575,617.590659478334
905.9529999999795,623.7830829897423,617.590659478334
906.2810000000754,623.7933087459727,617.590659478334
906.640000000014,623.7941163355207,617.590659478334
906.984000000055,623.7934051857678,617.590659478334
907.3279999999795,623.7806502954417,617.590659478334
907.6720000000205,623.8045013142661,617.590659478334
908.015000000014,623.7849305880659,617.590659478334
908.375,623.7711460057967,617.590659478334
908.7179999999935,623.796759975564,617.590659478334
909.0620000000345,623.7768299600411,617.590659478334
909.4060000000754,623.7792192376793,617.590659478334
909.75,623.7891672270879,617.590659478334
910.0929999999935,623.8205705368752,617.590659478334
910.4370000000345,623.9080531813505,617.590659478334
910.7810000000754,623.9223648822485,617.590659478334
911.140000000014,623.9347249675791,617.590659478334
911.484000000055,623.935255603938,617.590659478334
911.8279999999795,623.9237198203049,617.590659478334
912.1720000000205,623.9103363985579,617.590659478334
912.5310000000754,623.8987533555286,617.590659478334
912.890000000014,623.9102884311473,617.590659478334
913.234000000055,623.9077901290103,617.590659478334
913.5929999999935,623.9199189240884,617.590659478334
913.9529999999795,623.9109074652174,617.590659478334
914.2970000000205,623.9195167183666,617.590659478334
914.6560000000754,623.8946718274665,617.590659478334
915.0,623.9020392160065,617.590659478334
915.359000000055,623.9092225370053,617.590659478334
915.7029999999795,623.9065638591763,617.590659478334
916.0620000000345,623.9094977769741,617.590659478334
916.390000000014,623.9040360050892,617.590659478334
916.75,623.9093577072379,617.590659478334
917.1870000000345,623.9312520814041,617.590659478334
917.5310000000754,623.9435540886196,617.590659478334
917.875,623.9500830393547,617.590659478334
918.2179999999935,623.9438531323116,617.590659478334
918.5620000000345,623.9375338945912,617.590659478334
918.9220000000205,623.9268408730734,617.590659478334
919.265000000014,623.920734510338,617.590659478334
919.609000000055,623.9210417709378,617.590659478334
919.9529999999795,623.9330196175491,617.590659478334
920.2970000000205,623.8992819938768,617.590659478334
920.640000000014,623.9226263839851,617.590659478334
921.0,623.8933812289878,617.590659478334
921.3279999999795,623.9055635429231,617.590659478334
921.6870000000345,623.9059281937568,617.590659478334
922.0310000000754,623.9122888628801,617.590659478334
922.375,623.9074946174841,617.590659478334
922.7179999999935,623.9264103856315,617.590659478334
923.0779999999795,623.9261944803313,617.590659478334
923.4220000000205,623.9031599716374,617.590659478334
923.765000000014,623.9121505444776,617.590659478334
924.140000000014,623.901284213893,617.590659478334
924.484000000055,623.9201655197828,617.590659478334
924.8429999999935,623.9121853127623,617.590659478334
925.1870000000345,623.9042738909641,617.590659478334
925.5470000000205,623.9094789178491,617.590659478334
925.890000000014,623.9029569557679,617.590659478334
926.25,623.9076396774834,617.590659478334
926.609000000055,623.904319667005,617.590659478334
926.9529999999795,623.9124370118366,617.590659478334
927.3120000000345,623.9064447648786,617.590659478334
927.6560000000754,623.902044578225,617.590659478334
928.015000000014,623.9065513220482,617.590659478334
928.375,623.9210687856034,617.590659478334
928.7179999999935,623.9012803463676,617.590659478334
929.1720000000205,623.9127721170605,617.590659478334
929.5,623.9096442228457,617.590659478334
929.8429999999935,623.9185846423843,617.590659478334
930.2029999999795,623.9465144752585,617.590659478334
930.5470000000205,623.9361034120307,617.590659478334
930.890000000014,623.9444159300265,617.590659478334
931.234000000055,623.9372771717381,617.590659478334
931.5929999999935,623.929480234938,617.590659478334
931.9370000000345,623.9491651068355,617.590659478334
932.2810000000754,623.9311403206123,617.590659478334
932.625,623.9496467301464,617.590659478334
932.9679999999935,623.9420004650426,617.590659478334
933.3279999999795,623.9377586314171,617.590659478334
933.6560000000754,623.9367806431605,617.590659478334
934.015000000014,623.9423320738055,617.590659478334
934.375,623.9341065315617,617.590659478334
934.7179999999935,623.9420498226019,617.590659478334
935.0620000000345,623.9393471436663,617.590659478334
935.4060000000754,623.9393858595565,617.590659478334
935.765000000014,623.9352532724929,617.590659478334
936.109000000055,623.9566107843515,617.590659478334
936.4679999999935,623.9505912943282,617.590659478334
936.8279999999795,623.9373342993189,617.590659478334
937.1720000000205,623.941403028798,617.590659478334
937.5310000000754,623.9550555249743,617.590659478334
937.875,623.9392146459952,617.590659478334
938.234000000055,623.9490947524487,617.590659478334
938.5779999999795,623.9573364125748,617.590659478334
938.9370000000345,623.9409834319981,617.590659478334
939.2810000000754,623.9525391305102,617.590659478334
939.640000000014,623.9543645187413,617.590659478334
939.984000000055,623.9476942064526,617.590659478334
940.3429999999935,623.9578792212671,617.590659478334
940.6870000000345,623.9569528316345,617.590659478334
941.0310000000754,623.9431031440781,617.590659478334
941.375,623.9661437964526,617.590659478334
941.734000000055,623.9620644452574,617.590659478334
942.0779999999795,623.950185127152,617.590659478334
942.4220000000205,623.9468718240012,617.590659478334
942.7810000000754,623.9445404809867,617.590659478334
943.125,623.9572399648342,617.590659478334
943.4679999999935,623.9513038733769,617.590659478334
943.8120000000345,623.9690687220668,617.590659478334
944.1720000000205,623.9515344484367,617.590659478334
944.515000000014,623.9614907294542,617.590659478334
944.859000000055,623.9577632472694,617.590659478334
945.2029999999795,623.9616626979583,617.590659478334
945.5470000000205,623.9690431573773,617.590659478334
945.9060000000754,623.9634944339931,617.590659478334
946.234000000055,623.962613626054,617.590659478334
946.5929999999935,623.955919777249,617.590659478334
946.9370000000345,623.9567688304651,617.590659478334
947.2970000000205,623.9709495786224,617.590659478334
947.625,623.9708108928877,617.590659478334
947.984000000055,623.9711351676249,617.590659478334
948.3279999999795,623.9699669766045,617.590659478334
948.6720000000205,623.9608989163589,617.590659478334
949.015000000014,623.9508093165772,617.590659478334
949.359000000055,623.9597671228115,617.590659478334
949.7179999999935,623.969668442827,617.590659478334
950.0620000000345,623.9848219967909,617.590659478334
950.4220000000205,623.9596342968186,617.590659478334
950.765000000014,623.9907745093313,617.590659478334
951.109000000055,623.9878333424273,617.590659478334
951.4529999999795,623.9759201917294,617.590659478334
951.7970000000205,623.9621927151503,617.590659478334
952.140000000014,623.9732010043526,617.590659478334
952.5,623.9827599311739,617.590659478334
952.8429999999935,623.9767106582703,617.590659478334
953.25,623.9825785013091,617.590659478334
953.5929999999935,623.9766000330118,617.590659478334
953.9529999999795,623.9677060189529,617.590659478334
954.2970000000205,623.9566120926157,617.590659478334
954.640000000014,623.9704864782682,617.590659478334
954.984000000055,623.9721994629887,617.590659478334
955.3429999999935,623.9729977704138,617.590659478334
955.6870000000345,623.974343231545,617.590659478334
956.0310000000754,623.9684339098795,617.590659478334
956.375,623.9757819046105,617.590659478334
956.7179999999935,623.968872020778,617.590659478334
957.0779999999795,623.9700706860872,617.590659478334
957.4060000000754,623.9702801133036,617.590659478334
957.765000000014,623.9835999735913,617.590659478334
958.109000000055,623.9688766106668,617.590659478334
958.4529999999795,623.9774802542603,617.590659478334
958.8120000000345,623.9715650768795,617.590659478334
959.1560000000754,623.9673126457109,617.590659478334
959.5,623.9739668182879,617.590659478334
959.8429999999935,623.9837483510938,617.590659478334
960.1870000000345,623.9918135062301,617.590659478334
960.5310000000754,623.987149783971,617.590659478334
960.890000000014,623.9742861267516,617.590659478334
961.234000000055,623.9792915935736,617.590659478334
961.5929999999935,623.9756624826033,617.590659478334
961.9370000000345,623.9742219367963,617.590659478334
962.2810000000754,623.9632737936411,617.590659478334
962.640000000014,623.9912556440155,617.590659478334
963.0,623.9917662779014,617.590659478334
963.3429999999935,623.9852952680109,617.590659478334
963.7029999999795,623.991923428578,617.590659478334
964.0470000000205,623.9827590178185,617.590659478334
964.390000000014,623.981928100737,617.590659478334
964.734000000055,623.9977495117312,617.590659478334
965.265000000014,623.9803029443909,617.590659478334
965.609000000055,623.9854353064285,617.590659478334
965.9679999999935,623.9940921253631,617.590659478334
966.3120000000345,623.991523472725,617.590659478334
966.6560000000754,623.9812663530914,617.590659478334
967.0,623.9870782802406,617.590659478334
967.359000000055,623.9758897103462,617.590659478334
967.7029999999795,623.983031204388,617.590659478334
968.0470000000205,623.9798359399476,617.590659478334
968.390000000014,623.9941677918125,617.590659478334
968.734000000055,623.986367930972,617.590659478334
969.0779999999795,623.9907065683605,617.590659478334
969.4370000000345,623.9821349544881,617.590659478334
969.7810000000754,623.9807924571446,617.590659478334
970.125,623.9952506856898,617.590659478334
970.4679999999935,623.994350126756,617.590659478334
970.8279999999795,623.9888699945799,617.590659478334
971.1720000000205,623.9876610394441,617.590659478334
971.5310000000754,623.9841904615578,617.590659478334
971.875,623.987674340915,617.590659478334
972.234000000055,623.9904072606842,617.590659478334
972.5779999999795,623.9975216019649,617.590659478334
972.9220000000205,623.9892725864441,617.590659478334
973.2810000000754,624.0024477856488,617.590659478334
973.625,623.9858717593717,617.590659478334
973.984000000055,623.9889272964751,617.590659478334
974.3429999999935,623.988342148828,617.590659478334
974.6870000000345,623.9975001998529,617.590659478334
975.0470000000205,623.9933550242857,617.590659478334
975.390000000014,624.0061957232064,617.590659478334
975.75,623.9938510658446,617.590659478334
976.109000000055,623.9999462256072,617.590659478334
976.4679999999935,624.0067186177315,617.590659478334
976.7970000000205,623.999404121722,617.590659478334
977.3279999999795,623.9953878133368,617.590659478334
977.6720000000205,624.006772627186,617.590659478334
978.015000000014,624.0012551536789,617.590659478334
978.359000000055,623.999226283548,617.590659478334
978.7029999999795,624.0089789199957,617.590659478334
979.0470000000205,624.0138926461252,617.590659478334
979.390000000014,624.0108338944084,617.590659478334
979.734000000055,624.0051289294857,617.590659478334
980.0929999999935,624.0004153887714,617.590659478334
980.4370000000345,623.9939572098139,617.590659478334
980.7810000000754,624.0129068311248,617.590659478334
981.125,623.9959830309554,617.590659478334
981.4679999999935,623.9957096972092,617.590659478334
981.8120000000345,624.0016594355242,617.590659478334
982.1560000000754,623.991657290075,617.590659478334
982.5,623.9931406367203,617.590659478334
982.859000000055,624.0071656463067,617.590659478334
983.2029999999795,624.0020401670272,617.590659478334
983.5620000000345,624.002743162761,617.590659478334
983.9220000000205,623.9896390014828,617.590659478334
984.265000000014,624.0066633959513,617.590659478334
984.609000000055,624.0047518339719,617.590659478334
984.9529999999795,623.9931455192635,617.590659478334
985.2970000000205,624.0037198787265,617.590659478334
985.6560000000754,624.0084399105185,617.590659478334
986.015000000014,624.0211591491172,617.590659478334
986.375,624.007923009628,617.590659478334
986.734000000055,623.9977521577663,617.590659478334
987.0929999999935,623.99784283865,617.590659478334
987.4220000000205,624.0138482046178,617.590659478334
987.7810000000754,624.0030224728538,617.590659478334
988.125,624.0183829019916,617.590659478334
988.484000000055,624.010525176406,617.590659478334
988.8429999999935,623.9981224102162,617.590659478334
989.25,624.0145009915308,617.590659478334
989.609000000055,624.0125375775456,617.590659478334
989.9529999999795,624.0114438047528,617.590659478334
990.3120000000345,624.0074180587551,617.590659478334
990.6560000000754,624.0123099416606,617.590659478334
991.0,624.0036172092817,617.590659478334
991.3429999999935,624.0095668902628,617.590659478334
991.6870000000345,624.010807106928,617.590659478334
992.0310000000754,624.0099295635213,617.590659478334
992.375,624.0048537655591,617.590659478334
992.734000000055,624.0115940167607,617.590659478334
993.0779999999795,623.9984739073499,617.590659478334
993.4220000000205,623.999073211762,617.590659478334
993.7810000000754,624.0168041550239,617.590659478334
994.109000000055,624.0055671252376,617.590659478334
994.4679999999935,624.0218032191729,617.590659478334
994.8120000000345,624.0219637080845,617.590659478334
995.1560000000754,624.0178676278827,617.590659478334
995.515000000014,624.0221186602064,617.590659478334
995.875,624.0152947159465,617.590659478334
996.2029999999795,624.0226871263604,617.590659478334
996.5620000000345,624.006652535156,617.590659478334
996.9060000000754,624.0114996050577,617.590659478334
997.2810000000754,624.0180696796789,617.590659478334
997.625,624.0339249277039,617.590659478334
997.984000000055,624.0453332953199,617.590659478334
998.3279999999795,624.0679536922886,617.590659478334
998.6720000000205,624.0633164255615,617.590659478334
999.015000000014,624.0665373382851,617.590659478334
999.375,624.0787233444755,617.590659478334
999.7179999999935,624.067648446648,617.590659478334
1000.0779999999795,624.0734085394627,617.590659478334
1000.4220000000205,624.0587414632704,617.590659478334
1000.7810000000754,624.0488716341182,617.590659478334
1001.2810000000754,624.0439292150513,617.590659478334
1001.625,624.0389164222568,617.590659478334
1001.9679999999935,624.0389908151736,617.590659478334
1002.3120000000345,624.0369626490661,617.590659478334
1002.6560000000754,624.0418900466054,617.590659478334
1003.0,624.0259689494806,617.590659478334
1003.3429999999935,624.036205620309,617.590659478334
1003.7029999999795,624.0353216113482,617.590659478334
1004.0470000000205,624.0181931497466,617.590659478334
1004.390000000014,624.032412173146,617.590659478334
1004.734000000055,624.0347174351017,617.590659478334
1005.0779999999795,624.0385706552931,617.590659478334
1005.4370000000345,624.0290333866425,617.590659478334
1005.8120000000345,624.0262197998788,617.590659478334
1006.1560000000754,624.0352892508239,617.590659478334
1006.515000000014,624.010321193448,617.590659478334
1006.859000000055,624.0365106658219,617.590659478334
1007.2029999999795,624.0222115351464,617.590659478334
1007.5620000000345,624.0134821230948,617.590659478334
1007.9220000000205,624.0326711195319,617.590659478334
1008.2810000000754,624.0238972074408,617.590659478334
1008.625,624.0207391617051,617.590659478334
1008.9679999999935,624.0150576608045,617.590659478334
1009.3279999999795,624.0169477272608,617.590659478334
1009.6720000000205,624.0172843072528,617.590659478334
1010.0310000000754,624.0184388063557,617.590659478334
1010.375,624.02250917048,617.590659478334
1010.734000000055,624.0254348788262,617.590659478334
1011.0929999999935,623.9981416928781,617.590659478334
1011.4370000000345,624.0182368368327,617.590659478334
1011.7810000000754,624.0232867672378,617.590659478334
1012.140000000014,624.0250850036767,617.590659478334
1012.484000000055,624.0101677796391,617.590659478334
1012.8429999999935,624.022453564786,617.590659478334
1013.265000000014,624.0149374875681,617.590659478334
1013.609000000055,624.020925701059,617.590659478334
1013.9529999999795,624.0136526733577,617.590659478334
1014.2970000000205,624.0220105570012,617.590659478334
1014.6560000000754,624.0199616107566,617.590659478334
1015.0,624.0162853045549,617.590659478334
1015.3429999999935,624.0179836829524,617.590659478334
1015.6870000000345,624.0200134502209,617.590659478334
1016.0310000000754,624.0116821961361,617.590659478334
1016.375,624.031973285779,617.590659478334
1016.734000000055,624.0294912920521,617.590659478334
1017.0779999999795,624.0225378889954,617.590659478334
1017.4220000000205,624.0198420170996,617.590659478334
1017.765000000014,624.0144638643851,617.590659478334
1018.109000000055,624.0163791591168,617.590659478334
1018.4529999999795,624.0273642906753,617.590659478334
1018.8120000000345,624.0181933396042,617.590659478334
1019.1560000000754,624.0158058137482,617.590659478334
1019.515000000014,624.0203371178314,617.590659478334
1019.859000000055,624.0132875643133,617.590659478334
1020.2179999999935,624.0153687902713,617.590659478334
1020.5779999999795,624.0134151264931,617.590659478334
1020.9220000000205,624.0241976736793,617.590659478334
1021.265000000014,624.0231883784534,617.590659478334
1021.609000000055,624.0169208015772,617.590659478334
1021.9679999999935,624.0201720622225,617.590659478334
1022.3120000000345,624.0192629865539,617.590659478334
1022.6720000000205,624.0123717636056,617.590659478334
1023.0310000000754,624.0105569589426,617.590659478334
1023.375,624.011092123102,617.590659478334
1023.7029999999795,624.0128545372463,617.590659478334
1024.0620000000345,624.024518951816,617.590659478334
1024.4060000000754,624.0113588878166,617.590659478334
1024.765000000014,624.0127222532434,617.590659478334
1025.265000000014,624.0180582708168,617.590659478334
1025.609000000055,624.020052936688,617.590659478334
1025.9529999999795,624.0160785962266,617.590659478334
1026.2970000000205,624.0163076666685,617.590659478334
1026.640000000014,624.0101807960096,617.590659478334
1026.984000000055,624.0114675459455,617.590659478334
1027.3429999999935,624.0123272771227,617.590659478334
1027.6870000000345,624.0196122196662,617.590659478334
1028.0310000000754,624.0212416358728,617.590659478334
1028.375,624.0081087056338,617.590659478334
1028.7179999999935,624.0174500638775,617.590659478334
1029.0779999999795,624.0303398489461,617.590659478334
1029.4220000000205,624.0008385169508,617.590659478334
1029.765000000014,624.0041784209037,617.590659478334
1030.109000000055,624.0028548798081,617.590659478334
1030.4529999999795,624.0142989147822,617.590659478334
1030.7970000000205,624.0076393696974,617.590659478334
1031.1560000000754,624.0120120622548,617.590659478334
1031.5,624.0361560222605,617.590659478334
1031.859000000055,624.0127560392226,617.590659478334
1032.2029999999795,624.0252001829517,617.590659478334
1032.5620000000345,624.006747482001,617.590659478334
1032.9060000000754,624.0232006733019,617.590659478334
1033.25,624.01789044616,617.590659478334
1033.609000000055,624.0148529313433,617.590659478334
1033.9529999999795,624.0142433233408,617.590659478334
1034.3120000000345,624.0187068307835,617.590659478334
1034.6560000000754,624.0174227446882,617.590659478334
1035.015000000014,624.0065693009948,617.590659478334
1035.359000000055,624.0190967421128,617.590659478334
1035.7029999999795,624.0237995151965,617.590659478334
1036.0470000000205,624.0146199833824,617.590659478334
1036.4060000000754,624.022840423588,617.590659478334
1036.75,624.0228893494648,617.590659478334
1037.109000000055,624.0088776814042,617.590659478334
1037.4679999999935,624.0219123255064,617.590659478334
1037.8279999999795,624.0333575978432,617.590659478334
1038.1720000000205,624.0119931723694,617.590659478334
1038.515000000014,624.0175401948155,617.590659478334
1038.859000000055,624.0171620183683,617.590659478334
1039.2029999999795,624.0239454464304,617.590659478334
1039.5620000000345,624.0133374323738,617.590659478334
1039.9060000000754,624.0255099627534,617.590659478334
1040.25,624.0189900822174,617.590659478334
1040.5929999999935,624.0188533671719,617.590659478334
1040.9529999999795,624.0174142009888,617.590659478334
1041.2970000000205,624.0117824524282,617.590659478334
1041.640000000014,624.0232196053358,617.590659478334
1041.984000000055,624.0251597188997,617.590659478334
1042.3429999999935,624.0134024272921,617.590659478334
1042.6870000000345,624.0118877719666,617.590659478334
1043.0310000000754,624.0144001798596,617.590659478334
1043.375,624.024866544016,617.590659478334
1043.734000000055,624.0127883277105,617.590659478334
1044.0929999999935,624.022757539012,617.590659478334
1044.4529999999795,624.0151945557727,617.590659478334
1044.7970000000205,624.0120425844935,617.590659478334
1045.1560000000754,624.0117347454315,617.590659478334
1045.5,624.01936095667,617.590659478334
1045.8429999999935,624.0197754674566,617.590659478334
1046.2029999999795,624.0062807937379,617.590659478334
1046.5620000000345,624.0190084318102,617.590659478334
1046.9060000000754,624.0138609870055,617.590659478334
1047.265000000014,624.0139961310886,617.590659478334
1047.609000000055,624.0212498241698,617.590659478334
1047.9529999999795,624.021320228699,617.590659478334
1048.3120000000345,623.9991304136728,617.590659478334
1048.6560000000754,624.0219430746426,617.590659478334
1049.015000000014,624.0279982249816,617.590659478334
1049.3429999999935,624.0081259963484,617.590659478334
1049.6870000000345,624.0162810003364,617.590659478334
1050.0470000000205,624.0122294905068,617.590659478334
1050.390000000014,624.0114197938254,617.590659478334
1050.734000000055,624.008561304259,617.590659478334
1051.0929999999935,624.0144925536878,617.590659478334
1051.4370000000345,624.01129942418,617.590659478334
1051.7810000000754,624.0165746018268,617.590659478334
1052.140000000014,624.011633297654,617.590659478334
1052.4679999999935,624.0246494345866,617.590659478334
1052.8120000000345,624.0154157965602,617.590659478334
1053.1560000000754,624.0095331374941,617.590659478334
1053.484000000055,623.9992638209245,617.590659478334
1053.8429999999935,624.0226381656436,617.590659478334
1054.1870000000345,624.0237280327256,617.590659478334
1054.5310000000754,624.0098545906961,617.590659478334
1054.875,624.0136906106769,617.590659478334
1055.234000000055,624.0204996922413,617.590659478334
1055.5779999999795,624.0274771235028,617.590659478334
1055.9220000000205,624.0163314883556,617.590659478334
1056.265000000014,624.0116999972547,617.590659478334
1056.609000000055,624.0031818274035,617.590659478334
1056.9529999999795,624.004696125155,617.590659478334
1057.3120000000345,624.0120512344316,617.590659478334
1057.6560000000754,624.0119396620013,617.590659478334
1058.0,624.0127332112618,617.590659478334
1058.3429999999935,624.0167111145773,617.590659478334
1058.6870000000345,624.0205294146978,617.590659478334
1059.0310000000754,624.0049786117335,617.590659478334
1059.390000000014,624.0154674506648,617.590659478334
1059.734000000055,624.0283417277668,617.590659478334
1060.0929999999935,624.0078986387825,617.590659478334
1060.4529999999795,623.891810188956,617.590659478334
1060.8120000000345,623.8872182103955,617.590659478334
1061.265000000014,623.8637064966404,617.590659478334
1061.609000000055,623.8476911023658,617.590659478334
1061.9529999999795,623.8346648840995,617.590659478334
1062.3120000000345,623.8337450688852,617.590659478334
1062.6560000000754,623.8317671128859,617.590659478334
1062.984000000055,623.8261199713809,617.590659478334
1063.3429999999935,623.8106532214892,617.590659478334
1063.6870000000345,623.8015378364876,617.590659478334
1064.0310000000754,623.807517088865,617.590659478334
1064.390000000014,623.8011936508295,617.590659478334
1064.734000000055,623.7965630366623,617.590659478334
1065.0779999999795,623.794542589187,617.590659478334
1065.4220000000205,623.8024670421622,617.590659478334
1065.765000000014,623.793529057216,617.590659478334
1066.125,623.7897106218971,617.590659478334
1066.4679999999935,623.8017869289772,617.590659478334
1066.8120000000345,623.7999169746821,617.590659478334
1067.1560000000754,623.7921338831076,617.590659478334
1067.5,623.7941217593591,617.590659478334
1067.859000000055,623.7880879085247,617.590659478334
1068.2029999999795,623.789780907133,617.590659478334
1068.5470000000205,623.7969070370845,617.590659478334
1068.9060000000754,623.7831808904502,617.590659478334
1069.265000000014,623.7840147728958,617.590659478334
1069.609000000055,623.7842064433726,617.590659478334
1070.0,623.7957791567779,617.590659478334
1070.359000000055,623.7905203525866,617.590659478334
1070.7029999999795,623.7868425886434,617.590659478334
1071.0470000000205,623.7772756598882,617.590659478334
1071.390000000014,623.7837593424562,617.590659478334
1071.734000000055,623.801092818774,617.590659478334
1072.0929999999935,623.8007133700688,617.590659478334
1072.4529999999795,623.8208738710581,617.590659478334
1072.7970000000205,623.8764092028014,617.590659478334
1073.25,623.9383882070133,617.590659478334
1073.5929999999935,623.9453208037438,617.590659478334
1073.9529999999795,623.9127941565022,617.590659478334
1074.2970000000205,623.9189887725272,617.590659478334
1074.640000000014,623.912882633047,617.590659478334
1074.984000000055,623.9032544675363,617.590659478334
1075.3429999999935,623.9072757833042,617.590659478334
1075.6870000000345,623.9177376554683,617.590659478334
1076.0310000000754,623.9170274488649,617.590659478334
1076.390000000014,623.9112284908879,617.590659478334
1076.734000000055,623.9122128613419,617.590659478334
1077.0779999999795,623.9097314621655,617.590659478334
1077.4220000000205,623.905867650198,617.590659478334
1077.765000000014,623.9092141844111,617.590659478334
1078.109000000055,623.9088147400349,617.590659478334
1078.4679999999935,623.8945788098891,617.590659478334
1078.8120000000345,623.8899774715285,617.590659478334
1079.1560000000754,623.916037818207,617.590659478334
1079.5,623.8953804780127,617.590659478334
1079.859000000055,623.8960466521863,617.590659478334
1080.2179999999935,623.9049817190235,617.590659478334
1080.5779999999795,623.9130884321634,617.590659478334
1080.9220000000205,623.8921718560101,617.590659478334
1081.2810000000754,623.8976909515804,617.590659478334
1081.625,623.8984450230724,617.590659478334
1081.984000000055,623.9105293971994,617.590659478334
1082.3279999999795,623.8926836528835,617.590659478334
1082.6870000000345,623.8921514730338,617.590659478334
1083.0310000000754,623.9067415155976,617.590659478334
1083.390000000014,623.9027550762252,617.590659478334
1083.734000000055,623.8951029278438,617.590659478334
1084.0929999999935,623.9067505444475,617.590659478334
1084.4529999999795,623.8944705089174,617.590659478334
1084.7970000000205,623.91885938876,617.590659478334
1085.2810000000754,623.8580687410853,617.590659478334
1085.625,623.8271828481174,617.590659478334
1085.9679999999935,623.8253810801809,617.590659478334
1086.3120000000345,623.8252947538457,617.590659478334
1086.6720000000205,623.8303241705225,617.590659478334
1087.015000000014,623.8204192515827,617.590659478334
1087.359000000055,623.8111065900433,617.590659478334
1087.7029999999795,623.8055692152916,617.590659478334
1088.0620000000345,623.8057307579521,617.590659478334
1088.4060000000754,623.797412694372,617.590659478334
1088.734000000055,623.8093404421658,617.590659478334
1089.0929999999935,623.7899967919753,617.590659478334
1089.4370000000345,623.782688083071,617.590659478334
1089.7810000000754,623.7882303976266,617.590659478334
1090.125,623.7932762968874,617.590659478334
1090.484000000055,623.7843263714518,617.590659478334
1090.8279999999795,623.7901626663785,617.590659478334
1091.1870000000345,623.7836584198727,617.590659478334
1091.5310000000754,623.7935325725841,617.590659478334
1091.875,623.783290969604,617.590659478334
1092.2179999999935,623.7946654792987,617.590659478334
1092.5779999999795,623.8028887995006,617.590659478334
1092.9220000000205,623.7979095485612,617.590659478334
1093.265000000014,623.8043004669795,617.590659478334
1093.609000000055,623.7824553632071,617.590659478334
1093.9529999999795,623.7831372643311,617.590659478334
1094.3120000000345,623.7900045297015,617.590659478334
1094.6560000000754,623.7963575117392,617.590659478334
1095.0,623.7940043433043,617.590659478334
1095.359000000055,623.7832939408455,617.590659478334
1095.7029999999795,623.7907801998319,617.590659478334
1096.0470000000205,623.7940614499714,617.590659478334
1096.4060000000754,623.7915626662365,617.590659478334
1096.75,623.7756462383558,617.590659478334
1097.140000000014,623.7941140500179,617.590659478334
1097.5,623.8026724414317,617.590659478334
1097.8279999999795,623.89128979836,617.590659478334
1098.1870000000345,623.9411441556196,617.590659478334
1098.5310000000754,623.948286670983,617.590659478334
1098.875,623.9314182664123,617.590659478334
1099.2179999999935,623.923202222813,617.590659478334
1099.5620000000345,623.9302676444513,617.590659478334
1099.9220000000205,623.9035047659339,617.590659478334
1100.265000000014,623.9093875067001,617.590659478334
1100.609000000055,623.909355444106,617.590659478334
1100.9529999999795,623.9003428994623,617.590659478334
1101.3120000000345,623.8947986592066,617.590659478334
1101.6560000000754,623.8977994832395,617.590659478334
1102.0,623.9069213587313,617.590659478334
1102.359000000055,623.8993069647296,617.590659478334
1102.7029999999795,623.9052662554701,617.590659478334
1103.0470000000205,623.8983452612565,617.590659478334
1103.390000000014,623.9012542631875,617.590659478334
1103.75,623.89508822028,617.590659478334
1104.0929999999935,623.9075431972458,617.590659478334
1104.4220000000205,623.9299348707539,617.590659478334
1104.7810000000754,623.9511065184079,617.590659478334
1105.125,623.9492796473752,617.590659478334
1105.4679999999935,623.9282581188659,617.590659478334
1105.8120000000345,623.9313083666273,617.590659478334
1106.1560000000754,623.920048543586,617.590659478334
1106.515000000014,623.9253694268687,617.590659478334
1106.859000000055,623.9203292989853,617.590659478334
1107.2029999999795,623.9238065749533,617.590659478334
1107.5620000000345,623.908477312389,617.590659478334
1107.9060000000754,623.927268346266,617.590659478334
1108.265000000014,623.9024267986214,617.590659478334
1108.609000000055,623.9041838236482,617.590659478334
1108.9529999999795,623.904853495423,617.590659478334
1109.3279999999795,623.9228340327373,617.590659478334
1109.6560000000754,623.9231204113198,617.590659478334
1110.015000000014,623.9245044849266,617.590659478334
1110.359000000055,623.9210501507938,617.590659478334
1110.7029999999795,623.9122757243317,617.590659478334
1111.0620000000345,623.9021660556011,617.590659478334
1111.4060000000754,623.9088157984559,617.590659478334
1111.734000000055,623.9095059292671,617.590659478334
1112.0929999999935,623.9153718259953,617.590659478334
1112.4529999999795,623.9044931862567,617.590659478334
1112.7970000000205,623.9152110306665,617.590659478334
1113.140000000014,623.9092074914223,617.590659478334
1113.484000000055,623.8964191937993,617.590659478334
1113.8279999999795,623.9164128979681,617.590659478334
1114.1720000000205,623.9066175226201,617.590659478334
1114.5310000000754,623.9215465219706,617.590659478334
1114.875,623.8990527511429,617.590659478334
1115.234000000055,623.9101281073526,617.590659478334
1115.5779999999795,623.8993514874898,617.590659478334
1115.9220000000205,623.9162053769201,617.590659478334
1116.265000000014,623.9000301791639,617.590659478334
1116.625,623.911137829841,617.590659478334
1116.9679999999935,623.9281441546457,617.590659478334
1117.3429999999935,623.9286782725245,617.590659478334
1117.7029999999795,623.9480333880458,617.590659478334
1118.0470000000205,623.9524242845237,617.590659478334
1118.390000000014,623.9371276260008,617.590659478334
1118.734000000055,623.9437503102836,617.590659478334
1119.0929999999935,623.9332902059712,617.590659478334
1119.4529999999795,623.940201021072,617.590659478334
1119.7970000000205,623.9393024801791,617.590659478334
1120.1560000000754,623.9459557639207,617.590659478334
1120.515000000014,623.9402872480096,617.590659478334
1120.859000000055,623.9375496134933,617.590659478334
1121.25,623.9504466890718,617.590659478334
1121.609000000055,623.947251130719,617.590659478334
1121.9529999999795,623.9437806766747,617.590659478334
1122.2970000000205,623.9433446112288,617.590659478334
1122.640000000014,623.9487178455843,617.590659478334
1122.984000000055,623.953023009661,617.590659478334
1123.3429999999935,623.9398693569078,617.590659478334
1123.6870000000345,623.9439993190897,617.590659478334
1124.0310000000754,623.9498269253262,617.590659478334
1124.390000000014,623.9445516137184,617.590659478334
1124.734000000055,623.9490685285089,617.590659478334
1125.0929999999935,623.9541295667242,617.590659478334
1125.4370000000345,623.9551804632083,617.590659478334
1125.7810000000754,623.9441612375849,617.590659478334
1126.125,623.9621238886897,617.590659478334
1126.4679999999935,623.9524063664948,617.590659478334
1126.8279999999795,623.9478022904653,617.590659478334
1127.1720000000205,623.9520225391947,617.590659478334
1127.5310000000754,623.97574286,617.590659478334
1127.875,623.9508946533126,617.590659478334
1128.2179999999935,623.9513795131382,617.590659478334
1128.5620000000345,623.9506875935658,617.590659478334
1128.9060000000754,623.9562440462773,617.590659478334
1129.265000000014,623.9540232211024,617.590659478334
1129.609000000055,623.9585225989968,617.590659478334
1129.9529999999795,623.9521272585267,617.590659478334
1130.2970000000205,623.9647734222021,617.590659478334
1130.640000000014,623.9786174800375,617.590659478334
1130.984000000055,623.9599726308212,617.590659478334
1131.3279999999795,623.9602179226544,617.590659478334
1131.6870000000345,623.9662036264226,617.590659478334
1132.0310000000754,623.9588087873769,617.590659478334
1132.375,623.9607157663154,617.590659478334
1132.7179999999935,623.9631815834084,617.590659478334
1133.1870000000345,623.9552540000295,617.590659478334
1133.609000000055,623.9670703896338,617.590659478334
1133.9529999999795,623.9660139319247,617.590659478334
1134.2970000000205,623.9672842853217,617.590659478334
1134.640000000014,623.9593883727836,617.590659478334
1134.984000000055,623.9705113940292,617.590659478334
1135.3429999999935,623.9685138018207,617.590659478334
1135.6870000000345,623.9662688249396,617.590659478334
1136.0310000000754,623.9750556944068,617.590659478334
1136.375,623.9693026710944,617.590659478334
1136.7179999999935,623.9620588223158,617.590659478334
1137.0779999999795,623.978925059536,617.590659478334
1137.4370000000345,623.972523960035,617.590659478334
1137.7810000000754,623.9648550660734,617.590659478334
1138.125,623.983840037215,617.590659478334
1138.484000000055,623.9569805677214,617.590659478334
1138.8279999999795,623.9746237438303,617.590659478334
1139.1720000000205,623.970946936866,617.590659478334
1139.5310000000754,623.9747633980166,617.590659478334
1139.890000000014,623.9624254772592,617.590659478334
1140.234000000055,623.9778822059982,617.590659478334
1140.5929999999935,623.9655794478214,617.590659478334
1140.9370000000345,623.9752074363408,617.590659478334
1141.2970000000205,623.9918470207172,617.590659478334
1141.640000000014,623.9735704650068,617.590659478334
1142.0,623.96991945937,617.590659478334
1142.359000000055,623.9811151782808,617.590659478334
1142.7029999999795,623.9901565542674,617.590659478334
1143.0620000000345,623.981356301255,617.590659478334
1143.4060000000754,623.9690089930871,617.590659478334
1143.765000000014,623.9784079774117,617.590659478334
1144.125,623.9698064413203,617.590659478334
1144.4679999999935,623.9708125256569,617.590659478334
1144.8120000000345,623.9678703606985,617.590659478334
1145.265000000014,623.9852463356902,617.590659478334
1145.625,623.9789437376454,617.590659478334
1145.9529999999795,623.9648027811088,617.590659478334
1146.3120000000345,623.971801769706,617.590659478334
1146.6560000000754,623.9767029784334,617.590659478334
1147.0,623.9944209892185,617.590659478334
1147.3429999999935,623.9751674727385,617.590659478334
1147.7029999999795,623.981238924292,617.590659478334
1148.0470000000205,623.975745964238,617.590659478334
1148.390000000014,623.981617083607,617.590659478334
1148.734000000055,623.9831568667819,617.590659478334
1149.0779999999795,623.9793570858634,617.590659478334
1149.4220000000205,623.9739579387441,617.590659478334
1149.7810000000754,623.9853013795066,617.590659478334
1150.125,623.9834241550981,617.590659478334
1150.4679999999935,623.9839184190621,617.590659478334
1150.8120000000345,623.9933400320416,617.590659478334
1151.1720000000205,623.990542797142,617.590659478334
1151.515000000014,624.0003208389672,617.590659478334
1151.875,623.9804702464016,617.590659478334
1152.2179999999935,623.9891391052333,617.590659478334
1152.5779999999795,623.9818592707292,617.590659478334
1152.9370000000345,623.9870636714458,617.590659478334
1153.2810000000754,623.9882238978423,617.590659478334
1153.640000000014,623.9871836111149,617.590659478334
1154.0,623.9869697953661,617.590659478334
1154.3429999999935,623.9764066795117,617.590659478334
1154.7029999999795,623.9973823911138,617.590659478334
1155.0470000000205,623.9946515585237,617.590659478334
1155.4060000000754,623.9860590810998,617.590659478334
1155.75,623.9965761840608,617.590659478334
1156.109000000055,624.0026555473207,617.590659478334
1156.4529999999795,623.9938529583764,617.590659478334
1156.8120000000345,623.9802410850259,617.590659478334
1157.1720000000205,623.999426223581,617.590659478334
1157.5470000000205,623.9952394445802,617.590659478334
1157.890000000014,623.9913238628037,617.590659478334
1158.234000000055,624.0013946623542,617.590659478334
1158.5779999999795,623.981104856831,617.590659478334
1158.9220000000205,623.985219430246,617.590659478334
1159.265000000014,623.9856610937719,617.590659478334
1159.625,623.9851518085849,617.590659478334
1159.9679999999935,623.9885419181622,617.590659478334
1160.3120000000345,623.9944326745592,617.590659478334
1160.6560000000754,624.0096151845668,617.590659478334
1161.015000000014,623.9975442334811,617.590659478334
1161.359000000055,623.9999317597035,617.590659478334
1161.7029999999795,623.9954628564508,617.590659478334
1162.0470000000205,623.9928615565941,617.590659478334
1162.390000000014,623.9879728828226,617.590659478334
1162.734000000055,623.9986502004276,617.590659478334
1163.0929999999935,623.9779454167086,617.590659478334
1163.4529999999795,623.9959244719862,617.590659478334
1163.7970000000205,623.9940771540724,617.590659478334
1164.1560000000754,623.9997255825759,617.590659478334
1164.5,624.0039555628506,617.590659478334
1164.859000000055,623.9949756357728,617.590659478334
1165.2029999999795,623.9919752745583,617.590659478334
1165.609000000055,624.003588020426,617.590659478334
1165.9370000000345,624.0095318742399,617.590659478334
1166.2970000000205,624.0088693682134,617.590659478334
1166.640000000014,624.0138098387481,617.590659478334
1167.0,624.0010362116313,617.590659478334
1167.3429999999935,624.0046376490191,617.590659478334
1167.7029999999795,624.0089347680677,617.590659478334
1168.0470000000205,623.9886882590549,617.590659478334
1168.4060000000754,623.9967108885658,617.590659478334
1168.75,624.0001232348835,617.590659478334
1169.265000000014,624.0122448411274,617.590659478334
1169.609000000055,624.0082779514706,617.590659478334
1169.9679999999935,623.9993390797987,617.590659478334
1170.3120000000345,623.9988996676512,617.590659478334
1170.6720000000205,624.0143133540776,617.590659478334
1171.015000000014,624.000953650526,617.590659478334
1171.359000000055,624.012329522823,617.590659478334
1171.7029999999795,624.0038589157942,617.590659478334
1172.0620000000345,624.0113279963009,617.590659478334
1172.4060000000754,624.0046557718586,617.590659478334
1172.75,624.0008221795646,617.590659478334
1173.0929999999935,623.998068321377,617.590659478334
1173.4370000000345,624.0116214096686,617.590659478334
1173.7810000000754,624.0127546120721,617.590659478334
1174.125,624.0032605801679,617.590659478334
1174.484000000055,624.018117740776,617.590659478334
1174.8279999999795,624.0085662943335,617.590659478334
1175.1720000000205,624.0078463628305,617.590659478334
1175.515000000014,624.0085820449093,617.590659478334
1175.859000000055,624.0032808899191,617.590659478334
1176.2179999999935,624.0089308209349,617.590659478334
1176.5620000000345,624.0006660753386,617.590659478334
1176.9220000000205,624.0107783427835,617.590659478334
1177.265000000014,624.0094536369195,617.590659478334
1177.625,624.0106725364461,617.590659478334
1177.984000000055,624.0121643210306,617.590659478334
1178.3279999999795,624.0102210090408,617.590659478334
1178.6870000000345,624.0014928435687,617.590659478334
1179.0310000000754,624.0069183192481,617.590659478334
1179.390000000014,624.0164922252847,617.590659478334
1179.734000000055,624.0194046151205,617.590659478334
1180.0929999999935,624.0135061980135,617.590659478334
1180.4370000000345,624.0225510777943,617.590659478334
1180.7970000000205,624.0161883826531,617.590659478334
1181.265000000014,623.9955416247853,617.590659478334
1181.625,624.004628809403,617.590659478334
1181.9679999999935,624.0096700544658,617.590659478334
1182.3120000000345,624.0200388924056,617.590659478334
1182.6720000000205,624.0094694027609,617.590659478334
1183.015000000014,624.0161029586652,617.590659478334
1183.359000000055,624.0207762193141,617.590659478334
1183.7029999999795,624.0202498122272,617.590659478334
1184.0470000000205,624.0298118364816,617.590659478334
1184.4060000000754,624.0160514291344,617.590659478334
1184.75,624.0132492332481,617.590659478334
1185.0929999999935,624.049483497971,617.590659478334
1185.4370000000345,624.052046162382,617.590659478334
1185.7810000000754,624.061111622117,617.590659478334
1186.125,624.0680436942461,617.590659478334
1186.4679999999935,624.0624521814232,617.590659478334
1186.8120000000345,624.0620215403968,617.590659478334
1187.1560000000754,624.0666740222507,617.590659478334
1187.515000000014,624.0523274338346,617.590659478334
1187.859000000055,624.0487942728251,617.590659478334
1188.2179999999935,624.033353992078,617.590659478334
1188.5620000000345,624.0293373439283,617.590659478334
1188.9220000000205,624.0422557885701,617.590659478334
1189.265000000014,624.0358225537055,617.590659478334
1189.625,624.0368997456274,617.590659478334
1189.984000000055,624.0353149002433,617.590659478334
1190.3279999999795,624.041973902053,617.590659478334
1190.6870000000345,624.0303574495565,617.590659478334
1191.0470000000205,624.0296723608642,617.590659478334
1191.390000000014,624.0270921430862,617.590659478334
1191.734000000055,624.0321679443597,617.590659478334
1192.0929999999935,624.0250918719929,617.590659478334
1192.4529999999795,624.0276739430444,617.590659478334
1192.7970000000205,624.0308756885903,617.590659478334
1193.25,624.0330800707122,617.590659478334
1193.5929999999935,624.0278732009567,617.590659478334
1193.9370000000345,624.0410527149716,617.590659478334
1194.2810000000754,624.025840050065,617.590659478334
1194.640000000014,624.0290162821107,617.590659478334
1194.9679999999935,624.0274439767119,617.590659478334
1195.3279999999795,624.0161038485512,617.590659478334
1195.6720000000205,624.0142746348555,617.590659478334
1196.015000000014,624.0220778399847,617.590659478334
1196.359000000055,624.0255966500478,617.590659478334
1196.7179999999935,624.0272480789245,617.590659478334
1197.0620000000345,624.0214986751191,617.590659478334
1197.4060000000754,624.0304222189584,617.590659478334
1197.75,624.0289575384602,617.590659478334
1198.0929999999935,624.0298516470805,617.590659478334
1198.4370000000345,624.0271732288838,617.590659478334
1198.7970000000205,624.0198617906324,617.590659478334
1199.125,624.0131177812024,617.590659478334
1199.484000000055,624.0166020358984,617.590659478334
1199.8279999999795,624.0166364273612,617.590659478334
1200.1870000000345,624.016023758942,617.590659478334
1200.5310000000754,624.015322934289,617.590659478334
1200.890000000014,624.0103358217441,617.590659478334
1201.234000000055,624.0384909616594,617.590659478334
1201.5779999999795,624.0276919434784,617.590659478334
1201.9370000000345,624.0159276772586,617.590659478334
1202.2810000000754,624.0248215458171,617.590659478334
1202.640000000014,624.0203031042051,617.590659478334
1202.984000000055,624.0086828911506,617.590659478334
1203.3429999999935,624.0221620332263,617.590659478334
1203.6870000000345,624.0111109977563,617.590659478334
1204.0470000000205,624.0241594927577,617.590659478334
1204.390000000014,624.0290244325824,617.590659478334
1204.75,624.0247904714342,617.590659478334
1205.265000000014,624.019723851398,617.590659478334
1205.609000000055,624.0227317927036,617.590659478334
1205.9679999999935,624.0251862631211,617.590659478334
1206.3120000000345,624.037757346063,617.590659478334
1206.6560000000754,624.0181853190338,617.590659478334
1207.0,624.021707362322,617.590659478334
1207.359000000055,624.0116568883831,617.590659478334
1207.7029999999795,624.0224803167866,617.590659478334
1208.0470000000205,624.0236943304702,617.590659478334
1208.390000000014,624.0297275042554,617.590659478334
1208.734000000055,624.0049394975564,617.590659478334
1209.0779999999795,624.0227937933082,617.590659478334
1209.4220000000205,624.01855328934,617.590659478334
1209.765000000014,624.021760200375,617.590659478334
1210.109000000055,624.0174100514537,617.590659478334
1210.4529999999795,624.0222905875204,617.590659478334
1210.8120000000345,624.0274119673162,617.590659478334
1211.1560000000754,624.0162403863111,617.590659478334
1211.515000000014,624.023567886188,617.590659478334
1211.875,624.0083446002348,617.590659478334
1212.2179999999935,624.0180098221241,617.590659478334
1212.5779999999795,624.0196961472769,617.590659478334
1212.9220000000205,624.0442638325997,617.590659478334
1213.2810000000754,624.0098499564565,617.590659478334
1213.640000000014,624.0202867501897,617.590659478334
1213.984000000055,624.0065793506267,617.590659478334
1214.3279999999795,624.0131506418885,617.590659478334
1214.6870000000345,624.0067712344995,617.590659478334
1215.0470000000205,624.014974668922,617.590659478334
1215.375,624.0170726649956,617.590659478334
1215.734000000055,624.0231951575166,617.590659478334
1216.0929999999935,624.0214082480063,617.590659478334
1216.4370000000345,624.0261279399886,617.590659478334
1216.7810000000754,624.0231161857349,617.590659478334
1217.3429999999935,624.021275844653,617.590659478334
1217.6870000000345,624.0220826563282,617.590659478334
1218.015000000014,624.025320551022,617.590659478334
1218.375,624.0001043517742,617.590659478334
1218.7179999999935,624.0096939487469,617.590659478334
1219.0620000000345,624.0146700232431,617.590659478334
1219.4060000000754,624.024348827007,617.590659478334
1219.765000000014,624.0178642936725,617.590659478334
1220.109000000055,624.0153707897668,617.590659478334
1220.4529999999795,624.0201746154466,617.590659478334
1220.7970000000205,624.0161250291401,617.590659478334
1221.140000000014,624.0190919147623,617.590659478334
1221.484000000055,624.0240127890104,617.590659478334
1221.8279999999795,624.0319216323949,617.590659478334
1222.1720000000205,624.0177799270623,617.590659478334
1222.5310000000754,624.0217604202559,617.590659478334
1222.875,624.02246605701,617.590659478334
1223.234000000055,624.020468744225,617.590659478334
1223.5779999999795,624.0232177716321,617.590659478334
1223.9370000000345,624.0141644464361,617.590659478334
1224.2810000000754,624.0164916243899,617.590659478334
1224.640000000014,624.0264660405558,617.590659478334
1224.984000000055,624.0189455138898,617.590659478334
1225.3429999999935,624.0189020839874,617.590659478334
1225.6870000000345,624.0063848084578,617.590659478334
1226.0470000000205,624.032582325051,617.590659478334
1226.390000000014,624.0217582425256,617.590659478334
1226.75,624.0227536401915,617.590659478334
1227.0929999999935,624.0129437591111,617.590659478334
1227.4529999999795,624.0231671420692,617.590659478334
1227.7970000000205,624.0102317473849,617.590659478334
1228.1560000000754,624.016713550897,617.590659478334
1228.5,624.0163689440913,617.590659478334
1229.0310000000754,624.0076153987256,617.590659478334
1229.390000000014,624.0187405126624,617.590659478334
1229.734000000055,624.0256653220306,617.590659478334
1230.0929999999935,624.015483995449,617.590659478334
1230.4529999999795,624.0009714870507,617.590659478334
1230.7970000000205,624.0185191386174,617.590659478334
1231.140000000014,624.0106630877312,617.590659478334
1231.484000000055,624.004554162521,617.590659478334
1231.8279999999795,624.0139089633734,617.590659478334
1232.1720000000205,624.0177845808188,617.590659478334
1232.5310000000754,624.0094365499145,617.590659478334
1232.875,624.0274626949252,617.590659478334
1233.2029999999795,624.0188814232365,617.590659478334
1233.5620000000345,624.0133473330852,617.590659478334
1233.890000000014,624.0065323342758,617.590659478334
1234.25,624.0143348248097,617.590659478334
1234.5929999999935,624.0223544578199,617.590659478334
1234.9370000000345,624.0227165853935,617.590659478334
1235.2970000000205,624.0129527108389,617.590659478334
1235.640000000014,624.0127706861188,617.590659478334
1235.984000000055,624.0144485233235,617.590659478334
1236.3279999999795,624.0151668624986,617.590659478334
1236.6720000000205,624.0212922327001,617.590659478334
1237.015000000014,624.023334979469,617.590659478334
1237.375,624.0172901451056,617.590659478334
1237.7179999999935,624.0134628070273,617.590659478334
1238.0620000000345,624.0140070123721,617.590659478334
1238.4060000000754,623.9990907186195,617.590659478334
1238.765000000014,624.0185950663648,617.590659478334
1239.109000000055,624.0167724102389,617.590659478334
1239.4679999999935,624.0149681272293,617.590659478334
1239.8279999999795,624.0086504236731,617.590659478334
1240.1560000000754,624.0134641054681,617.590659478334
1240.515000000014,624.0102795070766,617.590659478334
1240.875,624.009770783302,617.590659478334
1241.265000000014,624.0100002638933,617.590659478334
1241.609000000055,624.0140883092978,617.590659478334
1241.9370000000345,624.0273273145211,617.590659478334
1242.2810000000754,624.0102000990948,617.590659478334
1242.625,624.0121513151365,617.590659478334
1242.9529999999795,624.0215470912507,617.590659478334
1243.2970000000205,624.0153331599015,617.590659478334
1243.640000000014,624.0175549356272,617.590659478334
1243.984000000055,624.0145983435124,617.590659478334
1244.3429999999935,624.0165479371999,617.590659478334
1244.6720000000205,624.0161343710769,617.590659478334
1245.0310000000754,624.0126373697339,617.590659478334
1245.375,624.0175995089287,617.590659478334
1245.7179999999935,624.0089805508807,617.590659478334
1246.0929999999935,624.02077499352,617.590659478334
1246.4370000000345,624.0089598880531,617.590659478334
1246.7810000000754,624.0160261924029,617.590659478334
1247.125,624.0198947201612,617.590659478334
1247.4679999999935,624.0076575773237,617.590659478334
1247.8279999999795,623.9004081916139,617.590659478334
1248.1560000000754,623.8695171511807,617.590659478334
1248.515000000014,623.8527905193855,617.590659478334
1248.859000000055,623.8495612477745,617.590659478334
1249.2029999999795,623.8472050443163,617.590659478334
1249.5470000000205,623.8334113564657,617.590659478334
1249.9060000000754,623.8194885373896,617.590659478334
1250.25,623.8101731619734,617.590659478334
1250.5929999999935,623.8152352201959,617.590659478334
1250.9370000000345,623.8179205231366,617.590659478334
1251.2970000000205,623.798199936272,617.590659478334
1251.640000000014,623.7942907652747,617.590659478334
1251.984000000055,623.8066211672187,617.590659478334
1252.3279999999795,623.8122626523054,617.590659478334
1252.6720000000205,623.8067699251067,617.590659478334
1253.015000000014,623.7904555604101,617.590659478334
1253.359000000055,623.7957292035629,617.590659478334
1253.7029999999795,623.7945047792493,617.590659478334
1254.0470000000205,623.8014005843963,617.590659478334
1254.390000000014,623.8019305998658,617.590659478334
1254.75,623.7992479110549,617.590659478334
1255.0929999999935,623.8026881777706,617.590659478334
1255.4370000000345,623.8001496803017,617.590659478334
1255.7970000000205,623.7934246713485,617.590659478334
1256.140000000014,623.792222028868,617.590659478334
1256.484000000055,623.7845389846377,617.590659478334
1256.8279999999795,623.7938626187272,617.590659478334
1257.1720000000205,623.7735974122913,617.590659478334
1257.515000000014,623.7996605979362,617.590659478334
1257.859000000055,623.7891353167068,617.590659478334
1258.2029999999795,623.7861933239259,617.590659478334
1258.5470000000205,623.7870729368512,617.590659478334
1258.9060000000754,623.7804590277461,617.590659478334
1259.25,623.789573977712,617.590659478334
1259.5929999999935,623.8120377850545,617.590659478334
1259.9529999999795,623.8539024380451,617.590659478334
1260.2970000000205,623.9362192068495,617.590659478334
1260.640000000014,623.9408473362387,617.590659478334
1261.0620000000345,623.9271482579853,617.590659478334
1261.4220000000205,623.9251961003564,617.590659478334
1261.7810000000754,623.9095715816676,617.590659478334
1262.109000000055,623.9105418564079,617.590659478334
1262.4529999999795,623.9248516751861,617.590659478334
1262.7970000000205,623.9090347281237,617.590659478334
1263.1560000000754,623.9044522078296,617.590659478334
1263.5,623.9063400748751,617.590659478334
1263.8429999999935,623.9032846681393,617.590659478334
1264.2029999999795,623.8996530679161,617.590659478334
1264.5470000000205,623.9085197104387,617.590659478334
1264.9060000000754,623.903934157424,617.590659478334
1265.265000000014,623.9102931842526,617.590659478334
1265.625,623.9011446211987,617.590659478334
1265.9529999999795,623.9053988109522,617.590659478334
1266.3120000000345,623.8960052740865,617.590659478334
1266.6560000000754,623.898203460007,617.590659478334
1267.0,623.8949443242567,617.590659478334
1267.3429999999935,623.8943803769472,617.590659478334
1267.7029999999795,623.8934202661964,617.590659478334
1268.0470000000205,623.9026706092062,617.590659478334
1268.390000000014,623.9173829286918,617.590659478334
1268.734000000055,623.9074603949832,617.590659478334
1269.0929999999935,623.9004424442741,617.590659478334
1269.4370000000345,623.9045671395426,617.590659478334
1269.7970000000205,623.9062442926976,617.590659478334
1270.140000000014,623.9089194255273,617.590659478334
1270.484000000055,623.8959711120948,617.590659478334
1270.8429999999935,623.8945610493475,617.590659478334
1271.1870000000345,623.8883257473832,617.590659478334
1271.5310000000754,623.9060046105213,617.590659478334
1271.890000000014,623.91770253768,617.590659478334
1272.234000000055,623.882881686201,617.590659478334
1272.5779999999795,623.8324143909113,617.590659478334
1272.9370000000345,623.8252463823067,617.590659478334
1273.2810000000754,623.8185054709367,617.590659478334
1273.625,623.8254994227125,617.590659478334
1273.9679999999935,623.8409973777196,617.590659478334
1274.3279999999795,623.821602372172,617.590659478334
1274.6560000000754,623.828983702138,617.590659478334
1275.015000000014,623.8055121840135,617.590659478334
1275.375,623.8013795468579,617.590659478334
1275.734000000055,623.8028796503219,617.590659478334
1276.0779999999795,623.8012505484133,617.590659478334
1276.4370000000345,623.7956360124523,617.590659478334
1276.7810000000754,623.7850923789582,617.590659478334
1277.3120000000345,623.8115996130571,617.590659478334
1277.6560000000754,623.791246556986,617.590659478334
1278.015000000014,623.8099874501958,617.590659478334
1278.359000000055,623.7890652803503,617.590659478334
1278.7029999999795,623.7862391239214,617.590659478334
1279.0470000000205,623.7949507739391,617.590659478334
1279.390000000014,623.795939826385,617.590659478334
1279.734000000055,623.789081763949,617.590659478334
1280.0779999999795,623.7901065867575,617.590659478334
1280.4220000000205,623.7903174187028,617.590659478334
1280.7810000000754,623.7844250860458,617.590659478334
1281.109000000055,623.7896924442804,617.590659478334
1281.4679999999935,623.7882097352007,617.590659478334
1281.8120000000345,623.7947469123824,617.590659478334
1282.1560000000754,623.7797882226849,617.590659478334
1282.515000000014,623.7796916504888,617.590659478334
1282.859000000055,623.7829026449759,617.590659478334
1283.2029999999795,623.7761829711181,617.590659478334
1283.5470000000205,623.7890957555354,617.590659478334
1283.9060000000754,623.7811379844144,617.590659478334
1284.25,623.7963422951204,617.590659478334
1284.609000000055,623.8052851589729,617.590659478334
1284.9529999999795,623.8330058889412,617.590659478334
1285.3120000000345,623.9325175150315,617.590659478334
1285.6560000000754,623.9349158394374,617.590659478334
1286.015000000014,623.9268029472731,617.590659478334
1286.359000000055,623.915289361971,617.590659478334
1286.7179999999935,623.9248685183334,617.590659478334
1287.0929999999935,623.9077042669109,617.590659478334
1287.4370000000345,623.9294835264263,617.590659478334
1287.7970000000205,623.8999577390233,617.590659478334
1288.125,623.9030543776043,617.590659478334
1288.484000000055,623.9075472200868,617.590659478334
1288.8279999999795,623.9027648485877,617.590659478334
1289.25,623.9002304291128,617.590659478334
1289.5929999999935,623.9038150585071,617.590659478334
1289.9370000000345,623.8975718393123,617.590659478334
1290.2970000000205,623.9090649927747,617.590659478334
1290.640000000014,623.9035528561623,617.590659478334
1290.984000000055,623.8988769309053,617.590659478334
1291.3279999999795,623.9039609853149,617.590659478334
1291.6720000000205,623.9323583841343,617.590659478334
1292.0310000000754,623.9378886571678,617.590659478334
1292.375,623.9341850584295,617.590659478334
1292.7179999999935,623.9453926571161,617.590659478334
1293.0779999999795,623.9293537567795,617.590659478334
1293.4370000000345,623.9248415191531,617.590659478334
1293.7810000000754,623.9245210637989,617.590659478334
1294.125,623.9201731640237,617.590659478334
1294.4679999999935,623.9268868458337,617.590659478334
1294.8120000000345,623.9325252037451,617.590659478334
1295.1720000000205,623.9075246631094,617.590659478334
1295.515000000014,623.9064563014086,617.590659478334
1295.875,623.9214170803351,617.590659478334
1296.2179999999935,623.9048946888153,617.590659478334
1296.5620000000345,623.9045562312423,617.590659478334
1296.9060000000754,623.9122066816682,617.590659478334
1297.265000000014,623.922904455049,617.590659478334
1297.609000000055,623.9121105937747,617.590659478334
1297.9679999999935,623.9121739854223,617.590659478334
1298.3279999999795,623.9230909456827,617.590659478334
1298.6720000000205,623.9242808809638,617.590659478334
1299.015000000014,623.9102868286021,617.590659478334
1299.375,623.904236492892,617.590659478334
1299.734000000055,623.9091621804553,617.590659478334
1300.0779999999795,623.9148578236326,617.590659478334
1300.4220000000205,623.9057946447762,617.590659478334
1300.7810000000754,623.918047249535,617.590659478334
1301.265000000014,623.9111392302511,617.590659478334
1301.625,623.9103213028637,617.590659478334
1301.984000000055,623.918644909676,617.590659478334
1302.3279999999795,623.906403706129,617.590659478334
1302.6720000000205,623.9131974586979,617.590659478334
1303.0310000000754,623.9239753684608,617.590659478334
1303.375,623.9151332554559,617.590659478334
1303.7179999999935,623.9086010308264,617.590659478334
1304.0620000000345,623.9076045550826,617.590659478334
1304.4220000000205,623.9096450906151,617.590659478334
1304.765000000014,623.9163737136453,617.590659478334
1305.109000000055,623.9120881892585,617.590659478334
1305.4529999999795,623.9179124066684,617.590659478334
1305.7970000000205,623.9064149757581,617.590659478334
1306.140000000014,623.9164024554257,617.590659478334
1306.484000000055,623.9027402959707,617.590659478334
1306.8279999999795,623.9112362241812,617.590659478334
1307.1720000000205,623.917574212687,617.590659478334
1307.5310000000754,623.9055757818927,617.590659478334
1307.875,623.9133520567326,617.590659478334
1308.2179999999935,623.9113429055611,617.590659478334
1308.5620000000345,623.9056288035448,617.590659478334
1308.9220000000205,623.9030513452109,617.590659478334
1309.265000000014,623.9064039308232,617.590659478334
1309.609000000055,623.9198103037323,617.590659478334
1309.9529999999795,623.9111257933082,617.590659478334
1310.3120000000345,623.9032907191771,617.590659478334
1310.6560000000754,623.9038414437067,617.590659478334
1311.0,623.9056332261739,617.590659478334
1311.3429999999935,623.8984415554232,617.590659478334
1311.6870000000345,623.9137613647035,617.590659478334
1312.0470000000205,623.89805113743,617.590659478334
1312.390000000014,623.9088932398638,617.590659478334
1312.75,623.918768582619,617.590659478334
1313.2810000000754,623.9059828918017,617.590659478334
1313.625,623.9031426160544,617.590659478334
1313.9679999999935,623.9053048960981,617.590659478334
1314.3120000000345,623.908887818252,617.590659478334
1314.6720000000205,623.899411926127,617.590659478334
1315.015000000014,623.9074646327336,617.590659478334
1315.359000000055,623.9131391546049,617.590659478334
1315.7029999999795,623.9090850951875,617.590659478334
1316.0470000000205,623.910380945422,617.590659478334
1316.390000000014,623.9069067319006,617.590659478334
1316.75,623.9033947370922,617.590659478334
1317.0929999999935,623.9141119473586,617.590659478334
1317.4370000000345,623.9155921346231,617.590659478334
1317.765000000014,623.8993681504005,617.590659478334
1318.125,623.9064788921014,617.590659478334
1318.4529999999795,623.9068654830304,617.590659478334
1318.8120000000345,623.9110388135192,617.590659478334
1319.1560000000754,623.9033954428173,617.590659478334
1319.515000000014,623.9052873326035,617.590659478334
1319.8429999999935,623.8982543043558,617.590659478334
1320.1870000000345,623.9072234179429,617.590659478334
1320.5470000000205,623.918183053235,617.590659478334
1320.890000000014,623.8956478027385,617.590659478334
1321.234000000055,623.9042476644677,617.590659478334
1321.5929999999935,623.9033648695691,617.590659478334
1321.9370000000345,623.9113910284077,617.590659478334
1322.2810000000754,623.9056445703199,617.590659478334
1322.625,623.9038171539328,617.590659478334
1322.984000000055,623.9138459063967,617.590659478334
1323.3279999999795,623.901018731212,617.590659478334
1323.6720000000205,623.9163709699259,617.590659478334
1324.015000000014,623.8901648490754,617.590659478334
1324.375,623.9079527754235,617.590659478334
1324.859000000055,623.8966191818736,617.590659478334
1325.265000000014,623.9098425726258,617.590659478334
1325.609000000055,623.907508960538,617.590659478334
1325.9529999999795,623.901796766059,617.590659478334
1326.2970000000205,623.9111820490634,617.590659478334
1326.6560000000754,623.9013466167509,617.590659478334
1327.0,623.9121009567091,617.590659478334
1327.3429999999935,623.904869014453,617.590659478334
1327.6870000000345,623.9070510956977,617.590659478334
1328.0310000000754,623.9103200063907,617.590659478334
1328.390000000014,623.8949549530141,617.590659478334
1328.7179999999935,623.8961013959904,617.590659478334
1329.0929999999935,623.9029523540427,617.590659478334
1329.4370000000345,623.902738067554,617.590659478334
1329.7970000000205,623.8963595068286,617.590659478334
1330.125,623.9081546328181,617.590659478334
1330.484000000055,623.9115553193132,617.590659478334
1330.8279999999795,623.89893170276,617.590659478334
1331.1720000000205,623.9024346577663,617.590659478334
1331.515000000014,623.8982242005475,617.590659478334
1331.859000000055,623.9073872187217,617.590659478334
1332.2179999999935,623.9106132422348,617.590659478334
1332.5620000000345,623.9112421242884,617.590659478334
1332.9060000000754,623.8955782895076,617.590659478334
1333.25,623.8965139632828,617.590659478334
1333.5929999999935,623.9094736026902,617.590659478334
1333.9370000000345,623.9063512466838,617.590659478334
1334.2970000000205,623.9044684328859,617.590659478334
1334.640000000014,623.8996069706951,617.590659478334
1334.984000000055,623.9117154151354,617.590659478334
1335.3429999999935,623.915768638341,617.590659478334
1335.7029999999795,623.9017440898506,617.590659478334
1336.0470000000205,623.8975176668179,617.590659478334
1336.4060000000754,623.895731908956,617.590659478334
1336.765000000014,623.9003611542369,617.590659478334
1337.3279999999795,623.9013174190906,617.590659478334
1337.6720000000205,623.8996070287045,617.590659478334
1338.0310000000754,623.8950253984184,617.590659478334
1338.359000000055,623.9073234202423,617.590659478334
1338.7179999999935,623.9011689260303,617.590659478334
1339.0620000000345,623.9075034721577,617.590659478334
1339.4060000000754,623.9056496906245,617.590659478334
1339.765000000014,623.9006658627571,617.590659478334
1340.109000000055,623.9039987159823,617.590659478334
1340.4529999999795,623.891754764697,617.590659478334
1340.7970000000205,623.9028556339725,617.590659478334
1341.140000000014,623.8964550576037,617.590659478334
1341.484000000055,623.9154913593703,617.590659478334
1341.8279999999795,623.9033258037715,617.590659478334
1342.1720000000205,623.8892988816818,617.590659478334
1342.5310000000754,623.9095987462416,617.590659478334
1342.875,623.8994955477191,617.590659478334
1343.2179999999935,623.89368021507,617.590659478334
1343.5620000000345,623.8962328576338,617.590659478334
1343.9220000000205,623.9054062742878,617.590659478334
1344.265000000014,623.8858429240395,617.590659478334
1344.625,623.8925255548135,617.590659478334
1344.984000000055,623.9112333886777,617.590659478334
1345.3279999999795,623.89857932934,617.590659478334
1345.6870000000345,623.9082696455741,617.590659478334
1346.0310000000754,623.89413850526,617.590659478334
1346.375,623.902231288222,617.590659478334
1346.734000000055,623.9142514548635,617.590659478334
1347.0929999999935,623.9074371978332,617.590659478334
1347.4529999999795,623.9063961015579,617.590659478334
1347.7810000000754,623.9133821045672,617.590659478334
1348.140000000014,623.904715998756,617.590659478334
1348.484000000055,623.8925017347709,617.590659478334
1348.8279999999795,623.903942883615,617.590659478334
1349.265000000014,623.8890622815645,617.590659478334
1349.609000000055,623.8999027068596,617.590659478334
1349.9529999999795,623.9106333669915,617.590659478334
1350.3120000000345,623.907002356962,617.590659478334
1350.6560000000754,623.9191598063678,617.590659478334
1351.0,623.9125237742389,617.590659478334
1351.359000000055,623.9080700802946,617.590659478334
1351.7029999999795,623.892189447178,617.590659478334
1352.0470000000205,623.8906127058933,617.590659478334
1352.390000000014,623.9017704463845,617.590659478334
1352.734000000055,623.8857381750494,617.590659478334
1353.0929999999935,623.9014051561069,617.590659478334
1353.4370000000345,623.9132428128459,617.590659478334
1353.7810000000754,623.898760556049,617.590659478334
1354.125,623.9109486526748,617.590659478334
1354.4679999999935,623.8957827258638,617.590659478334
1354.8279999999795,623.8995384961473,617.590659478334
1355.1560000000754,623.8991327337314,617.590659478334
1355.515000000014,623.8928712489708,617.590659478334
1355.859000000055,623.9014451328554,617.590659478334
1356.2029999999795,623.8938441107998,617.590659478334
1356.5470000000205,623.902379056565,617.590659478334
1356.890000000014,623.8980557402932,617.590659478334
1357.234000000055,623.9119275958329,617.590659478334
1357.5929999999935,623.9038140384621,617.590659478334
1357.9370000000345,623.9048647228566,617.590659478334
1358.2810000000754,623.8984354147849,617.590659478334
1358.625,623.8963524442205,617.590659478334
1358.984000000055,623.9082868355754,617.590659478334
1359.3279999999795,623.9138425555853,617.590659478334
1359.6720000000205,623.9038933368599,617.590659478334
1360.015000000014,623.9013450121761,617.590659478334
1360.375,623.9217982181623,617.590659478334
1360.7179999999935,623.9077762048145,617.590659478334
1361.0620000000345,623.9069010662172,617.590659478334
1361.4060000000754,623.9119102548948,617.590659478334
1361.75,623.8935776167946,617.590659478334
1362.0929999999935,623.9016611980404,617.590659478334
1362.4370000000345,623.8998278217351,617.590659478334
1362.7810000000754,623.8949401671355,617.590659478334
1363.140000000014,623.8953334304684,617.590659478334
1363.484000000055,623.9059824930836,617.590659478334
1363.8279999999795,623.8887475482742,617.590659478334
1364.1720000000205,623.9102875768264,617.590659478334
1364.5310000000754,623.9027505109267,617.590659478334
1364.875,623.912281057729,617.590659478334
1365.2179999999935,623.9032931644293,617.590659478334
1365.5620000000345,623.9002105965492,617.590659478334
1365.9060000000754,623.8938409135728,617.590659478334
1366.265000000014,623.9007652034477,617.590659478334
1366.609000000055,623.9013547936252,617.590659478334
1366.9529999999795,623.9015790383179,617.590659478334
1367.2970000000205,623.8908187671286,617.590659478334
1367.640000000014,623.8966070230761,617.590659478334
1368.0,623.8971617459355,617.590659478334
1368.3429999999935,623.8831850509587,617.590659478334
1368.6870000000345,623.8985164852254,617.590659478334
1369.0310000000754,623.9108777264065,617.590659478334
1369.390000000014,623.898847395637,617.590659478334
1369.734000000055,623.9104369303183,617.590659478334
1370.0929999999935,623.8976376740994,617.590659478334
1370.4370000000345,623.906632414061,617.590659478334
1370.7810000000754,623.9069252254101,617.590659478334
1371.125,623.9045483002122,617.590659478334
1371.4679999999935,623.8944486100157,617.590659478334
1371.8279999999795,623.9086690868944,617.590659478334
1372.1720000000205,623.9089646931967,617.590659478334
1372.515000000014,623.905053495496,617.590659478334
1372.859000000055,623.8918530096212,617.590659478334
1373.25,623.9047804143793,617.590659478334
1373.609000000055,623.8944089681022,617.590659478334
1373.9529999999795,623.895209519287,617.590659478334
1374.2970000000205,623.9036743867562,617.590659478334
1374.640000000014,623.893735307147,617.590659478334
1375.0,623.8978303510754,617.590659478334
1375.3429999999935,623.8955316284438,617.590659478334
1375.6870000000345,623.9000663943565,617.590659478334
1376.0310000000754,623.8962386053306,617.590659478334
1376.375,623.8965706844252,617.590659478334
1376.734000000055,623.9091060687726,617.590659478334
1377.0779999999795,623.8977695786227,617.590659478334
1377.4220000000205,623.9075784184461,617.590659478334
1377.765000000014,623.9043451935572,617.590659478334
1378.125,623.9035486389336,617.590659478334
1378.4529999999795,623.9003683643277,617.590659478334
1378.8120000000345,623.8934643104252,617.590659478334
1379.1720000000205,623.9083775198075,617.590659478334
1379.5310000000754,623.894756607868,617.590659478334
1379.875,623.9076635654558,617.590659478334
1380.234000000055,623.8776489527185,617.590659478334
1380.5779999999795,623.9004730751436,617.590659478334
1380.9370000000345,623.9045683337469,617.590659478334
1381.2970000000205,623.9046183176499,617.590659478334
1381.640000000014,623.9016538760264,617.590659478334
1381.984000000055,623.9132049337336,617.590659478334
1382.3429999999935,623.9008933044499,617.590659478334
1382.6870000000345,623.8988307271087,617.590659478334
1383.0470000000205,623.9099371556284,617.590659478334
1383.390000000014,623.8958776444391,617.590659478334
1383.75,623.8951265084063,617.590659478334
1384.0929999999935,623.903970284793,617.590659478334
1384.4529999999795,623.9010221647098,617.590659478334
1384.8120000000345,623.8932208807407,617.590659478334
1385.265000000014,623.8913398518342,617.590659478334
1385.625,623.8911032362151,617.590659478334
1385.9679999999935,623.9046676823799,617.590659478334
1386.3120000000345,623.9038488598413,617.590659478334
1386.6560000000754,623.8996904636919,617.590659478334
1387.0,623.8913977676253,617.590659478334
1387.359000000055,623.9102603889694,617.590659478334
1387.765000000014,623.9023021998635,617.590659478334
1388.109000000055,623.9018729768402,617.590659478334
1388.4529999999795,623.9101506595974,617.590659478334
1388.7970000000205,623.8825577207814,617.590659478334
1389.140000000014,623.90451398442,617.590659478334
1389.484000000055,623.9086580827018,617.590659478334
1389.8279999999795,623.8937712596631,617.590659478334
1390.1720000000205,623.9019834267742,617.590659478334
1390.5310000000754,623.8983642607664,617.590659478334
1390.875,623.9030834274163,617.590659478334
1391.2179999999935,623.8987219696944,617.590659478334
1391.5620000000345,623.8993867990472,617.590659478334
1391.9220000000205,623.8940203435938,617.590659478334
1392.265000000014,623.8970130348234,617.590659478334
1392.5929999999935,623.9009981809468,617.590659478334
1392.9529999999795,623.8921609209902,617.590659478334
1393.2970000000205,623.8928585209156,617.590659478334
1393.6560000000754,623.8910199857988,617.590659478334
1394.0,623.898053108979,617.590659478334
1394.3429999999935,623.901889284741,617.590659478334
1394.6870000000345,623.9089603823713,617.590659478334
1395.0310000000754,623.9079466200255,617.590659478334
1395.375,623.89640055993,617.590659478334
1395.734000000055,623.9051377044709,617.590659478334
1396.0779999999795,623.8907859234222,617.590659478334
1396.4220000000205,623.8878217566009,617.590659478334
1396.765000000014,623.9023583657288,617.590659478334
1397.2970000000205,623.8807527467014,617.590659478334
1397.640000000014,623.8961482057911,617.590659478334
1397.984000000055,623.8858168979231,617.590659478334
1398.3279999999795,623.8963065354827,617.590659478334
1398.6870000000345,623.8999052377668,617.590659478334
1399.0310000000754,623.9081674882158,617.590659478334
1399.375,623.9075220491906,617.590659478334
1399.7179999999935,623.9086097773001,617.590659478334
1400.0779999999795,623.8923679347854,617.590659478334
1400.4220000000205,623.8855780341223,617.590659478334
1400.765000000014,623.8958181107765,617.590659478334
1401.109000000055,623.8975472403486,617.590659478334
1401.4529999999795,623.8889475387773,617.590659478334
1401.7970000000205,623.8942273527618,617.590659478334
1402.1560000000754,623.898535938053,617.590659478334
1402.5,623.8970376177517,617.590659478334
1402.859000000055,623.9021596778254,617.590659478334
1403.2029999999795,623.899436102417,617.590659478334
1403.5470000000205,623.9020447489555,617.590659478334
1403.9060000000754,623.8889138599062,617.590659478334
1404.265000000014,623.8951457023784,617.590659478334
1404.609000000055,623.9112254720338,617.590659478334
1404.9679999999935,623.9071067807275,617.590659478334
1405.3279999999795,623.903764522332,617.590659478334
1405.6870000000345,623.9016314215103,617.590659478334
1406.0310000000754,623.9010656527263,617.590659478334
1406.390000000014,623.9086846018108,617.590659478334
1406.75,623.8923399459111,617.590659478334
1407.0929999999935,623.906385070808,617.590659478334
1407.4529999999795,623.8969299511547,617.590659478334
1407.7970000000205,623.896706801881,617.590659478334
1408.140000000014,623.8868303763742,617.590659478334
1408.484000000055,623.8992358196155,617.590659478334
1408.8429999999935,623.8843195182361,617.590659478334
1409.25,623.9065709672518,617.590659478334
1409.5929999999935,623.9003556220262,617.590659478334
1409.9529999999795,623.8887567583076,617.590659478334
1410.2970000000205,623.891863417261,617.590659478334
1410.625,623.9038510313266,617.590659478334
1410.984000000055,623.9037028139197,617.590659478334
1411.3279999999795,623.8883304415468,617.590659478334
1411.6720000000205,623.8898097945255,617.590659478334
1412.0310000000754,623.8999730356811,617.590659478334
1412.375,623.9103068678631,617.590659478334
1412.7179999999935,623.8958887844204,617.590659478334
1413.0620000000345,623.9012609568952,617.590659478334
1413.4220000000205,623.8992655221092,617.590659478334
1413.765000000014,623.8991498798167,617.590659478334
1414.109000000055,623.9100049991989,617.590659478334
1414.4529999999795,623.8974466635952,617.590659478334
1414.7970000000205,623.888811851352,617.590659478334
1415.1560000000754,623.8963223762004,617.590659478334
1415.5,623.8936385036352,617.590659478334
1415.8429999999935,623.9026426816988,617.590659478334
1416.2029999999795,623.905495895406,617.590659478334
1416.5620000000345,623.895200170627,617.590659478334
1416.9060000000754,623.9070462550574,617.590659478334
1417.265000000014,623.89504762396,617.590659478334
1417.609000000055,623.8913561414728,617.590659478334
1417.9679999999935,623.9031690859512,617.590659478334
1418.3120000000345,623.8955131469385,617.590659478334
1418.6720000000205,623.8962136706629,617.590659478334
1419.015000000014,623.8960399881356,617.590659478334
1419.375,623.8995099628663,617.590659478334
1419.734000000055,623.8971590973274,617.590659478334
1420.0779999999795,623.9034301273329,617.590659478334
1420.4370000000345,623.8977447038449,617.590659478334
1420.7970000000205,623.888728490588,617.590659478334
1421.25,623.8921875181115,617.590659478334
1421.609000000055,623.9115614909864,617.590659478334
1421.9529999999795,623.8806920627391,617.590659478334
1422.3120000000345,623.9006858623651,617.590659478334
1422.6560000000754,623.9147254067888,617.590659478334
1423.015000000014,623.9030121218417,617.590659478334
1423.359000000055,623.9004928288401,617.590659478334
1423.7029999999795,623.8952334211609,617.590659478334
1424.0470000000205,623.9025757039832,617.590659478334
1424.390000000014,623.8986002630246,617.590659478334
1424.734000000055,623.9040147902801,617.590659478334
1425.0929999999935,623.8984731864468,617.590659478334
1425.4370000000345,623.888608624414,617.590659478334
1425.7810000000754,623.9098561214388,617.590659478334
1426.125,623.9117442933889,617.590659478334
1426.4679999999935,623.9025439835895,617.590659478334
1426.8279999999795,623.9018477689815,617.590659478334
1427.1720000000205,623.9131681176699,617.590659478334
1427.5310000000754,623.8904218462242,617.590659478334
1427.875,623.8963764746576,617.590659478334
1428.2179999999935,623.8959770810319,617.590659478334
1428.5620000000345,623.8976907663182,617.590659478334
1428.9060000000754,623.8930041454583,617.590659478334
1429.25,623.9012411817536,617.590659478334
1429.5929999999935,623.908088823189,617.590659478334
1429.9370000000345,623.8917278986424,617.590659478334
1430.2810000000754,623.9019413295263,617.590659478334
1430.640000000014,623.8918629932391,617.590659478334
1430.984000000055,623.8873592131673,617.590659478334
1431.3279999999795,623.9036150082958,617.590659478334
1431.6720000000205,623.892766797284,617.590659478334
1432.015000000014,623.9020215377423,617.590659478334
1432.375,623.8879621559204,617.590659478334
1432.7179999999935,623.8927629163408,617.590659478334
1433.0929999999935,623.8834633710867,617.590659478334
1433.4529999999795,623.8971622467163,617.590659478334
1433.7970000000205,623.8923572722417,617.590659478334
1434.140000000014,623.893213861343,617.590659478334
1434.484000000055,623.9044690142447,617.590659478334
1434.8279999999795,623.9001965556142,617.590659478334
1435.1720000000205,623.9063823443439,617.590659478334
1435.5310000000754,623.9059467075399,617.590659478334
1435.875,623.8903621244098,617.590659478334
1436.2179999999935,623.9139029086604,617.590659478334
1436.5620000000345,623.9000235882116,617.590659478334
1436.9060000000754,623.8858066935476,617.590659478334
1437.25,623.8960727591692,617.590659478334
1437.5929999999935,623.8942033786356,617.590659478334
1437.9529999999795,623.9081972055328,617.590659478334
1438.2970000000205,623.8982734349478,617.590659478334
1438.625,623.9082181987377,617.590659478334
1438.984000000055,623.8913414287774,617.590659478334
1439.3429999999935,623.8943859870068,617.590659478334
1439.6870000000345,623.896212234172,617.590659478334
1440.0470000000205,623.8830252984825,617.590659478334
1440.390000000014,623.8897620539936,617.590659478334
1440.75,623.8957310725397,617.590659478334
1441.0929999999935,623.901432266711,617.590659478334
1441.4529999999795,623.9007625220377,617.590659478334
1441.8120000000345,623.8951837522468,617.590659478334
1442.1560000000754,623.8968105852033,617.590659478334
1442.515000000014,623.9016487154123,617.590659478334
1442.859000000055,623.8967857322763,617.590659478334
1443.2179999999935,623.8804392576587,617.590659478334
1443.5779999999795,623.9027611469047,617.590659478334
1443.9370000000345,623.8978218729663,617.590659478334
1444.2810000000754,623.9068694890103,617.590659478334
1444.640000000014,623.8949510055633,617.590659478334
1444.984000000055,623.9098505502039,617.590659478334
1445.3429999999935,623.9147640561766,617.590659478334
1445.6720000000205,623.9021296239265,617.590659478334
1446.0310000000754,623.8982443251598,617.590659478334
1446.375,623.8902113966442,617.590659478334
1446.734000000055,623.9054685538174,617.590659478334
1447.0779999999795,623.8994280179506,617.590659478334
1447.4220000000205,623.8941905557923,617.590659478334
1447.765000000014,623.8893410039979,617.590659478334
1448.109000000055,623.8911588160424,617.590659478334
1448.4529999999795,623.8938114540377,617.590659478334
1448.7970000000205,623.9068636303979,617.590659478334
1449.1560000000754,623.9030595596331,617.590659478334
1449.515000000014,623.9095629070372,617.590659478334
1449.859000000055,623.9348980844235,617.590659478334
1450.2029999999795,623.9460922851429,617.590659478334
1450.5620000000345,623.9560212429026,617.590659478334
1450.9060000000754,623.9474127624924,617.590659478334
1451.25,623.9526976942645,617.590659478334
1451.5929999999935,623.9624439895867,617.590659478334
1451.9370000000345,623.9645570985808,617.590659478334
1452.2970000000205,623.9636720897469,617.590659478334
1452.640000000014,623.9685640323141,617.590659478334
1453.0,623.9774110391744,617.590659478334
1453.3429999999935,623.983590469931,617.590659478334
1453.6870000000345,623.9975309737928,617.590659478334
1454.0470000000205,624.0027101495933,617.590659478334
1454.4060000000754,624.0008987997963,617.590659478334
1454.75,624.0160964969506,617.590659478334
1455.109000000055,624.005168500154,617.590659478334
1455.4529999999795,624.0122455790525,617.590659478334
1455.7970000000205,624.0113158991322,617.590659478334
1456.1560000000754,624.019018567008,617.590659478334
1456.515000000014,624.0144161832462,617.590659478334
1456.859000000055,624.0217425953679,617.590659478334
1457.3429999999935,624.0306757543073,617.590659478334
1457.6870000000345,624.0152370723113,617.590659478334
1458.0310000000754,624.0225929349212,617.590659478334
1458.375,624.0243267657033,617.590659478334
1458.7179999999935,624.0416861239274,617.590659478334
1459.0929999999935,624.0326669601094,617.590659478334
1459.4370000000345,624.0514754626843,617.590659478334
1459.7810000000754,624.0377280624076,617.590659478334
1460.125,624.0442478790347,617.590659478334
1460.484000000055,624.0479788090529,617.590659478334
1460.8279999999795,624.0623713959783,617.590659478334
1461.1720000000205,624.06346114115,617.590659478334
1461.515000000014,624.0700846602102,617.590659478334
1461.859000000055,624.0892591507588,617.590659478334
1462.2179999999935,624.1036211533471,617.590659478334
1462.5620000000345,624.110110746426,617.590659478334
1462.9060000000754,624.1089108306362,617.590659478334
1463.25,624.1098547215073,617.590659478334
1463.5929999999935,624.1133246027737,617.590659478334
1463.9529999999795,624.1008009438625,617.590659478334
1464.2970000000205,624.1015529287378,617.590659478334
1464.640000000014,624.0745083776318,617.590659478334
1464.984000000055,624.0886579721764,617.590659478334
1465.3279999999795,624.0871234546079,617.590659478334
1465.6720000000205,624.0782715760471,617.590659478334
1466.015000000014,624.0818321687051,617.590659478334
1466.359000000055,624.0862914073025,617.590659478334
1466.7029999999795,624.0728657551589,617.590659478334
1467.0620000000345,624.069209916978,617.590659478334
1467.4060000000754,624.0825218939548,617.590659478334
1467.75,624.0745550265068,617.590659478334
1468.0929999999935,624.0798807921822,617.590659478334
1468.4370000000345,624.0658115336253,617.590659478334
1468.7810000000754,624.0596729826453,617.590659478334
1469.2810000000754,624.0747449762027,617.590659478334
1469.625,624.0890155652386,617.590659478334
1469.984000000055,624.0739105203695,617.590659478334
1470.3279999999795,624.072782973875,617.590659478334
1470.6720000000205,624.0700496664653,617.590659478334
1471.015000000014,624.0721431409016,617.590659478334
1471.359000000055,624.0674812552534,617.590659478334
1471.7029999999795,624.0602350228206,617.590659478334
1472.0470000000205,624.0541493421966,617.590659478334
1472.390000000014,624.0883853060163,617.590659478334
1472.75,624.0648378518443,617.590659478334
1473.0929999999935,624.0724711451123,617.590659478334
1473.4370000000345,624.0681025966295,617.590659478334
1473.7810000000754,624.0726284766492,617.590659478334
1474.125,624.0830326725945,617.590659478334
1474.4679999999935,624.0653184528728,617.590659478334
1474.8279999999795,624.0644711535303,617.590659478334
1475.1870000000345,624.0960252370661,617.590659478334
1475.5470000000205,624.0260553976464,617.590659478334
1475.890000000014,623.9185404192781,617.590659478334
1476.25,623.8757142799614,617.590659478334
1476.5929999999935,623.854441735392,617.590659478334
1476.9370000000345,623.8602737859871,617.590659478334
1477.2970000000205,623.8483775244073,617.590659478334
1477.640000000014,623.8298044868309,617.590659478334
1477.984000000055,623.8180884101766,617.590659478334
1478.3429999999935,623.8116796524863,617.590659478334
1478.6870000000345,623.8252415660966,617.590659478334
1479.0470000000205,623.7970271247949,617.590659478334
1479.4060000000754,623.8082506452423,617.590659478334
1479.75,623.7914483168951,617.590659478334
1480.0929999999935,623.8089115098684,617.590659478334
1480.4529999999795,623.7929081015643,617.590659478334
1480.8120000000345,623.8103881943276,617.590659478334
1481.25,623.8046697708547,617.590659478334
1481.5929999999935,623.8030456182772,617.590659478334
1481.9370000000345,623.7870198597534,617.590659478334
1482.2810000000754,623.8002082231263,617.590659478334
1482.640000000014,623.8014135652385,617.590659478334
1482.984000000055,623.7876601070575,617.590659478334
1483.3279999999795,623.794279957632,617.590659478334
1483.6720000000205,623.78267871268,617.590659478334
1484.015000000014,623.7787254974247,617.590659478334
1484.359000000055,623.7963457381189,617.590659478334
1484.7029999999795,623.7938031567267,617.590659478334
1485.0470000000205,623.7900714770884,617.590659478334
1485.390000000014,623.8043384436477,617.590659478334
1485.734000000055,623.7871023459433,617.590659478334
1486.0929999999935,623.8060064406981,617.590659478334
1486.4220000000205,623.7765390359498,617.590659478334
1486.7810000000754,623.7812924472025,617.590659478334
1487.125,623.788267601401,617.590659478334
1487.484000000055,623.8032516542775,617.590659478334
1487.8279999999795,623.8233696155189,617.590659478334
1488.1870000000345,623.859687700875,617.590659478334
1488.5310000000754,623.9329836449942,617.590659478334
1488.890000000014,623.9345564985409,617.590659478334
1489.234000000055,623.9273960394822,617.590659478334
1489.5929999999935,623.9293142251264,617.590659478334
1489.9529999999795,623.9095252369835,617.590659478334
1490.2970000000205,623.923017312155,617.590659478334
1490.6560000000754,623.9093007860056,617.590659478334
1491.0,623.9075987898616,617.590659478334
1491.3429999999935,623.910228452668,617.590659478334
1491.7029999999795,623.9088655476761,617.590659478334
1492.0470000000205,623.9092406880408,617.590659478334
1492.4060000000754,623.904476236344,617.590659478334
1492.75,623.9060899720304,617.590659478334
1493.265000000014,623.9171226183781,617.590659478334
1493.5929999999935,623.8934876701106,617.590659478334
1493.9529999999795,623.9014230584606,617.590659478334
1494.2970000000205,623.9046526545254,617.590659478334
1494.640000000014,623.9153414664302,617.590659478334
1494.984000000055,623.8972516750995,617.590659478334
1495.3429999999935,623.9092237155826,617.590659478334
1495.6870000000345,623.9046240093804,617.590659478334
1496.0310000000754,623.8884152142538,617.590659478334
1496.375,623.9099419588953,617.590659478334
1496.734000000055,623.9076134285283,617.590659478334
1497.0779999999795,623.8939155019236,617.590659478334
1497.4370000000345,623.9059681552914,617.590659478334
1497.7810000000754,623.8935036267469,617.590659478334
1498.125,623.9046749069443,617.590659478334
1498.4529999999795,623.9017565769436,617.590659478334
1498.8279999999795,623.898066851507,617.590659478334
1499.1720000000205,623.9005367657979,617.590659478334
1499.5310000000754,623.89249466414,617.590659478334
1499.875,623.8943584387231,617.590659478334
1500.2179999999935,623.900710991411,617.590659478334
1500.5620000000345,623.8604064610156,617.590659478334
1500.9220000000205,623.8345450012023,617.590659478334
1501.25,623.823825933035,617.590659478334
1501.609000000055,623.8337775888505,617.590659478334
1501.9679999999935,623.8345215665795,617.590659478334
1502.3120000000345,623.8210885175862,617.590659478334
1502.6720000000205,623.8134834720421,617.590659478334
1503.015000000014,623.8166856361273,617.590659478334
1503.375,623.8174170067672,617.590659478334
1503.7179999999935,623.7988791991206,617.590659478334
1504.0779999999795,623.8034505218997,617.590659478334
1504.4220000000205,623.8010064358156,617.590659478334
1504.7810000000754,623.7952437562192,617.590659478334
1505.265000000014,623.802763703402,617.590659478334
1505.5929999999935,623.7879671405868,617.590659478334
1505.9370000000345,623.7972145002118,617.590659478334
1506.2810000000754,623.7920775824061,617.590659478334
1506.640000000014,623.7910444263717,617.590659478334
1506.984000000055,623.7973881428974,617.590659478334
1507.3120000000345,623.792940061534,617.590659478334
1507.6720000000205,623.7912961699737,617.590659478334
1508.015000000014,623.7910184514961,617.590659478334
1508.359000000055,623.7941067355282,617.590659478334
1508.7029999999795,623.7866434935688,617.590659478334
1509.0470000000205,623.7881958127908,617.590659478334
1509.4060000000754,623.7871454239197,617.590659478334
1509.75,623.7799288950537,617.590659478334
1510.0929999999935,623.8071928982282,617.590659478334
1510.4370000000345,623.7865345726905,617.590659478334
1510.7810000000754,623.7874794932918,617.590659478334
1511.140000000014,623.7942230795162,617.590659478334
1511.484000000055,623.7854015816096,617.590659478334
1511.8429999999935,623.785527012482,617.590659478334
1512.1870000000345,623.7922787615609,617.590659478334
1512.5470000000205,623.7992108812945,617.590659478334
1512.890000000014,623.8042214589833,617.590659478334
1513.234000000055,623.880561100565,617.590659478334
1513.5929999999935,623.9429355049012,617.590659478334
1513.9370000000345,623.9263594369834,617.590659478334
1514.2970000000205,623.9316049282451,617.590659478334
1514.640000000014,623.9174356042977,617.590659478334
1515.0,623.9228339263444,617.590659478334
1515.3429999999935,623.9117646699079,617.590659478334
1515.7029999999795,623.907692961989,617.590659478334
1516.0470000000205,623.9102173573908,617.590659478334
1516.390000000014,623.9212559863498,617.590659478334
1516.734000000055,623.902862299799,617.590659478334
1517.2029999999795,623.913387409109,617.590659478334
1517.5470000000205,623.907258538656,617.590659478334
1517.9060000000754,623.8904019705888,617.590659478334
1518.234000000055,623.9010131767938,617.590659478334
1518.5929999999935,623.9089527842159,617.590659478334
1518.9370000000345,623.9083928971731,617.590659478334
1519.2810000000754,623.8913315726277,617.590659478334
1519.625,623.9135820812984,617.590659478334
1519.984000000055,623.9353663221341,617.590659478334
1520.3279999999795,623.9522817265843,617.590659478334
1520.6560000000754,623.9504293693752,617.590659478334
1521.015000000014,623.9247324317154,617.590659478334
1521.375,623.9302828231394,617.590659478334
1521.7179999999935,623.9220595576813,617.590659478334
1522.0620000000345,623.9136119602616,617.590659478334
1522.4060000000754,623.9153631220165,617.590659478334
1522.765000000014,623.9326606609393,617.590659478334
1523.109000000055,623.9194833920545,617.590659478334
1523.4679999999935,623.9179083221784,617.590659478334
1523.8120000000345,623.9164295344711,617.590659478334
1524.1720000000205,623.9200068970811,617.590659478334
1524.5310000000754,623.9196549615784,617.590659478334
1524.875,623.9305715946218,617.590659478334
1525.234000000055,623.9082427577729,617.590659478334
1525.5779999999795,623.903242083607,617.590659478334
1525.9370000000345,623.8980538497053,617.590659478334
1526.2810000000754,623.9085347810845,617.590659478334
1526.640000000014,623.9140666683784,617.590659478334
1526.984000000055,623.9048821501988,617.590659478334
1527.3429999999935,623.9031790133555,617.590659478334
1527.7029999999795,623.9116032628306,617.590659478334
1528.0470000000205,623.9070743413685,617.590659478334
1528.4060000000754,623.9139056720685,617.590659478334
1528.75,623.920758349842,617.590659478334
1529.265000000014,623.9149013100559,617.590659478334
1529.625,623.9190813029968,617.590659478334
1529.9529999999795,623.9097138363574,617.590659478334
1530.3120000000345,623.9036111840433,617.590659478334
1530.6560000000754,623.8976415993892,617.590659478334
1531.0,623.917392895282,617.590659478334
1531.3429999999935,623.8936051425327,617.590659478334
1531.6870000000345,623.9114993119192,617.590659478334
1532.0470000000205,623.9137640149695,617.590659478334
1532.390000000014,623.9222851702057,617.590659478334
1532.75,623.9260113964181,617.590659478334
1533.0929999999935,623.9343789823145,617.590659478334
1533.4370000000345,623.952930589773,617.590659478334
1533.7810000000754,623.9622206597379,617.590659478334
1534.125,623.9587231074377,617.590659478334
1534.4679999999935,623.9859975013676,617.590659478334
1534.8279999999795,623.9826254650823,617.590659478334
1535.1720000000205,623.9754406021581,617.590659478334
1535.5310000000754,623.9958921627704,617.590659478334
1535.875,623.9898544700461,617.590659478334
1536.234000000055,624.000970750886,617.590659478334
1536.5779999999795,624.0000098104894,617.590659478334
1536.9220000000205,624.0164141155693,617.590659478334
1537.265000000014,624.0224785764492,617.590659478334
1537.625,624.0181989713748,617.590659478334
1537.984000000055,624.0134935350872,617.590659478334
1538.3279999999795,624.0329455040255,617.590659478334
1538.6720000000205,624.0208078012801,617.590659478334
1539.015000000014,624.0297396955461,617.590659478334
1539.375,624.0390464156102,617.590659478334
1539.734000000055,624.0508397202324,617.590659478334
1540.0779999999795,624.0506789390903,617.590659478334
1540.4370000000345,624.0493632035613,617.590659478334
1540.7970000000205,624.050273938764,617.590659478334
1541.25,624.0514134227742,617.590659478334
1541.609000000055,624.0570883229801,617.590659478334
1541.9529999999795,624.0500865794394,617.590659478334
1542.2970000000205,624.0773823800083,617.590659478334
1542.640000000014,624.0715472596071,617.590659478334
1542.984000000055,624.0775825024756,617.590659478334
1543.3279999999795,624.0771488318916,617.590659478334
1543.6720000000205,624.0774331043968,617.590659478334
1544.0310000000754,624.0772297946099,617.590659478334
1544.359000000055,624.0707907416439,617.590659478334
1544.7179999999935,624.0737678655494,617.590659478334
1545.0620000000345,624.093621142018,617.590659478334
1545.4060000000754,624.0920763822687,617.590659478334
1545.75,624.0837252490759,617.590659478334
1546.0929999999935,624.0895638705723,617.590659478334
1546.4370000000345,624.0952208370198,617.590659478334
1546.7970000000205,624.0956093320985,617.590659478334
1547.1560000000754,624.0899095976613,617.590659478334
1547.5,624.1028610800516,617.590659478334
1547.8429999999935,624.0970299436843,617.590659478334
1548.1870000000345,624.1075620223478,617.590659478334
1548.5470000000205,624.1067403220059,617.590659478334
1548.890000000014,624.113720817662,617.590659478334
1549.234000000055,624.1145026962092,617.590659478334
1549.5779999999795,624.1199368564708,617.590659478334
1549.9220000000205,624.118337508931,617.590659478334
1550.265000000014,624.1099601091162,617.590659478334
1550.625,624.1226550238546,617.590659478334
1550.9679999999935,624.1243238983558,617.590659478334
1551.3120000000345,624.1238832904268,617.590659478334
1551.6560000000754,624.1126100099725,617.590659478334
1552.0,624.1219375230054,617.590659478334
1552.3429999999935,624.126935624666,617.590659478334
1552.6870000000345,624.1274513975886,617.590659478334
1553.0310000000754,624.1359485699195,617.590659478334
1553.390000000014,624.1362744096647,617.590659478334
1553.734000000055,624.1339460777665,617.590659478334
1554.0779999999795,624.1394056209057,617.590659478334
1554.4370000000345,624.1387631427016,617.590659478334
1554.7810000000754,624.1401799499348,617.590659478334
1555.125,624.1507613969468,617.590659478334
1555.4679999999935,624.1523401067547,617.590659478334
1555.8120000000345,624.1358408723487,617.590659478334
1556.1560000000754,624.1541934769376,617.590659478334
1556.515000000014,624.1547625034694,617.590659478334
1556.859000000055,624.1562063270804,617.590659478334
1557.2029999999795,624.1603296392923,617.590659478334
1557.5470000000205,624.1520934220982,617.590659478334
1557.890000000014,624.1642512881674,617.590659478334
1558.234000000055,624.1505238938829,617.590659478334
1558.5779999999795,624.161378192761,617.590659478334
1558.9370000000345,624.1592584538502,617.590659478334
1559.2810000000754,624.1622784013274,617.590659478334
1559.625,624.1638221902199,617.590659478334
1559.984000000055,624.1685824831094,617.590659478334
1560.3429999999935,624.1729492714825,617.590659478334
1560.6870000000345,624.1660721703963,617.590659478334
1561.0470000000205,624.1823377403058,617.590659478334
1561.390000000014,624.1811578781425,617.590659478334
1561.75,624.1613664133024,617.590659478334
1562.0929999999935,624.1793839485659,617.590659478334
1562.4529999999795,624.176180738569,617.590659478334
1562.7970000000205,624.1699882341793,617.590659478334
1563.140000000014,624.1811868310901,617.590659478334
1563.484000000055,624.1751790773797,617.590659478334
1563.8279999999795,624.178131182999,617.590659478334
1564.1870000000345,624.1745736345764,617.590659478334
1564.5310000000754,624.1868141218135,617.590659478334
1564.890000000014,624.1846690584969,617.590659478334
1565.265000000014,624.1931469631326,617.590659478334
1565.609000000055,624.1965923803763,617.590659478334
1565.9529999999795,624.1874808322231,617.590659478334
1566.2970000000205,624.1875082988141,617.590659478334
1566.6560000000754,624.2051183290295,617.590659478334
1567.0,624.1965521934262,617.590659478334
1567.3429999999935,624.1932570481123,617.590659478334
1567.6870000000345,624.1886592257879,617.590659478334
1568.0310000000754,624.2002072397714,617.590659478334
1568.375,624.1824168153686,617.590659478334
1568.734000000055,624.2037507906198,617.590659478334
1569.0620000000345,624.1905997963619,617.590659478334
1569.4220000000205,624.2015269397358,617.590659478334
1569.765000000014,624.205591288414,617.590659478334
1570.109000000055,624.2082268344577,617.590659478334
1570.4529999999795,624.1933185322355,617.590659478334
1570.7970000000205,624.2015729659666,617.590659478334
1571.140000000014,624.2003292848988,617.590659478334
1571.484000000055,624.2202717978721,617.590659478334
1571.8429999999935,624.2167382831748,617.590659478334
1572.2029999999795,624.2170152817852,617.590659478334
1572.5310000000754,624.2077322180563,617.590659478334
1572.890000000014,624.202113343917,617.590659478334
1573.25,624.2058675021098,617.590659478334
1573.5929999999935,624.2322185257368,617.590659478334
1573.9370000000345,624.224851426141,617.590659478334
1574.2810000000754,624.2153338702615,617.590659478334
1574.640000000014,624.22630075386,617.590659478334
1574.984000000055,624.2347479456934,617.590659478334
1575.3429999999935,624.2261132556949,617.590659478334
1575.6870000000345,624.2234505479557,617.590659478334
1576.0470000000205,624.232000235335,617.590659478334
1576.4060000000754,624.2253035848125,617.590659478334
1576.75,624.2233828430818,617.590659478334
1577.2810000000754,624.239686604807,617.590659478334
1577.640000000014,624.230850799046,617.590659478334
1577.984000000055,624.2362266402421,617.590659478334
1578.3429999999935,624.2314782330724,617.590659478334
1578.6870000000345,624.212999535639,617.590659478334
1579.0310000000754,624.2361083833713,617.590659478334
1579.375,624.238786340732,617.590659478334
1579.734000000055,624.2425607952035,617.590659478334
1580.0620000000345,624.2265645198793,617.590659478334
1580.4220000000205,624.2423354571387,617.590659478334
1580.765000000014,624.2321323652108,617.590659478334
1581.109000000055,624.2410026325108,617.590659478334
1581.4529999999795,624.2391185625787,617.590659478334
1581.8120000000345,624.2414857260746,617.590659478334
1582.1560000000754,624.2301617648374,617.590659478334
1582.5,624.252147622006,617.590659478334
1582.8429999999935,624.2468280461572,617.590659478334
1583.1870000000345,624.23328589324,617.590659478334
1583.5470000000205,624.2551257047489,617.590659478334
1583.9060000000754,624.2448443224466,617.590659478334
1584.25,624.2537297290214,617.590659478334
1584.5929999999935,624.2460015812316,617.590659478334
1584.9529999999795,624.2363728471526,617.590659478334
1585.2970000000205,624.2543999849643,617.590659478334
1585.640000000014,624.2563385810103,617.590659478334
1586.0,624.2519002035548,617.590659478334
1586.3429999999935,624.2454665481218,617.590659478334
1586.7029999999795,624.2608426238638,617.590659478334
1587.0470000000205,624.266998879303,617.590659478334
1587.4060000000754,624.2585042770028,617.590659478334
1587.75,624.2558552023154,617.590659478334
1588.109000000055,624.24508943455,617.590659478334
1588.4529999999795,624.2690833535753,617.590659478334
1588.8120000000345,624.2604268936408,617.590659478334
1589.265000000014,624.2604540131466,617.590659478334
1589.625,624.2704550006742,617.590659478334
1589.9679999999935,624.2510847715687,617.590659478334
1590.3120000000345,624.2573848086199,617.590659478334
1590.6560000000754,624.2633985789557,617.590659478334
1591.015000000014,624.2571274178276,617.590659478334
1591.359000000055,624.2665645727398,617.590659478334
1591.7029999999795,624.267299194369,617.590659478334
1592.0470000000205,624.2658572947083,617.590659478334
1592.390000000014,624.2657231388877,617.590659478334
1592.734000000055,624.2725609839237,617.590659478334
1593.0779999999795,624.2650118026563,617.590659478334
1593.4370000000345,624.2694218325678,617.590659478334
1593.7810000000754,624.2657028068393,617.590659478334
1594.125,624.2801459124144,617.590659478334
1594.484000000055,624.2771082330144,617.590659478334
1594.8279999999795,624.268639825888,617.590659478334
1595.1720000000205,624.2738040850517,617.590659478334
1595.515000000014,624.2693487263441,617.590659478334
1595.875,624.2721052870497,617.590659478334
1596.2179999999935,624.2767559083437,617.590659478334
1596.5779999999795,624.2621826266784,617.590659478334
1596.9220000000205,624.2831764707126,617.590659478334
1597.265000000014,624.2815266693502,617.590659478334
1597.625,624.2693258324806,617.590659478334
1597.9679999999935,624.2864415636266,617.590659478334
1598.3120000000345,624.2730610873617,617.590659478334
1598.6720000000205,624.2785880723773,617.590659478334
1599.015000000014,624.2827225888688,617.590659478334
1599.375,624.2849642758447,617.590659478334
1599.7179999999935,624.2885407297656,617.590659478334
1600.0620000000345,624.2793156804403,617.590659478334
1600.4060000000754,624.2995513104205,617.590659478334
1600.765000000014,624.3133530392868,617.590659478334
1601.265000000014,624.3179435759349,617.590659478334
1601.609000000055,624.3324797027803,617.590659478334
1601.9529999999795,624.3297671461929,617.590659478334
1602.2970000000205,624.3304601859082,617.590659478334
1602.640000000014,624.3123592873252,617.590659478334
1603.0,624.3266666582873,617.590659478334
1603.3429999999935,624.3034868596718,617.590659478334
1603.6870000000345,624.3051609324974,617.590659478334
1604.0470000000205,624.3042421485028,617.590659478334
1604.390000000014,624.3095062979198,617.590659478334
1604.734000000055,624.3003943358756,617.590659478334
1605.0779999999795,624.3022073258505,617.590659478334
1605.4370000000345,624.2868763246777,617.590659478334
1605.7810000000754,624.2874954126382,617.590659478334
1606.125,624.3105485195927,617.590659478334
1606.484000000055,624.3099681157606,617.590659478334
1606.8279999999795,624.2954248869277,617.590659478334
1607.1870000000345,624.2982005076891,617.590659478334
1607.5470000000205,624.2912996548796,617.590659478334
1607.890000000014,624.3000774120394,617.590659478334
1608.234000000055,624.2917844685139,617.590659478334
1608.5929999999935,624.2886800765209,617.590659478334
1608.9529999999795,624.2840616908766,617.590659478334
1609.2970000000205,624.2824245100986,617.590659478334
1609.640000000014,624.2984527142984,617.590659478334
1609.984000000055,624.2935558110336,617.590659478334
1610.3429999999935,624.2935551626928,617.590659478334
1610.6870000000345,624.293715255948,617.590659478334
1611.0310000000754,624.2934732352877,617.590659478334
1611.375,624.2851819442888,617.590659478334
1611.7179999999935,624.2820405125161,617.590659478334
1612.0779999999795,624.2869329288936,617.590659478334
1612.4220000000205,624.274475045415,617.590659478334
1612.7810000000754,624.2914601889747,617.590659478334
1613.265000000014,624.2944319785928,617.590659478334
1613.609000000055,624.3029490293206,617.590659478334
1613.9529999999795,624.2847058490757,617.590659478334
1614.2970000000205,624.2897997408336,617.590659478334
1614.640000000014,624.2841094882832,617.590659478334
1614.984000000055,624.274256724749,617.590659478334
1615.3429999999935,624.2953184897063,617.590659478334
1615.6870000000345,624.2931906059893,617.590659478334
1616.0310000000754,624.2862399626092,617.590659478334
1616.375,624.2875598109797,617.590659478334
1616.7179999999935,624.2826561921037,617.590659478334
1617.0620000000345,624.2860845158834,617.590659478334
1617.4220000000205,624.2922646505109,617.590659478334
1617.765000000014,624.2853756766191,617.590659478334
1618.109000000055,624.2819392650106,617.590659478334
1618.4529999999795,624.2824482407397,617.590659478334
1618.8120000000345,624.2848032776095,617.590659478334
1619.1560000000754,624.2902160271304,617.590659478334
1619.515000000014,624.2841773657135,617.590659478334
1619.859000000055,624.2829676449599,617.590659478334
1620.2179999999935,624.287884081965,617.590659478334
1620.5779999999795,624.2867500300916,617.590659478334
1620.9370000000345,624.283545649595,617.590659478334
1621.2810000000754,624.2843185791091,617.590659478334
1621.625,624.2930683778048,617.590659478334
1621.9679999999935,624.2742288765769,617.590659478334
1622.3279999999795,624.2813593971647,617.590659478334
1622.6720000000205,624.2904425536484,617.590659478334
1623.0310000000754,624.2898922657791,617.590659478334
1623.375,624.2814754096672,617.590659478334
1623.734000000055,624.2854900484585,617.590659478334
1624.0779999999795,624.2841821122273,617.590659478334
1624.4220000000205,624.2859088002474,617.590659478334
1624.7810000000754,624.2837681563805,617.590659478334
1625.2970000000205,624.2732314305638,617.590659478334
1625.640000000014,624.2739540977191,617.590659478334
1626.0,624.267737316081,617.590659478334
1626.3279999999795,624.2775777646563,617.590659478334
1626.6720000000205,624.2823025004457,617.590659478334
1627.0310000000754,624.2855927350606,617.590659478334
1627.375,624.2993260353592,617.590659478334
1627.7179999999935,624.2770443155857,617.590659478334
1628.0620000000345,624.2804838294376,617.590659478334
1628.4060000000754,624.2831868747651,617.590659478334
1628.75,624.2748243452706,617.590659478334
1629.0929999999935,624.2938109030936,617.590659478334
1629.4370000000345,624.2872931944385,617.590659478334
1629.7810000000754,624.287313061331,617.590659478334
1630.125,624.2854644343913,617.590659478334
1630.4679999999935,624.2828137789859,617.590659478334
1630.8120000000345,624.2787020658512,617.590659478334
1631.1720000000205,624.2807849725876,617.590659478334
1631.5310000000754,624.2887539719453,617.590659478334
1631.875,624.2786219769811,617.590659478334
1632.2179999999935,624.2805184650916,617.590659478334
1632.5620000000345,624.2804980658062,617.590659478334
1632.9220000000205,624.2823338836341,617.590659478334
1633.2810000000754,624.2685667450469,617.590659478334
1633.625,624.28207010071,617.590659478334
1633.984000000055,624.2673623147721,617.590659478334
1634.3279999999795,624.2903045285993,617.590659478334
1634.6870000000345,624.2939170407121,617.590659478334
1635.0310000000754,624.2830594985816,617.590659478334
1635.359000000055,624.284606478972,617.590659478334
1635.7179999999935,624.2860177969269,617.590659478334
1636.0779999999795,624.2832334517316,617.590659478334
1636.4220000000205,624.274169378989,617.590659478334
1636.765000000014,624.2806734702302,617.590659478334
1637.2179999999935,624.2830397325006,617.590659478334
1637.5779999999795,624.2727531717576,617.590659478334
1637.9220000000205,624.2814252547362,617.590659478334
1638.265000000014,624.2835399325802,617.590659478334
1638.609000000055,624.2701193078909,617.590659478334
1638.9529999999795,624.2778666298211,617.590659478334
1639.2970000000205,624.2769790745468,617.590659478334
1639.640000000014,624.2786595980353,617.590659478334
1639.984000000055,624.2642155997111,617.590659478334
1640.3279999999795,624.2777745497777,617.590659478334
1640.6870000000345,624.2841342159894,617.590659478334
1641.0310000000754,624.2837151998025,617.590659478334
1641.375,624.276382897716,617.590659478334
1641.7179999999935,624.2710002796798,617.590659478334
1642.0779999999795,624.2674077946465,617.590659478334
1642.4220000000205,624.2790117367084,617.590659478334
1642.765000000014,624.2817955185493,617.590659478334
1643.109000000055,624.2771906013854,617.590659478334
1643.4679999999935,624.2681290257937,617.590659478334
1643.8120000000345,624.2776912601339,617.590659478334
1644.1560000000754,624.2824514394493,617.590659478334
1644.515000000014,624.2771805060437,617.590659478334
1644.875,624.2861005234977,617.590659478334
1645.2179999999935,624.2778834717473,617.590659478334
1645.5620000000345,624.2886335942336,617.590659478334
1645.9220000000205,624.2820290594802,617.590659478334
1646.2810000000754,624.2788627734473,617.590659478334
1646.640000000014,624.2764092379723,617.590659478334
1647.0,624.2781988721403,617.590659478334
1647.3429999999935,624.2721715030455,617.590659478334
1647.6870000000345,624.2816137864306,617.590659478334
1648.0310000000754,624.2817741743112,617.590659478334
1648.375,624.2925136457355,617.590659478334
1648.734000000055,624.2774813954733,617.590659478334
1649.265000000014,624.2819076900818,617.590659478334
1649.609000000055,624.2867072418965,617.590659478334
1649.9529999999795,624.2922595754826,617.590659478334
1650.2970000000205,624.2774094098804,617.590659478334
1650.640000000014,624.2710570885583,617.590659478334
1650.984000000055,624.278334422674,617.590659478334
1651.3429999999935,624.2857659147156,617.590659478334
1651.6870000000345,624.2844056133317,617.590659478334
1652.0310000000754,624.2854723494986,617.590659478334
1652.375,624.2756316579425,617.590659478334
1652.7179999999935,624.2814292669553,617.590659478334
1653.0620000000345,624.2705052913282,617.590659478334
1653.4060000000754,624.2703659900573,617.590659478334
1653.765000000014,624.284040835515,617.590659478334
1654.109000000055,624.2697882268918,617.590659478334
1654.4529999999795,624.2790994366204,617.590659478334
1654.7970000000205,624.2781113346884,617.590659478334
1655.140000000014,624.2830238716608,617.590659478334
1655.515000000014,624.2681553901313,617.590659478334
1655.859000000055,624.2864745166954,617.590659478334
1656.2179999999935,624.2804159162048,617.590659478334
1656.5620000000345,624.2670576133513,617.590659478334
1656.9220000000205,624.2910262164586,617.590659478334
1657.265000000014,624.2784502903129,617.590659478334
1657.625,624.2810047795333,617.590659478334
1657.9679999999935,624.2817438848977,617.590659478334
1658.3120000000345,624.2862442856422,617.590659478334
1658.6560000000754,624.2817552722616,617.590659478334
1659.0,624.2837690777153,617.590659478334
1659.359000000055,624.2811920501249,617.590659478334
1659.7029999999795,624.2861877150606,617.590659478334
1660.0470000000205,624.2880532619906,617.590659478334
1660.4060000000754,624.2792371254997,617.590659478334
1660.765000000014,624.2803285524142,617.590659478334
1661.2810000000754,624.2888017928722,617.590659478334
1661.625,624.2829602782457,617.590659478334
1661.9679999999935,624.2852160030753,617.590659478334
1662.3120000000345,624.2709593791541,617.590659478334
1662.6720000000205,624.27597297048,617.590659478334
1663.015000000014,624.2974042957006,617.590659478334
1663.359000000055,624.1821204765225,617.590659478334
1663.7029999999795,623.9868008119065,617.590659478334
1664.0470000000205,623.9263974977567,617.590659478334
1664.390000000014,623.8828573134996,617.590659478334
1664.75,623.8595445430657,617.590659478334
1665.0929999999935,623.8483030111405,617.590659478334
1665.4370000000345,623.8237410315505,617.590659478334
1665.7810000000754,623.8350387739292,617.590659478334
1666.125,623.8267705358645,617.590659478334
1666.484000000055,623.8362150351662,617.590659478334
1666.8279999999795,623.818372576567,617.590659478334
1667.1870000000345,623.824346776412,617.590659478334
1667.5470000000205,623.818490852054,617.590659478334
1667.875,623.823716486916,617.590659478334
1668.2179999999935,623.7944885143901,617.590659478334
1668.5779999999795,623.8090239308391,617.590659478334
1668.9220000000205,623.8084654425259,617.590659478334
1669.265000000014,623.7960563147291,617.590659478334
1669.609000000055,623.8006233596186,617.590659478334
1669.9529999999795,623.8115212922484,617.590659478334
1670.2970000000205,623.8031349559836,617.590659478334
1670.6560000000754,623.7855703264263,617.590659478334
1670.984000000055,623.7900945822123,617.590659478334
1671.3429999999935,623.794024040296,617.590659478334
1671.6870000000345,623.7827794512187,617.590659478334
1672.0310000000754,623.7958046899289,617.590659478334
1672.390000000014,623.7975646571458,617.590659478334
1672.734000000055,623.8001038614623,617.590659478334
1673.265000000014,623.7992961860052,617.590659478334
1673.609000000055,623.7917533744212,617.590659478334
1673.9529999999795,623.7936380666425,617.590659478334
1674.3120000000345,623.7755433837307,617.590659478334
1674.6560000000754,623.8003522786138,617.590659478334
1675.0,623.7836260429698,617.590659478334
1675.3429999999935,623.8033333680307,617.590659478334
1675.6870000000345,623.8273762560968,617.590659478334
1676.0470000000205,623.9302642458872,617.590659478334
1676.390000000014,623.9251455382907,617.590659478334
1676.734000000055,623.9370625239185,617.590659478334
1677.109000000055,623.9232967140478,617.590659478334
1677.4529999999795,623.9174773147903,617.590659478334
1677.7970000000205,623.9157042390411,617.590659478334
1678.140000000014,623.9019499677463,617.590659478334
1678.484000000055,623.9038464030592,617.590659478334
1678.8429999999935,623.9105770844652,617.590659478334
1679.1870000000345,623.9100300922238,617.590659478334
1679.5470000000205,623.9067054454371,617.590659478334
1679.9060000000754,623.8996875786382,617.590659478334
1680.234000000055,623.8985669591149,617.590659478334
1680.5929999999935,623.9089847240035,617.590659478334
1680.9529999999795,623.8982471335189,617.590659478334
1681.2970000000205,623.9099546922215,617.590659478334
1681.6560000000754,623.9082382404686,617.590659478334
1682.0,623.9052304441541,617.590659478334
1682.3429999999935,623.8999037958421,617.590659478334
1682.7179999999935,623.8954087323434,617.590659478334
1683.0620000000345,623.9014952958523,617.590659478334
1683.4220000000205,623.9129703085158,617.590659478334
1683.7810000000754,623.9058435120809,617.590659478334
1684.140000000014,623.9169253875691,617.590659478334
1684.4679999999935,623.8956099360933,617.590659478334
1684.8279999999795,623.905866072248,617.590659478334
1685.265000000014,623.8976880218922,617.590659478334
1685.625,623.8956276656028,617.590659478334
1685.9679999999935,623.9066668630644,617.590659478334
1686.3120000000345,623.9120884729521,617.590659478334
1686.6720000000205,623.9020474997491,617.590659478334
1687.015000000014,623.9029540895701,617.590659478334
1687.3429999999935,623.9110874318034,617.590659478334
1687.7029999999795,623.8987000969298,617.590659478334
1688.0470000000205,623.9004140262286,617.590659478334
1688.390000000014,623.8240349812744,617.590659478334
1688.734000000055,623.83033814907,617.590659478334
1689.0779999999795,623.8296834663852,617.590659478334
1689.4220000000205,623.8220640585027,617.590659478334
1689.765000000014,623.8307985820697,617.590659478334
1690.109000000055,623.8159678081328,617.590659478334
1690.4529999999795,623.8183734860529,617.590659478334
1690.8120000000345,623.8161194731247,617.590659478334
1691.1560000000754,623.8029251330524,617.590659478334
1691.5,623.8125471675944,617.590659478334
1691.859000000055,623.8115146924641,617.590659478334
1692.2029999999795,623.7955554458566,617.590659478334
1692.5470000000205,623.8102717983219,617.590659478334
1692.9060000000754,623.7927999298305,617.590659478334
1693.234000000055,623.8070703948895,617.590659478334
1693.5929999999935,623.8055053952581,617.590659478334
1693.9370000000345,623.7866074459553,617.590659478334
1694.2970000000205,623.7958777467525,617.590659478334
1694.640000000014,623.7956609745054,617.590659478334
1695.0,623.7896055358088,617.590659478334
1695.3429999999935,623.7832407784746,617.590659478334
1695.7029999999795,623.7932792543198,617.590659478334
1696.0470000000205,623.7955889133373,617.590659478334
1696.4060000000754,623.7890902541019,617.590659478334
1696.765000000014,623.7919301233999,617.590659478334
1697.1560000000754,623.7878692712205,617.590659478334
1697.515000000014,623.7963554411004,617.590659478334
1697.859000000055,623.7920703846877,617.590659478334
1698.2179999999935,623.7876560071877,617.590659478334
1698.5620000000345,623.7844801600859,617.590659478334
1698.9060000000754,623.7885938050462,617.590659478334
1699.25,623.7857498598851,617.590659478334
1699.5929999999935,623.7834934399972,617.590659478334
1699.9370000000345,623.7844697588422,617.590659478334
1700.2970000000205,623.8112445804632,617.590659478334
1700.640000000014,623.8183779014136,617.590659478334
1700.984000000055,623.9278623389645,617.590659478334
1701.3279999999795,623.9283176716837,617.590659478334
1701.6870000000345,623.9337869792739,617.590659478334
1702.0310000000754,623.9293582137084,617.590659478334
1702.375,623.9259418145995,617.590659478334
1702.7179999999935,623.9120164917152,617.590659478334
1703.0929999999935,623.90625389488,617.590659478334
1703.4370000000345,623.8892944287871,617.590659478334
1703.7810000000754,623.9120251613234,617.590659478334
1704.1560000000754,623.897668760914,617.590659478334
1704.5,623.8942940692145,617.590659478334
1704.859000000055,623.8956660657786,617.590659478334
1705.2029999999795,623.8986537012015,617.590659478334
1705.5620000000345,623.895709794246,617.590659478334
1705.9060000000754,623.912478333474,617.590659478334
1706.25,623.9011143448004,617.590659478334
1706.625,623.9054755658589,617.590659478334
1706.9679999999935,623.8912856985405,617.590659478334
1707.3279999999795,623.936939073736,617.590659478334
1707.6870000000345,623.9365999635417,617.590659478334
1708.0310000000754,623.9340935167571,617.590659478334
1708.375,623.9551122315958,617.590659478334
1708.734000000055,623.9278262270224,617.590659478334
1709.265000000014,623.9237001371594,617.590659478334
1709.609000000055,623.9242927088983,617.590659478334
1709.9529999999795,623.9299822747033,617.590659478334
1710.2970000000205,623.9204714330663,617.590659478334
1710.640000000014,623.9264060947805,617.590659478334
1711.0,623.9178738862776,617.590659478334
1711.3429999999935,623.9130343513934,617.590659478334
1711.6870000000345,623.9328182567357,617.590659478334
1712.0310000000754,623.9013044584626,617.590659478334
1712.390000000014,623.9211827826483,617.590659478334
1712.7179999999935,623.9029310827258,617.590659478334
1713.0779999999795,623.9075986650588,617.590659478334
1713.4220000000205,623.9113229511295,617.590659478334
1713.7810000000754,623.9099002115479,617.590659478334
1714.140000000014,623.918499291993,617.590659478334
1714.484000000055,623.9094221385135,617.590659478334
1714.8279999999795,623.9116355801618,617.590659478334
1715.1720000000205,623.9081462605627,617.590659478334
1715.515000000014,623.90517220287,617.590659478334
1715.875,623.9119918191894,617.590659478334
1716.2179999999935,623.9091636910518,617.590659478334
1716.5620000000345,623.9035124577143,617.590659478334
1716.9060000000754,623.9098920171765,617.590659478334
1717.25,623.914372205748,617.590659478334
1717.609000000055,623.9002678284184,617.590659478334
1717.9529999999795,623.9048556553273,617.590659478334
1718.2970000000205,623.908478855967,617.590659478334
1718.640000000014,623.8957204829766,617.590659478334
1718.984000000055,623.9085366417485,617.590659478334
1719.359000000055,623.9104623851425,617.590659478334
1719.7029999999795,623.9128132545554,617.590659478334
1720.0310000000754,623.9057848759967,617.590659478334
1720.4060000000754,623.9326540775501,617.590659478334
1720.75,623.9525482510874,617.590659478334
1721.265000000014,623.9623877238073,617.590659478334
1721.609000000055,623.9816643783868,617.590659478334
1721.9679999999935,623.9648375116616,617.590659478334
1722.3120000000345,623.9939372792828,617.590659478334
1722.6560000000754,623.9918675716787,617.590659478334
1723.0,623.9975338660356,617.590659478334
1723.3429999999935,624.0065831170981,617.590659478334
1723.6870000000345,623.9886874415029,617.590659478334
1724.0470000000205,623.9891468683116,617.590659478334
1724.390000000014,624.0053039712108,617.590659478334
1724.734000000055,624.0044637835036,617.590659478334
1725.0929999999935,624.0128778051652,617.590659478334
1725.4370000000345,624.0124580401967,617.590659478334
1725.7810000000754,624.014684677826,617.590659478334
1726.125,624.0438643693366,617.590659478334
1726.4679999999935,624.0394195614833,617.590659478334
1726.8120000000345,624.0404736762966,617.590659478334
1727.1560000000754,624.0369219680769,617.590659478334
1727.515000000014,624.0414455652157,617.590659478334
1727.859000000055,624.0471195541087,617.590659478334
1728.2029999999795,624.0504538593865,617.590659478334
1728.5779999999795,624.0575721564069,617.590659478334
1728.9220000000205,624.0623540881163,617.590659478334
1729.265000000014,624.0696634886312,617.590659478334
1729.625,624.0606065136047,617.590659478334
1729.9679999999935,624.0776633190549,617.590659478334
1730.3120000000345,624.0795742407972,617.590659478334
1730.6560000000754,624.0625456042037,617.590659478334
1731.0,624.0725430129365,617.590659478334
1731.359000000055,624.0756573766718,617.590659478334
1731.7029999999795,624.0767394290889,617.590659478334
1732.0620000000345,624.0777914443951,617.590659478334
1732.4060000000754,624.0808766725812,617.590659478334
1732.75,624.0976003424328,617.590659478334
1733.265000000014,624.0807749285243,617.590659478334
1733.625,624.0837278962599,617.590659478334
1733.9679999999935,624.0942214903148,617.590659478334
1734.3120000000345,624.1053620383672,617.590659478334
1734.6720000000205,624.1142360066763,617.590659478334
1735.015000000014,624.0986674914084,617.590659478334
1735.359000000055,624.1110360531293,617.590659478334
1735.7029999999795,624.1021820124652,617.590659478334
1736.0470000000205,624.1103905830201,617.590659478334
1736.4060000000754,624.1148188169933,617.590659478334
1736.75,624.1175051504571,617.590659478334
1737.0929999999935,624.1149306096888,617.590659478334
1737.4370000000345,624.1293684506982,617.590659478334
1737.7810000000754,624.1113439230224,617.590659478334
1738.140000000014,624.1114186580094,617.590659478334
1738.484000000055,624.1291254564445,617.590659478334
1738.8279999999795,624.1289403381148,617.590659478334
1739.1870000000345,624.1288714776116,617.590659478334
1739.5470000000205,624.1337989849492,617.590659478334
1739.890000000014,624.1277482235911,617.590659478334
1740.25,624.1427034274727,617.590659478334
1740.5929999999935,624.1370688783504,617.590659478334
1740.9529999999795,624.1392022685794,617.590659478334
1741.2970000000205,624.1401415566637,617.590659478334
1741.6560000000754,624.1383609193066,617.590659478334
1742.0,624.1490783038558,617.590659478334
1742.359000000055,624.1332623323717,617.590659478334
1742.7179999999935,624.1443895009633,617.590659478334
1743.0620000000345,624.1555731279959,617.590659478334
1743.4220000000205,624.1489639290579,617.590659478334
1743.765000000014,624.1483695428634,617.590659478334
1744.109000000055,624.1451998227774,617.590659478334
1744.4679999999935,624.15635010725,617.590659478334
1744.8120000000345,624.1518638484816,617.590659478334
1745.265000000014,624.1570009074774,617.590659478334
1745.609000000055,624.1670106733492,617.590659478334
1745.9529999999795,624.1514761830211,617.590659478334
1746.3120000000345,624.1594842889069,617.590659478334
1746.6560000000754,624.1715199234101,617.590659478334
1747.0,624.1569198288914,617.590659478334
1747.3429999999935,624.1624907980435,617.590659478334
1747.6870000000345,624.1706671125917,617.590659478334
1748.0310000000754,624.1513200540803,617.590659478334
1748.375,624.1774233001186,617.590659478334
1748.7179999999935,624.1701643510457,617.590659478334
1749.0620000000345,624.1773609614885,617.590659478334
1749.4220000000205,624.1593685504297,617.590659478334
1749.765000000014,624.1837457832511,617.590659478334
1750.109000000055,624.1753645111013,617.590659478334
1750.4529999999795,624.1713781184048,617.590659478334
1750.7970000000205,624.170839103305,617.590659478334
1751.1560000000754,624.1934662840011,617.590659478334
1751.5,624.1767440277316,617.590659478334
1751.8429999999935,624.1807853603436,617.590659478334
1752.2029999999795,624.185452420169,617.590659478334
1752.5470000000205,624.1810365785175,617.590659478334
1752.9060000000754,624.1996431610197,617.590659478334
1753.265000000014,624.1829569250149,617.590659478334
1753.609000000055,624.1950750921303,617.590659478334
1753.9679999999935,624.1941528990293,617.590659478334
1754.3120000000345,624.1958263005232,617.590659478334
1754.6720000000205,624.2007605656753,617.590659478334
1755.015000000014,624.1930842050143,617.590659478334
1755.359000000055,624.192009597033,617.590659478334
1755.7029999999795,624.2025589224852,617.590659478334
1756.0470000000205,624.1970918471567,617.590659478334
1756.4060000000754,624.1950922921058,617.590659478334
1756.765000000014,624.202309323423,617.590659478334
1757.1870000000345,624.2055430000627,617.590659478334
1757.5470000000205,624.199170028205,617.590659478334
1757.890000000014,624.2039168528493,617.590659478334
1758.234000000055,624.2164274977924,617.590659478334
1758.5779999999795,624.2178256241414,617.590659478334
1758.9220000000205,624.2178266210416,617.590659478334
1759.265000000014,624.2075927864772,617.590659478334
1759.625,624.2109972908289,617.590659478334
1759.9679999999935,624.2096139599989,617.590659478334
1760.3120000000345,624.2297521216848,617.590659478334
1760.6560000000754,624.2138296708711,617.590659478334
1761.0,624.225092271506,617.590659478334
1761.3429999999935,624.2234923095701,617.590659478334
1761.6870000000345,624.2186032169712,617.590659478334
1762.0310000000754,624.2110661053524,617.590659478334
1762.375,624.2187256488812,617.590659478334
1762.734000000055,624.2077944571154,617.590659478334
1763.0779999999795,624.218375790062,617.590659478334
1763.4370000000345,624.2296326380213,617.590659478334
1763.7970000000205,624.2234376586454,617.590659478334
1764.140000000014,624.2250370418118,617.590659478334
1764.5,624.2266242516874,617.590659478334
1764.8429999999935,624.2244964173631,617.590659478334
1765.1870000000345,624.2302422382029,617.590659478334
1765.5470000000205,624.2320938905177,617.590659478334
1765.9060000000754,624.2228554220738,617.590659478334
1766.25,624.2284062066234,617.590659478334
1766.609000000055,624.2219356350726,617.590659478334
1766.9529999999795,624.2437315487109,617.590659478334
1767.3120000000345,624.239729863252,617.590659478334
1767.6560000000754,624.2506916303158,617.590659478334
1768.015000000014,624.2538564685246,617.590659478334
1768.359000000055,624.2508397286036,617.590659478334
1768.7029999999795,624.2283819255022,617.590659478334
1769.0620000000345,624.2407369253297,617.590659478334
1769.4060000000754,624.2379071728338,617.590659478334
1769.75,624.2305492491628,617.590659478334
1770.109000000055,624.2490188588998,617.590659478334
1770.4529999999795,624.2401260736381,617.590659478334
1770.7970000000205,624.250893922292,617.590659478334
1771.140000000014,624.2566654667779,617.590659478334
1771.484000000055,624.2486053971917,617.590659478334
1771.8279999999795,624.2464090326956,617.590659478334
1772.1720000000205,624.2513906499385,617.590659478334
1772.515000000014,624.2488384169116,617.590659478334
1772.875,624.2492537940161,617.590659478334
1773.2179999999935,624.2380983596732,617.590659478334
1773.5620000000345,624.250326680678,617.590659478334
1773.9060000000754,624.2535950661511,617.590659478334
1774.25,624.2488683370104,617.590659478334
1774.609000000055,624.2480857093436,617.590659478334
1774.9529999999795,624.2575323996444,617.590659478334
1775.3120000000345,624.264347498844,617.590659478334
1775.6560000000754,624.2567524866529,617.590659478334
1776.0,624.2566216282735,617.590659478334
1776.359000000055,624.254246822152,617.590659478334
1776.7029999999795,624.2658963302447,617.590659478334
1777.0620000000345,624.2654824767095,617.590659478334
1777.4060000000754,624.2525040604625,617.590659478334
1777.75,624.2630163239052,617.590659478334
1778.0929999999935,624.2483863748012,617.590659478334
1778.4529999999795,624.2629868601846,617.590659478334
1778.8120000000345,624.2764668495075,617.590659478334
1779.1560000000754,624.2687431640991,617.590659478334
1779.5,624.268998596642,617.590659478334
1779.859000000055,624.2548910090659,617.590659478334
1780.1870000000345,624.2653318293052,617.590659478334
1780.5470000000205,624.274317594726,617.590659478334
1780.9060000000754,624.2719938458973,617.590659478334
1781.265000000014,624.2698255111688,617.590659478334
1781.625,624.2665923282894,617.590659478334
1781.9679999999935,624.27736749706,617.590659478334
1782.3120000000345,624.2692862668437,617.590659478334
1782.6560000000754,624.2751969657272,617.590659478334
1783.015000000014,624.2794948103215,617.590659478334
1783.359000000055,624.2670158833012,617.590659478334
1783.7029999999795,624.268614478707,617.590659478334
1784.0470000000205,624.2753032982492,617.590659478334
1784.4060000000754,624.271272696301,617.590659478334
1784.734000000055,624.2844130906509,617.590659478334
1785.0929999999935,624.2677848519274,617.590659478334
1785.4370000000345,624.2786008429083,617.590659478334
1785.7810000000754,624.2689932380159,617.590659478334
1786.125,624.2801494534532,617.590659478334
1786.4679999999935,624.2762879511822,617.590659478334
1786.8279999999795,624.2717699147611,617.590659478334
1787.1720000000205,624.265739978301,617.590659478334
1787.515000000014,624.2839347024828,617.590659478334
1787.859000000055,624.302443584214,617.590659478334
1788.2029999999795,624.3150283257421,617.590659478334
1788.5470000000205,624.3143105380481,617.590659478334
1788.890000000014,624.3312337776975,617.590659478334
1789.25,624.3373883659597,617.590659478334
1789.5779999999795,624.3349452725046,617.590659478334
1789.9370000000345,624.3582041036304,617.590659478334
1790.265000000014,624.3319745823875,617.590659478334
1790.625,624.3267752627336,617.590659478334
1790.9679999999935,624.3156348613311,617.590659478334
1791.3120000000345,624.3125827276816,617.590659478334
1791.6560000000754,624.3017737696266,617.590659478334
1792.0,624.3065560592654,617.590659478334
1792.3429999999935,624.2996760981221,617.590659478334
1792.7029999999795,624.3046029229206,617.590659478334
1793.0470000000205,624.2895664343071,617.590659478334
1793.4060000000754,624.3014168507825,617.590659478334
1793.75,624.3007899096501,617.590659478334
1794.0929999999935,624.2971667357632,617.590659478334
1794.4370000000345,624.3001352714831,617.590659478334
1794.7810000000754,624.303874286908,617.590659478334
1795.125,624.2924898442739,617.590659478334
1795.484000000055,624.3060651103581,617.590659478334
1795.8279999999795,624.2976746069828,617.590659478334
1796.1720000000205,624.2998417002233,617.590659478334
1796.515000000014,624.289072506844,617.590659478334
1796.859000000055,624.2961488075896,617.590659478334
1797.1870000000345,624.2911104224735,617.590659478334
1797.5470000000205,624.2907320811655,617.590659478334
1797.890000000014,624.2964510749866,617.590659478334
1798.234000000055,624.2971312895879,617.590659478334
1798.5779999999795,624.2945834460971,617.590659478334
1798.9220000000205,624.2833448977565,617.590659478334
1799.265000000014,624.2882778938118,617.590659478334
1799.625,624.2954406168976,617.590659478334
1799.9679999999935,624.2806025202085,617.590659478334
1800.3279999999795,624.2813885612993,617.590659478334
1800.6720000000205,624.299087179522,617.590659478334
1801.015000000014,624.289158582211,617.590659478334
1801.375,624.2892436544053,617.590659478334
1801.734000000055,624.2808029871128,617.590659478334
1802.109000000055,624.2926426979685,617.590659478334
1802.4679999999935,624.2899759033357,617.590659478334
1802.8120000000345,624.2788361949368,617.590659478334
1803.1720000000205,624.2868547396341,617.590659478334
1803.515000000014,624.2848567566961,617.590659478334
1803.859000000055,624.2873907973319,617.590659478334
1804.2029999999795,624.2792882626093,617.590659478334
1804.5620000000345,624.2914715800321,617.590659478334
1804.9060000000754,624.2873053600725,617.590659478334
1805.25,624.2848324537906,617.590659478334
1805.609000000055,624.2838924138948,617.590659478334
1805.9529999999795,624.2742484216319,617.590659478334
1806.2970000000205,624.279935690811,617.590659478334
1806.640000000014,624.2885979084026,617.590659478334
1806.984000000055,624.2805250921314,617.590659478334
1807.3120000000345,624.2881012657662,617.590659478334
1807.6560000000754,624.2863058702515,617.590659478334
1808.0,624.2861125613404,617.590659478334
1808.3429999999935,624.2893980140803,617.590659478334
1808.6870000000345,624.2897981499017,617.590659478334
1809.0310000000754,624.2789631607138,617.590659478334
1809.375,624.2861002384905,617.590659478334
1809.734000000055,624.2775752665456,617.590659478334
1810.0779999999795,624.2834082006788,617.590659478334
1810.4220000000205,624.2767308627999,617.590659478334
1810.765000000014,624.2761093720493,617.590659478334
1811.109000000055,624.2795875881798,617.590659478334
1811.4679999999935,624.2788361000169,617.590659478334
1811.8120000000345,624.2812567700687,617.590659478334
1812.1720000000205,624.2790637256851,617.590659478334
1812.515000000014,624.2898052010851,617.590659478334
1812.875,624.2873690996481,617.590659478334
1813.234000000055,624.2820692907976,617.590659478334
1813.5779999999795,624.2748150944981,617.590659478334
1813.9370000000345,624.2979338486326,617.590659478334
1814.2810000000754,624.2798778779935,617.590659478334
1814.640000000014,624.2846088596664,617.590659478334
1814.984000000055,624.291787536791,617.590659478334
1815.3279999999795,624.2764380562104,617.590659478334
1815.6870000000345,624.2772258775404,617.590659478334
1816.0310000000754,624.2873694378812,617.590659478334
1816.390000000014,624.2928005525392,617.590659478334
1816.734000000055,624.2955875121357,617.590659478334
1817.0929999999935,624.2910294714563,617.590659478334
1817.4529999999795,624.2773478780446,617.590659478334
1817.7970000000205,624.2728551458156,617.590659478334
1818.140000000014,624.2827657591502,617.590659478334
1818.5,624.2816361670164,617.590659478334
1818.8429999999935,624.288358434278,617.590659478334
1819.1870000000345,624.2822966769414,617.590659478334
1819.5310000000754,624.2889471117433,617.590659478334
1819.875,624.2961172029334,617.590659478334
1820.2179999999935,624.2837763952178,617.590659478334
1820.5620000000345,624.2886691079428,617.590659478334
1820.9060000000754,624.2821718443745,617.590659478334
1821.25,624.2874130087494,617.590659478334
1821.5929999999935,624.2763237331081,617.590659478334
1821.9529999999795,624.292114933161,617.590659478334
1822.2970000000205,624.2831302642087,617.590659478334
1822.640000000014,624.2892392056958,617.590659478334
1822.984000000055,624.2750353717498,617.590659478334
1823.3279999999795,624.2895859594078,617.590659478334
1823.6720000000205,624.2912172339301,617.590659478334
1824.0310000000754,624.2743464587907,617.590659478334
1824.375,624.2917852654876,617.590659478334
1824.734000000055,624.2854958837106,617.590659478334
1825.0929999999935,624.2694934319352,617.590659478334
1825.4370000000345,624.2916469047327,617.590659478334
1825.7810000000754,624.2675433577499,617.590659478334
1826.140000000014,624.2747477012801,617.590659478334
1826.484000000055,624.2873038767044,617.590659478334
1826.8429999999935,624.2795799121213,617.590659478334
1827.1870000000345,624.2813851723894,617.590659478334
1827.5470000000205,624.2875574410326,617.590659478334
1827.890000000014,624.274396615074,617.590659478334
1828.25,624.2850770924183,617.590659478334
1828.609000000055,624.293238105653,617.590659478334
1828.9529999999795,624.2897194772282,617.590659478334
1829.3120000000345,624.2761566685764,617.590659478334
1829.6720000000205,624.2951932354673,617.590659478334
1830.015000000014,624.27624687923,617.590659478334
1830.359000000055,624.2790345634077,617.590659478334
1830.7029999999795,624.2822576594426,617.590659478334
1831.0620000000345,624.2692476601375,617.590659478334
1831.390000000014,624.268938952069,617.590659478334
1831.734000000055,624.2850011348269,617.590659478334
1832.0929999999935,624.288604946698,617.590659478334
1832.4370000000345,624.2895532890094,617.590659478334
1832.7810000000754,624.2887699176655,617.590659478334
1833.125,624.2966170064171,617.590659478334
1833.4679999999935,624.2707584537496,617.590659478334
1833.8120000000345,624.29600316012,617.590659478334
1834.1720000000205,624.2821497653487,617.590659478334
1834.515000000014,624.2788537481067,617.590659478334
1834.859000000055,624.2812924535616,617.590659478334
1835.2029999999795,624.2785573894257,617.590659478334
1835.5620000000345,624.2796650820546,617.590659478334
1835.9060000000754,624.2783237721119,617.590659478334
1836.265000000014,624.285600525187,617.590659478334
1836.609000000055,624.2794531287593,617.590659478334
1836.9529999999795,624.2838511526853,617.590659478334
1837.3120000000345,624.2720826918793,617.590659478334
1837.6720000000205,624.2823125119223,617.590659478334
1838.015000000014,624.2800306974078,617.590659478334
1838.359000000055,624.2831038131503,617.590659478334
1838.7029999999795,624.2825103924382,617.590659478334
1839.0779999999795,624.2659668131816,617.590659478334
1839.4370000000345,624.2770491593867,617.590659478334
1839.7810000000754,624.2740823458817,617.590659478334
1840.125,624.2856623295428,617.590659478334
1840.484000000055,624.2797704727664,617.590659478334
1840.8279999999795,624.2971855613047,617.590659478334
1841.25,624.2678323998402,617.590659478334
1841.5929999999935,624.2836744106795,617.590659478334
1841.9370000000345,624.2813421175988,617.590659478334
1842.2810000000754,624.2707508271006,617.590659478334
1842.625,624.2763815697847,617.590659478334
1842.9679999999935,624.2778726394033,617.590659478334
1843.3279999999795,624.2759784073571,617.590659478334
1843.6560000000754,624.2937260399708,617.590659478334
1844.015000000014,624.2769210470314,617.590659478334
1844.3429999999935,624.2796469519644,617.590659478334
1844.6870000000345,624.2779841028057,617.590659478334
1845.0310000000754,624.2726703502334,617.590659478334
1845.375,624.2848861460394,617.590659478334
1845.734000000055,624.2760312386768,617.590659478334
1846.0779999999795,624.27099248354,617.590659478334
1846.4220000000205,624.2734252965324,617.590659478334
1846.765000000014,624.2799867685159,617.590659478334
1847.109000000055,624.2726523009371,617.590659478334
1847.4679999999935,624.2854690785919,617.590659478334
1847.7970000000205,624.2878138496337,617.590659478334
1848.140000000014,624.2903743646684,617.590659478334
1848.484000000055,624.2835138551062,617.590659478334
1848.8279999999795,624.2719024877382,617.590659478334
1849.1870000000345,624.2789029222766,617.590659478334
1849.5470000000205,624.2788312909186,617.590659478334
1849.890000000014,624.2805845594676,617.590659478334
1850.234000000055,624.263443241444,617.590659478334
1850.5779999999795,624.2929726871512,617.590659478334
1850.9220000000205,624.2597596175649,617.590659478334
1851.2810000000754,624.0683168532763,617.590659478334
1851.640000000014,623.9271772615606,617.590659478334
1851.984000000055,623.8863841749788,617.590659478334
1852.3279999999795,623.8758897248239,617.590659478334
1852.6870000000345,623.8578221465332,617.590659478334
1853.0310000000754,623.8442856810618,617.590659478334
1853.375,623.8464040713216,617.590659478334
1853.7179999999935,623.8223732375676,617.590659478334
1854.0620000000345,623.8184992145618,617.590659478334
1854.4060000000754,623.8260593428357,617.590659478334
1854.75,623.8133269445964,617.590659478334
1855.109000000055,623.8021013242923,617.590659478334
1855.4529999999795,623.8161890851318,617.590659478334
1855.7970000000205,623.8096822765883,617.590659478334
1856.1560000000754,623.816824724286,617.590659478334
1856.484000000055,623.7971031494586,617.590659478334
1856.8429999999935,623.8060823485051,617.590659478334
1857.1870000000345,623.801222978701,617.590659478334
1857.5310000000754,623.7902725453044,617.590659478334
1857.875,623.8076772745673,617.590659478334
1858.2179999999935,623.8050577206832,617.590659478334
1858.5620000000345,623.79467795671,617.590659478334
1858.9220000000205,623.7910706189939,617.590659478334
1859.2810000000754,623.7928022215262,617.590659478334
1859.640000000014,623.792547952062,617.590659478334
1859.984000000055,623.7983888305727,617.590659478334
1860.3279999999795,623.7984868760694,617.590659478334
1860.6870000000345,623.7931737721975,617.590659478334
1861.0310000000754,623.7976680667565,617.590659478334
1861.375,623.7950064369811,617.590659478334
1861.734000000055,623.7971978066322,617.590659478334
1862.0779999999795,623.7917394007494,617.590659478334
1862.4370000000345,623.7751646013439,617.590659478334
1862.7970000000205,623.7933006164159,617.590659478334
1863.140000000014,623.8027455454378,617.590659478334
1863.5,623.8146395658783,617.590659478334
1863.859000000055,623.9170988630156,617.590659478334
1864.2029999999795,623.9277631190723,617.590659478334
1864.5620000000345,623.9334199774692,617.590659478334
1864.9060000000754,623.9215611935707,617.590659478334
1865.2970000000205,623.9291453365908,617.590659478334
1865.640000000014,623.9109346786705,617.590659478334
1865.984000000055,623.9116624734195,617.590659478334
1866.3429999999935,623.8988037751525,617.590659478334
1866.6720000000205,623.9141150057741,617.590659478334
1867.0310000000754,623.9060706278302,617.590659478334
1867.375,623.9051850713367,617.590659478334
1867.7179999999935,623.903747185949,617.590659478334
1868.0779999999795,623.9065435645541,617.590659478334
1868.4220000000205,623.9004672632319,617.590659478334
1868.765000000014,623.9019381193915,617.590659478334
1869.109000000055,623.9089918171593,617.590659478334
1869.4529999999795,623.9198576775725,617.590659478334
1869.7970000000205,623.8970166362002,617.590659478334
1870.1560000000754,623.9133598494408,617.590659478334
1870.5,623.898087999411,617.590659478334
1870.859000000055,623.9111969896952,617.590659478334
1871.2029999999795,623.9004049101945,617.590659478334
1871.5620000000345,623.911574700812,617.590659478334
1871.9220000000205,623.8972429423022,617.590659478334
1872.265000000014,623.9041627191313,617.590659478334
1872.609000000055,623.9112403494528,617.590659478334
1872.9679999999935,623.8906435814408,617.590659478334
1873.3120000000345,623.9055805133436,617.590659478334
1873.6560000000754,623.8969346307942,617.590659478334
1874.0,623.8990236479062,617.590659478334
1874.359000000055,623.9106407321229,617.590659478334
1874.7029999999795,623.8936319241217,617.590659478334
1875.0470000000205,623.9061164122884,617.590659478334
1875.4060000000754,623.8989722232991,617.590659478334
1875.75,623.902529968898,617.590659478334
1876.109000000055,623.8604750776803,617.590659478334
1876.4679999999935,623.8268903095303,617.590659478334
1876.8120000000345,623.8345490886929,617.590659478334
1877.3279999999795,623.8365855433458,617.590659478334
1877.6720000000205,623.8271499393005,617.590659478334
1878.015000000014,623.8247655275032,617.590659478334
1878.359000000055,623.8164394598925,617.590659478334
1878.7029999999795,623.8057522545696,617.590659478334
1879.0470000000205,623.8035962824272,617.590659478334
1879.390000000014,623.8039935240295,617.590659478334
1879.75,623.8046660843975,617.590659478334
1880.0929999999935,623.8054021539016,617.590659478334
1880.4370000000345,623.7754309768362,617.590659478334
1880.7970000000205,623.7851819323798,617.590659478334
1881.140000000014,623.8067640626564,617.590659478334
1881.484000000055,623.8042493860831,617.590659478334
1881.8279999999795,623.7955098096935,617.590659478334
1882.1720000000205,623.7853703576393,617.590659478334
1882.5310000000754,623.7960161181219,617.590659478334
1882.875,623.7947737183335,617.590659478334
1883.2179999999935,623.7971018975637,617.590659478334
1883.5779999999795,623.7948021987911,617.590659478334
1883.9370000000345,623.7877895453141,617.590659478334
1884.2810000000754,623.8016014620126,617.590659478334
1884.625,623.7817263760953,617.590659478334
1884.9679999999935,623.7922298344582,617.590659478334
1885.3279999999795,623.7928885889366,617.590659478334
1885.6720000000205,623.7710734841778,617.590659478334
1886.0310000000754,623.7946430240065,617.590659478334
1886.375,623.7875024282987,617.590659478334
1886.734000000055,623.7866220043327,617.590659478334
1887.0929999999935,623.7829002642894,617.590659478334
1887.4370000000345,623.8012293958828,617.590659478334
1887.7970000000205,623.7909003804476,617.590659478334
1888.125,623.8077362767247,617.590659478334
1888.484000000055,623.8349131121115,617.590659478334
1888.8279999999795,623.9299736223601,617.590659478334
1889.265000000014,623.9282499280603,617.590659478334
1889.609000000055,623.9277099044683,617.590659478334
1889.9529999999795,623.9134546068675,617.590659478334
1890.2970000000205,623.9134467840646,617.590659478334
1890.6560000000754,623.9108589344355,617.590659478334
1891.0,623.9029335983216,617.590659478334
1891.3429999999935,623.9200101850274,617.590659478334
1891.6870000000345,623.9105548410107,617.590659478334
1892.0470000000205,623.9094262908521,617.590659478334
1892.390000000014,623.902808420336,617.590659478334
1892.734000000055,623.9106308463087,617.590659478334
1893.0779999999795,623.9022245377284,617.590659478334
1893.4220000000205,623.9020505182089,617.590659478334
1893.7810000000754,623.9026424227743,617.590659478334
1894.125,623.9046172482828,617.590659478334
1894.484000000055,623.9121214073446,617.590659478334
1894.8279999999795,623.8825754037177,617.590659478334
1895.1720000000205,623.9236878655561,617.590659478334
1895.515000000014,623.9434914789674,617.590659478334
1895.859000000055,623.9356592472178,617.590659478334
1896.2179999999935,623.9468981780185,617.590659478334
1896.5620000000345,623.9188975893637,617.590659478334
1896.9060000000754,623.9209165462502,617.590659478334
1897.25,623.9163195250472,617.590659478334
1897.5929999999935,623.9287267730028,617.590659478334
1897.9529999999795,623.9118063063337,617.590659478334
1898.2810000000754,623.912838280076,617.590659478334
1898.640000000014,623.9136982967012,617.590659478334
1898.984000000055,623.9121562391754,617.590659478334
1899.3279999999795,623.9175085901642,617.590659478334
1899.6870000000345,623.9181125814954,617.590659478334
1900.0310000000754,623.9058221675557,617.590659478334
1900.375,623.924381672251,617.590659478334
1900.7179999999935,623.9207299537113,617.590659478334
1901.140000000014,623.8869739857099,617.590659478334
1901.484000000055,623.9019720433765,617.590659478334
1901.8279999999795,623.9168724006363,617.590659478334
1902.1560000000754,623.9067479879626,617.590659478334
1902.515000000014,623.9152442803389,617.590659478334
1902.859000000055,623.9127737177394,617.590659478334
1903.2029999999795,623.9051996867336,617.590659478334
1903.5620000000345,623.9107039017499,617.590659478334
1903.9060000000754,623.9226543868082,617.590659478334
1904.25,623.9165079818775,617.590659478334
1904.5929999999935,623.9074089288259,617.590659478334
1904.9370000000345,623.9019717447449,617.590659478334
1905.2810000000754,623.9237104477625,617.590659478334
1905.625,623.9163944456009,617.590659478334
1905.984000000055,623.9052750659163,617.590659478334
1906.3279999999795,623.9079601228249,617.590659478334
1906.6720000000205,623.9074573702428,617.590659478334
1907.0310000000754,623.902108547344,617.590659478334
1907.375,623.9066522575738,617.590659478334
1907.734000000055,623.9164343454482,617.590659478334
1908.0929999999935,623.897847243507,617.590659478334
1908.4370000000345,623.9064414105612,617.590659478334
1908.7810000000754,623.9026781694226,617.590659478334
1909.125,623.9216365210511,617.590659478334
1909.484000000055,623.9047531291053,617.590659478334
1909.8120000000345,623.9098191303306,617.590659478334
1910.1720000000205,623.9265242073582,617.590659478334
1910.515000000014,623.9126118512822,617.590659478334
1910.859000000055,623.9110483567725,617.590659478334
1911.2029999999795,623.8932484769256,617.590659478334
1911.5620000000345,623.911724434734,617.590659478334
1911.9060000000754,623.8994361987602,617.590659478334
1912.25,623.9151803833147,617.590659478334
1912.609000000055,623.9119341394943,617.590659478334
1912.9529999999795,623.9116712447106,617.590659478334
1913.3279999999795,623.9068443614266,617.590659478334
1913.6720000000205,623.9021769860124,617.590659478334
1914.015000000014,623.9182513928255,617.590659478334
1914.375,623.8984163546666,617.590659478334
1914.7179999999935,623.898166502494,617.590659478334
1915.0620000000345,623.89733368698,617.590659478334
1915.4060000000754,623.9034028423721,617.590659478334
1915.75,623.9086956471798,617.590659478334
1916.0929999999935,623.915726771039,617.590659478334
1916.4529999999795,623.9134311014936,617.590659478334
1916.7970000000205,623.9018151541729,617.590659478334
1917.140000000014,623.9028825113203,617.590659478334
1917.484000000055,623.9220381497141,617.590659478334
1917.8279999999795,623.906968935363,617.590659478334
1918.1720000000205,623.9059840265285,617.590659478334
1918.515000000014,623.9047383643607,617.590659478334
1918.875,623.9099429736301,617.590659478334
1919.234000000055,623.9068180051031,617.590659478334
1919.5929999999935,623.9076770072885,617.590659478334
1919.9220000000205,623.9197437766675,617.590659478334
1920.2810000000754,623.9121608460475,617.590659478334
1920.640000000014,623.897085100177,617.590659478334
1920.984000000055,623.9102473207223,617.590659478334
1921.3429999999935,623.9171876993349,617.590659478334
1921.7029999999795,623.9048570958469,617.590659478334
1922.0470000000205,623.903163060655,617.590659478334
1922.4060000000754,623.9054126972704,617.590659478334
1922.765000000014,623.9012331894786,617.590659478334
1923.109000000055,623.9045862692766,617.590659478334
1923.4679999999935,623.9049114334468,617.590659478334
1923.8120000000345,623.9003559296495,617.590659478334
1924.1720000000205,623.9007312026148,617.590659478334
1924.515000000014,623.907596397632,617.590659478334
1924.875,623.9042596203662,617.590659478334
1925.265000000014,623.9178563051541,617.590659478334
1925.609000000055,623.9057878128593,617.590659478334
1925.9529999999795,623.9049470467222,617.590659478334
1926.3120000000345,623.9139985853183,617.590659478334
1926.6560000000754,623.9111040543762,617.590659478334
1927.0,623.9115242209808,617.590659478334
1927.3429999999935,623.8946302053407,617.590659478334
1927.7029999999795,623.9025305690515,617.590659478334
1928.0470000000205,623.8920108006189,617.590659478334
1928.390000000014,623.9189649893934,617.590659478334
1928.734000000055,623.9106590613701,617.590659478334
1929.0929999999935,623.9043871594753,617.590659478334
1929.4370000000345,623.9044644311653,617.590659478334
1929.7970000000205,623.9016548667743,617.590659478334
1930.140000000014,623.8968821535334,617.590659478334
1930.4679999999935,623.8996906184216,617.590659478334
1930.8279999999795,623.9107605934498,617.590659478334
1931.1720000000205,623.917867040894,617.590659478334
1931.515000000014,623.9165541086189,617.590659478334
1931.875,623.9105374887439,617.590659478334
1932.2179999999935,623.8996121149979,617.590659478334
1932.5620000000345,623.9039747396549,617.590659478334
1932.9060000000754,623.8904122452301,617.590659478334
1933.25,623.9055268411291,617.590659478334
1933.5929999999935,623.9055414744261,617.590659478334
1933.9370000000345,623.9129971429937,617.590659478334
1934.2970000000205,623.9106944765911,617.590659478334
1934.6560000000754,623.9141738105889,617.590659478334
1935.0,623.8964865453027,617.590659478334
1935.375,623.9039774826897,617.590659478334
1935.7179999999935,623.8979171961847,617.590659478334
1936.0929999999935,623.8993558832585,617.590659478334
1936.4370000000345,623.9031767481813,617.590659478334
1936.7970000000205,623.8907931686588,617.590659478334
1937.2029999999795,623.9057146774651,617.590659478334
1937.5620000000345,623.9224540443589,617.590659478334
1937.9220000000205,623.908989391866,617.590659478334
1938.265000000014,623.9106219482594,617.590659478334
1938.625,623.8965007034553,617.590659478334
1938.9679999999935,623.9093145965188,617.590659478334
1939.3120000000345,623.9145912107535,617.590659478334
1939.6560000000754,623.9014972331615,617.590659478334
1940.015000000014,623.9086031706197,617.590659478334
1940.359000000055,623.8939682500738,617.590659478334
1940.7029999999795,623.8944809536537,617.590659478334
1941.0470000000205,623.9033769608936,617.590659478334
1941.390000000014,623.9068265143169,617.590659478334
1941.734000000055,623.8904254653676,617.590659478334
1942.0929999999935,623.9085172484547,617.590659478334
1942.4370000000345,623.9032078622737,617.590659478334
1942.7970000000205,623.8988649408353,617.590659478334
1943.125,623.8962154841707,617.590659478334
1943.4679999999935,623.9127427161211,617.590659478334
1943.8279999999795,623.9017327699672,617.590659478334
1944.1720000000205,623.9111987928042,617.590659478334
1944.515000000014,623.8976479827754,617.590659478334
1944.875,623.8948404405438,617.590659478334
1945.234000000055,623.9076369914401,617.590659478334
1945.5929999999935,623.8898807748826,617.590659478334
1945.9370000000345,623.8954588528295,617.590659478334
1946.2970000000205,623.89468866836,617.590659478334
1946.6560000000754,623.9018940908958,617.590659478334
1947.0,623.9113053097368,617.590659478334
1947.359000000055,623.8997353513581,617.590659478334
1947.7179999999935,623.9080527712049,617.590659478334
1948.0470000000205,623.9093110600473,617.590659478334
1948.390000000014,623.9063385268471,617.590659478334
1948.75,623.8951814941668,617.590659478334
1949.2810000000754,623.8922819065627,617.590659478334
1949.625,623.9036988866419,617.590659478334
1949.9679999999935,623.9055320858234,617.590659478334
1950.3120000000345,623.8966012427886,617.590659478334
1950.6560000000754,623.9120615789478,617.590659478334
1951.015000000014,623.9130050812553,617.590659478334
1951.359000000055,623.9176728558789,617.590659478334
1951.7029999999795,623.8983089841773,617.590659478334
1952.0470000000205,623.899727651134,617.590659478334
1952.390000000014,623.894047649876,617.590659478334
1952.734000000055,623.9046628578815,617.590659478334
1953.0779999999795,623.9025310795466,617.590659478334
1953.4370000000345,623.903726077126,617.590659478334
1953.7810000000754,623.9065314394571,617.590659478334
1954.109000000055,623.9065890145413,617.590659478334
1954.4529999999795,623.9038182566875,617.590659478334
1954.8120000000345,623.8976362102946,617.590659478334
1955.1560000000754,623.9099879195793,617.590659478334
1955.515000000014,623.9093971061685,617.590659478334
1955.8429999999935,623.8949085510143,617.590659478334
1956.2029999999795,623.8957197699416,617.590659478334
1956.5470000000205,623.9185673918868,617.590659478334
1956.890000000014,623.9090003381383,617.590659478334
1957.25,623.9083118409166,617.590659478334
1957.5929999999935,623.9017652304088,617.590659478334
1957.9529999999795,623.8988457018017,617.590659478334
1958.2970000000205,623.902655321849,617.590659478334
1958.6560000000754,623.8997963761736,617.590659478334
1959.0,623.8981281561692,617.590659478334
1959.3429999999935,623.8992157306938,617.590659478334
1959.7179999999935,623.9046482627693,617.590659478334
1960.0620000000345,623.8907102490188,617.590659478334
1960.4220000000205,623.9099839763007,617.590659478334
1960.765000000014,623.9107992982771,617.590659478334
1961.2810000000754,623.8997767755058,617.590659478334
1961.625,623.9020621121542,617.590659478334
1961.984000000055,623.8843034362453,617.590659478334
1962.3279999999795,623.8872851591666,617.590659478334
1962.6870000000345,623.9015735240138,617.590659478334
1963.015000000014,623.9242767199474,617.590659478334
1963.375,623.9127052516337,617.590659478334
1963.7179999999935,623.8995138313761,617.590659478334
1964.0929999999935,623.9062050274713,617.590659478334
1964.4370000000345,623.8990485347879,617.590659478334
1964.7810000000754,623.9029870676195,617.590659478334
1965.125,623.8972554495227,617.590659478334
1965.484000000055,623.9086522743053,617.590659478334
1965.8120000000345,623.8989894967362,617.590659478334
1966.1720000000205,623.9076157693135,617.590659478334
1966.515000000014,623.892905719218,617.590659478334
1966.875,623.898354115945,617.590659478334
1967.2179999999935,623.9045152799156,617.590659478334
1967.5779999999795,623.8980308575908,617.590659478334
1967.9220000000205,623.8919110959887,617.590659478334
1968.2810000000754,623.9026538799675,617.590659478334
1968.640000000014,623.8929853222045,617.590659478334
1968.984000000055,623.8894722023147,617.590659478334
1969.3279999999795,623.8946317898367,617.590659478334
1969.6870000000345,623.8987455414244,617.590659478334
1970.0470000000205,623.8997316222021,617.590659478334
1970.390000000014,623.8999918175405,617.590659478334
1970.75,623.9076379743627,617.590659478334
1971.0929999999935,623.9063486277552,617.590659478334
1971.4370000000345,623.9084117969894,617.590659478334
1971.7970000000205,623.8961547136096,617.590659478334
1972.140000000014,623.9020354756577,617.590659478334
1972.484000000055,623.9084125545422,617.590659478334
1972.859000000055,623.9002683485844,617.590659478334
1973.265000000014,623.9102372108149,617.590659478334
1973.609000000055,623.900134615898,617.590659478334
1973.9679999999935,623.9046160854296,617.590659478334
1974.2970000000205,623.9135169109131,617.590659478334
1974.6560000000754,623.8998539899271,617.590659478334
1974.984000000055,623.9115609081965,617.590659478334
1975.3279999999795,623.9009865672672,617.590659478334
1975.6870000000345,623.8940991396909,617.590659478334
1976.0310000000754,623.8993965896301,617.590659478334
1976.375,623.8973899010784,617.590659478334
1976.7179999999935,623.8944288146861,617.590659478334
1977.0779999999795,623.9044069773587,617.590659478334
1977.4220000000205,623.9073006649561,617.590659478334
1977.7810000000754,623.8927150600282,617.590659478334
1978.109000000055,623.9055897403628,617.590659478334
1978.4529999999795,623.9117881824935,617.590659478334
1978.7970000000205,623.8951882472703,617.590659478334
1979.1560000000754,623.8987627720406,617.590659478334
1979.5,623.896603342692,617.590659478334
1979.859000000055,623.9035977537103,617.590659478334
1980.2179999999935,623.9048443673712,617.590659478334
1980.5779999999795,623.9070516558467,617.590659478334
1980.9220000000205,623.9051623806143,617.590659478334
1981.2810000000754,623.8907350933225,617.590659478334
1981.625,623.9097936220857,617.590659478334
1981.9679999999935,623.9072133452164,617.590659478334
1982.3279999999795,623.9164917644829,617.590659478334
1982.6720000000205,623.9129754970787,617.590659478334
1983.015000000014,623.9019645169612,617.590659478334
1983.375,623.905172840941,617.590659478334
1983.7179999999935,623.8969174106829,617.590659478334
1984.0779999999795,623.8900794064105,617.590659478334
1984.4220000000205,623.8911663523909,617.590659478334
1984.7810000000754,623.9133225828555,617.590659478334
1985.3120000000345,623.9022397827973,617.590659478334
1985.6560000000754,623.8900698384681,617.590659478334
1986.0,623.8967032563551,617.590659478334
1986.3279999999795,623.9091436255951,617.590659478334
1986.6870000000345,623.9010531221527,617.590659478334
1987.0310000000754,623.8916342698197,617.590659478334
1987.375,623.9041905514213,617.590659478334
1987.7179999999935,623.8977066649394,617.590659478334
1988.0779999999795,623.8925002329228,617.590659478334
1988.4220000000205,623.9062910384262,617.590659478334
1988.765000000014,623.90267297599,617.590659478334
1989.109000000055,623.8926797563586,617.590659478334
1989.4529999999795,623.90206935538,617.590659478334
1989.8120000000345,623.8972500931244,617.590659478334
1990.1560000000754,623.8985939918185,617.590659478334
1990.515000000014,623.896402031287,617.590659478334
1990.859000000055,623.8991962574372,617.590659478334
1991.2029999999795,623.902718292178,617.590659478334
1991.5470000000205,623.8900863488989,617.590659478334
1991.890000000014,623.8963809596652,617.590659478334
1992.234000000055,623.8981349112381,617.590659478334
1992.5929999999935,623.8861540384471,617.590659478334
1992.9370000000345,623.9128449142847,617.590659478334
1993.2810000000754,623.9069750740969,617.590659478334
1993.625,623.9351526279619,617.590659478334
1993.9679999999935,623.9533392023742,617.590659478334
1994.3279999999795,623.9734131802717,617.590659478334
1994.6720000000205,623.9757966708472,617.590659478334
1995.0310000000754,623.9967661927838,617.590659478334
1995.375,623.9905582060488,617.590659478334
1995.7179999999935,624.0116362153943,617.590659478334
1996.0620000000345,624.0203902058078,617.590659478334
1996.4220000000205,624.0449412081839,617.590659478334
1996.765000000014,624.0365579344045,617.590659478334
1997.2970000000205,624.0463031128506,617.590659478334
1997.640000000014,624.0589691226827,617.590659478334
1997.984000000055,624.0489815915312,617.590659478334
1998.3279999999795,624.0684327788758,617.590659478334
1998.6870000000345,624.0789513242859,617.590659478334
1999.0310000000754,624.0855081596821,617.590659478334
1999.375,624.0856972416825,617.590659478334
1999.7029999999795,624.1035935225258,617.590659478334
2000.0779999999795,624.1106785704312,617.590659478334
2000.4220000000205,624.1017781946143,617.590659478334
2000.765000000014,624.1116167369846,617.590659478334
2001.125,624.1056004621116,617.590659478334
2001.4679999999935,624.1146030120992,617.590659478334
2001.8120000000345,624.1272078536692,617.590659478334
2002.1560000000754,624.130850085321,617.590659478334
2002.5,624.1445204407736,617.590659478334
2002.859000000055,624.1398739635606,617.590659478334
2003.2029999999795,624.1384480377047,617.590659478334
2003.5620000000345,624.1406010046878,617.590659478334
2003.890000000014,624.1584875990386,617.590659478334
2004.25,624.1574387495039,617.590659478334
2004.5929999999935,624.1625390404998,617.590659478334
2004.9529999999795,624.1642545841399,617.590659478334
2005.3120000000345,624.1693789940763,617.590659478334
2005.6560000000754,624.1912613296512,617.590659478334
2006.015000000014,624.2168748752739,617.590659478334
2006.359000000055,624.2268000377712,617.590659478334
2006.7029999999795,624.2274813652616,617.590659478334
2007.0620000000345,624.2392355649523,617.590659478334
2007.4220000000205,624.2450798131194,617.590659478334
2007.765000000014,624.2164675658896,617.590659478334
2008.125,624.2287396011607,617.590659478334
2008.484000000055,624.2158151584681,617.590659478334
2008.8429999999935,624.21939402303,617.590659478334
2009.25,624.2124010448367,617.590659478334
2009.5929999999935,624.198994413788,617.590659478334
2009.9370000000345,624.2070907920933,617.590659478334
2010.2810000000754,624.2011153045246,617.590659478334
2010.625,624.2107418685787,617.590659478334
2010.9679999999935,624.1848822639794,617.590659478334
2011.3279999999795,624.1948750708784,617.590659478334
2011.6720000000205,624.196724751139,617.590659478334
2012.015000000014,624.1982270283287,617.590659478334
2012.359000000055,624.1923236449136,617.590659478334
2012.7029999999795,624.1942282412342,617.590659478334
2013.0620000000345,624.1751094075883,617.590659478334
2013.4060000000754,624.1937659796044,617.590659478334
2013.75,624.1908769086533,617.590659478334
2014.109000000055,624.1967289454859,617.590659478334
2014.4529999999795,624.1920613492131,617.590659478334
2014.7970000000205,624.1901172460771,617.590659478334
2015.1560000000754,624.1852562246008,617.590659478334
2015.5,624.1809956899713,617.590659478334
2015.859000000055,624.190968395074,617.590659478334
2016.2029999999795,624.1769171802441,617.590659478334
2016.5620000000345,624.1931271381383,617.590659478334
2016.9060000000754,624.1873797008261,617.590659478334
2017.265000000014,624.1877571727331,617.590659478334
2017.609000000055,624.1910403869788,617.590659478334
2017.9679999999935,624.1889158628126,617.590659478334
2018.3120000000345,624.1869533215298,617.590659478334
2018.6720000000205,624.1720920051122,617.590659478334
2019.015000000014,624.1826297316533,617.590659478334
2019.375,624.1964364565656,617.590659478334
2019.7179999999935,624.2056048669314,617.590659478334
2020.0779999999795,624.0394532195138,617.590659478334
2020.4370000000345,623.9306991992554,617.590659478334
2020.7970000000205,623.8851450093017,617.590659478334
2021.2970000000205,623.8653803855185,617.590659478334
2021.640000000014,623.8397818582483,617.590659478334
2021.984000000055,623.8448385449733,617.590659478334
2022.3429999999935,623.8216528109957,617.590659478334
2022.6870000000345,623.8193349387334,617.590659478334
2023.0310000000754,623.8288654520159,617.590659478334
2023.375,623.8160226838304,617.590659478334
2023.7179999999935,623.8050415987012,617.590659478334
2024.0620000000345,623.8147961420422,617.590659478334
2024.4220000000205,623.8076314617041,617.590659478334
2024.765000000014,623.8048078042966,617.590659478334
2025.109000000055,623.8004135189502,617.590659478334
2025.4529999999795,623.8142413095007,617.590659478334
2025.8120000000345,623.7974782762753,617.590659478334
2026.140000000014,623.8086452877243,617.590659478334
2026.484000000055,623.8085630912886,617.590659478334
2026.8279999999795,623.7895271766231,617.590659478334
2027.1720000000205,623.8057057414392,617.590659478334
2027.515000000014,623.7972376848159,617.590659478334
2027.859000000055,623.8034196504345,617.590659478334
2028.2179999999935,623.7914106765202,617.590659478334
2028.5779999999795,623.7869218281102,617.590659478334
2028.9220000000205,623.7954297059424,617.590659478334
2029.2810000000754,623.790586679501,617.590659478334
2029.625,623.7932026557693,617.590659478334
2029.984000000055,623.7799672048327,617.590659478334
2030.3279999999795,623.7857546526061,617.590659478334
2030.6870000000345,623.7956158144734,617.590659478334
2031.0310000000754,623.7942810627871,617.590659478334
2031.390000000014,623.7813198441386,617.590659478334
2031.734000000055,623.7968284503602,617.590659478334
2032.0779999999795,623.8107899262336,617.590659478334
2032.4220000000205,623.8207646085256,617.590659478334
2032.7810000000754,623.9197419823761,617.590659478334
2033.25,623.9400738381139,617.590659478334
2033.5929999999935,623.942593891707,617.590659478334
2033.9529999999795,623.9170755109687,617.590659478334
2034.2970000000205,623.9100393139354,617.590659478334
2034.640000000014,623.9140957274242,617.590659478334
2034.984000000055,623.9122062192558,617.590659478334
2035.3279999999795,623.9119985044566,617.590659478334
2035.6720000000205,623.9153341012777,617.590659478334
2036.015000000014,623.9061213156775,617.590659478334
2036.359000000055,623.9144695832116,617.590659478334
2036.7029999999795,623.8969237655214,617.590659478334
2037.0620000000345,623.9070025958612,617.590659478334
2037.4060000000754,623.9006939234249,617.590659478334
2037.75,623.9169081173771,617.590659478334
2038.0929999999935,623.9034250624711,617.590659478334
2038.4370000000345,623.9087638601161,617.590659478334
2038.7970000000205,623.9055483908897,617.590659478334
2039.140000000014,623.8932557918203,617.590659478334
2039.515000000014,623.8939050859885,617.590659478334
2039.859000000055,623.9171230349182,617.590659478334
2040.2179999999935,623.89558158524,617.590659478334
2040.5620000000345,623.9097272730531,617.590659478334
2040.9220000000205,623.905033249747,617.590659478334
2041.2810000000754,623.911819152139,617.590659478334
2041.625,623.9090205611998,617.590659478334
2041.984000000055,623.9074391020123,617.590659478334
2042.3279999999795,623.9030493235166,617.590659478334
2042.6720000000205,623.9093004387689,617.590659478334
2043.0310000000754,623.8954835703867,617.590659478334
2043.390000000014,623.9080195672908,617.590659478334
2043.734000000055,623.8965705142452,617.590659478334
2044.0929999999935,623.9121777183128,617.590659478334
2044.4529999999795,623.9041629237719,617.590659478334
2044.8120000000345,623.8989247834152,617.590659478334
2045.265000000014,623.8290349871662,617.590659478334
2045.625,623.8266936879285,617.590659478334
2045.9679999999935,623.8360838591923,617.590659478334
2046.3120000000345,623.8259548194562,617.590659478334
2046.6560000000754,623.8372233537046,617.590659478334
2047.015000000014,623.8193093522071,617.590659478334
2047.359000000055,623.8150252228656,617.590659478334
2047.7029999999795,623.8067093915564,617.590659478334
2048.0470000000205,623.8019998400698,617.590659478334
2048.4060000000754,623.8136549503574,617.590659478334
2048.75,623.8068990853319,617.590659478334
2049.0929999999935,623.8010420729557,617.590659478334
2049.4220000000205,623.7960350881625,617.590659478334
2049.7810000000754,623.7856582455764,617.590659478334
2050.125,623.7975659582065,617.590659478334
2050.484000000055,623.8096402049777,617.590659478334
2050.8279999999795,623.7825450936313,617.590659478334
2051.1720000000205,623.8031008051074,617.590659478334
2051.515000000014,623.7913290812523,617.590659478334
2051.859000000055,623.7988527831579,617.590659478334
2052.2179999999935,623.7944435819354,617.590659478334
2052.5620000000345,623.7959981381423,617.590659478334
2052.9060000000754,623.7869975200006,617.590659478334
2053.265000000014,623.7889879899013,617.590659478334
2053.609000000055,623.790738226113,617.590659478334
2053.9529999999795,623.7902462591019,617.590659478334
2054.2970000000205,623.7848936148873,617.590659478334
2054.640000000014,623.7952071883235,617.590659478334
2054.984000000055,623.79364058507,617.590659478334
2055.3279999999795,623.7960500705046,617.590659478334
2055.6720000000205,623.7912947220075,617.590659478334
2056.0310000000754,623.7886425259051,617.590659478334
2056.375,623.7872854075413,617.590659478334
2056.7029999999795,623.7967528969797,617.590659478334
2057.0620000000345,623.8166495413337,617.590659478334
2057.4060000000754,623.8196613865321,617.590659478334
2057.75,623.9239034875814,617.590659478334
2058.0929999999935,623.9406063581611,617.590659478334
2058.4370000000345,623.9340473513134,617.590659478334
2058.7810000000754,623.9212118080254,617.590659478334
2059.140000000014,623.9198112931377,617.590659478334
2059.4679999999935,623.9088287422322,617.590659478334
2059.8279999999795,623.9058140814817,617.590659478334
2060.1720000000205,623.9125469477565,617.590659478334
2060.515000000014,623.9093198128472,617.590659478334
2060.875,623.9067853714614,617.590659478334
2061.2029999999795,623.9030463891572,617.590659478334
2061.5620000000345,623.9100887986834,617.590659478334
2061.9060000000754,623.9151608295151,617.590659478334
2062.25,623.909937140413,617.590659478334
2062.609000000055,623.9021071876587,617.590659478334
2062.9529999999795,623.888501119511,617.590659478334
2063.3120000000345,623.9023542999016,617.590659478334
2063.6560000000754,623.8921639048106,617.590659478334
2064.015000000014,623.9067019609658,617.590659478334
2064.359000000055,623.9415271838174,617.590659478334
2064.7029999999795,623.9500299178661,617.590659478334
2065.0470000000205,623.9619380163319,617.590659478334
2065.4060000000754,623.9247166440339,617.590659478334
2065.765000000014,623.9373511434005,617.590659478334
2066.109000000055,623.9318072846286,617.590659478334
2066.4679999999935,623.9281418931981,617.590659478334
2066.8120000000345,623.9335093029072,617.590659478334
2067.1720000000205,623.9208788501392,617.590659478334
2067.5310000000754,623.9047444716489,617.590659478334
2067.875,623.9150662793376,617.590659478334
2068.234000000055,623.9081158757907,617.590659478334
2068.5779999999795,623.9019367902732,617.590659478334
2068.9370000000345,623.9165649824143,617.590659478334
2069.3120000000345,623.9150131411806,617.590659478334
2069.6720000000205,623.9223257200648,617.590659478334
2070.015000000014,623.9127038974857,617.590659478334
2070.359000000055,623.9206286149066,617.590659478334
2070.7029999999795,623.9210381507502,617.590659478334
2071.0470000000205,623.9294462842214,617.590659478334
2071.4060000000754,623.9181213016776,617.590659478334
2071.734000000055,623.9125438571338,617.590659478334
2072.0929999999935,623.9037100483051,617.590659478334
2072.4370000000345,623.8987077358307,617.590659478334
2072.7970000000205,623.9127419616467,617.590659478334
2073.140000000014,623.9155948767648,617.590659478334
2073.484000000055,623.9156086227197,617.590659478334
2073.8279999999795,623.9093969430751,617.590659478334
2074.1720000000205,623.9099490313636,617.590659478334
2074.515000000014,623.9026471512562,617.590659478334
2074.875,623.9027646930136,617.590659478334
2075.2179999999935,623.910787567005,617.590659478334
2075.5779999999795,623.9109512743693,617.590659478334
2075.9220000000205,623.9165742417935,617.590659478334
2076.265000000014,623.9138648304605,617.590659478334
2076.625,623.9078517708624,617.590659478334
2076.9679999999935,623.914734290759,617.590659478334
2077.3120000000345,623.9265842547261,617.590659478334
2077.6720000000205,623.9620622311323,617.590659478334
2078.0310000000754,623.9795869662238,617.590659478334
2078.375,623.9946039189687,617.590659478334
2078.7179999999935,624.0071941697605,617.590659478334
2079.0779999999795,624.030742751434,617.590659478334
2079.4370000000345,624.0463904121222,617.590659478334
2079.7810000000754,624.0563078070041,617.590659478334
2080.125,624.0592938910287,617.590659478334
2080.484000000055,624.0667708668111,617.590659478334
2080.8279999999795,624.0845871239261,617.590659478334
2081.265000000014,624.0706986156733,617.590659478334
2081.609000000055,624.091520475984,617.590659478334
2081.9679999999935,624.1061526310547,617.590659478334
2082.3120000000345,624.1078079940282,617.590659478334
2082.6720000000205,624.1207170002092,617.590659478334
2083.015000000014,624.119007359265,617.590659478334
2083.359000000055,624.1254910170445,617.590659478334
2083.7029999999795,624.1446530837816,617.590659478334
2084.0470000000205,624.1415223570734,617.590659478334
2084.4060000000754,624.1529213835774,617.590659478334
2084.75,624.151255469118,617.590659478334
2085.0929999999935,624.149681409115,617.590659478334
2085.4370000000345,624.1759167524832,617.590659478334
2085.7810000000754,624.1719194675804,617.590659478334
2086.125,624.1777221300879,617.590659478334
2086.4679999999935,624.1778592557521,617.590659478334
2086.8120000000345,624.1856924299041,617.590659478334
2087.1560000000754,624.1815057312998,617.590659478334
2087.515000000014,624.1895950522718,617.590659478334
2087.859000000055,624.1961109162015,617.590659478334
2088.2029999999795,624.2020075295782,617.590659478334
2088.5470000000205,624.1845936982133,617.590659478334
2088.890000000014,624.2174276367273,617.590659478334
2089.25,624.2041576278983,617.590659478334
2089.5929999999935,624.2120264872174,617.590659478334
2089.9370000000345,624.2172266547017,617.590659478334
2090.2810000000754,624.2104548532625,617.590659478334
2090.625,624.2247324834896,617.590659478334
2090.9679999999935,624.2275476656931,617.590659478334
2091.3279999999795,624.2218629073121,617.590659478334
2091.6720000000205,624.2322491450548,617.590659478334
2092.015000000014,624.2468263048138,617.590659478334
2092.3429999999935,624.2444865402003,617.590659478334
2092.7029999999795,624.2342480149845,617.590659478334
2093.0470000000205,624.252837109053,617.590659478334
2093.4060000000754,624.2525336825018,617.590659478334
2093.75,624.2510592931553,617.590659478334
2094.125,624.2424379005812,617.590659478334
2094.4679999999935,624.2664447287261,617.590659478334
2094.8120000000345,624.2603697574671,617.590659478334
2095.140000000014,624.2628097995797,617.590659478334
2095.5,624.2703237768028,617.590659478334
2095.8429999999935,624.2703875319528,617.590659478334
2096.1870000000345,624.2712585596778,617.590659478334
2096.5310000000754,624.2713087885493,617.590659478334
2096.875,624.2776985979965,617.590659478334
2097.2179999999935,624.27792146553,617.590659478334
2097.5779999999795,624.2790531185119,617.590659478334
2097.9060000000754,624.2734204842377,617.590659478334
2098.265000000014,624.280955461504,617.590659478334
2098.609000000055,624.2878645837069,617.590659478334
2098.9529999999795,624.2982254519327,617.590659478334
2099.2970000000205,624.2943019468615,617.590659478334
2099.6560000000754,624.2925165615131,617.590659478334
2100.0,624.2984369188683,617.590659478334
2100.359000000055,624.2959156230736,617.590659478334
2100.7029999999795,624.2906878878479,617.590659478334
2101.0470000000205,624.2969275937517,617.590659478334
2101.4060000000754,624.3079916244466,617.590659478334
2101.75,624.3094459336014,617.590659478334
2102.109000000055,624.3130000029726,617.590659478334
2102.4679999999935,624.2997458246497,617.590659478334
2102.8120000000345,624.3079654852862,617.590659478334
2103.1560000000754,624.3126542871855,617.590659478334
2103.5,624.3091677098138,617.590659478334
2103.859000000055,624.3190314004291,617.590659478334
2104.2029999999795,624.3209105480223,617.590659478334
2104.5470000000205,624.320537414076,617.590659478334
2104.9060000000754,624.3212057591561,617.590659478334
2105.2810000000754,624.3296387429779,617.590659478334
2105.640000000014,624.3137336046751,617.590659478334
2105.984000000055,624.321820806087,617.590659478334
2106.3279999999795,624.327434836487,617.590659478334
2106.6720000000205,624.3269242357843,617.590659478334
2107.015000000014,624.3339064563137,617.590659478334
2107.359000000055,624.331586768855,617.590659478334
2107.7029999999795,624.351710237834,617.590659478334
2108.0470000000205,624.3290399070407,617.590659478334
2108.390000000014,624.3367121339334,617.590659478334
2108.734000000055,624.3375494304275,617.590659478334
2109.0779999999795,624.349785812706,617.590659478334
2109.4370000000345,624.3465965949837,617.590659478334
2109.7810000000754,624.3425385383358,617.590659478334
2110.109000000055,624.342553888576,617.590659478334
2110.4679999999935,624.3422313404236,617.590659478334
2110.8120000000345,624.3553388858925,617.590659478334
2111.1560000000754,624.3474292659114,617.590659478334
2111.5,624.3497594786647,617.590659478334
2111.8429999999935,624.3705690213362,617.590659478334
2112.1870000000345,624.3652678184982,617.590659478334
2112.5310000000754,624.3576713410567,617.590659478334
2112.890000000014,624.351088776185,617.590659478334
2113.234000000055,624.3550354593955,617.590659478334
2113.5929999999935,624.363042481324,617.590659478334
2113.9370000000345,624.3637568748248,617.590659478334
2114.2970000000205,624.3699386149399,617.590659478334
2114.640000000014,624.3531200861283,617.590659478334
2114.984000000055,624.3581074313099,617.590659478334
2115.3429999999935,624.3553472058167,617.590659478334
2115.7029999999795,624.344577832009,617.590659478334
2116.0620000000345,624.3705464789241,617.590659478334
2116.4060000000754,624.3760019488701,617.590659478334
2116.75,624.3646152562006,617.590659478334
2117.109000000055,624.367865005648,617.590659478334
2117.4679999999935,624.3762236574531,617.590659478334
2117.8120000000345,624.3706718426959,617.590659478334
2118.1560000000754,624.3731984516903,617.590659478334
2118.5,624.3679009256688,617.590659478334
2118.8429999999935,624.3726815930779,617.590659478334
2119.1870000000345,624.3723792765094,617.590659478334
2119.5310000000754,624.3750792886257,617.590659478334
2119.890000000014,624.383558432834,617.590659478334
2120.2029999999795,624.3807210838173,617.590659478334
2120.5620000000345,624.3784564231372,617.590659478334
2120.9060000000754,624.390078723341,617.590659478334
2121.25,624.3638160270043,617.590659478334
2121.5929999999935,624.3866320109634,617.590659478334
2121.9370000000345,624.3872562669849,617.590659478334
2122.2970000000205,624.4031307054552,617.590659478334
2122.625,624.3846853275184,617.590659478334
2122.984000000055,624.3980378657059,617.590659478334
2123.3279999999795,624.3802551284742,617.590659478334
2123.6870000000345,624.3899954165477,617.590659478334
2124.0310000000754,624.3766565311805,617.590659478334
2124.375,624.3917785708333,617.590659478334
2124.7179999999935,624.3961542288678,617.590659478334
2125.0779999999795,624.3836225402823,617.590659478334
2125.4220000000205,624.3895550377005,617.590659478334
2125.7810000000754,624.4046549530572,617.590659478334
2126.140000000014,624.4020702685845,617.590659478334
2126.484000000055,624.3952338659469,617.590659478334
2126.8429999999935,624.4161015189239,617.590659478334
2127.1870000000345,624.3976543059127,617.590659478334
2127.5470000000205,624.396397856436,617.590659478334
2127.890000000014,624.392718963724,617.590659478334
2128.25,624.4065502009908,617.590659478334
2128.5929999999935,624.3967255735147,617.590659478334
2128.9370000000345,624.3975601989335,617.590659478334
2129.3120000000345,624.4039402358782,617.590659478334
2129.6560000000754,624.3953646281531,617.590659478334
2130.0,624.4127967292226,617.590659478334
2130.3429999999935,624.3928643135972,617.590659478334
2130.6870000000345,624.3974816003206,617.590659478334
2131.0310000000754,624.4187744212476,617.590659478334
2131.375,624.4153669477582,617.590659478334
2131.7179999999935,624.4086176028154,617.590659478334
2132.0620000000345,624.4089928784625,617.590659478334
2132.4060000000754,624.4148035178691,617.590659478334
2132.75,624.4093244589584,617.590659478334
2133.0929999999935,624.4151722599584,617.590659478334
2133.4370000000345,624.4233916638468,617.590659478334
2133.7970000000205,624.4065252543636,617.590659478334
2134.140000000014,624.4169290647231,617.590659478334
2134.5,624.4049561166255,617.590659478334
2134.8429999999935,624.4048908143105,617.590659478334
2135.2029999999795,624.4262142364698,617.590659478334
2135.5470000000205,624.4227256968223,617.590659478334
2135.9060000000754,624.4148577892391,617.590659478334
2136.265000000014,624.4069870039849,617.590659478334
2136.609000000055,624.4334149284474,617.590659478334
2136.9679999999935,624.41704870695,617.590659478334
2137.3120000000345,624.4221051121843,617.590659478334
2137.6560000000754,624.4232174356669,617.590659478334
2138.0,624.4209547718749,617.590659478334
2138.3429999999935,624.4131503512349,617.590659478334
2138.6870000000345,624.4171744316028,617.590659478334
2139.0310000000754,624.4349090378066,617.590659478334
2139.390000000014,624.4230753664049,617.590659478334
2139.734000000055,624.422215686727,617.590659478334
2140.0779999999795,624.4214013660899,617.590659478334
2140.4220000000205,624.4277705141196,617.590659478334
2140.765000000014,624.4340422725398,617.590659478334
2141.2970000000205,624.4349696810866,617.590659478334
2141.640000000014,624.4287455133216,617.590659478334
2141.984000000055,624.4382662548475,617.590659478334
2142.3279999999795,624.4278330054345,617.590659478334
2142.6720000000205,624.4365171568,617.590659478334
2143.015000000014,624.4302164528419,617.590659478334
2143.375,624.4394822033665,617.590659478334
2143.7179999999935,624.4350663417707,617.590659478334
2144.0620000000345,624.4340662418407,617.590659478334
2144.4060000000754,624.4358478969066,617.590659478334
2144.75,624.4556458080581,617.590659478334
2145.0929999999935,624.4690287424257,617.590659478334
2145.4370000000345,624.467473570945,617.590659478334
2145.7810000000754,624.4817026520227,617.590659478334
2146.140000000014,624.4854315017589,617.590659478334
2146.484000000055,624.481363219702,617.590659478334
2146.8279999999795,624.4850534620483,617.590659478334
2147.1720000000205,624.4624446640573,617.590659478334
2147.515000000014,624.4749061469721,617.590659478334
2147.859000000055,624.4815303216262,617.590659478334
2148.2029999999795,624.4626643286815,617.590659478334
2148.5470000000205,624.4515027965449,617.590659478334
2148.890000000014,624.4464846326266,617.590659478334
2149.25,624.4503359322167,617.590659478334
2149.5929999999935,624.4585132626223,617.590659478334
2149.9370000000345,624.4458589369585,617.590659478334
2150.2810000000754,624.4369737625823,617.590659478334
2150.625,624.433919547799,617.590659478334
2150.9679999999935,624.4422410188338,617.590659478334
2151.3279999999795,624.4347396226575,617.590659478334
2151.6720000000205,624.4517528058345,617.590659478334
2152.015000000014,624.4330494625035,617.590659478334
2152.359000000055,624.4417147742581,617.590659478334
2152.7029999999795,624.4270832667806,617.590659478334
2153.0470000000205,624.4517365085817,617.590659478334
2153.4060000000754,624.4445876114634,617.590659478334
2153.75,624.4212975232524,617.590659478334
2154.0929999999935,624.4315835295267,617.590659478334
2154.4370000000345,624.4287614604325,617.590659478334
2154.7810000000754,624.4258784949421,617.590659478334
2155.125,624.438170677122,617.590659478334
2155.4679999999935,624.4295505246248,617.590659478334
2155.8279999999795,624.4405213456174,617.590659478334
2156.1720000000205,624.427873112722,617.590659478334
2156.515000000014,624.4249372292455,617.590659478334
2156.875,624.4293725522124,617.590659478334
2157.2029999999795,624.4335131245699,617.590659478334
2157.5620000000345,624.4480236935,617.590659478334
2157.9060000000754,624.432520708796,617.590659478334
2158.25,624.439394060091,617.590659478334
2158.609000000055,624.4400525598318,617.590659478334
2158.9529999999795,624.4350109733227,617.590659478334
2159.2970000000205,624.41976233553,617.590659478334
2159.640000000014,624.4303487818393,617.590659478334
2159.984000000055,624.4448992448679,617.590659478334
2160.3429999999935,624.4249540334339,617.590659478334
2160.6870000000345,624.4177833320824,617.590659478334
2161.0310000000754,624.4431849089588,617.590659478334
2161.375,624.4320080728626,617.590659478334
2161.7179999999935,624.4309085034649,617.590659478334
2162.0929999999935,624.429813306752,617.590659478334
2162.4370000000345,624.4212670064942,617.590659478334
2162.7970000000205,624.419744559342,617.590659478334
2163.140000000014,624.4272029911807,617.590659478334
2163.484000000055,624.4292458570895,617.590659478334
2163.8429999999935,624.4085551500164,617.590659478334
2164.2029999999795,624.4235401129796,617.590659478334
2164.5470000000205,624.4257123352007,617.590659478334
2164.9060000000754,624.4197190543937,617.590659478334
2165.265000000014,624.4142394154442,617.590659478334
2165.5929999999935,624.4367323163816,617.590659478334
2165.9529999999795,624.4341246226271,617.590659478334
2166.2970000000205,624.437503401076,617.590659478334
2166.640000000014,624.4258058721093,617.590659478334
2166.984000000055,624.4271048898869,617.590659478334
2167.3279999999795,624.4233817690675,617.590659478334
2167.6720000000205,624.4177590490511,617.590659478334
2168.015000000014,624.4334721270808,617.590659478334
2168.359000000055,624.4181072194782,617.590659478334
2168.7029999999795,624.4176349822873,617.590659478334
2169.0470000000205,624.4143258445597,617.590659478334
2169.390000000014,624.422050662585,617.590659478334
2169.75,624.4290037906916,617.590659478334
2170.0929999999935,624.4258743387338,617.590659478334
2170.4370000000345,624.4195287495895,617.590659478334
2170.7810000000754,624.4115077801029,617.590659478334
2171.140000000014,624.4284384437419,617.590659478334
2171.484000000055,624.4034505589767,617.590659478334
2171.8279999999795,624.4144820257749,617.590659478334
2172.1870000000345,624.422220963564,617.590659478334
2172.5470000000205,624.4274684428946,617.590659478334
2172.9060000000754,624.4183756948312,617.590659478334
2173.25,624.4340107297423,617.590659478334
2173.5929999999935,624.4230935815143,617.590659478334
2173.9529999999795,624.4193871484205,617.590659478334
2174.3120000000345,624.4203453669336,617.590659478334
2174.6560000000754,624.4152907150016,617.590659478334
2175.015000000014,624.4251324082525,617.590659478334
2175.359000000055,624.4281314970042,617.590659478334
2175.7029999999795,624.4214066259852,617.590659478334
2176.0620000000345,624.4086318986931,617.590659478334
2176.4060000000754,624.4298644378794,617.590659478334
2176.75,624.4140083739522,617.590659478334
2177.2970000000205,624.4063996199482,617.590659478334
2177.6560000000754,624.4074058872868,617.590659478334
2178.0,624.4221401353013,617.590659478334
2178.3429999999935,624.4145300812514,617.590659478334
2178.6870000000345,624.4181750552052,617.590659478334
2179.0470000000205,624.4189677843414,617.590659478334
2179.390000000014,624.4103223751852,617.590659478334
2179.734000000055,624.4207735621893,617.590659478334
2180.0779999999795,624.4193901249616,617.590659478334
2180.4370000000345,624.4125358760945,617.590659478334
2180.7810000000754,624.4266834223924,617.590659478334
2181.125,624.4114899418818,617.590659478334
2181.4679999999935,624.4222977324137,617.590659478334
2181.8279999999795,624.4173158159015,617.590659478334
2182.1560000000754,624.428158951024,617.590659478334
2182.515000000014,624.4135554894305,617.590659478334
2182.859000000055,624.4112348653127,617.590659478334
2183.2179999999935,624.4100923192084,617.590659478334
2183.5620000000345,624.4240552807195,617.590659478334
2183.9220000000205,624.4161079347105,617.590659478334
2184.265000000014,624.4322628194193,617.590659478334
2184.609000000055,624.420421525337,617.590659478334
2184.9529999999795,624.4044524468301,617.590659478334
2185.2970000000205,624.4233852542475,617.590659478334
2185.6560000000754,624.4099306729499,617.590659478334
2186.0,624.4230461578592,617.590659478334
2186.3429999999935,624.409036304748,617.590659478334
2186.6870000000345,624.4262946125373,617.590659478334
2187.0310000000754,624.4155745338096,617.590659478334
2187.390000000014,624.4153427966974,617.590659478334
2187.7179999999935,624.4089893315419,617.590659478334
2188.109000000055,624.4187319946628,617.590659478334
2188.4529999999795,624.4218421086563,617.590659478334
2188.7970000000205,624.4256177023028,617.590659478334
2189.265000000014,624.4124998595314,617.590659478334
2189.5929999999935,624.4221820048655,617.590659478334
2189.9529999999795,624.431799372247,617.590659478334
2190.2970000000205,624.4225831802432,617.590659478334
2190.640000000014,624.3996664732834,617.590659478334
2191.0,624.413034692485,617.590659478334
2191.3429999999935,624.4096121486772,617.590659478334
2191.6720000000205,624.4235774115691,617.590659478334
2192.0310000000754,624.4174005699584,617.590659478334
2192.375,624.4065951073641,617.590659478334
2192.7179999999935,624.4143497094785,617.590659478334
2193.109000000055,624.4147033712469,617.590659478334
2193.4529999999795,624.4164663152087,617.590659478334
2193.7970000000205,624.4149203811502,617.590659478334
2194.140000000014,624.404506716569,617.590659478334
2194.4679999999935,624.3966546897901,617.590659478334
2194.8279999999795,624.413121651719,617.590659478334
2195.1870000000345,624.4202701762866,617.590659478334
2195.5310000000754,624.4153923729993,617.590659478334
2195.875,624.4139660806794,617.590659478334
2196.234000000055,624.4140255683036,617.590659478334
2196.5779999999795,624.4108643915837,617.590659478334
2196.9220000000205,624.4065021416889,617.590659478334
2197.265000000014,624.4108754316335,617.590659478334
2197.609000000055,624.4149307352466,617.590659478334
2197.9679999999935,624.4050578869716,617.590659478334
2198.3279999999795,624.4183901243845,617.590659478334
2198.6870000000345,624.418207952479,617.590659478334
2199.0310000000754,624.4101594305768,617.590659478334
2199.390000000014,624.4021396583643,617.590659478334
2199.734000000055,624.4206967192519,617.590659478334
2200.0929999999935,624.407604165261,617.590659478334
2200.4370000000345,624.4193933572583,617.590659478334
2200.7810000000754,624.4138414739473,617.590659478334
2201.25,624.4071454768241,617.590659478334
2201.609000000055,624.4091794415637,617.590659478334
2201.9529999999795,624.4021205481502,617.590659478334
2202.2810000000754,624.4119426361119,617.590659478334
2202.640000000014,624.4084670289279,617.590659478334
2202.984000000055,624.4234798291803,617.590659478334
2203.3120000000345,624.3995960953207,617.590659478334
2203.6720000000205,624.4164929886533,617.590659478334
2204.015000000014,624.4275150883557,617.590659478334
2204.359000000055,624.4154651010454,617.590659478334
2204.7029999999795,624.4137572778485,617.590659478334
2205.0470000000205,624.4065325916636,617.590659478334
2205.390000000014,624.4142350365756,617.590659478334
2205.75,624.4041219713331,617.590659478334
2206.0929999999935,624.4077201253755,617.590659478334
2206.4370000000345,624.4136258359027,617.590659478334
2206.7810000000754,624.414946323752,617.590659478334
2207.140000000014,624.4144309486867,617.590659478334
2207.484000000055,624.4264240188315,617.590659478334
2207.8279999999795,624.4062692037205,617.590659478334
2208.1720000000205,624.117955442986,617.590659478334
2208.515000000014,623.962207114322,617.590659478334
2208.875,623.9030450787651,617.590659478334
2209.2179999999935,623.878186510117,617.590659478334
2209.5620000000345,623.8757134360386,617.590659478334
2209.9060000000754,623.8381715274807,617.590659478334
2210.265000000014,623.8359060208365,617.590659478334
2210.609000000055,623.8306953791082,617.590659478334
2210.9529999999795,623.8147247033611,617.590659478334
2211.2970000000205,623.8152095653882,617.590659478334
2211.640000000014,623.8129436183939,617.590659478334
2211.984000000055,623.8124711368936,617.590659478334
2212.3279999999795,623.8096976816057,617.590659478334
2212.6870000000345,623.8061631233095,617.590659478334
2213.0310000000754,623.8046251464062,617.590659478334
2213.390000000014,623.799721572218,617.590659478334
2213.734000000055,623.8055192597899,617.590659478334
2214.109000000055,623.8033853777072,617.590659478334
2214.4679999999935,623.8061030447622,617.590659478334
2214.8120000000345,623.8099726077484,617.590659478334
2215.1560000000754,623.8060659471204,617.590659478334
2215.5,623.7848253475648,617.590659478334
2215.8429999999935,623.8012769825688,617.590659478334
2216.1720000000205,623.7968218646331,617.590659478334
2216.5310000000754,623.8026086027312,617.590659478334
2216.875,623.8028314997559,617.590659478334
2217.2179999999935,623.7997784431692,617.590659478334
2217.5620000000345,623.8014174592995,617.590659478334
2217.9060000000754,623.7938216338431,617.590659478334
2218.265000000014,623.7900149896224,617.590659478334
2218.609000000055,623.787472859748,617.590659478334
2218.9529999999795,623.7809287585208,617.590659478334
2219.2970000000205,623.8032535405881,617.590659478334
2219.640000000014,623.7854409458184,617.590659478334
2219.984000000055,623.8200406412842,617.590659478334
2220.3279999999795,623.8410577119064,617.590659478334
2220.6870000000345,623.9334412422761,617.590659478334
2221.0310000000754,623.9389654678274,617.590659478334
2221.375,623.9399922232213,617.590659478334
2221.7179999999935,623.9270243454308,617.590659478334
2222.0779999999795,623.9236479227666,617.590659478334
2222.4370000000345,623.923779036459,617.590659478334
2222.7810000000754,623.9165430070556,617.590659478334
2223.140000000014,623.9123522644647,617.590659478334
2223.484000000055,623.9048917267733,617.590659478334
2223.8429999999935,623.9055061269598,617.590659478334
2224.2029999999795,623.9114240259297,617.590659478334
2224.5470000000205,623.909480716477,617.590659478334
2224.890000000014,623.902423365222,617.590659478334
2225.265000000014,623.9042287212957,617.590659478334
2225.609000000055,623.9024629732967,617.590659478334
2225.9679999999935,623.9065457572572,617.590659478334
2226.2970000000205,623.9047005864229,617.590659478334
2226.6560000000754,623.8950110922727,617.590659478334
2227.0,623.9069252165409,617.590659478334
2227.359000000055,623.9053740338152,617.590659478334
2227.7029999999795,623.9041480637703,617.590659478334
2228.0470000000205,623.914130444928,617.590659478334
2228.390000000014,623.9021490151242,617.590659478334
2228.75,623.9047377833404,617.590659478334
2229.0929999999935,623.9138655120369,617.590659478334
2229.4370000000345,623.9077371105612,617.590659478334
2229.7970000000205,623.9071640411785,617.590659478334
2230.140000000014,623.9195689936747,617.590659478334
2230.484000000055,623.910755866661,617.590659478334
2230.8279999999795,623.9153861243223,617.590659478334
2231.1720000000205,623.8970952562682,617.590659478334
2231.515000000014,623.8981172092722,617.590659478334
2231.859000000055,623.9182632136681,617.590659478334
2232.2179999999935,623.9053698895606,617.590659478334
2232.5620000000345,623.880162428726,617.590659478334
2232.9060000000754,623.8367835049924,617.590659478334
2233.25,623.8321078757175,617.590659478334
2233.609000000055,623.8341523925479,617.590659478334
2233.9529999999795,623.8310153285911,617.590659478334
2234.2970000000205,623.8337440931526,617.590659478334
2234.640000000014,623.8281567764697,617.590659478334
2234.984000000055,623.8073352713126,617.590659478334
2235.3279999999795,623.8048184408003,617.590659478334
2235.6720000000205,623.8170760448371,617.590659478334
2236.015000000014,623.809859787174,617.590659478334
2236.359000000055,623.8021190280791,617.590659478334
2236.7029999999795,623.8065819886549,617.590659478334
2237.0470000000205,623.8016266436179,617.590659478334
2237.390000000014,623.8066734379771,617.590659478334
2237.734000000055,623.7938282190999,617.590659478334
2238.0779999999795,623.8015782069517,617.590659478334
2238.4370000000345,623.7952042943591,617.590659478334
2238.7810000000754,623.7959079280682,617.590659478334
2239.125,623.7974246502897,617.590659478334
2239.4679999999935,623.794934959198,617.590659478334
2239.8279999999795,623.7948942848267,617.590659478334
2240.1720000000205,623.7980090326355,617.590659478334
2240.515000000014,623.7933167185544,617.590659478334
2240.875,623.7883421476516,617.590659478334
2241.2179999999935,623.7987398375913,617.590659478334
2241.5620000000345,623.7855024433051,617.590659478334
2241.9060000000754,623.7817007655649,617.590659478334
2242.25,623.7999815475952,617.590659478334
2242.5929999999935,623.7936458317419,617.590659478334
2242.9529999999795,623.802495359,617.590659478334
2243.2970000000205,623.7889886401254,617.590659478334
2243.6560000000754,623.7871583891639,617.590659478334
2244.0,623.7982037520093,617.590659478334
2244.359000000055,623.7911375132984,617.590659478334
2244.7179999999935,623.7787482034385,617.590659478334
2245.0929999999935,623.8227283500778,617.590659478334
2245.4529999999795,623.8751885906769,617.590659478334
2245.7970000000205,623.9398823177161,617.590659478334
2246.1560000000754,623.9398586735804,617.590659478334
2246.5,623.9471596095971,617.590659478334
2246.859000000055,623.9210098933185,617.590659478334
2247.2179999999935,623.9048041433235,617.590659478334
2247.5779999999795,623.9106377076529,617.590659478334
2247.9220000000205,623.9089593096614,617.590659478334
2248.265000000014,623.9021159363242,617.590659478334
2248.609000000055,623.91064392387,617.590659478334
2248.9529999999795,623.9016756722995,617.590659478334
2249.3120000000345,623.9083159559198,617.590659478334
2249.6720000000205,623.9049458227813,617.590659478334
2250.015000000014,623.9127817261657,617.590659478334
2250.3429999999935,623.9130508539658,617.590659478334
2250.7029999999795,623.9011684753065,617.590659478334
2251.0470000000205,623.9193316463461,617.590659478334
2251.390000000014,623.9143880132132,617.590659478334
2251.75,623.88806186341,617.590659478334
2252.0929999999935,623.9400395897054,617.590659478334
2252.4370000000345,623.9447184423245,617.590659478334
2252.7970000000205,623.95174330722,617.590659478334
2253.140000000014,623.935785399715,617.590659478334
2253.484000000055,623.9268121853238,617.590659478334
2253.8279999999795,623.9252413803632,617.590659478334
2254.1720000000205,623.9323205690304,617.590659478334
2254.515000000014,623.9290552424667,617.590659478334
2254.875,623.9172411079996,617.590659478334
2255.2179999999935,623.9190425131351,617.590659478334
2255.5620000000345,623.9180675805762,617.590659478334
2255.9220000000205,623.9118915552982,617.590659478334
2256.265000000014,623.9189603126931,617.590659478334
2256.625,623.9213372306323,617.590659478334
2256.984000000055,623.9149901656706,617.590659478334
2257.3279999999795,623.9120767089495,617.590659478334
2257.6870000000345,623.918535457327,617.590659478334
2258.0310000000754,623.9139553631396,617.590659478334
2258.390000000014,623.9143186492437,617.590659478334
2258.734000000055,623.9058020639266,617.590659478334
2259.0929999999935,623.9124227546104,617.590659478334
2259.4529999999795,623.901713852565,617.590659478334
2259.7970000000205,623.9219229453228,617.590659478334
2260.1560000000754,623.9174884664051,617.590659478334
2260.5,623.9191695553175,617.590659478334
2260.8429999999935,623.9134287171219,617.590659478334
2261.2970000000205,623.9146695214445,617.590659478334
2261.640000000014,623.9077176557486,617.590659478334
2261.984000000055,623.8929295725068,617.590659478334
2262.3429999999935,623.9240477256826,617.590659478334
2262.6720000000205,623.8986195347399,617.590659478334
2263.0310000000754,623.9181464547769,617.590659478334
2263.375,623.916529249135,617.590659478334
2263.734000000055,623.9116730968892,617.590659478334
2264.0779999999795,623.9101366724713,617.590659478334
2264.4220000000205,623.9225938430858,617.590659478334
2264.765000000014,623.925490029187,617.590659478334
2265.109000000055,623.9342908153722,617.590659478334
2265.4529999999795,623.9696681818887,617.590659478334
2265.8120000000345,623.9959878856278,617.590659478334
2266.1560000000754,624.005004839938,617.590659478334
2266.5,624.0299851345354,617.590659478334
2266.859000000055,624.0387552036192,617.590659478334
2267.1870000000345,624.0527202830386,617.590659478334
2267.5470000000205,624.0524199681246,617.590659478334
2267.890000000014,624.0737425535676,617.590659478334
2268.25,624.0662725456662,617.590659478334
2268.609000000055,624.0828613438797,617.590659478334
2268.9529999999795,624.0849833100388,617.590659478334
2269.2970000000205,624.101580061912,617.590659478334
2269.6560000000754,624.1119215376358,617.590659478334
2270.0,624.1226955336763,617.590659478334
2270.3429999999935,624.1254975560273,617.590659478334
2270.7029999999795,624.1225913856526,617.590659478334
2271.0470000000205,624.1377145100523,617.590659478334
2271.4060000000754,624.1340811917596,617.590659478334
2271.75,624.1435381774478,617.590659478334
2272.109000000055,624.158152348788,617.590659478334
2272.4529999999795,624.1473771037365,617.590659478334
2272.8120000000345,624.162909473348,617.590659478334
2273.265000000014,624.1580124442924,617.590659478334
2273.609000000055,624.1636407608446,617.590659478334
2273.9529999999795,624.1715183851319,617.590659478334
2274.2970000000205,624.1777745272049,617.590659478334
2274.640000000014,624.1940388548943,617.590659478334
2274.984000000055,624.1760694592849,617.590659478334
2275.3429999999935,624.197304499957,617.590659478334
2275.6870000000345,624.1952572013771,617.590659478334
2276.015000000014,624.2142898957431,617.590659478334
2276.375,624.2044343533366,617.590659478334
2276.7179999999935,624.2235166643851,617.590659478334
2277.0929999999935,624.2095258603641,617.590659478334
2277.4370000000345,624.2224029053967,617.590659478334
2277.7810000000754,624.2107325882951,617.590659478334
2278.140000000014,624.2292672928861,617.590659478334
2278.484000000055,624.2241785259708,617.590659478334
2278.8429999999935,624.2445350676117,617.590659478334
2279.1870000000345,624.248633466096,617.590659478334
2279.5470000000205,624.2396212315927,617.590659478334
2279.890000000014,624.2386092652671,617.590659478334
2280.234000000055,624.2413978142263,617.590659478334
2280.5929999999935,624.2512074760442,617.590659478334
2280.9370000000345,624.2533778255404,617.590659478334
2281.2970000000205,624.2476417890164,617.590659478334
2281.640000000014,624.2480246924636,617.590659478334
2282.0,624.2732130202703,617.590659478334
2282.3429999999935,624.261079628442,617.590659478334
2282.7029999999795,624.2600097956255,617.590659478334
2283.0470000000205,624.2689384409409,617.590659478334
2283.4060000000754,624.2687755903927,617.590659478334
2283.765000000014,624.2836260190849,617.590659478334
2284.109000000055,624.2679161012971,617.590659478334
2284.4529999999795,624.2686670857366,617.590659478334
2284.8120000000345,624.2707636877824,617.590659478334
2285.25,624.280429702914,617.590659478334
2285.5929999999935,624.2779546946992,617.590659478334
2285.9370000000345,624.2827147828453,617.590659478334
2286.2970000000205,624.273088124653,617.590659478334
2286.640000000014,624.2854563075864,617.590659478334
2286.984000000055,624.2872386000906,617.590659478334
2287.3279999999795,624.283786017636,617.590659478334
2287.6720000000205,624.2916745622163,617.590659478334
2288.015000000014,624.2988350598403,617.590659478334
2288.359000000055,624.3073520967009,617.590659478334
2288.7029999999795,624.2971776125212,617.590659478334
2289.0620000000345,624.3121296241341,617.590659478334
2289.4060000000754,624.3027899866606,617.590659478334
2289.75,624.3004504525775,617.590659478334
2290.0929999999935,624.3067108549045,617.590659478334
2290.4370000000345,624.2976033140231,617.590659478334
2290.7970000000205,624.3126022381201,617.590659478334
2291.125,624.3217123180871,617.590659478334
2291.4679999999935,624.3072752136063,617.590659478334
2291.8120000000345,624.3098203757047,617.590659478334
2292.1560000000754,624.3274275001013,617.590659478334
2292.5,624.3221404114985,617.590659478334
2292.859000000055,624.3246598759997,617.590659478334
2293.2029999999795,624.3294850561633,617.590659478334
2293.5620000000345,624.3325949477465,617.590659478334
2293.9060000000754,624.3248615759827,617.590659478334
2294.265000000014,624.3325796653778,617.590659478334
2294.625,624.335613569597,617.590659478334
2294.9679999999935,624.3397858922873,617.590659478334
2295.3120000000345,624.3427938505598,617.590659478334
2295.6560000000754,624.3461090974175,617.590659478334
2296.015000000014,624.3382787017958,617.590659478334
2296.359000000055,624.353389553015,617.590659478334
2296.7179999999935,624.3325617399578,617.590659478334
2297.0779999999795,624.3372291888181,617.590659478334
2297.4220000000205,624.3332359274037,617.590659478334
2297.765000000014,624.3579178189336,617.590659478334
2298.109000000055,624.3490139186337,617.590659478334
2298.4529999999795,624.3588060168885,617.590659478334
2298.8120000000345,624.3355120495287,617.590659478334
2299.1560000000754,624.3494625015261,617.590659478334
2299.484000000055,624.3534709652879,617.590659478334
2299.8429999999935,624.348287888047,617.590659478334
2300.1870000000345,624.3554928655071,617.590659478334
2300.5310000000754,624.3602030828808,617.590659478334
2300.875,624.3427292383003,617.590659478334
2301.2179999999935,624.3652433957379,617.590659478334
2301.5779999999795,624.3648813681626,617.590659478334
2301.9220000000205,624.3701614516305,617.590659478334
2302.265000000014,624.3664019818283,617.590659478334
2302.609000000055,624.3879922529466,617.590659478334
2302.9529999999795,624.3719971881213,617.590659478334
2303.2810000000754,624.361895382249,617.590659478334
2303.640000000014,624.3619504655101,617.590659478334
2303.984000000055,624.386050937194,617.590659478334
2304.3279999999795,624.376735122848,617.590659478334
2304.6720000000205,624.3842472679731,617.590659478334
2305.015000000014,624.3669966344055,617.590659478334
2305.359000000055,624.3669933597513,617.590659478334
2305.7179999999935,624.3773369162882,617.590659478334
2306.0620000000345,624.3835956055729,617.590659478334
2306.4060000000754,624.3837368784019,617.590659478334
2306.75,624.3787995311242,617.590659478334
2307.109000000055,624.3756190432672,617.590659478334
2307.4529999999795,624.3767675339637,617.590659478334
2307.7970000000205,624.3810821074602,617.590659478334
2308.140000000014,624.3826777335082,617.590659478334
2308.484000000055,624.3763288874272,617.590659478334
2308.8279999999795,624.3784618898715,617.590659478334
2309.25,624.3847331394655,617.590659478334
2309.5929999999935,624.3832483874728,617.590659478334
2309.9370000000345,624.3773209588569,617.590659478334
2310.2810000000754,624.3864669239448,617.590659478334
2310.625,624.3867469030693,617.590659478334
2310.9679999999935,624.3891546444598,617.590659478334
2311.3279999999795,624.3863163929037,617.590659478334
2311.6720000000205,624.3884668209672,617.590659478334
2312.015000000014,624.3774732371281,617.590659478334
2312.359000000055,624.3894735007386,617.590659478334
2312.7179999999935,624.3956280805395,617.590659478334
2313.0620000000345,624.3977148054552,617.590659478334
2313.4220000000205,624.3955263180519,617.590659478334
2313.7810000000754,624.3964804036567,617.590659478334
2314.125,624.3925599928082,617.590659478334
2314.4679999999935,624.4006474524788,617.590659478334
2314.8120000000345,624.4046739688638,617.590659478334
2315.1720000000205,624.3970155359154,617.590659478334
2315.515000000014,624.405056119461,617.590659478334
2315.859000000055,624.4039977594884,617.590659478334
2316.2029999999795,624.3913325671806,617.590659478334
2316.5779999999795,624.4074174204947,617.590659478334
2316.9220000000205,624.4145802261643,617.590659478334
2317.265000000014,624.4170684752497,617.590659478334
2317.625,624.4051499166015,617.590659478334
2317.9679999999935,624.4156738289726,617.590659478334
2318.3279999999795,624.4013105651491,617.590659478334
2318.6720000000205,624.3960816405762,617.590659478334
2319.0310000000754,624.3972838837609,617.590659478334
2319.375,624.4264821966074,617.590659478334
2319.734000000055,624.4088468425801,617.590659478334
2320.0779999999795,624.4160141613866,617.590659478334
2320.4220000000205,624.416632317624,617.590659478334
2320.7810000000754,624.4128088500315,617.590659478334
2321.25,624.4121629616617,617.590659478334
2321.609000000055,624.405259281397,617.590659478334
2321.9679999999935,624.4161009672913,617.590659478334
2322.3120000000345,624.4175132302082,617.590659478334
2322.6560000000754,624.4230842511766,617.590659478334
2323.0,624.4226865817627,617.590659478334
2323.3429999999935,624.4181151628702,617.590659478334
2323.6870000000345,624.4083205318067,617.590659478334
2324.0310000000754,624.4308220575966,617.590659478334
2324.390000000014,624.4423914202472,617.590659478334
2324.734000000055,624.4233311328501,617.590659478334
2325.0779999999795,624.4168758755357,617.590659478334
2325.4220000000205,624.4141483952695,617.590659478334
2325.765000000014,624.4127906532943,617.590659478334
2326.109000000055,624.427501617327,617.590659478334
2326.4529999999795,624.422350231174,617.590659478334
2326.7970000000205,624.4224756012215,617.590659478334
2327.140000000014,624.4397888549676,617.590659478334
2327.484000000055,624.4185428857203,617.590659478334
2327.8279999999795,624.425920309329,617.590659478334
2328.1870000000345,624.428936099404,617.590659478334
2328.5310000000754,624.4274335474876,617.590659478334
2328.875,624.4420255244374,617.590659478334
2329.2179999999935,624.4291659763903,617.590659478334
2329.5620000000345,624.4299721641554,617.590659478334
2329.9060000000754,624.4386053761598,617.590659478334
2330.265000000014,624.4267437525023,617.590659478334
2330.5929999999935,624.4408958747237,617.590659478334
2330.9529999999795,624.4366390320906,617.590659478334
2331.2970000000205,624.4377216046524,617.590659478334
2331.640000000014,624.4366844475468,617.590659478334
2331.984000000055,624.4257943816975,617.590659478334
2332.3279999999795,624.4346846738349,617.590659478334
2332.6720000000205,624.4653528691272,617.590659478334
2333.0310000000754,624.4699917384376,617.590659478334
2333.390000000014,624.4723002794522,617.590659478334
2333.75,624.4742788673684,617.590659478334
2334.109000000055,624.4803291224868,617.590659478334
2334.4529999999795,624.4806855574983,617.590659478334
2334.7970000000205,624.4793277258262,617.590659478334
2335.140000000014,624.4677472523564,617.590659478334
2335.5,624.4622277027506,617.590659478334
2335.8429999999935,624.4519472417214,617.590659478334
2336.1870000000345,624.4620153927002,617.590659478334
2336.5310000000754,624.4552765676716,617.590659478334
2336.875,624.4467959097307,617.590659478334
2337.2179999999935,624.450818075576,617.590659478334
2337.5620000000345,624.4607926135703,617.590659478334
2337.9220000000205,624.440202694093,617.590659478334
2338.265000000014,624.4478592533866,617.590659478334
2338.5929999999935,624.4248105702886,617.590659478334
2338.9529999999795,624.4481917588764,617.590659478334
2339.2970000000205,624.4385372424531,617.590659478334
2339.6560000000754,624.4432366605774,617.590659478334
2340.015000000014,624.4458868960294,617.590659478334
2340.359000000055,624.4456477564045,617.590659478334
2340.7029999999795,624.4362527919275,617.590659478334
2341.0620000000345,624.4328148173164,617.590659478334
2341.4220000000205,624.4454793277499,617.590659478334
2341.765000000014,624.4316678840846,617.590659478334
2342.125,624.436314397719,617.590659478334
2342.4679999999935,624.423652350631,617.590659478334
2342.8279999999795,624.4305262004906,617.590659478334
2343.1720000000205,624.4308738004145,617.590659478334
2343.5310000000754,624.4352023499607,617.590659478334
2343.890000000014,624.4305294817751,617.590659478334
2344.234000000055,624.4375744218825,617.590659478334
2344.5779999999795,624.4325223071514,617.590659478334
2344.9220000000205,624.4298954152299,617.590659478334
2345.265000000014,624.4390382360361,617.590659478334
2345.625,624.4397614220335,617.590659478334
2345.9679999999935,624.4392308708552,617.590659478334
2346.3120000000345,624.425016458827,617.590659478334
2346.6560000000754,624.4334105826622,617.590659478334
2347.0,624.4175930666128,617.590659478334
2347.3429999999935,624.4290507934926,617.590659478334
2347.6870000000345,624.4339064507744,617.590659478334
2348.0470000000205,624.4193965295548,617.590659478334
2348.390000000014,624.419583064068,617.590659478334
2348.734000000055,624.4374417604024,617.590659478334
2349.0779999999795,624.4224773671035,617.590659478334
2349.4220000000205,624.4324983915576,617.590659478334
2349.765000000014,624.4192308594249,617.590659478334
2350.125,624.4239533659579,617.590659478334
2350.4679999999935,624.4267011027982,617.590659478334
2350.8120000000345,624.42362003055,617.590659478334
2351.1720000000205,624.4284763647765,617.590659478334
2351.515000000014,624.4268805487072,617.590659478334
2351.875,624.4153784600138,617.590659478334
2352.234000000055,624.4201825405094,617.590659478334
2352.5929999999935,624.430175524622,617.590659478334
2352.9370000000345,624.4237784201206,617.590659478334
2353.2970000000205,624.4246198079753,617.590659478334
2353.640000000014,624.4360524008454,617.590659478334
2353.984000000055,624.4186073190758,617.590659478334
2354.3429999999935,624.427704605122,617.590659478334
2354.7029999999795,624.4265762649759,617.590659478334
2355.0470000000205,624.4238764636905,617.590659478334
2355.390000000014,624.4182493183179,617.590659478334
2355.734000000055,624.4177136525398,617.590659478334
2356.0929999999935,624.4300906797196,617.590659478334
2356.4529999999795,624.4181661872256,617.590659478334
2356.7970000000205,624.4308029191163,617.590659478334
2357.3279999999795,624.4201925224748,617.590659478334
2357.6720000000205,624.4180804896797,617.590659478334
2358.015000000014,624.4268022087899,617.590659478334
2358.359000000055,624.4245863743616,617.590659478334
2358.7029999999795,624.4194424762904,617.590659478334
2359.0620000000345,624.4340353700517,617.590659478334
2359.4060000000754,624.432433799518,617.590659478334
2359.75,624.4140246158296,617.590659478334
2360.109000000055,624.4204418236557,617.590659478334
2360.4679999999935,624.4159136699907,617.590659478334
2360.7970000000205,624.4132778549634,617.590659478334
2361.1560000000754,624.4111834226923,617.590659478334
2361.484000000055,624.4082261568474,617.590659478334
2361.8429999999935,624.4276006517018,617.590659478334
2362.1870000000345,624.4282684931848,617.590659478334
2362.5310000000754,624.426151553926,617.590659478334
2362.875,624.4213469110139,617.590659478334
2363.2179999999935,624.4118393650479,617.590659478334
2363.5779999999795,624.4205933081181,617.590659478334
2363.9220000000205,624.4194094289398,617.590659478334
2364.2810000000754,624.424672692994,617.590659478334
2364.625,624.4033774876926,617.590659478334
2364.984000000055,624.4061813705201,617.590659478334
2365.3279999999795,624.4142481264254,617.590659478334
2365.6870000000345,624.4234647926569,617.590659478334
2366.0470000000205,624.4148099168684,617.590659478334
2366.390000000014,624.4152157074253,617.590659478334
2366.734000000055,624.4188184206873,617.590659478334
2367.0929999999935,624.4098070510605,617.590659478334
2367.4370000000345,624.4291704695495,617.590659478334
2367.7970000000205,624.4297212163669,617.590659478334
2368.140000000014,624.4228452333028,617.590659478334
2368.484000000055,624.4360847884083,617.590659478334
2368.8429999999935,624.420994888083,617.590659478334
2369.265000000014,624.4287396879344,617.590659478334
2369.609000000055,624.4244554054411,617.590659478334
2369.9529999999795,624.411467369214,617.590659478334
2370.3120000000345,624.4184123588626,617.590659478334
2370.6560000000754,624.4129646110218,617.590659478334
2371.0,624.4164048168523,617.590659478334
2371.3429999999935,624.4203033483128,617.590659478334
2371.6870000000345,624.403306759826,617.590659478334
2372.0310000000754,624.4203448471509,617.590659478334
2372.375,624.4185635874251,617.590659478334
2372.734000000055,624.4269516690572,617.590659478334
2373.0620000000345,624.4115393458977,617.590659478334
2373.4220000000205,624.414109997514,617.590659478334
2373.765000000014,624.4275274900762,617.590659478334
2374.109000000055,624.4224467029153,617.590659478334
2374.4529999999795,624.4091186838997,617.590659478334
2374.7970000000205,624.4040835497806,617.590659478334
2375.140000000014,624.4131724192013,617.590659478334
2375.5,624.4079155181429,617.590659478334
2375.859000000055,624.4155844664739,617.590659478334
2376.2179999999935,624.410777346671,617.590659478334
2376.5779999999795,624.4173817965201,617.590659478334
2376.9220000000205,624.4073756008314,617.590659478334
2377.265000000014,624.41332313098,617.590659478334
2377.625,624.4144391766328,617.590659478334
2377.9679999999935,624.4110905889928,617.590659478334
2378.3120000000345,624.4257355515241,617.590659478334
2378.6560000000754,624.4074838001314,617.590659478334
2379.015000000014,624.422046209453,617.590659478334
2379.359000000055,624.4310469931962,617.590659478334
2379.7179999999935,624.4183355364797,617.590659478334
2380.0620000000345,624.4234497743179,617.590659478334
2380.4220000000205,624.4046416980725,617.590659478334
2380.765000000014,624.4239377217921,617.590659478334
2381.2970000000205,624.4064930111982,617.590659478334
2381.640000000014,624.4064054937915,617.590659478334
2382.0,624.4257723599037,617.590659478334
2382.3429999999935,624.4074670693795,617.590659478334
2382.6870000000345,624.4113317080169,617.590659478334
2383.0470000000205,624.4103622517068,617.590659478334
2383.390000000014,624.424807802618,617.590659478334
2383.734000000055,624.4178518082477,617.590659478334
2384.0779999999795,624.4162879351578,617.590659478334
2384.4370000000345,624.4203538932226,617.590659478334
2384.7810000000754,624.4203665849437,617.590659478334
2385.125,624.413190257686,617.590659478334
2385.4679999999935,624.4221574169179,617.590659478334
2385.8120000000345,624.4165332696558,617.590659478334
2386.1720000000205,624.4083234231371,617.590659478334
2386.515000000014,624.4038052260757,617.590659478334
2386.859000000055,624.4105934217276,617.590659478334
2387.2029999999795,624.4143050034361,617.590659478334
2387.5620000000345,624.4099251681749,617.590659478334
2387.9060000000754,624.4128724923467,617.590659478334
2388.25,624.4121845819255,617.590659478334
2388.5929999999935,624.4091707385913,617.590659478334
2388.9529999999795,624.4188204345842,617.590659478334
2389.3120000000345,624.4163325411832,617.590659478334
2389.6560000000754,624.4001482260222,617.590659478334
2390.015000000014,624.4179107079038,617.590659478334
2390.359000000055,624.4138180526378,617.590659478334
2390.7029999999795,624.4169299533105,617.590659478334
2391.0929999999935,624.4101043893437,617.590659478334
2391.4529999999795,624.4102439627105,617.590659478334
2391.7970000000205,624.4155713563714,617.590659478334
2392.1560000000754,624.4069352996795,617.590659478334
2392.5,624.4202028813736,617.590659478334
2392.859000000055,624.4153277106211,617.590659478334
2393.265000000014,624.4114775686817,617.590659478334
2393.609000000055,624.4222809620775,617.590659478334
2393.9529999999795,624.413205370904,617.590659478334
2394.2970000000205,624.4158009935625,617.590659478334
2394.6560000000754,624.4148228767781,617.590659478334
2395.0,624.4248131076529,617.590659478334
2395.3429999999935,624.3604094689181,617.590659478334
2395.6870000000345,624.0750909321033,617.590659478334
2396.0310000000754,623.9445487066372,617.590659478334
2396.375,623.9069985036359,617.590659478334
2396.7179999999935,623.8692926080794,617.590659478334
2397.0620000000345,623.8785726688916,617.590659478334
2397.4220000000205,623.8484942089457,617.590659478334
2397.765000000014,623.8397658475344,617.590659478334
2398.109000000055,623.8369689731186,617.590659478334
2398.4529999999795,623.8255988807261,617.590659478334
2398.7970000000205,623.8194446033879,617.590659478334
2399.140000000014,623.8238082067934,617.590659478334
2399.484000000055,623.806144880753,617.590659478334
2399.8279999999795,623.8159893056477,617.590659478334
2400.1870000000345,623.8171313103031,617.590659478334
2400.515000000014,623.807749715767,617.590659478334
2400.875,623.7991063119739,617.590659478334
2401.2179999999935,623.7911688831786,617.590659478334
2401.5620000000345,623.8001742026095,617.590659478334
2401.9060000000754,623.8164822564443,617.590659478334
2402.234000000055,623.8001438956318,617.590659478334
2402.5929999999935,623.7955061157106,617.590659478334
2402.9529999999795,623.7773219337073,617.590659478334
2403.2970000000205,623.8003844556432,617.590659478334
2403.6560000000754,623.7962411799385,617.590659478334
2404.0,623.7934961194185,617.590659478334
2404.359000000055,623.7887261525035,617.590659478334
2404.7179999999935,623.8022347212492,617.590659478334
2405.1560000000754,623.7941507179315,617.590659478334
2405.515000000014,623.7715897961018,617.590659478334
2405.859000000055,623.800159663785,617.590659478334
2406.2029999999795,623.7881122905811,617.590659478334
2406.5470000000205,623.7942180366855,617.590659478334
2406.890000000014,623.7931518902884,617.590659478334
2407.234000000055,623.8039626489559,617.590659478334
2407.5929999999935,623.8290336552642,617.590659478334
2407.9370000000345,623.880585066073,617.590659478334
2408.2970000000205,623.9352992608916,617.590659478334
2408.625,623.9426650361087,617.590659478334
2408.984000000055,623.9288616499855,617.590659478334
2409.3279999999795,623.9265081168955,617.590659478334
2409.6720000000205,623.910122409763,617.590659478334
2410.015000000014,623.9068604969323,617.590659478334
2410.359000000055,623.9205750270088,617.590659478334
2410.7179999999935,623.915896938193,617.590659478334
2411.0620000000345,623.9050566565701,617.590659478334
2411.4220000000205,623.9102096526581,617.590659478334
2411.765000000014,623.9117984017497,617.590659478334
2412.125,623.9181223823434,617.590659478334
2412.4679999999935,623.9117026166716,617.590659478334
2412.8279999999795,623.8942814860001,617.590659478334
2413.1720000000205,623.9118781134471,617.590659478334
2413.515000000014,623.9060705779447,617.590659478334
2413.875,623.8992093332608,617.590659478334
2414.2179999999935,623.8967989260204,617.590659478334
2414.5779999999795,623.888336317108,617.590659478334
2414.9220000000205,623.8974234576091,617.590659478334
2415.265000000014,623.9037637242723,617.590659478334
2415.625,623.9129363243924,617.590659478334
2415.984000000055,623.9184300112075,617.590659478334
2416.3279999999795,623.9001683972082,617.590659478334
2416.6870000000345,623.9047705026537,617.590659478334
2417.0310000000754,623.9106615809613,617.590659478334
2417.4220000000205,623.9116052571857,617.590659478334
2417.765000000014,623.9099243259622,617.590659478334
2418.109000000055,623.9073250840398,617.590659478334
2418.4529999999795,623.9065686571645,617.590659478334
2418.7970000000205,623.910604249072,617.590659478334
2419.125,623.9071088698446,617.590659478334
2419.4679999999935,623.9113299200272,617.590659478334
2419.8279999999795,623.890894263344,617.590659478334
2420.1720000000205,623.8447178206594,617.590659478334
2420.515000000014,623.8320361993405,617.590659478334
2420.859000000055,623.8341923149375,617.590659478334
2421.2029999999795,623.8240239324074,617.590659478334
2421.5470000000205,623.8408125113183,617.590659478334
2421.890000000014,623.8149685501749,617.590659478334
2422.234000000055,623.8099348184265,617.590659478334
2422.5929999999935,623.8122201099127,617.590659478334
2422.9370000000345,623.8131150005936,617.590659478334
2423.2810000000754,623.8095237124409,617.590659478334
2423.625,623.8106766505878,617.590659478334
2423.9679999999935,623.8014027106402,617.590659478334
2424.3279999999795,623.7969778230417,617.590659478334
2424.6720000000205,623.8132255925346,617.590659478334
2425.015000000014,623.8065093799479,617.590659478334
2425.359000000055,623.7943812051286,617.590659478334
2425.7029999999795,623.8027513395356,617.590659478334
2426.0620000000345,623.7960214427985,617.590659478334
2426.4060000000754,623.8016226432495,617.590659478334
2426.765000000014,623.7896106948986,617.590659478334
2427.109000000055,623.7920523903489,617.590659478334
2427.4679999999935,623.8019891669724,617.590659478334
2427.8120000000345,623.7816932458993,617.590659478334
2428.140000000014,623.7762844577917,617.590659478334
2428.5,623.7887136757133,617.590659478334
2428.8429999999935,623.7923068468482,617.590659478334
2429.25,623.7899079897201,617.590659478334
2429.5929999999935,623.7872046692191,617.590659478334
2429.9370000000345,623.7897837120795,617.590659478334
2430.2970000000205,623.7886705499371,617.590659478334
2430.640000000014,623.7902860682992,617.590659478334
2430.984000000055,623.7840337694338,617.590659478334
2431.3279999999795,623.7928606563449,617.590659478334
2431.6720000000205,623.7875500989238,617.590659478334
2432.015000000014,623.8147135333253,617.590659478334
2432.375,623.8144537688198,617.590659478334
2432.7179999999935,623.9100609685419,617.590659478334
2433.0779999999795,623.9459246898989,617.590659478334
2433.4370000000345,623.9330588791415,617.590659478334
2433.7810000000754,623.9390375846069,617.590659478334
2434.125,623.9161206881258,617.590659478334
2434.4679999999935,623.9245532391878,617.590659478334
2434.8279999999795,623.9150842359384,617.590659478334
2435.1870000000345,623.8993326778235,617.590659478334
2435.5310000000754,623.9177389488049,617.590659478334
2435.875,623.8876665652465,617.590659478334
2436.234000000055,623.9075078382097,617.590659478334
2436.5929999999935,623.9149242101079,617.590659478334
2436.9370000000345,623.9012180112371,617.590659478334
2437.2970000000205,623.8984549233006,617.590659478334
2437.640000000014,623.9018085337502,617.590659478334
2438.0,623.9162093149271,617.590659478334
2438.3429999999935,623.9017144417063,617.590659478334
2438.6870000000345,623.885284742745,617.590659478334
2439.0310000000754,623.9097981480464,617.590659478334
2439.375,623.9616586595532,617.590659478334
2439.7179999999935,623.9527677115218,617.590659478334
2440.0620000000345,623.950217117316,617.590659478334
2440.4220000000205,623.9421262861151,617.590659478334
2440.765000000014,623.9131421106207,617.590659478334
2441.265000000014,623.9334766519299,617.590659478334
2441.609000000055,623.9287101698416,617.590659478334
2441.9529999999795,623.9249990740801,617.590659478334
2442.2970000000205,623.9181520897829,617.590659478334
2442.640000000014,623.9269395863682,617.590659478334
2442.984000000055,623.9064205717714,617.590659478334
2443.3429999999935,623.9157776308183,617.590659478334
2443.7029999999795,623.920517887175,617.590659478334
2444.0470000000205,623.9219642260019,617.590659478334
2444.4060000000754,623.9209180708899,617.590659478334
2444.75,623.922249740851,617.590659478334
2445.0929999999935,623.9234369066035,617.590659478334
2445.4370000000345,623.9016627364244,617.590659478334
2445.7970000000205,623.9210746483228,617.590659478334
2446.125,623.908137368442,617.590659478334
2446.484000000055,623.9110386606806,617.590659478334
2446.8279999999795,623.9071291476225,617.590659478334
2447.1720000000205,623.9182670463838,617.590659478334
2447.5310000000754,623.9191270129504,617.590659478334
2447.875,623.9106226977344,617.590659478334
2448.2179999999935,623.9222853108649,617.590659478334
2448.5470000000205,623.9077211956613,617.590659478334
2448.9060000000754,623.904416331692,617.590659478334
2449.25,623.9167466125888,617.590659478334
2449.5929999999935,623.9222592850001,617.590659478334
2449.9370000000345,623.9147361233518,617.590659478334
2450.2970000000205,623.912537913507,617.590659478334
2450.625,623.9181558055853,617.590659478334
2450.984000000055,623.913440111048,617.590659478334
2451.3279999999795,623.9056318869881,617.590659478334
2451.6870000000345,623.919502641533,617.590659478334
2452.0310000000754,623.9120026144826,617.590659478334
2452.375,623.9027341990318,617.590659478334
2452.7179999999935,623.9110000156356,617.590659478334
2453.1560000000754,623.902811336676,617.590659478334
2453.484000000055,623.9048509427879,617.590659478334
2453.8279999999795,623.9071940009245,617.590659478334
2454.1720000000205,623.9081534551907,617.590659478334
2454.515000000014,623.911310635573,617.590659478334
2454.859000000055,623.9062178973904,617.590659478334
2455.2029999999795,623.9022696167676,617.590659478334
2455.5470000000205,623.9029560777442,617.590659478334
2455.890000000014,623.9129605781227,617.590659478334
2456.234000000055,623.91050089393,617.590659478334
2456.5779999999795,623.9178680192299,617.590659478334
2456.9370000000345,623.9076186719691,617.590659478334
2457.2810000000754,623.9141146455001,617.590659478334
2457.625,623.9050207621744,617.590659478334
2457.984000000055,623.9110887502658,617.590659478334
2458.3279999999795,623.8991297828327,617.590659478334
2458.6720000000205,623.921516809738,617.590659478334
2459.015000000014,623.9069166337529,617.590659478334
2459.375,623.9086569666562,617.590659478334
2459.7179999999935,623.9055620900607,617.590659478334
2460.0620000000345,623.9000254116871,617.590659478334
2460.4220000000205,623.9117339631225,617.590659478334
2460.765000000014,623.8990532724392,617.590659478334
2461.109000000055,623.8979508176537,617.590659478334
2461.4370000000345,623.9135394372216,617.590659478334
2461.7970000000205,623.8994525204349,617.590659478334
2462.140000000014,623.9108696861445,617.590659478334
2462.484000000055,623.8963051436133,617.590659478334
2462.8429999999935,623.9061436307707,617.590659478334
2463.1870000000345,623.907152513322,617.590659478334
2463.5310000000754,623.8975644285409,617.590659478334
2463.890000000014,623.906291044519,617.590659478334
2464.234000000055,623.9071715979074,617.590659478334
2464.5779999999795,623.911390504209,617.590659478334
2464.9370000000345,623.9067846585789,617.590659478334
2465.4060000000754,623.9002484365881,617.590659478334
2465.75,623.904219215849,617.590659478334
2466.0929999999935,623.9052776349354,617.590659478334
2466.4370000000345,623.8943764136664,617.590659478334
2466.7970000000205,623.9129315469909,617.590659478334
2467.125,623.9100350185014,617.590659478334
2467.484000000055,623.9008843912158,617.590659478334
2467.8279999999795,623.908353928152,617.590659478334
2468.1720000000205,623.906949803828,617.590659478334
2468.5310000000754,623.9091984273771,617.590659478334
2468.875,623.9000176750557,617.590659478334
2469.234000000055,623.8916934281671,617.590659478334
2469.5779999999795,623.8984186229391,617.590659478334
2469.9220000000205,623.8940895428113,617.590659478334
2470.2810000000754,623.9197380017664,617.590659478334
2470.625,623.9161412400183,617.590659478334
2470.984000000055,623.900655146126,617.590659478334
2471.3429999999935,623.9162858482451,617.590659478334
2471.6870000000345,623.8884911358823,617.590659478334
2472.0470000000205,623.9076841290174,617.590659478334
2472.390000000014,623.9157785642094,617.590659478334
2472.75,623.890183481617,617.590659478334
2473.0929999999935,623.9105286376005,617.590659478334
2473.4529999999795,623.908113382829,617.590659478334
2473.8120000000345,623.9112643402835,617.590659478334
2474.1560000000754,623.9065958502863,617.590659478334
2474.5,623.9061973131162,617.590659478334
2474.859000000055,623.9158898180511,617.590659478334
2475.2029999999795,623.9105411600613,617.590659478334
2475.5620000000345,623.9047978182359,617.590659478334
2475.9060000000754,623.9064445874822,617.590659478334
2476.25,623.9218309385186,617.590659478334
2476.5929999999935,623.9093986292663,617.590659478334
2476.9529999999795,623.9127313343063,617.590659478334
2477.3279999999795,623.901132205964,617.590659478334
2477.6720000000205,623.9049003941631,617.590659478334
2478.0310000000754,623.90815891908,617.590659478334
2478.375,623.905674827294,617.590659478334
2478.7179999999935,623.9068766333318,617.590659478334
2479.0620000000345,623.9039048212051,617.590659478334
2479.4060000000754,623.899687127621,617.590659478334
2479.765000000014,623.9156483629247,617.590659478334
2480.125,623.9101471325241,617.590659478334
2480.4679999999935,623.9099850853432,617.590659478334
2480.8120000000345,623.9164139446615,617.590659478334
2481.1560000000754,623.9112113140244,617.590659478334
2481.515000000014,623.8883711555573,617.590659478334
2481.859000000055,623.9161583394269,617.590659478334
2482.2029999999795,623.9158569583784,617.590659478334
2482.5470000000205,623.895429288998,617.590659478334
2482.890000000014,623.9107512347883,617.590659478334
2483.234000000055,623.9040416921275,617.590659478334
2483.5929999999935,623.9064632217336,617.590659478334
2483.9370000000345,623.9135603225052,617.590659478334
2484.2970000000205,623.8957416759231,617.590659478334
2484.640000000014,623.9147201111006,617.590659478334
2484.984000000055,623.9061594165053,617.590659478334
2485.3429999999935,623.9039669766464,617.590659478334
2485.6870000000345,623.8857084599732,617.590659478334
2486.0310000000754,623.909044750027,617.590659478334
2486.375,623.906393222435,617.590659478334
2486.734000000055,623.9073424536566,617.590659478334
2487.0779999999795,623.9127589177906,617.590659478334
2487.4370000000345,623.9079865021644,617.590659478334
2487.7810000000754,623.8999814282072,617.590659478334
2488.125,623.8983914950309,617.590659478334
2488.4679999999935,623.9011392701943,617.590659478334
2488.8120000000345,623.8987731882618,617.590659478334
2489.25,623.8894101248361,617.590659478334
2489.5929999999935,623.9017428049721,617.590659478334
2489.9370000000345,623.9016378973334,617.590659478334
2490.2970000000205,623.9060101140699,617.590659478334
2490.640000000014,623.8973979175536,617.590659478334
2490.984000000055,623.896113028609,617.590659478334
2491.3279999999795,623.9117900631463,617.590659478334
2491.6560000000754,623.9134961511387,617.590659478334
2492.015000000014,623.9099664738255,617.590659478334
2492.375,623.9158973011009,617.590659478334
2492.7179999999935,623.9009312057068,617.590659478334
2493.0620000000345,623.8988425962245,617.590659478334
2493.4060000000754,623.8990085026594,617.590659478334
2493.75,623.8995464308999,617.590659478334
2494.0929999999935,623.9037354902257,617.590659478334
2494.4370000000345,623.9050147946587,617.590659478334
2494.7970000000205,623.8935520206437,617.590659478334
2495.140000000014,623.917945874508,617.590659478334
2495.5,623.9196035950881,617.590659478334
2495.8429999999935,623.9012555413212,617.590659478334
2496.1870000000345,623.9038813544715,617.590659478334
2496.5620000000345,623.901565907147,617.590659478334
2496.9060000000754,623.8992363676821,617.590659478334
2497.25,623.8963959010188,617.590659478334
2497.5929999999935,623.9059091919053,617.590659478334
2497.9529999999795,623.9106028717575,617.590659478334
2498.2970000000205,623.9010507695202,617.590659478334
2498.6560000000754,623.9184237247057,617.590659478334
2499.0,623.9013824052615,617.590659478334
2499.359000000055,623.9066095336239,617.590659478334
2499.7179999999935,623.9020318805678,617.590659478334
2500.0779999999795,623.9050398603842,617.590659478334
2500.4220000000205,623.9157963567378,617.590659478334
2500.7810000000754,623.895698105921,617.590659478334
2501.2970000000205,623.9016078132225,617.590659478334
2501.6560000000754,623.8926558666334,617.590659478334
2502.0,623.9039129338969,617.590659478334
2502.3429999999935,623.906869049986,617.590659478334
2502.6870000000345,623.9065406177737,617.590659478334
2503.0470000000205,623.9114131805231,617.590659478334
2503.390000000014,623.9066423004314,617.590659478334
2503.734000000055,623.9063104244793,617.590659478334
2504.0929999999935,623.8894346066907,617.590659478334
2504.4370000000345,623.9222564945311,617.590659478334
2504.7810000000754,623.903036308779,617.590659478334
2505.140000000014,623.904988909179,617.590659478334
2505.4679999999935,623.9008905973906,617.590659478334
2505.8279999999795,623.9036909962877,617.590659478334
2506.1720000000205,623.9052665819994,617.590659478334
2506.5310000000754,623.9094024180472,617.590659478334
2506.875,623.9097869902779,617.590659478334
2507.2179999999935,623.9204538650652,617.590659478334
2507.5620000000345,623.8948550522382,617.590659478334
2507.9060000000754,623.9082953248122,617.590659478334
2508.265000000014,623.9007475161103,617.590659478334
2508.609000000055,623.9022296413929,617.590659478334
2508.9529999999795,623.905968802715,617.590659478334
2509.2970000000205,623.9038162784861,617.590659478334
2509.640000000014,623.9012998887357,617.590659478334
2509.984000000055,623.8961236037554,617.590659478334
2510.3429999999935,623.8991610597487,617.590659478334
2510.6870000000345,623.9030293772222,617.590659478334
2511.015000000014,623.9057664632219,617.590659478334
2511.375,623.9009222388942,617.590659478334
2511.7179999999935,623.8976011250904,617.590659478334
2512.0779999999795,623.9013662677647,617.590659478334
2512.4220000000205,623.8949138016394,617.590659478334
2512.765000000014,623.9040757775415,617.590659478334
2513.25,623.9051479086144,617.590659478334
2513.609000000055,623.9153554505428,617.590659478334
2513.9529999999795,623.9134415920969,617.590659478334
2514.2970000000205,623.8813488986332,617.590659478334
2514.6560000000754,623.8959098867984,617.590659478334
2515.0,623.9087879815704,617.590659478334
2515.3429999999935,623.9047369315424,617.590659478334
2515.6870000000345,623.8945399183333,617.590659478334
2516.0310000000754,623.9092734558785,617.590659478334
2516.375,623.8960693887193,617.590659478334
2516.7179999999935,623.8977600536725,617.590659478334
2517.0620000000345,623.8977973349788,617.590659478334
2517.4060000000754,623.9018832576891,617.590659478334
2517.75,623.8979339688183,617.590659478334
2518.0929999999935,623.9065282946126,617.590659478334
2518.4370000000345,623.9066722904782,617.590659478334
2518.7970000000205,623.8997478580666,617.590659478334
2519.140000000014,623.927899362733,617.590659478334
2519.484000000055,623.9086242677441,617.590659478334
2519.8279999999795,623.9041859348732,617.590659478334
2520.1720000000205,623.8999450834392,617.590659478334
2520.515000000014,623.9041694614687,617.590659478334
2520.859000000055,623.903272042252,617.590659478334
2521.2179999999935,623.9010112754997,617.590659478334
2521.5620000000345,623.9062165244814,617.590659478334
2521.9060000000754,623.900578040057,617.590659478334
2522.265000000014,623.9012906635054,617.590659478334
2522.625,623.8871389180689,617.590659478334
2522.9679999999935,623.8977800645041,617.590659478334
2523.3279999999795,623.9018738316122,617.590659478334
2523.6870000000345,623.9036043381815,617.590659478334
2524.015000000014,623.9108434122746,617.590659478334
2524.375,623.901523383919,617.590659478334
2524.734000000055,623.8927480799136,617.590659478334
2525.2810000000754,623.9023877031202,617.590659478334
2525.625,623.8912512276593,617.590659478334
2525.984000000055,623.9051215920275,617.590659478334
2526.3279999999795,623.8957035979288,617.590659478334
2526.6720000000205,623.9097210267105,617.590659478334
2527.015000000014,623.8988754578214,617.590659478334
2527.359000000055,623.8925143048551,617.590659478334
2527.7029999999795,623.9049229016049,617.590659478334
2528.0470000000205,623.9113625561675,617.590659478334
2528.390000000014,623.8927238355604,617.590659478334
2528.734000000055,623.8932829801033,617.590659478334
2529.0929999999935,623.8997293833313,617.590659478334
2529.4370000000345,623.9020192278798,617.590659478334
2529.7810000000754,623.9059242325158,617.590659478334
2530.125,623.909574494343,617.590659478334
2530.484000000055,623.909718245821,617.590659478334
2530.8279999999795,623.9030965040106,617.590659478334
2531.1720000000205,623.8984034302442,617.590659478334
2531.515000000014,623.8960474593421,617.590659478334
2531.875,623.9170753146459,617.590659478334
2532.2179999999935,623.8949757516214,617.590659478334
2532.5620000000345,623.9075343769036,617.590659478334
2532.9060000000754,623.8931604620765,617.590659478334
2533.265000000014,623.8979314408991,617.590659478334
2533.609000000055,623.9096020745933,617.590659478334
2533.9529999999795,623.8944743788912,617.590659478334
2534.2970000000205,623.9136261491508,617.590659478334
2534.640000000014,623.9110346975851,617.590659478334
2534.984000000055,623.8935616104266,617.590659478334
2535.3429999999935,623.8970044273019,617.590659478334
2535.6870000000345,623.9085364627978,617.590659478334
2536.0310000000754,623.9067574993454,617.590659478334
2536.390000000014,623.9029979718015,617.590659478334
2536.734000000055,623.9112969706961,617.590659478334
2537.1560000000754,623.9193441537349,617.590659478334
2537.5,623.9488208515381,617.590659478334
2537.8429999999935,623.9860518439258,617.590659478334
2538.2029999999795,624.0200848523357,617.590659478334
2538.5470000000205,624.0491903765661,617.590659478334
2538.890000000014,624.0586665165442,617.590659478334
2539.234000000055,624.0865324236584,617.590659478334
2539.5779999999795,624.1020000618666,617.590659478334
2539.9370000000345,624.1116634953788,617.590659478334
2540.2810000000754,624.1329413899751,617.590659478334
2540.625,624.1423959806533,617.590659478334
2540.9679999999935,624.1653788542388,617.590659478334
2541.3120000000345,624.1691576866306,617.590659478334
2541.6720000000205,624.1954997816972,617.590659478334
2542.015000000014,624.199358652736,617.590659478334
2542.359000000055,624.2060044835611,617.590659478334
2542.7029999999795,624.2097193213978,617.590659478334
2543.0470000000205,624.2226496579513,617.590659478334
2543.390000000014,624.2402121682261,617.590659478334
2543.75,624.242248712392,617.590659478334
2544.109000000055,624.2431369910765,617.590659478334
2544.4529999999795,624.2619956924229,617.590659478334
2544.7970000000205,624.2759825775881,617.590659478334
2545.1560000000754,624.2613697365996,617.590659478334
2545.5,624.2821773799583,617.590659478334
2545.8429999999935,624.278219851601,617.590659478334
2546.1870000000345,624.2871010772093,617.590659478334
2546.5470000000205,624.3023018335872,617.590659478334
2546.890000000014,624.3034825077103,617.590659478334
2547.25,624.3006309479102,617.590659478334
2547.609000000055,624.2996135639419,617.590659478334
2547.9529999999795,624.3091337559564,617.590659478334
2548.3120000000345,624.3232020183873,617.590659478334
2548.6560000000754,624.320664783485,617.590659478334
2549.015000000014,624.3316598171174,617.590659478334
2549.359000000055,624.3468770313416,617.590659478334
2549.7179999999935,624.3646358482644,617.590659478334
2550.0620000000345,624.3865604600823,617.590659478334
2550.4060000000754,624.3896724218692,617.590659478334
2550.75,624.3859468091766,617.590659478334
2551.0929999999935,624.3891198219072,617.590659478334
2551.4370000000345,624.377149493721,617.590659478334
2551.7810000000754,624.3667569551051,617.590659478334
2552.125,624.3721121627224,617.590659478334
2552.4679999999935,624.3831234753465,617.590659478334
2552.8279999999795,624.3550972880383,617.590659478334
2553.1720000000205,624.3743232199084,617.590659478334
2553.515000000014,624.3607255200633,617.590659478334
2553.859000000055,624.3486478852275,617.590659478334
2554.2029999999795,624.351156743246,617.590659478334
2554.5470000000205,624.3386862991766,617.590659478334
2554.9060000000754,624.3473022135815,617.590659478334
2555.25,624.3470189055772,617.590659478334
2555.5929999999935,624.3436369983466,617.590659478334
2555.9370000000345,624.3389598804597,617.590659478334
2556.2970000000205,624.3450770652541,617.590659478334
2556.640000000014,624.3506304335242,617.590659478334
2557.0,624.3449026830377,617.590659478334
2557.3429999999935,624.3470201649307,617.590659478334
2557.6870000000345,624.3434295772144,617.590659478334
2558.0470000000205,624.3342641695834,617.590659478334
2558.4060000000754,624.3340871405671,617.590659478334
2558.75,624.3373799097394,617.590659478334
2559.0929999999935,624.3423260639219,617.590659478334
2559.4370000000345,624.3296593711565,617.590659478334
2559.7970000000205,624.3391001891076,617.590659478334
2560.140000000014,624.3345403646035,617.590659478334
2560.484000000055,624.338125019755,617.590659478334
2560.8429999999935,624.3342137140585,617.590659478334
2561.265000000014,624.3358735245996,617.590659478334
2561.609000000055,624.3388645416298,617.590659478334
2561.9529999999795,624.3240155152475,617.590659478334
2562.2810000000754,624.3351089545921,617.590659478334
2562.640000000014,624.3320516748497,617.590659478334
2562.984000000055,624.3418483119486,617.590659478334
2563.3279999999795,624.3539938725994,617.590659478334
2563.6870000000345,624.2332702467154,617.590659478334
2564.0310000000754,623.9999871092516,617.590659478334
2564.375,623.9130986881561,617.590659478334
2564.7179999999935,623.8790857707809,617.590659478334
2565.0620000000345,623.8712009585836,617.590659478334
2565.4220000000205,623.8498189103144,617.590659478334
2565.765000000014,623.8528112958727,617.590659478334
2566.109000000055,623.8293791146093,617.590659478334
2566.4529999999795,623.828448334105,617.590659478334
2566.7970000000205,623.8102278709257,617.590659478334
2567.140000000014,623.824766433242,617.590659478334
2567.5,623.8165604433144,617.590659478334
2567.8429999999935,623.8108553044024,617.590659478334
2568.1870000000345,623.8121011816874,617.590659478334
2568.5310000000754,623.8131033703287,617.590659478334
2568.875,623.8210079926295,617.590659478334
2569.2179999999935,623.7962136162053,617.590659478334
2569.5620000000345,623.8066041998404,617.590659478334
2569.9060000000754,623.8049784084038,617.590659478334
2570.265000000014,623.7963831846838,617.590659478334
2570.609000000055,623.8001180175027,617.590659478334
2570.9529999999795,623.7924620906799,617.590659478334
2571.2970000000205,623.8037757703522,617.590659478334
2571.6560000000754,623.7926897661371,617.590659478334
2572.0,623.7967727281242,617.590659478334
2572.3429999999935,623.7892206737095,617.590659478334
2572.6870000000345,623.8118774048064,617.590659478334
2573.0470000000205,623.7904452687646,617.590659478334
2573.390000000014,623.7898783024549,617.590659478334
2573.734000000055,623.7884503963711,617.590659478334
2574.109000000055,623.7850527349186,617.590659478334
2574.4529999999795,623.7913314743903,617.590659478334
2574.7970000000205,623.7843656536336,617.590659478334
2575.140000000014,623.8009266455228,617.590659478334
2575.484000000055,623.7973562528214,617.590659478334
2575.8279999999795,623.8113389933252,617.590659478334
2576.1870000000345,623.8710951594566,617.590659478334
2576.5310000000754,623.9416771166756,617.590659478334
2576.875,623.9450499939434,617.590659478334
2577.2179999999935,623.9338580410722,617.590659478334
2577.5620000000345,623.9234013418051,617.590659478334
2577.9220000000205,623.9223640011218,617.590659478334
2578.265000000014,623.9185816082454,617.590659478334
2578.609000000055,623.9133109468128,617.590659478334
2578.9529999999795,623.9047878229646,617.590659478334
2579.2970000000205,623.9182203021103,617.590659478334
2579.6560000000754,623.9150645124819,617.590659478334
2580.0,623.9122248265669,617.590659478334
2580.359000000055,623.913409549968,617.590659478334
2580.7029999999795,623.9019610929824,617.590659478334
2581.0620000000345,623.9146308950826,617.590659478334
2581.4060000000754,623.9170332398693,617.590659478334
2581.765000000014,623.9122294967223,617.590659478334
2582.125,623.9086393330574,617.590659478334
2582.4679999999935,623.9168086939362,617.590659478334
2582.8279999999795,623.900844995846,617.590659478334
2583.1560000000754,623.9080373297325,617.590659478334
2583.515000000014,623.8991729375247,617.590659478334
2583.875,623.9087042203688,617.590659478334
2584.234000000055,623.9060349726557,617.590659478334
2584.5929999999935,623.911951767541,617.590659478334
2584.9370000000345,623.9037416276977,617.590659478334
2585.3120000000345,623.9037582324482,617.590659478334
2585.6720000000205,623.8987371969442,617.590659478334
2586.015000000014,623.9083400002539,617.590659478334
2586.359000000055,623.911710804194,617.590659478334
2586.7029999999795,623.9062679476368,617.590659478334
2587.0470000000205,623.9087083457002,617.590659478334
2587.390000000014,623.8918093583571,617.590659478334
2587.734000000055,623.8844611374813,617.590659478334
2588.0929999999935,623.907920636925,617.590659478334
2588.4370000000345,623.8963123716195,617.590659478334
2588.7810000000754,623.8418166351747,617.590659478334
2589.125,623.842349828657,617.590659478334
2589.4679999999935,623.8299339052049,617.590659478334
2589.8279999999795,623.8312455492428,617.590659478334
2590.1720000000205,623.8380795858125,617.590659478334
2590.515000000014,623.8230790470079,617.590659478334
2590.859000000055,623.8004803509695,617.590659478334
2591.2029999999795,623.8196078834989,617.590659478334
2591.5470000000205,623.8104254220458,617.590659478334
2591.9060000000754,623.8113713439755,617.590659478334
2592.25,623.7971745379277,617.590659478334
2592.5929999999935,623.8047828173178,617.590659478334
2592.9370000000345,623.8001732993388,617.590659478334
2593.2810000000754,623.806612132715,617.590659478334
2593.625,623.7902839589834,617.590659478334
2593.984000000055,623.7950518374815,617.590659478334
2594.3279999999795,623.7890319206599,617.590659478334
2594.6720000000205,623.8010520239076,617.590659478334
2595.015000000014,623.8010500667301,617.590659478334
2595.3429999999935,623.7930709702722,617.590659478334
2595.7029999999795,623.7960966646226,617.590659478334
2596.0470000000205,623.784568242876,617.590659478334
2596.4060000000754,623.8005340426058,617.590659478334
2596.75,623.8004222864963,617.590659478334
2597.140000000014,623.7787773933318,617.590659478334
2597.484000000055,623.8052605841452,617.590659478334
2597.8120000000345,623.7951784818508,617.590659478334
2598.1720000000205,623.789724358366,617.590659478334
2598.515000000014,623.7871862538342,617.590659478334
2598.859000000055,623.8020742613564,617.590659478334
2599.2029999999795,623.7984271431553,617.590659478334
2599.5470000000205,623.7899057425315,617.590659478334
2599.9060000000754,623.7826596346988,617.590659478334
2600.25,623.7954840981903,617.590659478334
2600.5929999999935,623.7904322911306,617.590659478334
2600.9220000000205,623.8124356247162,617.590659478334
2601.2810000000754,623.8484813111816,617.590659478334
2601.625,623.919817821548,617.590659478334
2601.9679999999935,623.9431117247635,617.590659478334
2602.3279999999795,623.9328438595478,617.590659478334
2602.6720000000205,623.9287808636259,617.590659478334
2603.0310000000754,623.9186081940067,617.590659478334
2603.375,623.9095064151401,617.590659478334
2603.734000000055,623.9138998319852,617.590659478334
2604.0929999999935,623.9104457779143,617.590659478334
2604.4370000000345,623.9070087229105,617.590659478334
2604.7970000000205,623.9030438893383,617.590659478334
2605.140000000014,623.9202241122313,617.590659478334
2605.5,623.9139378638171,617.590659478334
2605.859000000055,623.8977623039641,617.590659478334
2606.2029999999795,623.9144243474802,617.590659478334
2606.5620000000345,623.9033579914495,617.590659478334
2606.9060000000754,623.9053510880996,617.590659478334
2607.265000000014,623.906726413838,617.590659478334
2607.609000000055,623.8953432540437,617.590659478334
2607.9529999999795,623.9217184166585,617.590659478334
2608.2970000000205,623.9372895630765,617.590659478334
2608.6560000000754,623.9519948925289,617.590659478334
2608.984000000055,623.9547292354697,617.590659478334
2609.3429999999935,623.9380415971566,617.590659478334
2609.7029999999795,623.9301886158024,617.590659478334
2610.0470000000205,623.9271017267124,617.590659478334
2610.4060000000754,623.9251725606885,617.590659478334
2610.75,623.9273499593804,617.590659478334
2611.0929999999935,623.9281486599128,617.590659478334
2611.4370000000345,623.9142964515083,617.590659478334
2611.7810000000754,623.9179915282559,617.590659478334
2612.125,623.9179454355016,617.590659478334
2612.4679999999935,623.9159367719027,617.590659478334
2612.8279999999795,623.9126122780909,617.590659478334
2613.1720000000205,623.9209354946678,617.590659478334
2613.515000000014,623.9096333797216,617.590659478334
2613.859000000055,623.9173341492474,617.590659478334
2614.2179999999935,623.912998391311,617.590659478334
2614.5470000000205,623.9096731248935,617.590659478334
2614.9060000000754,623.9088624679291,617.590659478334
2615.25,623.9143076124378,617.590659478334
2615.609000000055,623.9212556266405,617.590659478334
2615.9529999999795,623.9142011593226,617.590659478334
2616.2970000000205,623.9164938306786,617.590659478334
2616.6560000000754,623.906435076022,617.590659478334
2617.0,623.9209245847703,617.590659478334
2617.359000000055,623.9080049249634,617.590659478334
2617.7029999999795,623.9092370865469,617.590659478334
2618.0470000000205,623.9115217063159,617.590659478334
2618.4060000000754,623.9129174284268,617.590659478334
2618.75,623.9065531072923,617.590659478334
2619.109000000055,623.8991036976613,617.590659478334
2619.4529999999795,623.9109518164335,617.590659478334
2619.7970000000205,623.9086713968011,617.590659478334
2620.1560000000754,623.9112686945698,617.590659478334
2620.515000000014,623.9059519866929,617.590659478334
2620.875,623.9225578302555,617.590659478334
2621.2810000000754,623.954148030376,617.590659478334
2621.625,623.9952452977442,617.590659478334
2621.984000000055,624.0521879326654,617.590659478334
2622.3429999999935,624.0993472019397,617.590659478334
2622.6870000000345,624.1157920247274,617.590659478334
2623.0310000000754,624.1387736228378,617.590659478334
2623.375,624.1664889557608,617.590659478334
2623.7179999999935,624.1848677520524,617.590659478334
2624.0620000000345,624.1948213889149,617.590659478334
2624.4220000000205,624.2124827299378,617.590659478334
2624.765000000014,624.2292983846384,617.590659478334
2625.109000000055,624.2327511981589,617.590659478334
2625.4529999999795,624.2370312981736,617.590659478334
2625.7970000000205,624.2586655132616,617.590659478334
2626.140000000014,624.2606186138237,617.590659478334
2626.484000000055,624.2706712179041,617.590659478334
2626.8429999999935,624.2768929871066,617.590659478334
2627.1720000000205,624.286702936129,617.590659478334
2627.5310000000754,624.2943460844921,617.590659478334
2627.890000000014,624.3036491405555,617.590659478334
2628.234000000055,624.308542577432,617.590659478334
2628.5779999999795,624.3021185071166,617.590659478334
2628.9220000000205,624.3124586437845,617.590659478334
2629.265000000014,624.3343653523422,617.590659478334
2629.609000000055,624.3222255855893,617.590659478334
2629.9529999999795,624.3442736969544,617.590659478334
2630.2970000000205,624.3501266160554,617.590659478334
2630.6560000000754,624.356395963567,617.590659478334
2631.0,624.3511039033621,617.590659478334
2631.3279999999795,624.3509327835268,617.590659478334
2631.6720000000205,624.3478182649291,617.590659478334
2632.015000000014,624.3561516521362,617.590659478334
2632.359000000055,624.3666031586042,617.590659478334
2632.7029999999795,624.3653801488523,617.590659478334
2633.0620000000345,624.3806503728371,617.590659478334
2633.4060000000754,624.3687874392991,617.590659478334
2633.75,624.3840574131193,617.590659478334
2634.0929999999935,624.4018460226946,617.590659478334
2634.4529999999795,624.400918255552,617.590659478334
2634.7970000000205,624.3981473633729,617.590659478334
2635.140000000014,624.3815360898047,617.590659478334
2635.484000000055,624.4038846560846,617.590659478334
2635.8429999999935,624.4013781604536,617.590659478334
2636.1870000000345,624.4033048233335,617.590659478334
2636.515000000014,624.421801285344,617.590659478334
2636.875,624.4079100908662,617.590659478334
2637.2029999999795,624.4292767657521,617.590659478334
2637.5470000000205,624.4124991709397,617.590659478334
2637.890000000014,624.4164570436922,617.590659478334
2638.25,624.4189754757555,617.590659478334
2638.5929999999935,624.4309021459877,617.590659478334
2638.9220000000205,624.4128389194495,617.590659478334
2639.2810000000754,624.4312158243856,617.590659478334
2639.640000000014,624.4414943287458,617.590659478334
2640.0,624.4400547896494,617.590659478334
2640.359000000055,624.4405437924063,617.590659478334
2640.6870000000345,624.4261814390949,617.590659478334
2641.0470000000205,624.4429439054056,617.590659478334
2641.4060000000754,624.4355934237811,617.590659478334
2641.75,624.4458013780912,617.590659478334
2642.109000000055,624.4393848226136,617.590659478334
2642.4679999999935,624.4425768856038,617.590659478334
2642.8120000000345,624.4522427679555,617.590659478334
2643.1720000000205,624.4491957877733,617.590659478334
2643.515000000014,624.4482144685378,617.590659478334
2643.875,624.4649389866393,617.590659478334
2644.2179999999935,624.4511550339311,617.590659478334
2644.5779999999795,624.451770691262,617.590659478334
2644.9220000000205,624.4648901109167,617.590659478334
2645.265000000014,624.4643010099516,617.590659478334
2645.609000000055,624.4603099764748,617.590659478334
2645.9679999999935,624.4681700382082,617.590659478334
2646.3279999999795,624.4620912400369,617.590659478334
2646.6870000000345,624.4646425106046,617.590659478334
2647.0310000000754,624.4595162230124,617.590659478334
2647.390000000014,624.4785880629537,617.590659478334
2647.75,624.4737967580947,617.590659478334
2648.0929999999935,624.4727681236532,617.590659478334
2648.4529999999795,624.4779632839817,617.590659478334
2648.7970000000205,624.4679121400152,617.590659478334
2649.125,624.4960326945754,617.590659478334
2649.484000000055,624.475795279236,617.590659478334
2649.8279999999795,624.4923803367365,617.590659478334
2650.1720000000205,624.4636941246787,617.590659478334
2650.515000000014,624.4894185469954,617.590659478334
2650.875,624.4892556046957,617.590659478334
2651.2179999999935,624.4838845147651,617.590659478334
2651.5620000000345,624.4842757293823,617.590659478334
2651.9220000000205,624.4918110199084,617.590659478334
2652.2810000000754,624.49391910155,617.590659478334
2652.640000000014,624.4925304731372,617.590659478334
2652.984000000055,624.4800081984072,617.590659478334
2653.3279999999795,624.4958768072829,617.590659478334
2653.6870000000345,624.4973281453922,617.590659478334
2654.0470000000205,624.4952584005822,617.590659478334
2654.390000000014,624.5010672180869,617.590659478334
2654.75,624.4962380261452,617.590659478334
2655.0929999999935,624.4889932203586,617.590659478334
2655.4370000000345,624.5062653622749,617.590659478334
2655.7810000000754,624.4940805000159,617.590659478334
2656.125,624.5005200741113,617.590659478334
2656.5,624.4952677645813,617.590659478334
2656.8429999999935,624.502272064815,617.590659478334
2657.2970000000205,624.5008277548137,617.590659478334
2657.640000000014,624.4996103955231,617.590659478334
2657.984000000055,624.4932051813157,617.590659478334
2658.3279999999795,624.5073482750403,617.590659478334
2658.6720000000205,624.5123840412399,617.590659478334
2659.015000000014,624.5002916915679,617.590659478334
2659.375,624.5147625268195,617.590659478334
2659.7179999999935,624.5079703060186,617.590659478334
2660.0620000000345,624.5256962748441,617.590659478334
2660.4060000000754,624.5173539350442,617.590659478334
2660.75,624.5124233836716,617.590659478334
2661.0929999999935,624.5173464606924,617.590659478334
2661.4529999999795,624.522159516994,617.590659478334
2661.7970000000205,624.5255362052937,617.590659478334
2662.125,624.531012452475,617.590659478334
2662.484000000055,624.5268886966395,617.590659478334
2662.8429999999935,624.5284809035678,617.590659478334
2663.2029999999795,624.5301260528875,617.590659478334
2663.5470000000205,624.5095077223069,617.590659478334
2663.9060000000754,624.5185029491544,617.590659478334
2664.25,624.5153608151182,617.590659478334
2664.5929999999935,624.5228097279679,617.590659478334
2664.9370000000345,624.5349571105555,617.590659478334
2665.2970000000205,624.5145510520081,617.590659478334
2665.6560000000754,624.5266597242717,617.590659478334
2666.0,624.5054748038226,617.590659478334
2666.3429999999935,624.5248698966669,617.590659478334
2666.7029999999795,624.5258561396786,617.590659478334
2667.0470000000205,624.5317820978662,617.590659478334
2667.4060000000754,624.5301406045637,617.590659478334
2667.75,624.5309897617369,617.590659478334
2668.125,624.5314585120626,617.590659478334
2668.4679999999935,624.5361426008953,617.590659478334
2668.8120000000345,624.5250198282794,617.590659478334
2669.25,624.5326082858231,617.590659478334
2669.609000000055,624.5295493658572,617.590659478334
2669.9529999999795,624.5395390326169,617.590659478334
2670.2970000000205,624.531088478833,617.590659478334
2670.640000000014,624.5377383572405,617.590659478334
2670.984000000055,624.5357718787496,617.590659478334
2671.3279999999795,624.5394993995094,617.590659478334
2671.6720000000205,624.5375711646161,617.590659478334
2672.0310000000754,624.523392299794,617.590659478334
2672.375,624.53729808652,617.590659478334
2672.7179999999935,624.5320091246176,617.590659478334
2673.0620000000345,624.5415056135314,617.590659478334
2673.4060000000754,624.5476625660824,617.590659478334
2673.75,624.537008801334,617.590659478334
2674.125,624.5404449193859,617.590659478334
2674.4679999999935,624.5441440045597,617.590659478334
2674.8279999999795,624.5539118864278,617.590659478334
2675.1720000000205,624.5406494750922,617.590659478334
2675.5310000000754,624.5440072803185,617.590659478334
2675.875,624.547905864993,617.590659478334
2676.2179999999935,624.5529204683978,617.590659478334
2676.5620000000345,624.5435507461009,617.590659478334
2676.9060000000754,624.538593015391,617.590659478334
2677.25,624.5443464548001,617.590659478334
2677.5929999999935,624.5275386019329,617.590659478334
2677.9529999999795,624.5580918885759,617.590659478334
2678.2970000000205,624.5409561996528,617.590659478334
2678.6560000000754,624.5483168028802,617.590659478334
2679.0,624.5490540748237,617.590659478334
2679.3429999999935,624.5358609582146,617.590659478334
2679.6870000000345,624.5368613336875,617.590659478334
2680.0470000000205,624.5561306551973,617.590659478334
2680.4060000000754,624.5455730074084,617.590659478334
2680.75,624.5449504074858,617.590659478334
2681.2810000000754,624.5567362265905,617.590659478334
2681.609000000055,624.5529779249758,617.590659478334
2681.9679999999935,624.5535082280131,617.590659478334
2682.3120000000345,624.5486202284592,617.590659478334
2682.6560000000754,624.5589663274448,617.590659478334
2683.0,624.5526449860464,617.590659478334
2683.3429999999935,624.5452326896467,617.590659478334
2683.6870000000345,624.5551325195058,617.590659478334
2684.0470000000205,624.5493959498792,617.590659478334
2684.375,624.5530902748776,617.590659478334
2684.7179999999935,624.5522929929359,617.590659478334
2685.0620000000345,624.546854140732,617.590659478334
2685.4220000000205,624.5614489827291,617.590659478334
2685.765000000014,624.5543772250394,617.590659478334
2686.109000000055,624.5567770031488,617.590659478334
2686.4529999999795,624.5531895293765,617.590659478334
2686.8120000000345,624.5601697346258,617.590659478334
2687.1560000000754,624.555722405976,617.590659478334
2687.5,624.5526320081937,617.590659478334
2687.859000000055,624.5489282738337,617.590659478334
2688.2029999999795,624.55873115271,617.590659478334
2688.5620000000345,624.5801875239163,617.590659478334
2688.9220000000205,624.6041120993386,617.590659478334
2689.25,624.5989391362828,617.590659478334
2689.5929999999935,624.599311513081,617.590659478334
2689.9529999999795,624.6091028666184,617.590659478334
2690.2970000000205,624.6087945315405,617.590659478334
2690.640000000014,624.5993930074283,617.590659478334
2691.0,624.5797259137189,617.590659478334
2691.3429999999935,624.5859107904761,617.590659478334
2691.6870000000345,624.5875850391088,617.590659478334
2692.0470000000205,624.5773341972377,617.590659478334
2692.390000000014,624.5582296610387,617.590659478334
2692.75,624.5699288004829,617.590659478334
2693.2810000000754,624.5612187317128,617.590659478334
2693.625,624.5603443679765,617.590659478334
2693.9679999999935,624.5660240835047,617.590659478334
2694.3279999999795,624.5726858001493,617.590659478334
2694.6720000000205,624.5526684366891,617.590659478334
2695.0310000000754,624.5665354144843,617.590659478334
2695.375,624.5562252955849,617.590659478334
2695.7179999999935,624.5541543379894,617.590659478334
2696.0779999999795,624.5460565449539,617.590659478334
2696.4220000000205,624.5460877669585,617.590659478334
2696.765000000014,624.5503955355917,617.590659478334
2697.109000000055,624.5461841971355,617.590659478334
2697.4529999999795,624.5361929672205,617.590659478334
2697.8120000000345,624.5583411352776,617.590659478334
2698.1560000000754,624.5472304891439,617.590659478334
2698.5,624.5422666551373,617.590659478334
2698.8279999999795,624.5514695036368,617.590659478334
2699.1720000000205,624.5405934735476,617.590659478334
2699.515000000014,624.5386272203981,617.590659478334
2699.859000000055,624.5344853319006,617.590659478334
2700.2029999999795,624.5452534170222,617.590659478334
2700.5470000000205,624.5452599366578,617.590659478334
2700.890000000014,624.5386366324881,617.590659478334
2701.234000000055,624.5299603501331,617.590659478334
2701.5779999999795,624.5455809636214,617.590659478334
2701.9220000000205,624.5406223462294,617.590659478334
2702.265000000014,624.5311080005029,617.590659478334
2702.625,624.5335186316248,617.590659478334
2702.9679999999935,624.5450726462526,617.590659478334
2703.3120000000345,624.5309477518424,617.590659478334
2703.6560000000754,624.5417187325423,617.590659478334
2704.0,624.5355231830658,617.590659478334
2704.359000000055,624.5398810168774,617.590659478334
2704.7029999999795,624.5272947792603,617.590659478334
2705.0470000000205,624.5323415649069,617.590659478334
2705.4060000000754,624.5403229403994,617.590659478334
2705.75,624.5237286428226,617.590659478334
2706.0929999999935,624.5304469830567,617.590659478334
2706.4370000000345,624.5411013167924,617.590659478334
2706.7810000000754,624.5240591312793,617.590659478334
2707.125,624.532188925085,617.590659478334
2707.484000000055,624.5155601702315,617.590659478334
2707.8279999999795,624.5375577057117,617.590659478334
2708.1720000000205,624.5437717708253,617.590659478334
2708.515000000014,624.5167133769512,617.590659478334
2708.859000000055,624.5227770630926,617.590659478334
2709.2029999999795,624.5331305011225,617.590659478334
2709.5470000000205,624.5352576805521,617.590659478334
2709.890000000014,624.5361611030035,617.590659478334
2710.234000000055,624.5181186246153,617.590659478334
2710.5620000000345,624.5507585728625,617.590659478334
2710.9220000000205,624.5364155415173,617.590659478334
2711.265000000014,624.5300965809189,617.590659478334
2711.609000000055,624.5368601868431,617.590659478334
2711.9529999999795,624.532360081203,617.590659478334
2712.2970000000205,624.5283081431643,617.590659478334
2712.625,624.5280138956565,617.590659478334
2712.9679999999935,624.5297485659888,617.590659478334
2713.3120000000345,624.5349019825193,617.590659478334
2713.6560000000754,624.5206567345653,617.590659478334
2714.0,624.5200985834377,617.590659478334
2714.3429999999935,624.5199652654302,617.590659478334
2714.6870000000345,624.5240868734973,617.590659478334
2715.0310000000754,624.5260052502451,617.590659478334
2715.375,624.5131642384786,617.590659478334
2715.7179999999935,624.5267696168054,617.590659478334
2716.0620000000345,624.5220569472272,617.590659478334
2716.4220000000205,624.5240012635094,617.590659478334
2716.75,624.5315557313916,617.590659478334
2717.2970000000205,624.510804797739,617.590659478334
2717.640000000014,624.515980009178,617.590659478334
2717.984000000055,624.5334901257906,617.590659478334
2718.3279999999795,624.5278609784868,617.590659478334
2718.6720000000205,624.5345947078966,617.590659478334
2719.015000000014,624.5231055432129,617.590659478334
2719.3429999999935,624.5114484597988,617.590659478334
2719.6870000000345,624.535557297578,617.590659478334
2720.0310000000754,624.5250065849309,617.590659478334
2720.359000000055,624.5311275321814,617.590659478334
2720.7179999999935,624.5163283301933,617.590659478334
2721.0470000000205,624.5188248932718,617.590659478334
2721.390000000014,624.5137625339108,617.590659478334
2721.734000000055,624.5334674028041,617.590659478334
2722.0779999999795,624.5233445912849,617.590659478334
2722.4370000000345,624.5253242778381,617.590659478334
2722.7810000000754,624.5211855952513,617.590659478334
2723.125,624.5190641736522,617.590659478334
2723.4679999999935,624.5159354642074,617.590659478334
2723.8120000000345,624.525869820248,617.590659478334
2724.1560000000754,624.516878920661,617.590659478334
2724.5,624.5008754236851,617.590659478334
2724.8429999999935,624.5257322262593,617.590659478334
2725.2029999999795,624.5256444544927,617.590659478334
2725.5470000000205,624.5175256928326,617.590659478334
2725.890000000014,624.5088296221734,617.590659478334
2726.234000000055,624.5282217068961,617.590659478334
2726.5929999999935,624.5191010968297,617.590659478334
2726.9370000000345,624.5126233536167,617.590659478334
2727.2810000000754,624.5181921686692,617.590659478334
2727.625,624.514262553625,617.590659478334
2727.984000000055,624.5131393088878,617.590659478334
2728.3120000000345,624.5238655396378,617.590659478334
2728.6720000000205,624.5142926205787,617.590659478334
2729.0,624.519953546038,617.590659478334
2729.3429999999935,624.5203596894168,617.590659478334
2729.6870000000345,624.5188619156218,617.590659478334
2730.0310000000754,624.5283945379333,617.590659478334
2730.375,624.5371949676972,617.590659478334
2730.7179999999935,624.5121863479254,617.590659478334
2731.0779999999795,624.5328446746079,617.590659478334
2731.4220000000205,624.5311142968026,617.590659478334
2731.765000000014,624.5152096486569,617.590659478334
2732.109000000055,624.5116819117247,617.590659478334
2732.4679999999935,624.5081144265837,617.590659478334
2732.8120000000345,624.5111358453247,617.590659478334
2733.1560000000754,624.5341818837269,617.590659478334
2733.484000000055,624.5213599784203,617.590659478334
2733.8279999999795,624.5187414072965,617.590659478334
2734.1720000000205,624.5067397356275,617.590659478334
2734.5310000000754,624.5174382800434,617.590659478334
2734.859000000055,624.5184434710023,617.590659478334
2735.2179999999935,624.5136962758737,617.590659478334
2735.5620000000345,624.5044700496817,617.590659478334
2735.9060000000754,624.4960458647422,617.590659478334
2736.25,624.5144058981302,617.590659478334
2736.5929999999935,624.5123483132573,617.590659478334
2736.9370000000345,624.5298322037772,617.590659478334
2737.2810000000754,624.5145624073397,617.590659478334
2737.609000000055,624.5185531543045,617.590659478334
2737.9529999999795,624.5072870686819,617.590659478334
2738.2970000000205,624.5029302062279,617.590659478334
2738.640000000014,624.5120411494585,617.590659478334
2738.9679999999935,624.5120435975803,617.590659478334
2739.3279999999795,624.5335972399846,617.590659478334
2739.6560000000754,624.503382810344,617.590659478334
2740.015000000014,624.508786038131,617.590659478334
2740.359000000055,624.5130912873542,617.590659478334
2740.7029999999795,624.519873686885,617.590659478334
2741.0620000000345,624.5119566226159,617.590659478334
2741.4060000000754,624.5191617039933,617.590659478334
2741.75,624.5114870821815,617.590659478334
2742.0929999999935,624.5024348488174,617.590659478334
2742.4370000000345,624.5154331681288,617.590659478334
2742.7810000000754,624.5036324905965,617.590659478334
2743.125,624.5176716848036,617.590659478334
2743.484000000055,624.5153891320979,617.590659478334
2743.8279999999795,624.5061716538708,617.590659478334
2744.1720000000205,624.5191921486411,617.590659478334
2744.515000000014,624.5209147681669,617.590659478334
2744.859000000055,624.5185213794996,617.590659478334
2745.2029999999795,624.513472895644,617.590659478334
2745.5620000000345,624.5082496183996,617.590659478334
2745.9060000000754,624.5097286281764,617.590659478334
2746.25,624.5181711315739,617.590659478334
2746.5929999999935,624.525716989145,617.590659478334
2746.9370000000345,624.50331328206,617.590659478334
2747.2810000000754,624.5105950573695,617.590659478334
2747.625,624.5135718688248,617.590659478334
2747.9679999999935,624.4999687355364,617.590659478334
2748.3120000000345,624.5099220050688,617.590659478334
2748.6720000000205,624.5217669834037,617.590659478334
2749.0,624.5121155728052,617.590659478334
2749.359000000055,624.4987509327633,617.590659478334
2749.7029999999795,624.517334643561,617.590659478334
2750.0470000000205,624.5073344990032,617.590659478334
2750.390000000014,624.5138847709694,617.590659478334
2750.734000000055,624.5421892674286,617.590659478334
2751.0779999999795,624.4548211559775,617.590659478334
2751.4220000000205,624.1229324801596,617.590659478334
2751.765000000014,623.9551092545869,617.590659478334
2752.109000000055,623.9070601653498,617.590659478334
2752.4529999999795,623.8796433884369,617.590659478334
2752.7970000000205,623.8642229108148,617.590659478334
2753.25,623.8471112771978,617.590659478334
2753.5929999999935,623.835313654722,617.590659478334
2753.9370000000345,623.8362042376697,617.590659478334
2754.2810000000754,623.834262125077,617.590659478334
2754.625,623.8307233142435,617.590659478334
2754.984000000055,623.8124731330204,617.590659478334
2755.3120000000345,623.8141304892396,617.590659478334
2755.6560000000754,623.8133107919108,617.590659478334
2756.0,623.8155777293402,617.590659478334
2756.359000000055,623.7888876231497,617.590659478334
2756.7029999999795,623.8079944779072,617.590659478334
2757.0470000000205,623.8087845437489,617.590659478334
2757.390000000014,623.8027089697183,617.590659478334
2757.734000000055,623.7977228828056,617.590659478334
2758.0779999999795,623.8002966996711,617.590659478334
2758.4220000000205,623.798869466755,617.590659478334
2758.765000000014,623.7886244309689,617.590659478334
2759.0929999999935,623.7982204228864,617.590659478334
2759.4370000000345,623.7898184694602,617.590659478334
2759.7810000000754,623.8106035122933,617.590659478334
2760.125,623.7947532820094,617.590659478334
2760.4679999999935,623.7961608891354,617.590659478334
2760.8120000000345,623.793060043584,617.590659478334
2761.1560000000754,623.790515870716,617.590659478334
2761.5,623.8021834855572,617.590659478334
2761.8429999999935,623.7916362605746,617.590659478334
2762.1870000000345,623.7912300385118,617.590659478334
2762.5310000000754,623.8029037631766,617.590659478334
2762.9220000000205,623.8086999184899,617.590659478334
2763.265000000014,623.8129429461502,617.590659478334
2763.609000000055,623.8800285563074,617.590659478334
2763.9529999999795,623.9364916487535,617.590659478334
2764.2970000000205,623.9328596052122,617.590659478334
2764.640000000014,623.9396726884829,617.590659478334
2764.984000000055,623.9293511931546,617.590659478334
2765.3429999999935,623.9051106505086,617.590659478334
2765.6870000000345,623.9096029567172,617.590659478334
2766.0310000000754,623.9134293550866,617.590659478334
2766.375,623.9072810172667,617.590659478334
2766.734000000055,623.8987065827127,617.590659478334
2767.0779999999795,623.9054699376743,617.590659478334
2767.4220000000205,623.9067639946418,617.590659478334
2767.765000000014,623.9099448083515,617.590659478334
2768.125,623.9032766461637,617.590659478334
2768.4679999999935,623.9040836591585,617.590659478334
2768.7970000000205,623.9189826748905,617.590659478334
2769.1560000000754,623.9154887779897,617.590659478334
2769.5,623.9230253429565,617.590659478334
2769.8429999999935,623.8998971598467,617.590659478334
2770.1870000000345,623.9179658995756,617.590659478334
2770.5310000000754,623.9159856226853,617.590659478334
2770.875,623.8928325356533,617.590659478334
2771.2179999999935,623.9059745093723,617.590659478334
2771.5620000000345,623.9082986832942,617.590659478334
2771.890000000014,623.9063695751597,617.590659478334
2772.234000000055,623.9044020001575,617.590659478334
2772.5779999999795,623.9009739410052,617.590659478334
2772.9220000000205,623.902766509521,617.590659478334
2773.265000000014,623.9138535079632,617.590659478334
2773.609000000055,623.9088591616417,617.590659478334
2773.9529999999795,623.9192879897815,617.590659478334
2774.2970000000205,623.8931562934913,617.590659478334
2774.640000000014,623.9096170004736,617.590659478334
2774.984000000055,623.9104778039499,617.590659478334
2775.3279999999795,623.9146700621185,617.590659478334
2775.6870000000345,623.8907541949386,617.590659478334
2776.0310000000754,623.8414970134454,617.590659478334
2776.375,623.8374834900899,617.590659478334
2776.7029999999795,623.8273920199014,617.590659478334
2777.0620000000345,623.8382549994745,617.590659478334
2777.4060000000754,623.8499973072106,617.590659478334
2777.75,623.8111669620533,617.590659478334
2778.0929999999935,623.811921925692,617.590659478334
2778.4370000000345,623.8020895089634,617.590659478334
2778.7970000000205,623.811665287705,617.590659478334
2779.125,623.8050449952126,617.590659478334
2779.4679999999935,623.7973815558876,617.590659478334
2779.8120000000345,623.7987421855365,617.590659478334
2780.1560000000754,623.7959444359194,617.590659478334
2780.515000000014,623.7995581144805,617.590659478334
2780.859000000055,623.7998050788411,617.590659478334
2781.2029999999795,623.7943061094672,617.590659478334
2781.5470000000205,623.8017595749773,617.590659478334
2781.9060000000754,623.7936627569642,617.590659478334
2782.25,623.8018162602233,617.590659478334
2782.5779999999795,623.7887668375831,617.590659478334
2782.9220000000205,623.7924137693634,617.590659478334
2783.2810000000754,623.7862491764799,617.590659478334
2783.625,623.7810686247421,617.590659478334
2783.984000000055,623.7948600888589,617.590659478334
2784.3279999999795,623.7919642658194,617.590659478334
2784.6560000000754,623.7879744397184,617.590659478334
2785.0,623.7840249060567,617.590659478334
2785.359000000055,623.7942952478683,617.590659478334
2785.7029999999795,623.7728157943424,617.590659478334
2786.0470000000205,623.7915981590464,617.590659478334
2786.4060000000754,623.7796287174494,617.590659478334
2786.75,623.7757075312181,617.590659478334
2787.0929999999935,623.7975910877933,617.590659478334
2787.4679999999935,623.7936101078892,617.590659478334
2787.8120000000345,623.7937286718187,617.590659478334
2788.1560000000754,623.8153824738903,617.590659478334
2788.5,623.8993424305382,617.590659478334
2788.8429999999935,623.9246314974565,617.590659478334
2789.265000000014,623.9378251753258,617.590659478334
2789.609000000055,623.9265066497312,617.590659478334
2789.9529999999795,623.9248077153408,617.590659478334
2790.2970000000205,623.9070243143645,617.590659478334
2790.6560000000754,623.9055514605404,617.590659478334
2791.0,623.9117081800873,617.590659478334
2791.3429999999935,623.9036805316186,617.590659478334
2791.6870000000345,623.9083468735273,617.590659478334
2792.0310000000754,623.8986495919377,617.590659478334
2792.390000000014,623.9004704009941,617.590659478334
2792.734000000055,623.9034103816315,617.590659478334
2793.0929999999935,623.9059911819681,617.590659478334
2793.4220000000205,623.9000553782741,617.590659478334
2793.765000000014,623.9043438771305,617.590659478334
2794.125,623.9095063742208,617.590659478334
2794.4679999999935,623.8935423727495,617.590659478334
2794.8120000000345,623.9171551006822,617.590659478334
2795.1560000000754,623.949802442291,617.590659478334
2795.515000000014,623.943177397767,617.590659478334
2795.859000000055,623.9568713531172,617.590659478334
2796.2179999999935,623.926051048839,617.590659478334
2796.5779999999795,623.9249004345376,617.590659478334
2796.9220000000205,623.9382565765109,617.590659478334
2797.2810000000754,623.9283133843114,617.590659478334
2797.625,623.9266758593934,617.590659478334
2797.9679999999935,623.9174951300757,617.590659478334
2798.3120000000345,623.9269430471008,617.590659478334
2798.6720000000205,623.9120453458713,617.590659478334
2799.015000000014,623.9043614511701,617.590659478334
2799.375,623.9178199726722,617.590659478334
2799.734000000055,623.9179898133558,617.590659478334
2800.0620000000345,623.9199541805142,617.590659478334
2800.4370000000345,623.9140639521199,617.590659478334
2800.7810000000754,623.9101807709097,617.590659478334
2801.265000000014,623.9019758097936,617.590659478334
2801.609000000055,623.9055243447285,617.590659478334
2801.9529999999795,623.9296142235335,617.590659478334
2802.2970000000205,623.9168405666701,617.590659478334
2802.6560000000754,623.9310585725301,617.590659478334
2803.0,623.9154985286455,617.590659478334
2803.3429999999935,623.9176104998456,617.590659478334
2803.7029999999795,623.9127676326149,617.590659478334
2804.0310000000754,623.909899789972,617.590659478334
2804.375,623.9001663294754,617.590659478334
2804.734000000055,623.9094694402436,617.590659478334
2805.0779999999795,623.9099948336109,617.590659478334
2805.4220000000205,623.9105804332687,617.590659478334
2805.765000000014,623.9212274272188,617.590659478334
2806.125,623.9061742830294,617.590659478334
2806.4679999999935,623.911278709965,617.590659478334
2806.8120000000345,623.9207420116275,617.590659478334
2807.1560000000754,623.909470990023,617.590659478334
2807.5,623.9245722840728,617.590659478334
2807.8429999999935,623.9195701170369,617.590659478334
2808.2029999999795,623.9296435236097,617.590659478334
2808.5470000000205,623.9649969954401,617.590659478334
2808.9060000000754,624.0363977892459,617.590659478334
2809.25,624.0777457536166,617.590659478334
2809.5929999999935,624.1056293418002,617.590659478334
2809.9370000000345,624.130984550987,617.590659478334
2810.2810000000754,624.1468134557086,617.590659478334
2810.640000000014,624.1701259878952,617.590659478334
2810.9679999999935,624.1770794852287,617.590659478334
2811.3279999999795,624.204077209007,617.590659478334
2811.6720000000205,624.2248611687947,617.590659478334
2812.015000000014,624.2213906766378,617.590659478334
2812.359000000055,624.2342168030383,617.590659478334
2812.7029999999795,624.2554210617725,617.590659478334
2813.0470000000205,624.2630316794161,617.590659478334
2813.4370000000345,624.2645475970614,617.590659478334
2813.7810000000754,624.2777204493124,617.590659478334
2814.125,624.2842038645293,617.590659478334
2814.484000000055,624.2978114031193,617.590659478334
2814.8279999999795,624.2972796247537,617.590659478334
2815.1560000000754,624.3248615967681,617.590659478334
2815.515000000014,624.3211047699211,617.590659478334
2815.8429999999935,624.317303495885,617.590659478334
2816.2029999999795,624.3281823473383,617.590659478334
2816.5470000000205,624.3407240398166,617.590659478334
2816.890000000014,624.3434624648017,617.590659478334
2817.234000000055,624.334248904235,617.590659478334
2817.5929999999935,624.3342758796618,617.590659478334
2817.9370000000345,624.3674948415538,617.590659478334
2818.2810000000754,624.3565801117066,617.590659478334
2818.625,624.3598442998002,617.590659478334
2818.984000000055,624.3585224558014,617.590659478334
2819.3279999999795,624.3639310584446,617.590659478334
2819.6720000000205,624.3777733047208,617.590659478334
2820.015000000014,624.3837670849149,617.590659478334
2820.375,624.3782083181904,617.590659478334
2820.7029999999795,624.3855768030326,617.590659478334
2821.0620000000345,624.3941438048407,617.590659478334
2821.4370000000345,624.3977155211907,617.590659478334
2821.765000000014,624.3809408504062,617.590659478334
2822.125,624.3917399180642,617.590659478334
2822.484000000055,624.3953693142356,617.590659478334
2822.8279999999795,624.4094762536834,617.590659478334
2823.1870000000345,624.4054719559743,617.590659478334
2823.5310000000754,624.41273125219,617.590659478334
2823.875,624.4193733095916,617.590659478334
2824.2179999999935,624.4249287200424,617.590659478334
2824.5620000000345,624.4099666086506,617.590659478334
2824.9060000000754,624.4195063799071,617.590659478334
2825.25,624.433049892633,617.590659478334
2825.5929999999935,624.4323319565019,617.590659478334
2825.9370000000345,624.4213277561308,617.590659478334
2826.2810000000754,624.4288104831696,617.590659478334
2826.640000000014,624.4380501540926,617.590659478334
2826.984000000055,624.4392054304275,617.590659478334
2827.3120000000345,624.4411088847598,617.590659478334
2827.6720000000205,624.4251661358256,617.590659478334
2828.015000000014,624.4524922769189,617.590659478334
2828.359000000055,624.4352047765152,617.590659478334
2828.7029999999795,624.4387708203628,617.590659478334
2829.0620000000345,624.4468939634153,617.590659478334
2829.4060000000754,624.4448651290194,617.590659478334
2829.75,624.4518195696876,617.590659478334
2830.0929999999935,624.4608510443534,617.590659478334
2830.4370000000345,624.4501230500514,617.590659478334
2830.7810000000754,624.4560495057767,617.590659478334
2831.125,624.4614179345942,617.590659478334
2831.4679999999935,624.4696246783126,617.590659478334
2831.8279999999795,624.4508526179283,617.590659478334
2832.1720000000205,624.4627992756986,617.590659478334
2832.515000000014,624.461195194951,617.590659478334
2832.859000000055,624.4666935784734,617.590659478334
2833.2029999999795,624.4720065270742,617.590659478334
2833.5470000000205,624.4654918846173,617.590659478334
2833.9060000000754,624.4642412670519,617.590659478334
2834.25,624.4622016791469,617.590659478334
2834.5779999999795,624.4635258586926,617.590659478334
2834.9370000000345,624.4760995915791,617.590659478334
2835.2970000000205,624.4674743215853,617.590659478334
2835.640000000014,624.4702656096148,617.590659478334
2836.0,624.4767080416063,617.590659478334
2836.3429999999935,624.4785563310146,617.590659478334
2836.6870000000345,624.4752468120823,617.590659478334
2837.0310000000754,624.4877620431942,617.590659478334
2837.4060000000754,624.479339122089,617.590659478334
2837.75,624.4826274424748,617.590659478334
2838.0929999999935,624.4822247022655,617.590659478334
2838.4370000000345,624.4809346050915,617.590659478334
2838.7810000000754,624.4812355437531,617.590659478334
2839.125,624.4814974366692,617.590659478334
2839.4679999999935,624.4851989909497,617.590659478334
2839.8120000000345,624.4940246429398,617.590659478334
2840.1720000000205,624.4702098184035,617.590659478334
2840.515000000014,624.4906405861533,617.590659478334
2840.859000000055,624.4871020516963,617.590659478334
2841.2029999999795,624.5026383193436,617.590659478334
2841.5470000000205,624.4989078619784,617.590659478334
2841.890000000014,624.4929105561713,617.590659478334
2842.234000000055,624.4957374678402,617.590659478334
2842.5779999999795,624.5035478165903,617.590659478334
2842.9370000000345,624.5004928415188,617.590659478334
2843.2810000000754,624.5057739095203,617.590659478334
2843.640000000014,624.5113468599095,617.590659478334
2843.984000000055,624.5005035949342,617.590659478334
2844.3429999999935,624.5043845435953,617.590659478334
2844.6870000000345,624.5160874560565,617.590659478334
2845.0470000000205,624.5236950327854,617.590659478334
2845.4060000000754,624.5087179682432,617.590659478334
2845.75,624.5137135823028,617.590659478334
2846.109000000055,624.4975897578332,617.590659478334
2846.4529999999795,624.5134146742358,617.590659478334
2846.8120000000345,624.5115929996654,617.590659478334
2847.1720000000205,624.5124942644352,617.590659478334
2847.515000000014,624.5179030835262,617.590659478334
2847.8429999999935,624.5193617131844,617.590659478334
2848.2029999999795,624.4941102531865,617.590659478334
2848.5620000000345,624.5208686350162,617.590659478334
2848.9060000000754,624.5228107938506,617.590659478334
2849.25,624.518184871595,617.590659478334
2849.609000000055,624.5315261621821,617.590659478334
2849.9529999999795,624.5188859850798,617.590659478334
2850.2970000000205,624.5030273176288,617.590659478334
2850.6560000000754,624.525786396158,617.590659478334
2851.0,624.5161194117372,617.590659478334
2851.3429999999935,624.5208424388062,617.590659478334
2851.6870000000345,624.5207246566243,617.590659478334
2852.0310000000754,624.5156060118668,617.590659478334
2852.375,624.5177628067534,617.590659478334
2852.7179999999935,624.5198282763371,617.590659478334
2853.0620000000345,624.5258390254294,617.590659478334
2853.4060000000754,624.5260741987971,617.590659478334
2853.75,624.5326102428863,617.590659478334
2854.109000000055,624.5196490669534,617.590659478334
2854.4529999999795,624.524990505215,617.590659478334
2854.8120000000345,624.5217664584119,617.590659478334
2855.1560000000754,624.5135832912574,617.590659478334
2855.515000000014,624.5227164274135,617.590659478334
2855.859000000055,624.5298574786048,617.590659478334
2856.2029999999795,624.5372657632108,617.590659478334
2856.5470000000205,624.52562803764,617.590659478334
2856.9060000000754,624.5336903158833,617.590659478334
2857.25,624.5407238367609,617.590659478334
2857.5929999999935,624.544481693523,617.590659478334
2857.9529999999795,624.530675062836,617.590659478334
2858.2970000000205,624.5359505221982,617.590659478334
2858.640000000014,624.5360757600514,617.590659478334
2858.984000000055,624.5454524210799,617.590659478334
2859.3279999999795,624.5430475364216,617.590659478334
2859.6720000000205,624.5315581344396,617.590659478334
2860.015000000014,624.5366643228366,617.590659478334
2860.359000000055,624.549799847638,617.590659478334
2860.7179999999935,624.5331595397736,617.590659478334
2861.125,624.5390802537486,617.590659478334
2861.484000000055,624.534998801169,617.590659478334
2861.8279999999795,624.5282528625756,617.590659478334
2862.1720000000205,624.552153103062,617.590659478334
2862.515000000014,624.5332033331001,617.590659478334
2862.859000000055,624.536380928269,617.590659478334
2863.2029999999795,624.5435123683847,617.590659478334
2863.5620000000345,624.5468291821658,617.590659478334
2863.9060000000754,624.5435868263436,617.590659478334
2864.25,624.548807460854,617.590659478334
2864.5929999999935,624.5347419406983,617.590659478334
2864.9370000000345,624.5306702998844,617.590659478334
2865.2810000000754,624.5424477906191,617.590659478334
2865.640000000014,624.5494868408541,617.590659478334
2865.984000000055,624.5576038580487,617.590659478334
2866.3279999999795,624.5450363653886,617.590659478334
2866.6720000000205,624.5445271423204,617.590659478334
2867.015000000014,624.549087629127,617.590659478334
2867.359000000055,624.5529855750981,617.590659478334
2867.7179999999935,624.5581708697148,617.590659478334
2868.0620000000345,624.5470905530956,617.590659478334
2868.4060000000754,624.5616464395117,617.590659478334
2868.75,624.5529525023088,617.590659478334
2869.0929999999935,624.557120642855,617.590659478334
2869.4370000000345,624.5703905493076,617.590659478334
2869.7970000000205,624.5477681793265,617.590659478334
2870.140000000014,624.5553627323201,617.590659478334
2870.4679999999935,624.5598538853044,617.590659478334
2870.8120000000345,624.5524044278286,617.590659478334
2871.1560000000754,624.5469907973018,617.590659478334
2871.5,624.5349798484752,617.590659478334
2871.859000000055,624.5607673125324,617.590659478334
2872.2029999999795,624.55364136778,617.590659478334
2872.5470000000205,624.560297342968,617.590659478334
2872.890000000014,624.5435211933609,617.590659478334
2873.265000000014,624.557690495444,617.590659478334
2873.609000000055,624.5548751467537,617.590659478334
2873.9529999999795,624.5570864103271,617.590659478334
2874.2970000000205,624.5631435168874,617.590659478334
2874.6560000000754,624.5646812451992,617.590659478334
2875.0,624.5567273824441,617.590659478334
2875.3429999999935,624.5516468054421,617.590659478334
2875.6870000000345,624.5786920005323,617.590659478334
2876.0310000000754,624.5857915166969,617.590659478334
2876.375,624.605974336467,617.590659478334
2876.7179999999935,624.5999072148221,617.590659478334
2877.0620000000345,624.5953595487323,617.590659478334
2877.4220000000205,624.5990664345567,617.590659478334
2877.765000000014,624.606575129556,617.590659478334
2878.125,624.5987158744261,617.590659478334
2878.4679999999935,624.607738453489,617.590659478334
2878.8120000000345,624.5804316674822,617.590659478334
2879.1560000000754,624.575041019999,617.590659478334
2879.5,624.5745152184052,617.590659478334
2879.8429999999935,624.5746336329514,617.590659478334
2880.2029999999795,624.5678676905654,617.590659478334
2880.5470000000205,624.5480247941354,617.590659478334
2880.890000000014,624.5549337226863,617.590659478334
2881.234000000055,624.5640392780879,617.590659478334
2881.609000000055,624.5644324498223,617.590659478334
2881.9529999999795,624.5554949664902,617.590659478334
2882.3120000000345,624.5418569108163,617.590659478334
2882.6720000000205,624.5623140084604,617.590659478334
2883.015000000014,624.5590235641989,617.590659478334
2883.359000000055,624.5529784333594,617.590659478334
2883.7179999999935,624.5482384342761,617.590659478334
2884.0620000000345,624.5455253783075,617.590659478334
2884.4220000000205,624.5342611928265,617.590659478334
2884.765000000014,624.553097696848,617.590659478334
2885.265000000014,624.544440428931,617.590659478334
2885.625,624.550104989734,617.590659478334
2885.9679999999935,624.5545556692629,617.590659478334
2886.3120000000345,624.5395603712633,617.590659478334
2886.6560000000754,624.5460721794408,617.590659478334
2887.0,624.5331903604595,617.590659478334
2887.3429999999935,624.5376861641746,617.590659478334
2887.6870000000345,624.5347299687947,617.590659478334
2888.0470000000205,624.5537231503981,617.590659478334
2888.390000000014,624.5364382200935,617.590659478334
2888.734000000055,624.5384139014506,617.590659478334
2889.0779999999795,624.5571075111114,617.590659478334
2889.4220000000205,624.5251612905338,617.590659478334
2889.765000000014,624.5437248753374,617.590659478334
2890.109000000055,624.5386173877495,617.590659478334
2890.4529999999795,624.5347610053548,617.590659478334
2890.7970000000205,624.5325755969031,617.590659478334
2891.140000000014,624.5439548682418,617.590659478334
2891.484000000055,624.5486507547155,617.590659478334
2891.8279999999795,624.5466959226455,617.590659478334
2892.1720000000205,624.5311529733475,617.590659478334
2892.515000000014,624.5397908344501,617.590659478334
2892.859000000055,624.534276665294,617.590659478334
2893.2029999999795,624.538105083088,617.590659478334
2893.5620000000345,624.5434827881804,617.590659478334
2893.9060000000754,624.534604960496,617.590659478334
2894.25,624.531901283466,617.590659478334
2894.5929999999935,624.5321909121104,617.590659478334
2894.9529999999795,624.5206001103804,617.590659478334
2895.3120000000345,624.5342291420869,617.590659478334
2895.6560000000754,624.542184303391,617.590659478334
2896.0,624.5310331875484,617.590659478334
2896.359000000055,624.5260843888483,617.590659478334
2896.6870000000345,624.5315746275188,617.590659478334
2897.0310000000754,624.5214765779342,617.590659478334
2897.375,624.5468375316908,617.590659478334
2897.734000000055,624.5262400565514,617.590659478334
2898.0779999999795,624.5330249672774,617.590659478334
2898.4220000000205,624.5335529371033,617.590659478334
2898.765000000014,624.5244688013388,617.590659478334
2899.109000000055,624.5214982568754,617.590659478334
2899.4679999999935,624.5241954425035,617.590659478334
2899.7970000000205,624.5279376436634,617.590659478334
2900.1560000000754,624.5226611076457,617.590659478334
2900.5,624.5371524818704,617.590659478334
2900.8429999999935,624.5433802729599,617.590659478334
2901.2029999999795,624.5242873857135,617.590659478334
2901.5310000000754,624.540684388102,617.590659478334
2901.875,624.5293781573068,617.590659478334
2902.2179999999935,624.5331207910534,617.590659478334
2902.5779999999795,624.5235310776909,617.590659478334
2902.9220000000205,624.5302365057278,617.590659478334
2903.265000000014,624.5235675527031,617.590659478334
2903.5929999999935,624.5143195203468,617.590659478334
2903.9679999999935,624.5230123655102,617.590659478334
2904.3120000000345,624.5188388295868,617.590659478334
2904.6720000000205,624.5295389691436,617.590659478334
2905.015000000014,624.5240528171901,617.590659478334
2905.359000000055,624.5239080439407,617.590659478334
2905.7179999999935,624.5150393849939,617.590659478334
2906.0620000000345,624.5305992769653,617.590659478334
2906.4220000000205,624.5155081528428,617.590659478334
2906.765000000014,624.5195365119557,617.590659478334
2907.125,624.5176501508078,617.590659478334
2907.4679999999935,624.5227612603743,617.590659478334
2907.8120000000345,624.5178950032787,617.590659478334
2908.1560000000754,624.5222724767331,617.590659478334
2908.515000000014,624.5344086205812,617.590659478334
2908.8429999999935,624.519077922568,617.590659478334
2909.25,624.5280590236403,617.590659478334
2909.5929999999935,624.5127641391815,617.590659478334
2909.9529999999795,624.5184308145688,617.590659478334
2910.2970000000205,624.5367825129509,617.590659478334
2910.640000000014,624.532286648612,617.590659478334
2910.984000000055,624.5277178036201,617.590659478334
2911.3279999999795,624.531638662582,617.590659478334
2911.6720000000205,624.513575486821,617.590659478334
2912.0310000000754,624.527458359271,617.590659478334
2912.359000000055,624.5201261382192,617.590659478334
2912.7029999999795,624.5311049237935,617.590659478334
2913.0620000000345,624.5277931806281,617.590659478334
2913.4060000000754,624.5075403866957,617.590659478334
2913.75,624.520724740266,617.590659478334
2914.0929999999935,624.5116978727821,617.590659478334
2914.4370000000345,624.5185002838078,617.590659478334
2914.7970000000205,624.5327141700267,617.590659478334
2915.140000000014,624.534492795644,617.590659478334
2915.484000000055,624.5226633567131,617.590659478334
2915.8429999999935,624.5152805163143,617.590659478334
2916.2029999999795,624.5258210762549,617.590659478334
2916.5470000000205,624.5084631726119,617.590659478334
2916.890000000014,624.5198855541951,617.590659478334
2917.25,624.5188480190818,617.590659478334
2917.5929999999935,624.5188510029395,617.590659478334
2917.9370000000345,624.5156676818192,617.590659478334
2918.2970000000205,624.5097720907793,617.590659478334
2918.6560000000754,624.5158010240386,617.590659478334
2919.0,624.5138935484863,617.590659478334
2919.359000000055,624.5102219024257,617.590659478334
2919.7029999999795,624.5149454417468,617.590659478334
2920.0470000000205,624.5177913266698,617.590659478334
2920.4060000000754,624.5200730774645,617.590659478334
2920.765000000014,624.5112934419117,617.590659478334
2921.265000000014,624.5273805566861,617.590659478334
2921.609000000055,624.5094876921206,617.590659478334
2921.9529999999795,624.5059933638308,617.590659478334
2922.2810000000754,624.5184985500805,617.590659478334
2922.625,624.5277609446409,617.590659478334
2922.9679999999935,624.5242690416893,617.590659478334
2923.3120000000345,624.5139778197291,617.590659478334
2923.6560000000754,624.5246588754296,617.590659478334
2924.0,624.5001276049055,617.590659478334
2924.3429999999935,624.509745890889,617.590659478334
2924.7029999999795,624.511161735128,617.590659478334
2925.0470000000205,624.5130822118249,617.590659478334
2925.390000000014,624.5028475997631,617.590659478334
2925.734000000055,624.517479406664,617.590659478334
2926.0929999999935,624.5102672281394,617.590659478334
2926.4220000000205,624.5165898430212,617.590659478334
2926.7810000000754,624.5185829499703,617.590659478334
2927.125,624.5140234356041,617.590659478334
2927.4679999999935,624.5107530407037,617.590659478334
2927.7970000000205,624.5083255093913,617.590659478334
2928.1560000000754,624.5113440827265,617.590659478334
2928.5,624.5192605074834,617.590659478334
2928.8429999999935,624.5094850941317,617.590659478334
2929.1870000000345,624.5098549607126,617.590659478334
2929.5310000000754,624.5197708257643,617.590659478334
2929.890000000014,624.5029891368728,617.590659478334
2930.234000000055,624.5101192066543,617.590659478334
2930.5779999999795,624.5067981725089,617.590659478334
2930.9220000000205,624.5144870096457,617.590659478334
2931.2810000000754,624.50522541965,617.590659478334
2931.625,624.5176613236698,617.590659478334
2931.9529999999795,624.5174568564452,617.590659478334
2932.3120000000345,624.5097361401117,617.590659478334
2932.6720000000205,624.5114385662496,617.590659478334
2933.015000000014,624.5140992156291,617.590659478334
2933.359000000055,624.5302848100662,617.590659478334
2933.7029999999795,624.5124206111171,617.590659478334
2934.0470000000205,624.5043232970143,617.590659478334
2934.4060000000754,624.5115125965099,617.590659478334
2934.75,624.5170411510749,617.590659478334
2935.0929999999935,624.5144544306931,617.590659478334
2935.4529999999795,624.5182443446398,617.590659478334
2935.7970000000205,624.5262114583243,617.590659478334
2936.140000000014,624.5170952124474,617.590659478334
2936.484000000055,624.5160327173351,617.590659478334
2936.8279999999795,624.5099745893656,617.590659478334
2937.1870000000345,624.504274995729,617.590659478334
2937.5310000000754,624.5207894941834,617.590659478334
2937.875,624.5154508342157,617.590659478334
2938.2179999999935,624.5271220901741,617.590659478334
2938.5620000000345,624.420272416928,617.590659478334
2938.9060000000754,624.0775669965307,617.590659478334
2939.25,623.9530938022275,617.590659478334
2939.609000000055,623.8955800347287,617.590659478334
2939.9679999999935,623.8646172791664,617.590659478334
2940.3120000000345,623.8566178069675,617.590659478334
2940.6720000000205,623.8375978795191,617.590659478334
2941.015000000014,623.8328562176722,617.590659478334
2941.375,623.8304577771062,617.590659478334
2941.7179999999935,623.8332352528977,617.590659478334
2942.0779999999795,623.8228478878909,617.590659478334
2942.4220000000205,623.8219562914192,617.590659478334
2942.7810000000754,623.8234060095501,617.590659478334
2943.125,623.8095400455453,617.590659478334
2943.4529999999795,623.8011805189159,617.590659478334
2943.8120000000345,623.8021526842138,617.590659478334
2944.1560000000754,623.8040969042578,617.590659478334
2944.515000000014,623.8029466364546,617.590659478334
2944.859000000055,623.8069528552174,617.590659478334
2945.265000000014,623.8055519057627,617.590659478334
2945.609000000055,623.7964333928248,617.590659478334
2945.9529999999795,623.7971960676077,617.590659478334
2946.2970000000205,623.8013541255234,617.590659478334
2946.6560000000754,623.7952775115792,617.590659478334
2947.0,623.7897000767736,617.590659478334
2947.3429999999935,623.7895350728695,617.590659478334
2947.6870000000345,623.7959981423406,617.590659478334
2948.0310000000754,623.7924547124363,617.590659478334
2948.375,623.787955438941,617.590659478334
2948.734000000055,623.7983406653718,617.590659478334
2949.0779999999795,623.7874422058098,617.590659478334
2949.4220000000205,623.7892894254039,617.590659478334
2949.765000000014,623.7907405560079,617.590659478334
2950.109000000055,623.7743849472722,617.590659478334
2950.4529999999795,623.7860015649076,617.590659478334
2950.8120000000345,623.8068715096371,617.590659478334
2951.1560000000754,623.843832387023,617.590659478334
2951.5,623.9362628707025,617.590659478334
2951.8429999999935,623.9370879419042,617.590659478334
2952.2029999999795,623.9331453676286,617.590659478334
2952.5470000000205,623.915470013672,617.590659478334
2952.890000000014,623.9211595656288,617.590659478334
2953.234000000055,623.9155349867904,617.590659478334
2953.5929999999935,623.9143645082843,617.590659478334
2953.9370000000345,623.9117478356214,617.590659478334
2954.2810000000754,623.9073515213659,617.590659478334
2954.625,623.9040597538013,617.590659478334
2955.0,623.9135796719252,617.590659478334
2955.3429999999935,623.89959881012,617.590659478334
2955.6870000000345,623.9113459864755,617.590659478334
2956.0310000000754,623.9082936935175,617.590659478334
2956.390000000014,623.8938705355243,617.590659478334
2956.734000000055,623.9049853191843,617.590659478334
2957.140000000014,623.9132237442232,617.590659478334
2957.5,623.8882611384206,617.590659478334
2957.8429999999935,623.9230797709125,617.590659478334
2958.1870000000345,623.9380838238131,617.590659478334
2958.5310000000754,623.9616069680458,617.590659478334
2958.890000000014,623.9480305015518,617.590659478334
2959.234000000055,623.9300097303935,617.590659478334
2959.5779999999795,623.928714516878,617.590659478334
2959.9370000000345,623.9221139157019,617.590659478334
2960.2810000000754,623.9172055210435,617.590659478334
2960.625,623.9171613137967,617.590659478334
2960.9679999999935,623.906280650309,617.590659478334
2961.3279999999795,623.91624224849,617.590659478334
2961.6720000000205,623.9167670268663,617.590659478334
2962.0,623.9121793650921,617.590659478334
2962.359000000055,623.9245418270237,617.590659478334
2962.7029999999795,623.9242169852619,617.590659478334
2963.0470000000205,623.9101999692576,617.590659478334
2963.4060000000754,623.9137751602085,617.590659478334
2963.75,623.9216209319129,617.590659478334
2964.0929999999935,623.9318676908298,617.590659478334
2964.4529999999795,623.907125231021,617.590659478334
2964.7970000000205,623.9282572960911,617.590659478334
2965.140000000014,623.9140026722329,617.590659478334
2965.484000000055,623.9074966584872,617.590659478334
2965.8429999999935,623.9105113450387,617.590659478334
2966.1870000000345,623.924278458974,617.590659478334
2966.5310000000754,623.9246776331153,617.590659478334
2966.875,623.9304401737929,617.590659478334
2967.234000000055,623.916666456584,617.590659478334
2967.5620000000345,623.906960566122,617.590659478334
2967.9220000000205,623.9073694481174,617.590659478334
2968.265000000014,623.9105071595162,617.590659478334
2968.625,623.9090031236492,617.590659478334
2968.9679999999935,623.9118363005501,617.590659478334
2969.2970000000205,623.9116252773574,617.590659478334
2969.6560000000754,623.9250092473166,617.590659478334
2970.015000000014,623.9052514479796,617.590659478334
2970.359000000055,623.9059595400099,617.590659478334
2970.7179999999935,623.917303277505,617.590659478334
2971.0620000000345,623.8971777445537,617.590659478334
2971.4060000000754,623.9064109357718,617.590659478334
2971.765000000014,623.9159593155192,617.590659478334
2972.109000000055,623.908831115902,617.590659478334
2972.4529999999795,623.9089574424129,617.590659478334
2972.7970000000205,623.9138925646622,617.590659478334
2973.140000000014,623.910201255906,617.590659478334
2973.484000000055,623.8997391690167,617.590659478334
2973.8279999999795,623.9067829875399,617.590659478334
2974.1870000000345,623.9075798922822,617.590659478334
2974.5310000000754,623.9144811495108,617.590659478334
2974.875,623.9283224272684,617.590659478334
2975.234000000055,623.9036169627885,617.590659478334
2975.5929999999935,623.9134944664196,617.590659478334
2975.9370000000345,623.9168815938342,617.590659478334
2976.2970000000205,623.9104139372146,617.590659478334
2976.640000000014,623.9073100498177,617.590659478334
2977.0,623.9205823410432,617.590659478334
2977.3429999999935,623.9087566615345,617.590659478334
2977.7029999999795,623.9078729498764,617.590659478334
2978.0620000000345,623.9126084975065,617.590659478334
2978.4220000000205,623.9107332565651,617.590659478334
2978.7810000000754,623.9095504017116,617.590659478334
2979.125,623.9063625973068,617.590659478334
2979.484000000055,623.9116516104831,617.590659478334
2979.8279999999795,623.9159947497415,617.590659478334
2980.1870000000345,623.9114522416634,617.590659478334
2980.5470000000205,623.9146763025977,617.590659478334
2980.890000000014,623.915522905213,617.590659478334
2981.25,623.9099021948771,617.590659478334
2981.5929999999935,623.9252442619373,617.590659478334
2981.9529999999795,623.913733295943,617.590659478334
2982.2970000000205,623.9226270296215,617.590659478334
2982.640000000014,623.8971219427541,617.590659478334
2982.984000000055,623.9202238459345,617.590659478334
2983.3279999999795,623.9227693244765,617.590659478334
2983.6870000000345,623.9046345293513,617.590659478334
2984.0310000000754,623.9059543122231,617.590659478334
2984.375,623.8955045387634,617.590659478334
2984.7179999999935,623.923948009203,617.590659478334
2985.0620000000345,623.9078441478317,617.590659478334
2985.4529999999795,623.914957108046,617.590659478334
2985.7970000000205,623.9253107414079,617.590659478334
2986.140000000014,623.9017256303058,617.590659478334
2986.5,623.9140151131248,617.590659478334
2986.8429999999935,623.8959977544503,617.590659478334
2987.1870000000345,623.9150923215834,617.590659478334
2987.5310000000754,623.8951895305186,617.590659478334
2987.875,623.9030753884208,617.590659478334
2988.2179999999935,623.906258631966,617.590659478334
2988.5620000000345,623.9145179273775,617.590659478334
2988.9220000000205,623.9199018275878,617.590659478334
2989.265000000014,623.9148193654046,617.590659478334
2989.609000000055,623.906999751853,617.590659478334
2989.9529999999795,623.9119784848934,617.590659478334
2990.3120000000345,623.9052017323299,617.590659478334
2990.6560000000754,623.9184465258425,617.590659478334
2991.0,623.914537694217,617.590659478334
2991.3429999999935,623.9021480212879,617.590659478334
2991.7029999999795,623.9162725814366,617.590659478334
2992.0470000000205,623.9128882953328,617.590659478334
2992.390000000014,623.9121518248144,617.590659478334
2992.75,623.9102608127275,617.590659478334
2993.265000000014,623.9119984013073,617.590659478334
2993.609000000055,623.899125672806,617.590659478334
2993.9679999999935,623.9178543341849,617.590659478334
2994.2970000000205,623.8964974172911,617.590659478334
2994.6560000000754,623.9027422246644,617.590659478334
2995.0,623.9100938552828,617.590659478334
2995.359000000055,623.9103269681949,617.590659478334
2995.6870000000345,623.9148833212477,617.590659478334
2996.0310000000754,623.9034618694851,617.590659478334
2996.390000000014,623.9187217685765,617.590659478334
2996.734000000055,623.904449804819,617.590659478334
2997.0779999999795,623.9011772429989,617.590659478334
2997.4220000000205,623.9200498957777,617.590659478334
2997.765000000014,623.8917015912238,617.590659478334
2998.125,623.9149410485913,617.590659478334
2998.4529999999795,623.9058686852096,617.590659478334
2998.8120000000345,623.8956740261422,617.590659478334
2999.1560000000754,623.9255010947508,617.590659478334
2999.515000000014,623.9249886695691,617.590659478334
2999.859000000055,623.8978010916175,617.590659478334
3000.2029999999795,623.9094225238812,617.590659478334
3000.5620000000345,623.9061156373338,617.590659478334
3000.9060000000754,623.9215708676807,617.590659478334
3001.265000000014,623.9057726075218,617.590659478334
3001.609000000055,623.910862319439,617.590659478334
3001.9679999999935,623.8981366194555,617.590659478334
3002.3120000000345,623.9164501681249,617.590659478334
3002.6720000000205,623.911833042435,617.590659478334
3003.015000000014,623.9111702384974,617.590659478334
3003.375,623.9101410999203,617.590659478334
3003.734000000055,623.9115434740195,617.590659478334
3004.0779999999795,623.9210469643019,617.590659478334
3004.4370000000345,623.9006040623437,617.590659478334
3004.7970000000205,623.911065171436,617.590659478334
3005.25,623.9016312778404,617.590659478334
3005.625,623.9143271020059,617.590659478334
3005.9679999999935,623.9232696126827,617.590659478334
3006.3120000000345,623.8977686314042,617.590659478334
3006.6720000000205,623.9135845588485,617.590659478334
3007.015000000014,623.919684891197,617.590659478334
3007.359000000055,623.8915823674723,617.590659478334
3007.7029999999795,623.9127292790322,617.590659478334
3008.0470000000205,623.9118809180543,617.590659478334
3008.4060000000754,623.9179170956729,617.590659478334
3008.75,623.8960149363413,617.590659478334
3009.0929999999935,623.901626729164,617.590659478334
3009.4370000000345,623.9189532878166,617.590659478334
3009.7810000000754,623.9026079440745,617.590659478334
3010.125,623.905520652393,617.590659478334
3010.4679999999935,623.9090872494079,617.590659478334
3010.8279999999795,623.9000544327403,617.590659478334
3011.1720000000205,623.900794990337,617.590659478334
3011.515000000014,623.8959351171912,617.590659478334
3011.859000000055,623.9004373263269,617.590659478334
3012.2179999999935,623.9203536532888,617.590659478334
3012.5620000000345,623.917087969111,617.590659478334
3012.9060000000754,623.9124241587821,617.590659478334
3013.265000000014,623.909063931195,617.590659478334
3013.609000000055,623.9188619082335,617.590659478334
3013.9529999999795,623.917133464338,617.590659478334
3014.2810000000754,623.9136112787285,617.590659478334
3014.640000000014,623.8991898817798,617.590659478334
3014.984000000055,623.9116670802241,617.590659478334
3015.3429999999935,623.9000558177729,617.590659478334
3015.6870000000345,623.9171211901067,617.590659478334
3016.0310000000754,623.9237289198577,617.590659478334
3016.375,623.9082378282104,617.590659478334
3016.734000000055,623.9117684980787,617.590659478334
3017.1870000000345,623.910297479877,617.590659478334
3017.5470000000205,623.9098663624841,617.590659478334
3017.890000000014,623.9139400781471,617.590659478334
3018.234000000055,623.9307938947155,617.590659478334
3018.5779999999795,623.9136634003904,617.590659478334
3018.9370000000345,623.9109784186833,617.590659478334
3019.2810000000754,623.9029904637237,617.590659478334
3019.625,623.9195740176693,617.590659478334
3019.984000000055,623.9214373364662,617.590659478334
3020.3279999999795,623.9076919767542,617.590659478334
3020.6720000000205,623.909277452833,617.590659478334
3021.015000000014,623.896282850653,617.590659478334
3021.359000000055,623.8996258308882,617.590659478334
3021.7029999999795,623.8919782385091,617.590659478334
3022.0620000000345,623.9048170360398,617.590659478334
3022.4060000000754,623.9103782186105,617.590659478334
3022.75,623.9092868879775,617.590659478334
3023.109000000055,623.9071888495895,617.590659478334
3023.4529999999795,623.9231413777899,617.590659478334
3023.7970000000205,623.8951832689899,617.590659478334
3024.140000000014,623.9030157991888,617.590659478334
3024.5,623.9043763881951,617.590659478334
3024.8429999999935,623.906806333942,617.590659478334
3025.1720000000205,623.9074541043992,617.590659478334
3025.515000000014,623.9081141860727,617.590659478334
3025.859000000055,623.9017732671173,617.590659478334
3026.1870000000345,623.9115355766556,617.590659478334
3026.5310000000754,623.9090031770796,617.590659478334
3026.890000000014,623.9031456830002,617.590659478334
3027.234000000055,623.8987253703369,617.590659478334
3027.5779999999795,623.9082114393686,617.590659478334
3027.9220000000205,623.9067237981462,617.590659478334
3028.265000000014,623.9144162962527,617.590659478334
3028.609000000055,623.9004598593394,617.590659478334
3028.9529999999795,623.9095598858304,617.590659478334
3029.3120000000345,623.9176333699739,617.590659478334
3029.6560000000754,623.9086138848681,617.590659478334
3030.0,623.9094899441657,617.590659478334
3030.359000000055,623.9040778759348,617.590659478334
3030.6870000000345,623.9117917152437,617.590659478334
3031.0470000000205,623.9036197041435,617.590659478334
3031.390000000014,623.9195386722621,617.590659478334
3031.734000000055,623.9036293557218,617.590659478334
3032.0779999999795,623.9137017054751,617.590659478334
3032.4370000000345,623.9060707691822,617.590659478334
3032.7970000000205,623.9029851244213,617.590659478334
3033.140000000014,623.8953822354806,617.590659478334
3033.484000000055,623.9097847593131,617.590659478334
3033.8279999999795,623.9074593089852,617.590659478334
3034.1870000000345,623.9114746686354,617.590659478334
3034.515000000014,623.9102620194165,617.590659478334
3034.875,623.9125903174646,617.590659478334
3035.2179999999935,623.9054488029362,617.590659478334
3035.5620000000345,623.9042081167855,617.590659478334
3035.9220000000205,623.8979016323392,617.590659478334
3036.265000000014,623.8986186513913,617.590659478334
3036.609000000055,623.9101203481739,617.590659478334
3036.9679999999935,623.8984102293209,617.590659478334
3037.3120000000345,623.8907261334085,617.590659478334
3037.6560000000754,623.9173570848943,617.590659478334
3038.015000000014,623.9075328679027,617.590659478334
3038.359000000055,623.9101576493097,617.590659478334
3038.7029999999795,623.9085066952335,617.590659478334
3039.0470000000205,623.9214492179118,617.590659478334
3039.4060000000754,623.9107392527642,617.590659478334
3039.75,623.9096231349204,617.590659478334
3040.109000000055,623.8954540931073,617.590659478334
3040.4679999999935,623.9009681440277,617.590659478334
3040.8279999999795,623.9047391051256,617.590659478334
3041.265000000014,623.8991668539271,617.590659478334
3041.609000000055,623.9033308805524,617.590659478334
3041.9679999999935,623.9006503878018,617.590659478334
3042.3120000000345,623.901295200047,617.590659478334
3042.6560000000754,623.9067557849113,617.590659478334
3043.015000000014,623.9170181841658,617.590659478334
3043.3429999999935,623.9061628712062,617.590659478334
3043.7029999999795,623.9046291945099,617.590659478334
3044.0470000000205,623.8931122087739,617.590659478334
3044.4060000000754,623.9092740075794,617.590659478334
3044.75,623.9001770463142,617.590659478334
3045.0929999999935,623.9171516213491,617.590659478334
3045.4370000000345,623.9009735281087,617.590659478334
3045.7810000000754,623.9170541475897,617.590659478334
3046.125,623.9093816863802,617.590659478334
3046.484000000055,623.9138619353242,617.590659478334
3046.8279999999795,623.9121856565046,617.590659478334
3047.1720000000205,623.9106139388056,617.590659478334
3047.515000000014,623.8990267794788,617.590659478334
3047.875,623.9026595862489,617.590659478334
3048.2179999999935,623.9191228636387,617.590659478334
3048.5620000000345,623.8928387254889,617.590659478334
3048.9060000000754,623.9098087091123,617.590659478334
3049.265000000014,623.9031419276886,617.590659478334
3049.609000000055,623.9044761399073,617.590659478334
3049.9529999999795,623.9075841571066,617.590659478334
3050.2970000000205,623.9151320913534,617.590659478334
3050.640000000014,623.9054377750338,617.590659478334
3050.984000000055,623.8984167551176,617.590659478334
3051.3279999999795,623.9240489232089,617.590659478334
3051.6870000000345,623.9078912893907,617.590659478334
3052.015000000014,623.905552694558,617.590659478334
3052.375,623.9004387650439,617.590659478334
3052.7179999999935,623.9019195460155,617.590659478334
3053.0470000000205,623.9217185698851,617.590659478334
3053.390000000014,623.8885194914375,617.590659478334
3053.75,623.9067618799656,617.590659478334
3054.0929999999935,623.8985652968696,617.590659478334
3054.4370000000345,623.8991400512991,617.590659478334
3054.7810000000754,623.9123909236155,617.590659478334
3055.125,623.9040704749247,617.590659478334
3055.4679999999935,623.9102670584147,617.590659478334
3055.8279999999795,623.9103417615446,617.590659478334
3056.1720000000205,623.912107127889,617.590659478334
3056.515000000014,623.9490550073705,617.590659478334
3056.859000000055,624.0628476094477,617.590659478334
3057.2029999999795,624.1885591649403,617.590659478334
3057.5620000000345,624.2577806791106,617.590659478334
3057.9060000000754,624.3058008378978,617.590659478334
3058.234000000055,624.3519396655247,617.590659478334
3058.5779999999795,624.3789535141121,617.590659478334
3058.9060000000754,624.4004137257895,617.590659478334
3059.25,624.4134833577028,617.590659478334
3059.5929999999935,624.4305988111544,617.590659478334
3059.9370000000345,624.452899397591,617.590659478334
3060.2810000000754,624.4555315568809,617.590659478334
3060.625,624.4628717865808,617.590659478334
3060.9529999999795,624.4794394692792,617.590659478334
3061.2970000000205,624.4840340808172,617.590659478334
3061.640000000014,624.503695150708,617.590659478334
3061.984000000055,624.5005511761965,617.590659478334
3062.3279999999795,624.5096228703924,617.590659478334
3062.6870000000345,624.5144932089029,617.590659478334
3063.015000000014,624.5238460648965,617.590659478334
3063.359000000055,624.53133111423,617.590659478334
3063.7179999999935,624.5311233621314,617.590659478334
3064.0620000000345,624.5455912532691,617.590659478334
3064.4060000000754,624.5445954698539,617.590659478334
3064.75,624.5424224457024,617.590659478334
3065.265000000014,624.5557630201821,617.590659478334
3065.625,624.5630615871697,617.590659478334
3065.9529999999795,624.5658258260512,617.590659478334
3066.2970000000205,624.5708416865223,617.590659478334
3066.6560000000754,624.5657418413139,617.590659478334
3066.984000000055,624.5738905504425,617.590659478334
3067.3279999999795,624.5887007935671,617.590659478334
3067.6870000000345,624.5850360663434,617.590659478334
3068.015000000014,624.5782611813244,617.590659478334
3068.359000000055,624.615036393314,617.590659478334
3068.7029999999795,624.6167835094016,617.590659478334
3069.0470000000205,624.6215861527969,617.590659478334
3069.390000000014,624.6218964587505,617.590659478334
3069.734000000055,624.6261822418708,617.590659478334
3070.0779999999795,624.6052807799439,617.590659478334
3070.4220000000205,624.5954726517901,617.590659478334
3070.765000000014,624.6101018101122,617.590659478334
3071.109000000055,624.5898056128376,617.590659478334
3071.4529999999795,624.5830835110124,617.590659478334
3071.7970000000205,624.5705209979003,617.590659478334
3072.140000000014,624.5692330809271,617.590659478334
3072.484000000055,624.575189409765,617.590659478334
3072.8429999999935,624.5612209120438,617.590659478334
3073.1870000000345,624.5604184080315,617.590659478334
3073.5310000000754,624.5613893966064,617.590659478334
3073.875,624.5669253028361,617.590659478334
3074.2179999999935,624.5630085290442,617.590659478334
3074.5779999999795,624.5683372027727,617.590659478334
3074.9220000000205,624.5475113231972,617.590659478334
3075.265000000014,624.5460788476969,617.590659478334
3075.609000000055,624.5411476387542,617.590659478334
3075.9529999999795,624.5522728486636,617.590659478334
3076.2970000000205,624.5399263611398,617.590659478334
3076.6560000000754,624.5356631748257,617.590659478334
3077.0,624.5490609964661,617.590659478334
3077.3279999999795,624.5502606588436,617.590659478334
3077.6870000000345,624.5401602323707,617.590659478334
3078.0470000000205,624.5362887622874,617.590659478334
3078.390000000014,624.5242154338723,617.590659478334
3078.734000000055,624.5406415856219,617.590659478334
3079.0779999999795,624.5399568625667,617.590659478334
3079.4220000000205,624.551250991543,617.590659478334
3079.765000000014,624.5373380910655,617.590659478334
3080.109000000055,624.5421912250449,617.590659478334
3080.4529999999795,624.5356414662049,617.590659478334
3080.7970000000205,624.5355497228452,617.590659478334
3081.140000000014,624.5241910558801,617.590659478334
3081.484000000055,624.5372205647697,617.590659478334
3081.8429999999935,624.5271815931883,617.590659478334
3082.1720000000205,624.554843980657,617.590659478334
3082.5310000000754,624.3807581796713,617.590659478334
3082.859000000055,624.0366375669627,617.590659478334
3083.2179999999935,623.9339482891103,617.590659478334
3083.5929999999935,623.898734633809,617.590659478334
3083.9370000000345,623.8719267089278,617.590659478334
3084.2810000000754,623.8576607732125,617.590659478334
3084.640000000014,623.8360939589343,617.590659478334
3084.984000000055,623.8343251822938,617.590659478334
3085.3429999999935,623.8250527397145,617.590659478334
3085.6870000000345,623.8248289284483,617.590659478334
3086.0470000000205,623.8266797724921,617.590659478334
3086.390000000014,623.8126670922343,617.590659478334
3086.734000000055,623.8099936289489,617.590659478334
3087.0779999999795,623.8190727483569,617.590659478334
3087.4220000000205,623.8134037574462,617.590659478334
3087.765000000014,623.8187978855376,617.590659478334
3088.109000000055,623.8096390142408,617.590659478334
3088.4529999999795,623.8164478950781,617.590659478334
3088.8120000000345,623.8062109975879,617.590659478334
3089.25,623.8091426711048,617.590659478334
3089.5929999999935,623.7990283112198,617.590659478334
3089.9370000000345,623.8083251794316,617.590659478334
3090.2810000000754,623.8058792035004,617.590659478334
3090.625,623.8055055579275,617.590659478334
3090.984000000055,623.8050910171364,617.590659478334
3091.3279999999795,623.7932429303564,617.590659478334
3091.6720000000205,623.7943161644519,617.590659478334
3092.015000000014,623.7928702623085,617.590659478334
3092.359000000055,623.7920189644582,617.590659478334
3092.7179999999935,623.7786541898446,617.590659478334
3093.0620000000345,623.7968846486883,617.590659478334
3093.4060000000754,623.7876860781016,617.590659478334
3093.75,623.8029301331458,617.590659478334
3094.109000000055,623.7907782004415,617.590659478334
3094.4529999999795,623.8155040276192,617.590659478334
3094.8120000000345,623.8264696563349,617.590659478334
3095.1560000000754,623.9254965154981,617.590659478334
3095.515000000014,623.9477755531806,617.590659478334
3095.859000000055,623.9438581449024,617.590659478334
3096.2179999999935,623.9340821685115,617.590659478334
3096.5779999999795,623.9234241054625,617.590659478334
3096.9220000000205,623.9147397754665,617.590659478334
3097.265000000014,623.9136189943281,617.590659478334
3097.625,623.9225027384808,617.590659478334
3097.9679999999935,623.9221207448818,617.590659478334
3098.3279999999795,623.9106601252324,617.590659478334
3098.6870000000345,623.906008120701,617.590659478334
3099.0310000000754,623.9131150475897,617.590659478334
3099.390000000014,623.9141386305524,617.590659478334
3099.75,623.9038072519351,617.590659478334
3100.0929999999935,623.9037450465116,617.590659478334
3100.4529999999795,623.9159658329289,617.590659478334
3100.7970000000205,623.9106883870944,617.590659478334
3101.25,623.9202184213985,617.590659478334
3101.609000000055,623.9108735120332,617.590659478334
3101.9370000000345,623.9292623437975,617.590659478334
3102.2970000000205,623.9095279997784,617.590659478334
3102.640000000014,623.9162999609135,617.590659478334
3102.984000000055,623.9085328058927,617.590659478334
3103.3279999999795,623.9081533741609,617.590659478334
3103.6870000000345,623.9046794293931,617.590659478334
3104.0310000000754,623.9082999212335,617.590659478334
3104.375,623.9079488268242,617.590659478334
3104.7029999999795,623.9067013401775,617.590659478334
3105.0620000000345,623.9265490867062,617.590659478334
3105.4060000000754,623.9180277450414,617.590659478334
3105.75,623.9144773724831,617.590659478334
3106.0929999999935,623.9307627820535,617.590659478334
3106.4370000000345,623.9206909880238,617.590659478334
3106.7970000000205,623.8889818179061,617.590659478334
3107.140000000014,623.894748619434,617.590659478334
3107.484000000055,623.8432818650643,617.590659478334
3107.8279999999795,623.826644896905,617.590659478334
3108.1720000000205,623.8394637863132,617.590659478334
3108.515000000014,623.8475395097249,617.590659478334
3108.859000000055,623.8381689425248,617.590659478334
3109.2179999999935,623.8253383979636,617.590659478334
3109.5620000000345,623.8079516511102,617.590659478334
3109.9060000000754,623.8125511790107,617.590659478334
3110.265000000014,623.8091560003014,617.590659478334
3110.5929999999935,623.8048464604266,617.590659478334
3110.9529999999795,623.7998087133884,617.590659478334
3111.2970000000205,623.7996801310045,617.590659478334
3111.640000000014,623.7954476605672,617.590659478334
3111.984000000055,623.8024862425043,617.590659478334
3112.3429999999935,623.8031401099681,617.590659478334
3112.6870000000345,623.7950095033434,617.590659478334
3113.015000000014,623.8048343852656,617.590659478334
3113.359000000055,623.7970401446424,617.590659478334
3113.7029999999795,623.7893017786449,617.590659478334
3114.0470000000205,623.7975183183557,617.590659478334
3114.4370000000345,623.7959147480219,617.590659478334
3114.7810000000754,623.79505274226,617.590659478334
3115.125,623.7937264872396,617.590659478334
3115.4679999999935,623.7855982599627,617.590659478334
3115.8279999999795,623.793955865668,617.590659478334
3116.1720000000205,623.7937105162456,617.590659478334
3116.5,623.7849713241527,617.590659478334
3116.859000000055,623.7884218800932,617.590659478334
3117.2029999999795,623.791705481094,617.590659478334
3117.5470000000205,623.7932727337798,617.590659478334
3117.9060000000754,623.797023055358,617.590659478334
3118.234000000055,623.795072617428,617.590659478334
3118.5929999999935,623.787176722879,617.590659478334
3118.9370000000345,623.7888139853309,617.590659478334
3119.2810000000754,623.7843068153259,617.590659478334
3119.640000000014,623.8009106969353,617.590659478334
3120.0,623.8480570855173,617.590659478334
3120.3429999999935,623.9368676369372,617.590659478334
3120.7029999999795,623.9397141565208,617.590659478334
3121.0470000000205,623.9467298635865,617.590659478334
3121.4220000000205,623.9260348187826,617.590659478334
3121.765000000014,623.9200193556361,617.590659478334
3122.109000000055,623.914410466593,617.590659478334
3122.4679999999935,623.9053781231286,617.590659478334
3122.8120000000345,623.9128673712661,617.590659478334
3123.1560000000754,623.906567174242,617.590659478334
3123.515000000014,623.8976189742498,617.590659478334
3123.859000000055,623.904899680695,617.590659478334
3124.2179999999935,623.9072473322334,617.590659478334
3124.5779999999795,623.9038534749167,617.590659478334
3124.9370000000345,623.8992692226578,617.590659478334
3125.2970000000205,623.9046213727913,617.590659478334
3125.640000000014,623.9071870247656,617.590659478334
3125.984000000055,623.9054707495151,617.590659478334
3126.3279999999795,623.8950956717914,617.590659478334
3126.6720000000205,623.9295718600594,617.590659478334
3127.0310000000754,623.9411056516791,617.590659478334
3127.375,623.9435389977618,617.590659478334
3127.7179999999935,623.9516118334031,617.590659478334
3128.0620000000345,623.9274737334132,617.590659478334
3128.4060000000754,623.9246085695066,617.590659478334
3128.765000000014,623.9182961526146,617.590659478334
3129.109000000055,623.9314771138376,617.590659478334
3129.4529999999795,623.9226627617622,617.590659478334
3129.7810000000754,623.9253123515387,617.590659478334
3130.140000000014,623.9133981393162,617.590659478334
3130.484000000055,623.9197885131442,617.590659478334
3130.8120000000345,623.9256061007019,617.590659478334
3131.1720000000205,623.9175178671543,617.590659478334
3131.515000000014,623.906888667724,617.590659478334
3131.859000000055,623.9198011036312,617.590659478334
3132.2029999999795,623.9221550927906,617.590659478334
3132.5470000000205,623.9197363337577,617.590659478334
3132.890000000014,623.902009807482,617.590659478334
3133.2179999999935,623.9196026967581,617.590659478334
3133.5779999999795,623.9206368415247,617.590659478334
3133.9220000000205,623.9249414949654,617.590659478334
3134.265000000014,623.9157301461888,617.590659478334
3134.609000000055,623.9138214495954,617.590659478334
3134.9529999999795,623.9154218963288,617.590659478334
3135.2970000000205,623.9120551894886,617.590659478334
3135.640000000014,623.9116503700905,617.590659478334
3135.984000000055,623.914744349214,617.590659478334
3136.3429999999935,623.9138090181466,617.590659478334
3136.6870000000345,623.9109911736691,617.590659478334
3137.0310000000754,623.9225430582138,617.590659478334
3137.375,623.9141075275345,617.590659478334
3137.7179999999935,623.913829328756,617.590659478334
3138.0620000000345,623.9253340271139,617.590659478334
3138.4220000000205,623.9102403359789,617.590659478334
3138.765000000014,623.9119300085868,617.590659478334
3139.109000000055,623.9262235083714,617.590659478334
3139.4529999999795,623.9276896691418,617.590659478334
3139.7970000000205,623.9580862994433,617.590659478334
3140.140000000014,624.101862689159,617.590659478334
3140.4679999999935,624.2641810527738,617.590659478334
3140.8120000000345,624.3381110428261,617.590659478334
3141.1560000000754,624.3721173245402,617.590659478334
3141.5,624.4109957304801,617.590659478334
3141.859000000055,624.4448984208707,617.590659478334
3142.2029999999795,624.451575984996,617.590659478334
3142.5470000000205,624.4764752512979,617.590659478334
3142.890000000014,624.4733083196055,617.590659478334
3143.234000000055,624.4917048778902,617.590659478334
3143.5620000000345,624.5171823223536,617.590659478334
3143.9220000000205,624.526718230428,617.590659478334
3144.265000000014,624.5342166667951,617.590659478334
3144.609000000055,624.5422474411259,617.590659478334
3144.9529999999795,624.5397449113551,617.590659478334
3145.2970000000205,624.5454089780188,617.590659478334
3145.6560000000754,624.5581081797827,617.590659478334
3146.0,624.5602956644152,617.590659478334
3146.3429999999935,624.5647254233592,617.590659478334
3146.6870000000345,624.5732348235755,617.590659478334
3147.0470000000205,624.5816773919166,617.590659478334
3147.375,624.5871069167954,617.590659478334
3147.734000000055,624.5916097069387,617.590659478334
3148.0779999999795,624.5774172160825,617.590659478334
3148.4370000000345,624.6031805715141,617.590659478334
3148.7810000000754,624.5949035592325,617.590659478334
3149.25,624.6098825917708,617.590659478334
3149.5929999999935,624.6014884966933,617.590659478334
3149.9370000000345,624.611282096187,617.590659478334
3150.2810000000754,624.6207413615101,617.590659478334
3150.625,624.6281341148896,617.590659478334
3150.9679999999935,624.6186391303484,617.590659478334
3151.3120000000345,624.6385075624494,617.590659478334
3151.6560000000754,624.6259676411539,617.590659478334
3152.0,624.6330344377594,617.590659478334
3152.359000000055,624.6177197329912,617.590659478334
3152.6870000000345,624.6270698665525,617.590659478334
3153.0470000000205,624.6329904425947,617.590659478334
3153.390000000014,624.6378349542471,617.590659478334
3153.734000000055,624.6337783290343,617.590659478334
3154.0779999999795,624.6302582477435,617.590659478334
3154.4220000000205,624.644889557366,617.590659478334
3154.765000000014,624.6437091290373,617.590659478334
3155.109000000055,624.6446314729684,617.590659478334
3155.4529999999795,624.6454736590875,617.590659478334
3155.7970000000205,624.6414395385643,617.590659478334
3156.140000000014,624.6570765174928,617.590659478334
3156.4679999999935,624.6458203480806,617.590659478334
3156.8279999999795,624.6558497470005,617.590659478334
3157.1560000000754,624.6487141333635,617.590659478334
3157.515000000014,624.6668332943711,617.590659478334
3157.859000000055,624.6395759817373,617.590659478334
3158.2029999999795,624.6542876746689,617.590659478334
3158.5470000000205,624.6509892127232,617.590659478334
3158.890000000014,624.6757026887498,617.590659478334
3159.234000000055,624.668628507339,617.590659478334
3159.5779999999795,624.6709412161581,617.590659478334
3159.9220000000205,624.6472139289292,617.590659478334
3160.265000000014,624.6603428001971,617.590659478334
3160.609000000055,624.6693926761503,617.590659478334
3160.9679999999935,624.6727925444392,617.590659478334
3161.3120000000345,624.6759845208844,617.590659478334
3161.6720000000205,624.6717728501533,617.590659478334
3162.015000000014,624.6684576575669,617.590659478334
3162.359000000055,624.6737981883774,617.590659478334
3162.7029999999795,624.655966854093,617.590659478334
3163.0470000000205,624.6778033078671,617.590659478334
3163.390000000014,624.6786092302718,617.590659478334
3163.734000000055,624.6869754751336,617.590659478334
3164.0779999999795,624.6726299348569,617.590659478334
3164.4370000000345,624.6883476952707,617.590659478334
3164.7810000000754,624.6744769728123,617.590659478334
3165.125,624.686591944019,617.590659478334
3165.4679999999935,624.6801070653297,617.590659478334
3165.8120000000345,624.6915975092436,617.590659478334
3166.1560000000754,624.6979325939614,617.590659478334
3166.5,624.6806418597366,617.590659478334
3166.8429999999935,624.6812617352557,617.590659478334
3167.1870000000345,624.7001832183807,617.590659478334
3167.5470000000205,624.6914738890086,617.590659478334
3167.890000000014,624.7038331608386,617.590659478334
3168.234000000055,624.695600612281,617.590659478334
3168.5779999999795,624.6866821010826,617.590659478334
3168.9220000000205,624.6977657714081,617.590659478334
3169.25,624.678863851437,617.590659478334
3169.609000000055,624.6892607247174,617.590659478334
3169.9529999999795,624.6879817641696,617.590659478334
3170.2970000000205,624.6849852851226,617.590659478334
3170.640000000014,624.6873243522016,617.590659478334
3170.984000000055,624.696431850995,617.590659478334
3171.3279999999795,624.7045515575045,617.590659478334
3171.6560000000754,624.7080726573573,617.590659478334
3172.015000000014,624.7025331914083,617.590659478334
3172.359000000055,624.7059370631541,617.590659478334
3172.7029999999795,624.6941686727299,617.590659478334
3173.0470000000205,624.7083533445295,617.590659478334
3173.4060000000754,624.7070737186629,617.590659478334
3173.75,624.7033753194173,617.590659478334
3174.0929999999935,624.6920688571032,617.590659478334
3174.4370000000345,624.7041638530698,617.590659478334
3174.7810000000754,624.7127573642275,617.590659478334
3175.125,624.7132414121104,617.590659478334
3175.4679999999935,624.7079749732685,617.590659478334
3175.8120000000345,624.7000457534318,617.590659478334
3176.1560000000754,624.7239618774379,617.590659478334
3176.5,624.7179086159501,617.590659478334
3176.8429999999935,624.7105011574018,617.590659478334
3177.1870000000345,624.7045058358899,617.590659478334
3177.5310000000754,624.7108495401017,617.590659478334
3177.875,624.7205372551814,617.590659478334
3178.2179999999935,624.7054928874159,617.590659478334
3178.5620000000345,624.7111992100978,617.590659478334
3178.9060000000754,624.7083179876022,617.590659478334
3179.25,624.7186321113364,617.590659478334
3179.5929999999935,624.7067220402292,617.590659478334
3179.9370000000345,624.7061883699778,617.590659478334
3180.2810000000754,624.7112175841526,617.590659478334
3180.625,624.7210242660701,617.590659478334
3180.9679999999935,624.7098742535766,617.590659478334
3181.3120000000345,624.7073575148754,617.590659478334
3181.6560000000754,624.7092650193013,617.590659478334
3182.0,624.7243190952573,617.590659478334
3182.3429999999935,624.7184824822048,617.590659478334
3182.6870000000345,624.7232935059791,617.590659478334
3183.0310000000754,624.7099736097339,617.590659478334
3183.390000000014,624.7160903050874,617.590659478334
3183.7179999999935,624.7198428804818,617.590659478334
3184.0779999999795,624.7149945345046,617.590659478334
3184.4220000000205,624.7126433863184,617.590659478334
3184.765000000014,624.7218704127358,617.590659478334
3185.265000000014,624.7264821928998,617.590659478334
3185.609000000055,624.7069039258073,617.590659478334
3185.9529999999795,624.7185481361753,617.590659478334
3186.2970000000205,624.721029078591,617.590659478334
3186.625,624.7422459068864,617.590659478334
3186.984000000055,624.719667125841,617.590659478334
3187.3279999999795,624.7292041407455,617.590659478334
3187.6560000000754,624.7263880242035,617.590659478334
3188.0,624.7241200968464,617.590659478334
3188.359000000055,624.7158033086132,617.590659478334
3188.6870000000345,624.7239264332459,617.590659478334
3189.0310000000754,624.7226311721384,617.590659478334
3189.375,624.7350009453448,617.590659478334
3189.7179999999935,624.7356966373925,617.590659478334
3190.0620000000345,624.7311803083733,617.590659478334
3190.4220000000205,624.7141616053624,617.590659478334
3190.765000000014,624.726871287655,617.590659478334
3191.109000000055,624.7336860884643,617.590659478334
3191.4529999999795,624.7261439164986,617.590659478334
3191.8120000000345,624.7274310056233,617.590659478334
3192.1720000000205,624.7276672897029,617.590659478334
3192.5310000000754,624.739421701813,617.590659478334
3192.890000000014,624.7231432165717,617.590659478334
3193.234000000055,624.7332794820987,617.590659478334
3193.5779999999795,624.7244247058104,617.590659478334
3193.9220000000205,624.7301921861898,617.590659478334
3194.265000000014,624.7368924774903,617.590659478334
3194.5929999999935,624.7304492477107,617.590659478334
3194.9529999999795,624.7368796084317,617.590659478334
3195.2970000000205,624.735287278327,617.590659478334
3195.640000000014,624.7313854094218,617.590659478334
3195.984000000055,624.7383774893733,617.590659478334
3196.3279999999795,624.73134940372,617.590659478334
3196.6720000000205,624.7490313079653,617.590659478334
3197.015000000014,624.7498682946183,617.590659478334
3197.359000000055,624.7520342142913,617.590659478334
3197.7179999999935,624.7461575351897,617.590659478334
3198.0470000000205,624.7419922671062,617.590659478334
3198.4060000000754,624.7361530021956,617.590659478334
3198.734000000055,624.7485111474085,617.590659478334
3199.0929999999935,624.7409989422227,617.590659478334
3199.4370000000345,624.7320325508235,617.590659478334
3199.7810000000754,624.7329359908941,617.590659478334
3200.125,624.7419798461196,617.590659478334
3200.4679999999935,624.7354879870893,617.590659478334
3200.8120000000345,624.7380593209152,617.590659478334
3201.1560000000754,624.7330816605197,617.590659478334
3201.5,624.7322860905554,617.590659478334
3201.8429999999935,624.7496044854804,617.590659478334
3202.2029999999795,624.7260356176018,617.590659478334
3202.5470000000205,624.7480286405614,617.590659478334
3202.890000000014,624.7455198767641,617.590659478334
3203.234000000055,624.751139049263,617.590659478334
3203.5779999999795,624.748766329625,617.590659478334
3203.9220000000205,624.7605457828282,617.590659478334
3204.2810000000754,624.740415441938,617.590659478334
3204.625,624.7550817550198,617.590659478334
3204.9529999999795,624.7501061629166,617.590659478334
3205.2970000000205,624.7582314338125,617.590659478334
3205.6560000000754,624.7421746161848,617.590659478334
3205.984000000055,624.7352117467606,617.590659478334
3206.3429999999935,624.7367488779587,617.590659478334
3206.6870000000345,624.7391123851869,617.590659478334
3207.0470000000205,624.748097118499,617.590659478334
3207.375,624.7763397109609,617.590659478334
3207.734000000055,624.7680388389,617.590659478334
3208.0779999999795,624.7659168939032,617.590659478334
3208.4529999999795,624.7628366684233,617.590659478334
3208.7970000000205,624.7561197322456,617.590659478334
3209.25,624.7547747798635,617.590659478334
3209.5929999999935,624.7492132784394,617.590659478334
3209.9370000000345,624.7270516311759,617.590659478334
3210.2810000000754,624.7339187901271,617.590659478334
3210.640000000014,624.7288309000018,617.590659478334
3210.984000000055,624.7282179591759,617.590659478334
3211.3279999999795,624.7303314660128,617.590659478334
3211.6720000000205,624.722128046758,617.590659478334
3212.015000000014,624.7202994309487,617.590659478334
3212.359000000055,624.7270662751755,617.590659478334
3212.7029999999795,624.7031371492892,617.590659478334
3213.0470000000205,624.7038259144888,617.590659478334
3213.4220000000205,624.6957659685187,617.590659478334
3213.765000000014,624.7042524735924,617.590659478334
3214.109000000055,624.6974024860679,617.590659478334
3214.4529999999795,624.6950521069227,617.590659478334
3214.8120000000345,624.6919585739807,617.590659478334
3215.1560000000754,624.6963260624923,617.590659478334
3215.5,624.7015186408144,617.590659478334
3215.8429999999935,624.6893250951637,617.590659478334
3216.1870000000345,624.6857484673042,617.590659478334
3216.5310000000754,624.6782247038296,617.590659478334
3216.875,624.6905734150088,617.590659478334
3217.2179999999935,624.7039262537039,617.590659478334
3217.5620000000345,624.6939679591815,617.590659478334
3217.9060000000754,624.6947710655943,617.590659478334
3218.265000000014,624.6803393264662,617.590659478334
3218.609000000055,624.6878922033036,617.590659478334
3218.9529999999795,624.6866700162648,617.590659478334
3219.2970000000205,624.6703356323346,617.590659478334
3219.640000000014,624.6771683743802,617.590659478334
3219.984000000055,624.6802162806894,617.590659478334
3220.3279999999795,624.6730811072933,617.590659478334
3220.6720000000205,624.6737258989255,617.590659478334
3221.0310000000754,624.6766127587393,617.590659478334
3221.359000000055,624.6775995524195,617.590659478334
3221.7029999999795,624.675789683626,617.590659478334
3222.0470000000205,624.6623650138573,617.590659478334
3222.390000000014,624.6775615603806,617.590659478334
3222.734000000055,624.6908023310076,617.590659478334
3223.0779999999795,624.6676305866383,617.590659478334
3223.4220000000205,624.6711129769452,617.590659478334
3223.765000000014,624.6701303976321,617.590659478334
3224.109000000055,624.6745592895835,617.590659478334
3224.4679999999935,624.651917576737,617.590659478334
3224.8120000000345,624.6646383378421,617.590659478334
3225.1560000000754,624.651836874549,617.590659478334
3225.5,624.6793089571446,617.590659478334
3225.8429999999935,624.6628508182475,617.590659478334
3226.1870000000345,624.6687944397813,617.590659478334
3226.5310000000754,624.6610828703767,617.590659478334
3226.875,624.6609203115048,617.590659478334
3227.2179999999935,624.6679652258339,617.590659478334
3227.5620000000345,624.6772629912807,617.590659478334
3227.9220000000205,624.6688213611036,617.590659478334
3228.265000000014,624.6642096412756,617.590659478334
3228.609000000055,624.6590349894534,617.590659478334
3228.9529999999795,624.6611691763634,617.590659478334
3229.2970000000205,624.6700815088677,617.590659478334
3229.625,624.6687341475574,617.590659478334
3229.984000000055,624.663049563868,617.590659478334
3230.3279999999795,624.649543236236,617.590659478334
3230.6560000000754,624.6680246861675,617.590659478334
3231.015000000014,624.6734380425951,617.590659478334
3231.359000000055,624.6674116100525,617.590659478334
3231.7029999999795,624.6544241241218,617.590659478334
3232.0470000000205,624.6579269706609,617.590659478334
3232.390000000014,624.6742444736306,617.590659478334
3232.734000000055,624.6543750469522,617.590659478334
3233.1560000000754,624.6515762625904,617.590659478334
3233.515000000014,624.6548532153863,617.590659478334
3233.859000000055,624.6480125423607,617.590659478334
3234.2029999999795,624.6608641535905,617.590659478334
3234.5470000000205,624.658528114017,617.590659478334
3234.890000000014,624.6535418137507,617.590659478334
3235.234000000055,624.6535994771799,617.590659478334
3235.5779999999795,624.6536228844947,617.590659478334
3235.9220000000205,624.6599346489826,617.590659478334
3236.2810000000754,624.6534235351269,617.590659478334
3236.609000000055,624.6545217658617,617.590659478334
3236.9529999999795,624.668003301538,617.590659478334
3237.2970000000205,624.659542873329,617.590659478334
3237.640000000014,624.6506048968909,617.590659478334
3237.984000000055,624.6446546781069,617.590659478334
3238.3279999999795,624.6446877000798,617.590659478334
3238.6720000000205,624.6521494337021,617.590659478334
3239.015000000014,624.6479989065042,617.590659478334
3239.359000000055,624.6574585436258,617.590659478334
3239.7179999999935,624.6627073745625,617.590659478334
3240.0620000000345,624.6651440319064,617.590659478334
3240.4060000000754,624.6450467441359,617.590659478334
3240.75,624.6608888635126,617.590659478334
3241.0929999999935,624.6482300117563,617.590659478334
3241.4370000000345,624.6507356120766,617.590659478334
3241.7810000000754,624.6495043307272,617.590659478334
3242.140000000014,624.6615525961824,617.590659478334
3242.484000000055,624.636160045648,617.590659478334
3242.8279999999795,624.6385509938441,617.590659478334
3243.1720000000205,624.646506051696,617.590659478334
3243.515000000014,624.6430739142677,617.590659478334
3243.859000000055,624.6410035492058,617.590659478334
3244.2029999999795,624.6671721938181,617.590659478334
3244.5620000000345,624.6502355688444,617.590659478334
3244.9060000000754,624.6472339690446,617.590659478334
3245.265000000014,624.6481367456727,617.590659478334
3245.5929999999935,624.6352918008957,617.590659478334
3245.9529999999795,624.6482311262432,617.590659478334
3246.2970000000205,624.6510035502215,617.590659478334
3246.640000000014,624.6527446639734,617.590659478334
3246.9679999999935,624.653485105129,617.590659478334
3247.3279999999795,624.6513988463317,617.590659478334
3247.6720000000205,624.6333708033414,617.590659478334
3248.015000000014,624.6422128495907,617.590659478334
3248.3429999999935,624.6392531214981,617.590659478334
3248.7029999999795,624.6449485188454,617.590659478334
3249.0310000000754,624.6505319772043,617.590659478334
3249.375,624.6484348868449,617.590659478334
3249.734000000055,624.6499545597065,617.590659478334
3250.0779999999795,624.6652698849929,617.590659478334
3250.4220000000205,624.6389460229907,617.590659478334
3250.765000000014,624.6402027935113,617.590659478334
3251.109000000055,624.6396353652923,617.590659478334
3251.4529999999795,624.6494309261916,617.590659478334
3251.7970000000205,624.6426541625539,617.590659478334
3252.1560000000754,624.6334356283008,617.590659478334
3252.5,624.6388197972564,617.590659478334
3252.8429999999935,624.6499237509448,617.590659478334
3253.1870000000345,624.6568029371213,617.590659478334
3253.515000000014,624.6324497276592,617.590659478334
3253.875,624.6368994444344,617.590659478334
3254.2029999999795,624.646093333513,617.590659478334
3254.5620000000345,624.6381788539898,617.590659478334
3254.9220000000205,624.6347400572747,617.590659478334
3255.265000000014,624.6377071481552,617.590659478334
3255.625,624.6380550733404,617.590659478334
3255.9679999999935,624.6359732352456,617.590659478334
3256.3120000000345,624.6329795793836,617.590659478334
3256.6560000000754,624.6363561245627,617.590659478334
3257.0,624.6455450553838,617.590659478334
3257.3429999999935,624.648858961936,617.590659478334
3257.6870000000345,624.6444775072648,617.590659478334
3258.0310000000754,624.6508758600485,617.590659478334
3258.359000000055,624.6475780026357,617.590659478334
3258.7179999999935,624.6449805983596,617.590659478334
3259.0620000000345,624.6319299450372,617.590659478334
3259.4060000000754,624.641733913105,617.590659478334
3259.75,624.6448990491667,617.590659478334
3260.0929999999935,624.6249696420052,617.590659478334
3260.4529999999795,624.6430874073917,617.590659478334
3260.7970000000205,624.6245065005204,617.590659478334
3261.140000000014,624.6360686638236,617.590659478334
3261.484000000055,624.6350027035323,617.590659478334
3261.8279999999795,624.6517400441797,617.590659478334
3262.1720000000205,624.6431722944043,617.590659478334
3262.515000000014,624.6333313372347,617.590659478334
3262.859000000055,624.639859453805,617.590659478334
3263.2029999999795,624.6509213601364,617.590659478334
3263.5620000000345,624.6316936984446,617.590659478334
3263.9060000000754,624.632820281272,617.590659478334
3264.25,624.6230897310129,617.590659478334
3264.5929999999935,624.6351243786792,617.590659478334
3264.9370000000345,624.6277663153797,617.590659478334
3265.2810000000754,624.6252166961897,617.590659478334
3265.640000000014,624.6276131090879,617.590659478334
3265.9679999999935,624.6402253396237,617.590659478334
3266.3279999999795,624.6320593780584,617.590659478334
3266.6720000000205,624.634241350921,617.590659478334
3267.015000000014,624.6299936877311,617.590659478334
3267.359000000055,624.6381923377869,617.590659478334
3267.7029999999795,624.6295631625682,617.590659478334
3268.0470000000205,624.6272982251421,617.590659478334
3268.4060000000754,624.6381396193389,617.590659478334
3268.75,624.6335374917255,617.590659478334
3269.265000000014,624.6236275207475,617.590659478334
3269.609000000055,624.6626739417453,617.590659478334
3269.9679999999935,624.4405869293327,617.590659478334
3270.3120000000345,624.0678495159253,617.590659478334
3270.6560000000754,623.9502984233624,617.590659478334
3271.015000000014,623.9000053675635,617.590659478334
3271.359000000055,623.8916592917345,617.590659478334
3271.6870000000345,623.8657674334058,617.590659478334
3272.0470000000205,623.8501045630151,617.590659478334
3272.375,623.8487885243303,617.590659478334
3272.734000000055,623.8283796504617,617.590659478334
3273.0779999999795,623.8218820800137,617.590659478334
3273.4060000000754,623.8073353168903,617.590659478334
3273.765000000014,623.8284250960422,617.590659478334
3274.109000000055,623.8198458264418,617.590659478334
3274.4529999999795,623.8110757268283,617.590659478334
3274.7970000000205,623.8025286302544,617.590659478334
3275.125,623.8134706893826,617.590659478334
3275.4679999999935,623.8173945113399,617.590659478334
3275.8120000000345,623.8006040878012,617.590659478334
3276.1560000000754,623.7991186644025,617.590659478334
3276.5,623.8046139863301,617.590659478334
3276.8429999999935,623.7983124927965,617.590659478334
3277.1870000000345,623.7996354365108,617.590659478334
3277.5470000000205,623.809556313598,617.590659478334
3277.890000000014,623.7937221709269,617.590659478334
3278.234000000055,623.7902717642135,617.590659478334
3278.5779999999795,623.7996957244585,617.590659478334
3278.9220000000205,623.7978423839274,617.590659478334
3279.2810000000754,623.8087867182711,617.590659478334
3279.609000000055,623.8015267786944,617.590659478334
3279.9529999999795,623.8055478968155,617.590659478334
3280.2970000000205,623.7830054509355,617.590659478334
3280.6560000000754,623.8008867162233,617.590659478334
3281.015000000014,623.7784020360214,617.590659478334
3281.359000000055,623.7947569331117,617.590659478334
3281.7029999999795,623.7808138745174,617.590659478334
3282.0470000000205,623.8037325824565,617.590659478334
3282.390000000014,623.8345303944149,617.590659478334
3282.734000000055,623.9262283117594,617.590659478334
3283.0779999999795,623.9503788779853,617.590659478334
3283.4220000000205,623.9459445040168,617.590659478334
3283.765000000014,623.9181070636944,617.590659478334
3284.109000000055,623.9095360595153,617.590659478334
3284.4529999999795,623.9239741648454,617.590659478334
3284.7970000000205,623.9154585785059,617.590659478334
3285.140000000014,623.8989118920325,617.590659478334
3285.484000000055,623.9128116218068,617.590659478334
3285.8279999999795,623.9032193037036,617.590659478334
3286.1870000000345,623.925548465415,617.590659478334
3286.5310000000754,623.9178027967039,617.590659478334
3286.875,623.9137370417352,617.590659478334
3287.2179999999935,623.9197985449416,617.590659478334
3287.5620000000345,623.9063339087737,617.590659478334
3287.9060000000754,623.909163620679,617.590659478334
3288.265000000014,623.9188713533401,617.590659478334
3288.5929999999935,623.9175661578574,617.590659478334
3288.9529999999795,623.9112532481441,617.590659478334
3289.2810000000754,623.9091486587142,617.590659478334
3289.625,623.9098232589731,617.590659478334
3289.9679999999935,623.9251694565577,617.590659478334
3290.3279999999795,623.9093818858094,617.590659478334
3290.6720000000205,623.913663968841,617.590659478334
3291.015000000014,623.9036191949772,617.590659478334
3291.359000000055,623.9105583524673,617.590659478334
3291.7029999999795,623.9105402353828,617.590659478334
3292.0470000000205,623.905558412587,617.590659478334
3292.390000000014,623.9061408583988,617.590659478334
3292.734000000055,623.9091521496924,617.590659478334
3293.2970000000205,623.9067492446211,617.590659478334
3293.640000000014,623.9091948245706,617.590659478334
3293.984000000055,623.9111047542366,617.590659478334
3294.3429999999935,623.9133861338197,617.590659478334
3294.6870000000345,623.8942605520418,617.590659478334
3295.015000000014,623.8380645609625,617.590659478334
3295.359000000055,623.8349661668886,617.590659478334
3295.7029999999795,623.8431005437624,617.590659478334
3296.0929999999935,623.8445324790576,617.590659478334
3296.4370000000345,623.8307355308613,617.590659478334
3296.7810000000754,623.8293740266657,617.590659478334
3297.125,623.811466296186,617.590659478334
3297.4679999999935,623.8115282384058,617.590659478334
3297.8120000000345,623.8076893599336,617.590659478334
3298.140000000014,623.8077589682514,617.590659478334
3298.484000000055,623.8096685174944,617.590659478334
3298.8279999999795,623.7920702465998,617.590659478334
3299.1720000000205,623.8036747162483,617.590659478334
3299.515000000014,623.794064367648,617.590659478334
3299.859000000055,623.8004884424631,617.590659478334
3300.2029999999795,623.8043926594687,617.590659478334
3300.5470000000205,623.8063511947662,617.590659478334
3300.890000000014,623.8067342020124,617.590659478334
3301.2179999999935,623.7846015509109,617.590659478334
3301.5779999999795,623.7960283819526,617.590659478334
3301.9220000000205,623.7924221123419,617.590659478334
3302.25,623.7922798795323,617.590659478334
3302.5929999999935,623.806323497067,617.590659478334
3302.9370000000345,623.7886673840791,617.590659478334
3303.2810000000754,623.788536166406,617.590659478334
3303.640000000014,623.7994072941085,617.590659478334
3303.9679999999935,623.7864195654997,617.590659478334
3304.3279999999795,623.7936235427908,617.590659478334
3304.6720000000205,623.7911617720175,617.590659478334
3305.0310000000754,623.7792004332088,617.590659478334
3305.390000000014,623.7854431132802,617.590659478334
3305.734000000055,623.7888336867823,617.590659478334
3306.0620000000345,623.7849927369737,617.590659478334
3306.4060000000754,623.7840856393268,617.590659478334
3306.75,623.7905266475126,617.590659478334
3307.0929999999935,623.8264615393477,617.590659478334
3307.4370000000345,623.8225139190649,617.590659478334
3307.7970000000205,623.9331947132926,617.590659478334
3308.140000000014,623.9395321068014,617.590659478334
3308.484000000055,623.9386850660502,617.590659478334
3308.8120000000345,623.9276792034728,617.590659478334
3309.1560000000754,623.9162706726548,617.590659478334
3309.5,623.9186172699422,617.590659478334
3309.8429999999935,623.9060848602738,617.590659478334
3310.1870000000345,623.9090905713813,617.590659478334
3310.5310000000754,623.8966431309345,617.590659478334
3310.875,623.9070758659141,617.590659478334
3311.2179999999935,623.9108334354382,617.590659478334
3311.5620000000345,623.9056832424284,617.590659478334
3311.9060000000754,623.8980637853389,617.590659478334
3312.25,623.9146697201845,617.590659478334
3312.609000000055,623.9019855165551,617.590659478334
3312.9529999999795,623.9092110979095,617.590659478334
3313.2970000000205,623.9141324484325,617.590659478334
3313.640000000014,623.9056373524492,617.590659478334
3313.984000000055,623.9063085180579,617.590659478334
3314.3279999999795,623.9335252762811,617.590659478334
3314.6720000000205,623.9492057732704,617.590659478334
3315.015000000014,623.9483525716573,617.590659478334
3315.359000000055,623.9267588680858,617.590659478334
3315.7029999999795,623.9251394536267,617.590659478334
3316.0470000000205,623.9213543875309,617.590659478334
3316.390000000014,623.9234207532655,617.590659478334
3316.75,623.9255163498595,617.590659478334
3317.2810000000754,623.9247773425193,617.590659478334
3317.625,623.9225054512198,617.590659478334
3317.9679999999935,623.9254231963097,617.590659478334
3318.3120000000345,623.9112387558365,617.590659478334
3318.6560000000754,623.9175724247688,617.590659478334
3319.015000000014,623.9206364585286,617.590659478334
3319.359000000055,623.9211732954097,617.590659478334
3319.7029999999795,623.9129843411228,617.590659478334
3320.0470000000205,623.9112829569459,617.590659478334
3320.390000000014,623.915916546472,617.590659478334
3320.734000000055,623.9241086710881,617.590659478334
3321.0779999999795,623.9051573062262,617.590659478334
3321.4220000000205,623.907817189237,617.590659478334
3321.765000000014,623.9118767398031,617.590659478334
3322.125,623.9101464359123,617.590659478334
3322.4679999999935,623.9147638091786,617.590659478334
3322.7970000000205,623.8998390077755,617.590659478334
3323.1560000000754,623.9182724950366,617.590659478334
3323.484000000055,623.9195927557744,617.590659478334
3323.8429999999935,623.9157533970837,617.590659478334
3324.1870000000345,623.9130177607105,617.590659478334
3324.5310000000754,623.9155700561497,617.590659478334
3324.875,623.9159924076714,617.590659478334
3325.2179999999935,623.9150019829437,617.590659478334
3325.5620000000345,623.9130124906679,617.590659478334
3325.9060000000754,623.9121561476175,617.590659478334
3326.265000000014,623.921756097176,617.590659478334
3326.5929999999935,623.9227569138355,617.590659478334
3326.9370000000345,623.9260926039186,617.590659478334
3327.2970000000205,623.954067406635,617.590659478334
3327.640000000014,624.0944538516834,617.590659478334
3327.984000000055,624.2588643437971,617.590659478334
3328.3279999999795,624.3345533295469,617.590659478334
3328.6720000000205,624.3864763351869,617.590659478334
3329.015000000014,624.4179022360946,617.590659478334
3329.375,624.4427573909277,617.590659478334
3329.7179999999935,624.4595238525254,617.590659478334
3330.0620000000345,624.481429736975,617.590659478334
3330.390000000014,624.4931536191926,617.590659478334
3330.734000000055,624.4944476921803,617.590659478334
3331.0779999999795,624.5132314191366,617.590659478334
3331.4370000000345,624.5318241496781,617.590659478334
3331.765000000014,624.5408434757112,617.590659478334
3332.125,624.5409580933733,617.590659478334
3332.5,624.5333683363039,617.590659478334
3332.8429999999935,624.5481303627703,617.590659478334
3333.1870000000345,624.573194015753,617.590659478334
3333.5310000000754,624.5550871124427,617.590659478334
3333.875,624.5678188281747,617.590659478334
3334.2179999999935,624.5747172401118,617.590659478334
3334.5620000000345,624.5877044666745,617.590659478334
3334.9060000000754,624.5780785101441,617.590659478334
3335.25,624.5928843259217,617.590659478334
3335.5929999999935,624.5949744182111,617.590659478334
3335.9370000000345,624.6008663925601,617.590659478334
3336.2810000000754,624.6064391158134,617.590659478334
3336.625,624.6049734137877,617.590659478334
3336.9679999999935,624.5934017956977,617.590659478334
3337.3120000000345,624.6126860138415,617.590659478334
3337.6720000000205,624.617418333685,617.590659478334
3338.015000000014,624.6214991457399,617.590659478334
3338.3429999999935,624.6178400837598,617.590659478334
3338.6870000000345,624.6336330557648,617.590659478334
3339.0310000000754,624.61753071577,617.590659478334
3339.375,624.6342184141315,617.590659478334
3339.7179999999935,624.6402212337009,617.590659478334
3340.0620000000345,624.6268912083262,617.590659478334
3340.4060000000754,624.6292559864321,617.590659478334
3340.75,624.6327729087092,617.590659478334
3341.265000000014,624.6489696197624,617.590659478334
3341.5929999999935,624.6425977637145,617.590659478334
3341.9370000000345,624.6485228112064,617.590659478334
3342.2970000000205,624.6389201342186,617.590659478334
3342.640000000014,624.6277448912685,617.590659478334
3343.0,624.6474753727858,617.590659478334
3343.3279999999795,624.6528771072142,617.590659478334
3343.6870000000345,624.657510882848,617.590659478334
3344.015000000014,624.6493040478765,617.590659478334
3344.359000000055,624.6510441049321,617.590659478334
3344.7029999999795,624.6634962230543,617.590659478334
3345.0470000000205,624.6584804247285,617.590659478334
3345.4060000000754,624.6582735526842,617.590659478334
3345.734000000055,624.6564597264617,617.590659478334
3346.0929999999935,624.6571798776026,617.590659478334
3346.4370000000345,624.6555727205517,617.590659478334
3346.7810000000754,624.6745043681715,617.590659478334
3347.125,624.6592301887333,617.590659478334
3347.4679999999935,624.6738362684159,617.590659478334
3347.8120000000345,624.6709939217772,617.590659478334
3348.1560000000754,624.6729605063271,617.590659478334
3348.5,624.6666301114088,617.590659478334
3348.859000000055,624.6687387134501,617.590659478334
3349.1870000000345,624.6827209014193,617.590659478334
3349.5470000000205,624.6735543067996,617.590659478334
3349.890000000014,624.6818770846166,617.590659478334
3350.2179999999935,624.6731028176085,617.590659478334
3350.5620000000345,624.6818350379067,617.590659478334
3350.9060000000754,624.6730753088999,617.590659478334
3351.25,624.6792219894775,617.590659478334
3351.5929999999935,624.6701790773704,617.590659478334
3351.9370000000345,624.6960882685484,617.590659478334
3352.2810000000754,624.6914469038611,617.590659478334
3352.625,624.6853793956748,617.590659478334
3352.9679999999935,624.689677845787,617.590659478334
3353.3279999999795,624.6925485331917,617.590659478334
3353.6870000000345,624.6775404062901,617.590659478334
3354.0310000000754,624.6790974646096,617.590659478334
3354.375,624.6830792492418,617.590659478334
3354.7179999999935,624.7021096118779,617.590659478334
3355.0620000000345,624.693652962068,617.590659478334
3355.4060000000754,624.692702065185,617.590659478334
3355.75,624.6931391750592,617.590659478334
3356.0929999999935,624.683973870525,617.590659478334
3356.4370000000345,624.6885130999527,617.590659478334
3356.7810000000754,624.6945349126352,617.590659478334
3357.125,624.6913369733674,617.590659478334
3357.4679999999935,624.7033992230819,617.590659478334
3357.8120000000345,624.6882229620858,617.590659478334
3358.1560000000754,624.6883583414498,617.590659478334
3358.515000000014,624.6998586715357,617.590659478334
3358.859000000055,624.6959871006044,617.590659478334
3359.1870000000345,624.6920066264523,617.590659478334
3359.5470000000205,624.6933748272713,617.590659478334
3359.890000000014,624.710011824317,617.590659478334
3360.234000000055,624.7026684713101,617.590659478334
3360.5620000000345,624.7134341481856,617.590659478334
3360.9220000000205,624.7051727351358,617.590659478334
3361.265000000014,624.7028123670417,617.590659478334
3361.609000000055,624.6933998080702,617.590659478334
3361.9529999999795,624.7071156753726,617.590659478334
3362.2970000000205,624.7097546603067,617.590659478334
3362.640000000014,624.7106753625186,617.590659478334
3362.984000000055,624.7026855435837,617.590659478334
3363.3279999999795,624.7124666025042,617.590659478334
3363.6720000000205,624.7233569288866,617.590659478334
3364.015000000014,624.7091796202036,617.590659478334
3364.359000000055,624.705512007481,617.590659478334
3364.7029999999795,624.7125708066528,617.590659478334
3365.0470000000205,624.7145378643046,617.590659478334
3365.375,624.7132400702096,617.590659478334
3365.7179999999935,624.705392042077,617.590659478334
3366.0620000000345,624.7112552649331,617.590659478334
3366.4060000000754,624.7078130728144,617.590659478334
3366.75,624.7104585762336,617.590659478334
3367.0929999999935,624.7224989642822,617.590659478334
3367.4370000000345,624.7170691477581,617.590659478334
3367.7810000000754,624.7088666233255,617.590659478334
3368.125,624.705439180457,617.590659478334
3368.515000000014,624.7204569916612,617.590659478334
3368.8429999999935,624.723630272682,617.590659478334
3369.2029999999795,624.7200630009002,617.590659478334
3369.5470000000205,624.7255685892333,617.590659478334
3369.890000000014,624.7156466978001,617.590659478334
3370.234000000055,624.7145532487261,617.590659478334
3370.5779999999795,624.7094104110068,617.590659478334
3370.9220000000205,624.7283658166591,617.590659478334
3371.265000000014,624.7154542268679,617.590659478334
3371.609000000055,624.7131779938208,617.590659478334
3371.9529999999795,624.7236020750795,617.590659478334
3372.2970000000205,624.7202555539762,617.590659478334
3372.640000000014,624.716290115266,617.590659478334
3372.984000000055,624.7258675588525,617.590659478334
3373.3279999999795,624.7124365648278,617.590659478334
3373.6720000000205,624.7320537968228,617.590659478334
3374.015000000014,624.7338239672945,617.590659478334
3374.359000000055,624.7256538779457,617.590659478334
3374.7029999999795,624.7331414510735,617.590659478334
3375.0470000000205,624.7302999754168,617.590659478334
3375.390000000014,624.7351279802243,617.590659478334
3375.734000000055,624.7258479349779,617.590659478334
3376.0779999999795,624.7260694550246,617.590659478334
3376.4220000000205,624.7300324114251,617.590659478334
3376.765000000014,624.7279336132823,617.590659478334
3377.265000000014,624.7174203787932,617.590659478334
3377.625,624.7170919950497,617.590659478334
3377.9679999999935,624.7325621008682,617.590659478334
3378.3120000000345,624.7187502279769,617.590659478334
3378.6720000000205,624.7332567447401,617.590659478334
3379.015000000014,624.7311189800705,617.590659478334
3379.359000000055,624.7393660314686,617.590659478334
3379.7029999999795,624.7261178140473,617.590659478334
3380.0470000000205,624.7290319200923,617.590659478334
3380.390000000014,624.7277890058953,617.590659478334
3380.734000000055,624.7247591155605,617.590659478334
3381.0779999999795,624.7361415466232,617.590659478334
3381.4220000000205,624.73938547073,617.590659478334
3381.765000000014,624.7476882273797,617.590659478334
3382.109000000055,624.7427269315447,617.590659478334
3382.4679999999935,624.7359187109723,617.590659478334
3382.8120000000345,624.7243905806204,617.590659478334
3383.1560000000754,624.7462934250503,617.590659478334
3383.5,624.7356570823263,617.590659478334
3383.8429999999935,624.734052797523,617.590659478334
3384.1870000000345,624.7280583403606,617.590659478334
3384.5310000000754,624.7309586340309,617.590659478334
3384.875,624.7404085085258,617.590659478334
3385.2179999999935,624.7335971274852,617.590659478334
3385.5620000000345,624.7408610766139,617.590659478334
3385.9060000000754,624.7257984519538,617.590659478334
3386.25,624.7457932434463,617.590659478334
3386.5929999999935,624.745002398782,617.590659478334
3386.9370000000345,624.7294025303701,617.590659478334
3387.2810000000754,624.728433313154,617.590659478334
3387.625,624.7481724086867,617.590659478334
3387.9679999999935,624.7452529288076,617.590659478334
3388.3120000000345,624.7391633381297,617.590659478334
3388.6720000000205,624.7332807937402,617.590659478334
3389.015000000014,624.7385147197967,617.590659478334
3389.359000000055,624.7466299583854,617.590659478334
3389.7029999999795,624.7432926281466,617.590659478334
3390.0470000000205,624.7454998586918,617.590659478334
3390.390000000014,624.7597730269273,617.590659478334
3390.734000000055,624.7516687997219,617.590659478334
3391.0779999999795,624.734514092847,617.590659478334
3391.4370000000345,624.7501103154153,617.590659478334
3391.765000000014,624.7536327287974,617.590659478334
3392.125,624.7433288699037,617.590659478334
3392.4679999999935,624.7561744140428,617.590659478334
3392.7970000000205,624.7410189287467,617.590659478334
3393.1560000000754,624.7379099115603,617.590659478334
3393.5,624.7385727278047,617.590659478334
3393.8429999999935,624.751943616068,617.590659478334
3394.1870000000345,624.7361488551392,617.590659478334
3394.5310000000754,624.7454298711227,617.590659478334
3394.890000000014,624.7662957701638,617.590659478334
3395.234000000055,624.7711778845371,617.590659478334
3395.5779999999795,624.7637499470908,617.590659478334
3395.9060000000754,624.7509602066134,617.590659478334
3396.265000000014,624.7634122077817,617.590659478334
3396.609000000055,624.7411297007324,617.590659478334
3396.9529999999795,624.7451505765323,617.590659478334
3397.2970000000205,624.7458585192942,617.590659478334
3397.640000000014,624.7399884984954,617.590659478334
3397.984000000055,624.7280219224838,617.590659478334
3398.3279999999795,624.7055017394647,617.590659478334
3398.6720000000205,624.7037148582606,617.590659478334
3399.015000000014,624.7183688582012,617.590659478334
3399.359000000055,624.7227536045303,617.590659478334
3399.7029999999795,624.7102662923659,617.590659478334
3400.0470000000205,624.694317875307,617.590659478334
3400.390000000014,624.7041570128242,617.590659478334
3400.734000000055,624.7059964576557,617.590659478334
3401.265000000014,624.704905332428,617.590659478334
3401.609000000055,624.6999498000275,617.590659478334
3401.9370000000345,624.6928891108894,617.590659478334
3402.2970000000205,624.695704425291,617.590659478334
3402.640000000014,624.6891769473024,617.590659478334
3402.984000000055,624.6957687386777,617.590659478334
3403.3279999999795,624.688116606978,617.590659478334
3403.6870000000345,624.6942016018762,617.590659478334
3404.0310000000754,624.6926321229672,617.590659478334
3404.359000000055,624.6962388690512,617.590659478334
3404.7179999999935,624.6872180783164,617.590659478334
3405.0620000000345,624.6942959546965,617.590659478334
3405.4220000000205,624.684780146851,617.590659478334
3405.765000000014,624.6886872378193,617.590659478334
3406.109000000055,624.6800099104007,617.590659478334
3406.4529999999795,624.680569171805,617.590659478334
3406.7970000000205,624.6871141643919,617.590659478334
3407.140000000014,624.6779526761077,617.590659478334
3407.484000000055,624.686502090688,617.590659478334
3407.8279999999795,624.679402096982,617.590659478334
3408.1720000000205,624.6955858851408,617.590659478334
3408.515000000014,624.6832070754795,617.590659478334
3408.859000000055,624.6829878129503,617.590659478334
3409.2029999999795,624.670460543589,617.590659478334
3409.5470000000205,624.6714708411093,617.590659478334
3409.890000000014,624.670178842576,617.590659478334
3410.234000000055,624.6697575552286,617.590659478334
3410.5929999999935,624.687506572077,617.590659478334
3410.9370000000345,624.6783524998152,617.590659478334
3411.2810000000754,624.670647324998,617.590659478334
3411.625,624.6775272527823,617.590659478334
3411.9679999999935,624.6754840268954,617.590659478334
3412.3120000000345,624.6729187201902,617.590659478334
3412.6560000000754,624.6745076048613,617.590659478334
3413.0,624.6701100033616,617.590659478334
3413.3279999999795,624.6603462553252,617.590659478334
3413.6720000000205,624.6622035058016,617.590659478334
3414.015000000014,624.6740895263646,617.590659478334
3414.359000000055,624.6720392586137,617.590659478334
3414.7029999999795,624.6692154386529,617.590659478334
3415.0620000000345,624.6659482375819,617.590659478334
3415.390000000014,624.6502496651185,617.590659478334
3415.75,624.6705623882871,617.590659478334
3416.0929999999935,624.6664559140171,617.590659478334
3416.4370000000345,624.6738067881781,617.590659478334
3416.7970000000205,624.6580643935433,617.590659478334
3417.125,624.6650674351913,617.590659478334
3417.484000000055,624.6578536718733,617.590659478334
3417.8279999999795,624.6582808385622,617.590659478334
3418.1720000000205,624.6602534823251,617.590659478334
3418.515000000014,624.6658094488189,617.590659478334
3418.8429999999935,624.6641282739321,617.590659478334
3419.2029999999795,624.6725373650213,617.590659478334
3419.5470000000205,624.657059901646,617.590659478334
3419.890000000014,624.6665001936454,617.590659478334
3420.234000000055,624.6570412460392,617.590659478334
3420.5620000000345,624.6641292225243,617.590659478334
3420.9060000000754,624.665749341559,617.590659478334
3421.25,624.6592507335938,617.590659478334
3421.609000000055,624.663683960872,617.590659478334
3421.9529999999795,624.6609901812355,617.590659478334
3422.2810000000754,624.6620950539526,617.590659478334
3422.640000000014,624.6502747953926,617.590659478334
3422.984000000055,624.6509943613341,617.590659478334
3423.3279999999795,624.6510008623312,617.590659478334
3423.6720000000205,624.658296304867,617.590659478334
3424.0310000000754,624.6535161218671,617.590659478334
3424.359000000055,624.6538924273466,617.590659478334
3424.7029999999795,624.6575235952607,617.590659478334
3425.0620000000345,624.658702526244,617.590659478334
3425.4060000000754,624.6499743201464,617.590659478334
3425.734000000055,624.6517357690462,617.590659478334
3426.0620000000345,624.6476852738064,617.590659478334
3426.4220000000205,624.6483785003447,617.590659478334
3426.765000000014,624.6491561960376,617.590659478334
3427.109000000055,624.6564889717247,617.590659478334
3427.4529999999795,624.6520228270372,617.590659478334
3427.7970000000205,624.6527064283694,617.590659478334
3428.125,624.6517273266201,617.590659478334
3428.484000000055,624.6507495390049,617.590659478334
3428.8279999999795,624.6414610799706,617.590659478334
3429.1720000000205,624.6473039401626,617.590659478334
3429.515000000014,624.6578998118554,617.590659478334
3429.8429999999935,624.6508996580292,617.590659478334
3430.2029999999795,624.6468475194114,617.590659478334
3430.5310000000754,624.6597255673425,617.590659478334
3430.875,624.6542575581807,617.590659478334
3431.2179999999935,624.6482543782718,617.590659478334
3431.5620000000345,624.6425910607579,617.590659478334
3431.9060000000754,624.6401688107885,617.590659478334
3432.25,624.6523041486597,617.590659478334
3432.5929999999935,624.6356406144655,617.590659478334
3432.9529999999795,624.6438520946067,617.590659478334
3433.2810000000754,624.6476935750384,617.590659478334
3433.640000000014,624.6642051762938,617.590659478334
3433.9679999999935,624.6546922329519,617.590659478334
3434.3279999999795,624.6581891753538,617.590659478334
3434.6720000000205,624.6549337321813,617.590659478334
3435.015000000014,624.6481166986323,617.590659478334
3435.359000000055,624.6478003342978,617.590659478334
3435.6870000000345,624.6525665658663,617.590659478334
3436.0310000000754,624.6526564471251,617.590659478334
3436.390000000014,624.6470396059174,617.590659478334
3436.7179999999935,624.6466463435066,617.590659478334
3437.1870000000345,624.6411950043102,617.590659478334
3437.515000000014,624.6401906200159,617.590659478334
3437.875,624.644279670642,617.590659478334
3438.2179999999935,624.6518809203577,617.590659478334
3438.5620000000345,624.6473826159453,617.590659478334
3438.9060000000754,624.6373415414733,617.590659478334
3439.25,624.6399079527711,617.590659478334
3439.609000000055,624.6346481038039,617.590659478334
3439.9529999999795,624.6381454889682,617.590659478334
3440.2970000000205,624.6371164906494,617.590659478334
3440.640000000014,624.6360284961153,617.590659478334
3440.984000000055,624.6355943920278,617.590659478334
3441.3279999999795,624.6346347142667,617.590659478334
3441.6870000000345,624.6464709578252,617.590659478334
3442.015000000014,624.6362724073157,617.590659478334
3442.375,624.6427462137063,617.590659478334
3442.7029999999795,624.6480443297681,617.590659478334
3443.0620000000345,624.6409363936565,617.590659478334
3443.4060000000754,624.6450857721993,617.590659478334
3443.75,624.6453682573472,617.590659478334
3444.0929999999935,624.6291732961048,617.590659478334
3444.4370000000345,624.6394712873057,617.590659478334
3444.7810000000754,624.6336975746875,617.590659478334
3445.125,624.6401721414809,617.590659478334
3445.4679999999935,624.6486708993293,617.590659478334
3445.8120000000345,624.6448263590395,617.590659478334
3446.1560000000754,624.6274099592843,617.590659478334
3446.515000000014,624.6443043364488,617.590659478334
3446.859000000055,624.6272957740562,617.590659478334
3447.2029999999795,624.6363982719514,617.590659478334
3447.5470000000205,624.6291342326034,617.590659478334
3447.890000000014,624.6403848775496,617.590659478334
3448.234000000055,624.6350255984739,617.590659478334
3448.5779999999795,624.6326139386385,617.590659478334
3448.9220000000205,624.6290157661257,617.590659478334
3449.2810000000754,624.643453329444,617.590659478334
3449.640000000014,624.6394461839586,617.590659478334
3449.984000000055,624.6343842913301,617.590659478334
3450.3120000000345,624.6236391340376,617.590659478334
3450.6720000000205,624.617125462423,617.590659478334
3451.0,624.6413113723992,617.590659478334
3451.3429999999935,624.6373490704324,617.590659478334
3451.7029999999795,624.6372922755698,617.590659478334
3452.0310000000754,624.6330846949509,617.590659478334
3452.375,624.6430736440466,617.590659478334
3452.734000000055,624.6276321493308,617.590659478334
3453.0779999999795,624.6385935016375,617.590659478334
3453.4060000000754,624.6412362206105,617.590659478334
3453.75,624.6316457042617,617.590659478334
3454.109000000055,624.6319215197382,617.590659478334
3454.4370000000345,624.642250388807,617.590659478334
3454.7810000000754,624.6354090121772,617.590659478334
3455.125,624.6379706201411,617.590659478334
3455.484000000055,624.6308163242815,617.590659478334
3455.8120000000345,624.6369324759328,617.590659478334
3456.1720000000205,624.6291437099667,617.590659478334
3456.515000000014,624.6277139899003,617.590659478334
3456.859000000055,624.6389694508465,617.590659478334
3457.2029999999795,624.641358892096,617.590659478334
3457.5470000000205,624.6409231057164,617.590659478334
3457.890000000014,624.3081762212553,617.590659478334
3458.234000000055,624.0066744190799,617.590659478334
3458.5779999999795,623.9281243620073,617.590659478334
3458.9370000000345,623.9025688347351,617.590659478334
3459.2810000000754,623.8785292669504,617.590659478334
3459.625,623.8545126420078,617.590659478334
3459.9679999999935,623.8354748519939,617.590659478334
3460.3120000000345,623.8414637492357,617.590659478334
3460.6560000000754,623.835013153939,617.590659478334
3461.0,623.8185506613427,617.590659478334
3461.3429999999935,623.8168723848016,617.590659478334
3461.7029999999795,623.8252493681294,617.590659478334
3462.0470000000205,623.8204241934137,617.590659478334
3462.390000000014,623.822443598293,617.590659478334
3462.734000000055,623.8106918461561,617.590659478334
3463.0779999999795,623.8165509739874,617.590659478334
3463.4220000000205,623.7949566654808,617.590659478334
3463.765000000014,623.8062753229642,617.590659478334
3464.109000000055,623.8064063866627,617.590659478334
3464.4529999999795,623.8062991086741,617.590659478334
3464.7970000000205,623.8018215397877,617.590659478334
3465.140000000014,623.8074645049667,617.590659478334
3465.484000000055,623.7874991183927,617.590659478334
3465.8120000000345,623.8080931259906,617.590659478334
3466.1720000000205,623.7967357983298,617.590659478334
3466.515000000014,623.805740559292,617.590659478334
3466.859000000055,623.7871422420686,617.590659478334
3467.2029999999795,623.7942405719353,617.590659478334
3467.5470000000205,623.7904742353909,617.590659478334
3467.875,623.7901153294159,617.590659478334
3468.234000000055,623.7983507190311,617.590659478334
3468.5779999999795,623.790164159125,617.590659478334
3468.9220000000205,623.7795608004617,617.590659478334
3469.265000000014,623.7928131331468,617.590659478334
3469.609000000055,623.8197932409582,617.590659478334
3469.9529999999795,623.8217373739727,617.590659478334
3470.2970000000205,623.9141085107295,617.590659478334
3470.640000000014,623.9456275074482,617.590659478334
3470.984000000055,623.9360753283482,617.590659478334
3471.3279999999795,623.9287912436503,617.590659478334
3471.6870000000345,623.909464067923,617.590659478334
3472.0310000000754,623.9209054340002,617.590659478334
3472.390000000014,623.9092541230902,617.590659478334
3472.7179999999935,623.9093975357853,617.590659478334
3473.1870000000345,623.926024625981,617.590659478334
3473.5310000000754,623.9103674166732,617.590659478334
3473.875,623.9148913529835,617.590659478334
3474.2179999999935,623.9180369163406,617.590659478334
3474.5779999999795,623.91071489292,617.590659478334
3474.9060000000754,623.8963663939128,617.590659478334
3475.265000000014,623.917652726918,617.590659478334
3475.609000000055,623.9109377976808,617.590659478334
3475.9529999999795,623.9053150352157,617.590659478334
3476.2970000000205,623.8965831337324,617.590659478334
3476.640000000014,623.9313312755246,617.590659478334
3476.984000000055,623.9419067537892,617.590659478334
3477.3279999999795,623.9509184223233,617.590659478334
3477.7029999999795,623.9539202082352,617.590659478334
3478.0470000000205,623.9375194794387,617.590659478334
3478.390000000014,623.9331642001696,617.590659478334
3478.734000000055,623.9305291038127,617.590659478334
3479.0779999999795,623.9207700321605,617.590659478334
3479.4220000000205,623.9239926632588,617.590659478334
3479.765000000014,623.9203477195751,617.590659478334
3480.109000000055,623.9151173974853,617.590659478334
3480.4529999999795,623.9208411354939,617.590659478334
3480.7970000000205,623.9207141762722,617.590659478334
3481.140000000014,623.9330163056867,617.590659478334
3481.5,623.9194465428419,617.590659478334
3481.8429999999935,623.9261908363535,617.590659478334
3482.1870000000345,623.9269835408129,617.590659478334
3482.515000000014,623.9145715361176,617.590659478334
3482.875,623.9202897740468,617.590659478334
3483.2179999999935,623.9097776736648,617.590659478334
3483.5779999999795,623.9206821922467,617.590659478334
3483.9060000000754,623.9131407809701,617.590659478334
3484.265000000014,623.9250560522103,617.590659478334
3484.5929999999935,623.9214629346692,617.590659478334
3484.9529999999795,623.9261493204161,617.590659478334
3485.2970000000205,623.9154796570386,617.590659478334
3485.640000000014,623.9080695080777,617.590659478334
3485.984000000055,623.9145188642123,617.590659478334
3486.3429999999935,623.9135931126625,617.590659478334
3486.6870000000345,623.9178883887005,617.590659478334
3487.0310000000754,623.9092467018854,617.590659478334
3487.375,623.9250331851811,617.590659478334
3487.7179999999935,623.9175745117511,617.590659478334
3488.0620000000345,623.9136045905517,617.590659478334
3488.4060000000754,623.9217249766184,617.590659478334
3488.75,623.9070791746476,617.590659478334
3489.0929999999935,623.9119760789514,617.590659478334
3489.4370000000345,623.9161891783513,617.590659478334
3489.7970000000205,623.9198261236318,617.590659478334
3490.125,623.9283608552868,617.590659478334
3490.484000000055,623.9232091405992,617.590659478334
3490.8279999999795,623.9182484347243,617.590659478334
3491.1720000000205,623.9175482726373,617.590659478334
3491.515000000014,623.9169417543959,617.590659478334
3491.859000000055,623.916490676361,617.590659478334
3492.2029999999795,623.9175756203163,617.590659478334
3492.5620000000345,623.9165286527542,617.590659478334
3492.9060000000754,623.9204246228119,617.590659478334
3493.25,623.9148949316545,617.590659478334
3493.5929999999935,623.9199304612274,617.590659478334
3493.9370000000345,623.9092460854497,617.590659478334
3494.2810000000754,623.9271110192831,617.590659478334
3494.625,623.925181724228,617.590659478334
3494.9679999999935,623.9202555395063,617.590659478334
3495.3120000000345,623.9142999525061,617.590659478334
3495.6560000000754,623.9162416973022,617.590659478334
3496.015000000014,623.9253746979426,617.590659478334
3496.3429999999935,623.9097406487537,617.590659478334
3496.7029999999795,623.9124298184461,617.590659478334
3497.0470000000205,623.9117127703024,617.590659478334
3497.375,623.9189724093384,617.590659478334
3497.7179999999935,623.908177339261,617.590659478334
3498.0779999999795,623.9077124205913,617.590659478334
3498.4060000000754,623.915428850769,617.590659478334
3498.7810000000754,623.9275871732784,617.590659478334
3499.125,623.9394365295374,617.590659478334
3499.4679999999935,624.0824140930594,617.590659478334
3499.8120000000345,624.2472982041728,617.590659478334
3500.1720000000205,624.3286882848383,617.590659478334
3500.515000000014,624.3959754904719,617.590659478334
3500.859000000055,624.4269093483733,617.590659478334
3501.2029999999795,624.4673989148962,617.590659478334
3501.5470000000205,624.4837582616808,617.590659478334
3501.890000000014,624.4988162658778,617.590659478334
3502.234000000055,624.5165693894534,617.590659478334
3502.5779999999795,624.5293533160736,617.590659478334
3502.9220000000205,624.547036285387,617.590659478334
3503.265000000014,624.5566057093987,617.590659478334
3503.609000000055,624.5618328686202,617.590659478334
3503.9529999999795,624.5743273606772,617.590659478334
3504.2970000000205,624.5730111603267,617.590659478334
3504.640000000014,624.5781197250133,617.590659478334
3505.0,624.586571444896,617.590659478334
3505.3279999999795,624.5897370899714,617.590659478334
3505.6720000000205,624.6125758700533,617.590659478334
3506.015000000014,624.613202690812,617.590659478334
3506.359000000055,624.6112318363772,617.590659478334
3506.7029999999795,624.6185583020888,617.590659478334
3507.0470000000205,624.623424758488,617.590659478334
3507.390000000014,624.6213708967261,617.590659478334
3507.734000000055,624.6232938027024,617.590659478334
3508.0779999999795,624.6375401777707,617.590659478334
3508.4370000000345,624.6377556502063,617.590659478334
3508.7810000000754,624.6385617016383,617.590659478334
3509.265000000014,624.6354159157835,617.590659478334
3509.609000000055,624.6631135324171,617.590659478334
3509.9529999999795,624.6340782523447,617.590659478334
3510.2970000000205,624.6622447035566,617.590659478334
3510.6560000000754,624.6694493517474,617.590659478334
3510.984000000055,624.65502715822,617.590659478334
3511.3279999999795,624.6671212151961,617.590659478334
3511.6870000000345,624.6506679033789,617.590659478334
3512.0310000000754,624.6588723446582,617.590659478334
3512.375,624.6831019238161,617.590659478334
3512.7179999999935,624.6818296245964,617.590659478334
3513.0470000000205,624.6743378873796,617.590659478334
3513.4060000000754,624.6812115471319,617.590659478334
3513.734000000055,624.6612355357735,617.590659478334
3514.0779999999795,624.662960261609,617.590659478334
3514.4220000000205,624.6691382385039,617.590659478334
3514.765000000014,624.6630730206415,617.590659478334
3515.109000000055,624.6523245822623,617.590659478334
3515.4529999999795,624.647055293586,617.590659478334
3515.7970000000205,624.6434837210123,617.590659478334
3516.140000000014,624.6528739896589,617.590659478334
3516.4679999999935,624.6442642306529,617.590659478334
3516.8120000000345,624.6399216363249,617.590659478334
3517.1560000000754,624.6302201463592,617.590659478334
3517.515000000014,624.6220160067518,617.590659478334
3517.859000000055,624.626431209405,617.590659478334
3518.2029999999795,624.6303984643464,617.590659478334
3518.5470000000205,624.6224054385302,617.590659478334
3518.875,624.6084627289009,617.590659478334
3519.2179999999935,624.616747299245,617.590659478334
3519.5620000000345,624.6087901414382,617.590659478334
3519.9220000000205,624.6089830040265,617.590659478334
3520.265000000014,624.6080081746859,617.590659478334
3520.5929999999935,624.5994294404031,617.590659478334
3520.9370000000345,624.5947547641534,617.590659478334
3521.2810000000754,624.605676095043,617.590659478334
3521.625,624.5974996418583,617.590659478334
3521.9679999999935,624.6012252332408,617.590659478334
3522.3120000000345,624.619815853928,617.590659478334
3522.6560000000754,624.597726122653,617.590659478334
3523.0,624.5920573106496,617.590659478334
3523.3429999999935,624.5961085096775,617.590659478334
3523.6870000000345,624.5984891406401,617.590659478334
3524.0310000000754,624.5752233849719,617.590659478334
3524.375,624.5770150727451,617.590659478334
3524.7179999999935,624.5916716874315,617.590659478334
3525.0470000000205,624.5904253856041,617.590659478334
3525.4060000000754,624.6006365447382,617.590659478334
3525.734000000055,624.5863053898136,617.590659478334
3526.0929999999935,624.5812521708565,617.590659478334
3526.4370000000345,624.5808512119373,617.590659478334
3526.7810000000754,624.5904115893258,617.590659478334
3527.125,624.5753684566064,617.590659478334
3527.4679999999935,624.5854319738042,617.590659478334
3527.8120000000345,624.6029210637869,617.590659478334
3528.1560000000754,624.4994617126233,617.590659478334
3528.5,624.0997300514737,617.590659478334
3528.8429999999935,623.9501223075273,617.590659478334
3529.2029999999795,623.9042818018597,617.590659478334
3529.5470000000205,623.8767733892731,617.590659478334
3529.875,623.8668657549962,617.590659478334
3530.2179999999935,623.8685301664698,617.590659478334
3530.5620000000345,623.8466067429019,617.590659478334
3530.9060000000754,623.833269917342,617.590659478334
3531.25,623.8325949079673,617.590659478334
3531.5929999999935,623.8271589322483,617.590659478334
3531.9529999999795,623.819903943614,617.590659478334
3532.2970000000205,623.8281701048847,617.590659478334
3532.640000000014,623.806635555497,617.590659478334
3532.984000000055,623.8134000167544,617.590659478334
3533.3120000000345,623.8086064843487,617.590659478334
3533.6560000000754,623.8082525432989,617.590659478334
3534.0,623.8033229338832,617.590659478334
3534.359000000055,623.795766312783,617.590659478334
3534.7029999999795,623.8114155165864,617.590659478334
3535.0470000000205,623.8103011723789,617.590659478334
3535.390000000014,623.7954041163259,617.590659478334
3535.734000000055,623.8074316900232,617.590659478334
3536.0779999999795,623.8024578810786,617.590659478334
3536.4220000000205,623.7959256522673,617.590659478334
3536.765000000014,623.7947289374492,617.590659478334
3537.109000000055,623.7886511656008,617.590659478334
3537.4529999999795,623.8010329623916,617.590659478334
3537.7970000000205,623.7873734775887,617.590659478334
3538.125,623.7953831263002,617.590659478334
3538.484000000055,623.7915836187801,617.590659478334
3538.8279999999795,623.8099772665867,617.590659478334
3539.1720000000205,623.7876039702395,617.590659478334
3539.515000000014,623.7933050276316,617.590659478334
3539.8429999999935,623.7965498568634,617.590659478334
3540.1870000000345,623.7844234981457,617.590659478334
3540.5310000000754,623.7839449574303,617.590659478334
3540.875,623.7838716541215,617.590659478334
3541.2179999999935,623.8057052243208,617.590659478334
3541.5620000000345,623.8177692192194,617.590659478334
3541.9060000000754,623.9240242966708,617.590659478334
3542.25,623.9344663841897,617.590659478334
3542.609000000055,623.9398322332307,617.590659478334
3542.9529999999795,623.9355623408727,617.590659478334
3543.2810000000754,623.9299480173078,617.590659478334
3543.6560000000754,623.9396670043661,617.590659478334
3544.0,623.9258089785544,617.590659478334
3544.3429999999935,623.9158376241908,617.590659478334
3544.7029999999795,623.9243448998936,617.590659478334
3545.0470000000205,623.9186203834855,617.590659478334
3545.4060000000754,623.9144838437195,617.590659478334
3545.734000000055,623.9110442669252,617.590659478334
3546.0929999999935,623.9085412470407,617.590659478334
3546.4370000000345,623.9182362730496,617.590659478334
3546.7810000000754,623.9159029898104,617.590659478334
3547.125,623.9067644440762,617.590659478334
3547.4679999999935,623.9138308004689,617.590659478334
3547.8120000000345,623.9064307961129,617.590659478334
3548.1560000000754,623.9170375011973,617.590659478334
3548.515000000014,623.9136802938978,617.590659478334
3548.859000000055,623.9174091528454,617.590659478334
3549.2029999999795,623.9140891073309,617.590659478334
3549.5470000000205,623.9180689721045,617.590659478334
3549.875,623.9098828835586,617.590659478334
3550.234000000055,623.9188473894231,617.590659478334
3550.5779999999795,623.9174788938564,617.590659478334
3550.9220000000205,623.9151640789992,617.590659478334
3551.265000000014,623.9035913523111,617.590659478334
3551.609000000055,623.9212299887082,617.590659478334
3551.9529999999795,623.915666485603,617.590659478334
3552.2970000000205,623.9194099637224,617.590659478334
3552.6560000000754,623.9017903057962,617.590659478334
3553.0,623.9202917974193,617.590659478334
3553.3429999999935,623.9172031867481,617.590659478334
3553.6870000000345,623.9253346766918,617.590659478334
3554.0310000000754,623.9131284676363,617.590659478334
3554.375,623.9198763397026,617.590659478334
3554.7179999999935,623.9308457842143,617.590659478334
3555.0620000000345,623.8993344594857,617.590659478334
3555.4060000000754,623.8389611027388,617.590659478334
3555.765000000014,623.8337872789571,617.590659478334
3556.109000000055,623.8352715498829,617.590659478334
3556.4529999999795,623.8408717043307,617.590659478334
3556.7970000000205,623.8419097320077,617.590659478334
3557.3120000000345,623.8335095336465,617.590659478334
3557.640000000014,623.8161392160973,617.590659478334
3558.0,623.8061493892924,617.590659478334
3558.3429999999935,623.8141446058587,617.590659478334
3558.6720000000205,623.7956821194598,617.590659478334
3559.015000000014,623.7999886476908,617.590659478334
3559.359000000055,623.7974371280237,617.590659478334
3559.7029999999795,623.7965590152417,617.590659478334
3560.0620000000345,623.7954004067118,617.590659478334
3560.390000000014,623.7982635862858,617.590659478334
3560.734000000055,623.7917793925515,617.590659478334
3561.0779999999795,623.7922573163366,617.590659478334
3561.4220000000205,623.8008161762515,617.590659478334
3561.75,623.8023802242116,617.590659478334
3562.109000000055,623.7747864657144,617.590659478334
3562.4529999999795,623.7945762654092,617.590659478334
3562.7970000000205,623.7913247039766,617.590659478334
3563.140000000014,623.8029216165514,617.590659478334
3563.484000000055,623.7936819076573,617.590659478334
3563.8279999999795,623.7971884113928,617.590659478334
3564.1720000000205,623.7965709112591,617.590659478334
3564.515000000014,623.7876811243495,617.590659478334
3564.859000000055,623.7852342926592,617.590659478334
3565.2179999999935,623.7876121671208,617.590659478334
3565.5620000000345,623.7977194296552,617.590659478334
3565.9060000000754,623.7847615297654,617.590659478334
3566.234000000055,623.7996293798351,617.590659478334
3566.5929999999935,623.7790240338509,617.590659478334
3566.9370000000345,623.7798642408601,617.590659478334
3567.2810000000754,623.8030540091107,617.590659478334
3567.625,623.7936573912538,617.590659478334
3567.9679999999935,623.7913916083618,617.590659478334
3568.3120000000345,623.8074672091644,617.590659478334
3568.6720000000205,623.8169329635197,617.590659478334
3569.015000000014,623.9023435100903,617.590659478334
3569.359000000055,623.9224022496571,617.590659478334
3569.7029999999795,623.9372576532795,617.590659478334
3570.0470000000205,623.9319211644635,617.590659478334
3570.4060000000754,623.9292695809144,617.590659478334
3570.75,623.9204120813164,617.590659478334
3571.0779999999795,623.9265316400395,617.590659478334
3571.4370000000345,623.9170649902629,617.590659478334
3571.7810000000754,623.917540085158,617.590659478334
3572.125,623.9187799360427,617.590659478334
3572.4679999999935,623.8970624764863,617.590659478334
3572.8120000000345,623.9109709249217,617.590659478334
3573.1720000000205,623.9136868362931,617.590659478334
3573.515000000014,623.9198106303029,617.590659478334
3573.859000000055,623.8987387094564,617.590659478334
3574.2029999999795,623.9172441662712,617.590659478334
3574.5470000000205,623.9114595614622,617.590659478334
3574.890000000014,623.9083283103669,617.590659478334
3575.234000000055,623.9114516225699,617.590659478334
3575.5779999999795,623.9137795961847,617.590659478334
3575.9370000000345,623.9178505275692,617.590659478334
3576.2810000000754,623.8943017006837,617.590659478334
3576.625,623.949507628462,617.590659478334
3576.984000000055,623.9266983102908,617.590659478334
3577.3279999999795,623.9433738528054,617.590659478334
3577.6720000000205,623.9406349605093,617.590659478334
3578.0,623.9310717217408,617.590659478334
3578.359000000055,623.9310899093346,617.590659478334
3578.6870000000345,623.9276852389577,617.590659478334
3579.0470000000205,623.9353935619042,617.590659478334
3579.375,623.9297894210063,617.590659478334
3579.734000000055,623.9202824793423,617.590659478334
3580.0779999999795,623.9281404962504,617.590659478334
3580.4220000000205,623.9331181109155,617.590659478334
3580.765000000014,623.9154327008897,617.590659478334
3581.265000000014,623.9243756584232,617.590659478334
3581.5929999999935,623.9240885064498,617.590659478334
3581.9529999999795,623.9129722005135,617.590659478334
3582.2970000000205,623.9301821390413,617.590659478334
3582.6560000000754,623.9302272810702,617.590659478334
3582.984000000055,623.9085167574038,617.590659478334
3583.3429999999935,623.9203126871536,617.590659478334
3583.6870000000345,623.9156718208429,617.590659478334
3584.0310000000754,623.920021082668,617.590659478334
3584.375,623.9110663934198,617.590659478334
3584.7179999999935,623.9202806269708,617.590659478334
3585.0620000000345,623.9160633313879,617.590659478334
3585.4060000000754,623.922921000468,617.590659478334
3585.75,623.9281999192314,617.590659478334
3586.0929999999935,623.9160085404814,617.590659478334
3586.4370000000345,623.9190270532548,617.590659478334
3586.7970000000205,623.9247138023313,617.590659478334
3587.1560000000754,623.9153591378963,617.590659478334
3587.5,623.9182214417856,617.590659478334
3587.8429999999935,623.9136609392622,617.590659478334
3588.1870000000345,623.9122944154028,617.590659478334
3588.5310000000754,623.9185181097492,617.590659478334
3588.875,623.9151490416173,617.590659478334
3589.2179999999935,623.9112994001935,617.590659478334
3589.5779999999795,623.9243819893406,617.590659478334
3589.9220000000205,623.9257020802331,617.590659478334
3590.265000000014,623.9970586717463,617.590659478334
3590.609000000055,624.2404056771703,617.590659478334
3590.9529999999795,624.3890946429635,617.590659478334
3591.2970000000205,624.4390381358551,617.590659478334
3591.6870000000345,624.4906419347489,617.590659478334
3592.0310000000754,624.5236427264484,617.590659478334
3592.375,624.545189618413,617.590659478334
3592.7179999999935,624.5442010553601,617.590659478334
3593.1560000000754,624.5594098250347,617.590659478334
3593.5,624.5729495847208,617.590659478334
3593.859000000055,624.5875224093185,617.590659478334
3594.2029999999795,624.6002046399371,617.590659478334
3594.5310000000754,624.6087695451625,617.590659478334
3594.875,624.6075542093636,617.590659478334
3595.2179999999935,624.6132620745715,617.590659478334
3595.5620000000345,624.6271066950096,617.590659478334
3595.9060000000754,624.6247422901735,617.590659478334
3596.25,624.6333892638955,617.590659478334
3596.5929999999935,624.6475861620429,617.590659478334
3596.9529999999795,624.6505564955827,617.590659478334
3597.2970000000205,624.6610857003526,617.590659478334
3597.625,624.6609963840968,617.590659478334
3597.984000000055,624.6564678968354,617.590659478334
3598.3279999999795,624.6530443647055,617.590659478334
3598.6720000000205,624.6540147902504,617.590659478334
3599.015000000014,624.6589761665482,617.590659478334
3599.359000000055,624.6729231647498,617.590659478334
3599.7029999999795,624.6698604395549,617.590659478334
3600.0470000000205,624.6783108103729,617.590659478334
3600.390000000014,624.6784353586181,617.590659478334
3600.734000000055,624.6923408555197,617.590659478334
3601.0779999999795,624.68749559977,617.590659478334
3601.4220000000205,624.6979219332754,617.590659478334
3601.765000000014,624.692718949375,617.590659478334
3602.109000000055,624.7028698910668,617.590659478334
3602.4529999999795,624.6934778111394,617.590659478334
3602.7970000000205,624.6791748603628,617.590659478334
3603.140000000014,624.6908930879808,617.590659478334
3603.484000000055,624.7064771164522,617.590659478334
3603.8429999999935,624.7002863457743,617.590659478334
3604.1870000000345,624.6994137191358,617.590659478334
3604.5310000000754,624.7042052711345,617.590659478334
3604.875,624.7024411047722,617.590659478334
3605.25,624.7182510444513,617.590659478334
3605.5929999999935,624.7210303388621,617.590659478334
3605.9370000000345,624.7219272134349,617.590659478334
3606.2810000000754,624.7104689080271,617.590659478334
3606.640000000014,624.7092407932154,617.590659478334
3606.984000000055,624.7125908688146,617.590659478334
3607.3279999999795,624.7335515249305,617.590659478334
3607.6870000000345,624.723261758312,617.590659478334
3608.0470000000205,624.7222775280961,617.590659478334
3608.390000000014,624.7094272105251,617.590659478334
3608.734000000055,624.7140434154342,617.590659478334
3609.0779999999795,624.7284551173069,617.590659478334
3609.4220000000205,624.736752851702,617.590659478334
3609.765000000014,624.7343738466511,617.590659478334
3610.109000000055,624.7282742523735,617.590659478334
3610.4529999999795,624.7357895842133,617.590659478334
3610.7970000000205,624.7367442570379,617.590659478334
3611.1560000000754,624.732669597049,617.590659478334
3611.5,624.7331461117286,617.590659478334
3611.8429999999935,624.7434854292613,617.590659478334
3612.1870000000345,624.7478210759705,617.590659478334
3612.5470000000205,624.7410122313318,617.590659478334
3612.875,624.7336767052736,617.590659478334
3613.234000000055,624.7499923703808,617.590659478334
3613.5779999999795,624.734233921796,617.590659478334
3613.9060000000754,624.7415313084224,617.590659478334
3614.265000000014,624.7497434764251,617.590659478334
3614.5929999999935,624.7411857726723,617.590659478334
3614.9529999999795,624.7370854255972,617.590659478334
3615.2970000000205,624.7245147352915,617.590659478334
3615.640000000014,624.7467164815977,617.590659478334
3615.984000000055,624.7445348863431,617.590659478334
3616.3429999999935,624.7494247452685,617.590659478334
3616.6720000000205,624.7482012809206,617.590659478334
3617.015000000014,624.7488997658409,617.590659478334
3617.375,624.7445762274624,617.590659478334
3617.7029999999795,624.7486274188025,617.590659478334
3618.0470000000205,624.7614003997506,617.590659478334
3618.390000000014,624.7426612372486,617.590659478334
3618.734000000055,624.7526364282642,617.590659478334
3619.0779999999795,624.7537336783789,617.590659478334
3619.4220000000205,624.7583698840308,617.590659478334
3619.765000000014,624.7517331061179,617.590659478334
3620.109000000055,624.7505430575025,617.590659478334
3620.4529999999795,624.7568012876866,617.590659478334
3620.7970000000205,624.7523583260581,617.590659478334
3621.140000000014,624.7569409215222,617.590659478334
3621.484000000055,624.7667589286834,617.590659478334
3621.8279999999795,624.7613831361888,617.590659478334
3622.1720000000205,624.7624262251039,617.590659478334
3622.515000000014,624.7642778520158,617.590659478334
3622.875,624.7584189649219,617.590659478334
3623.2179999999935,624.770137945744,617.590659478334
3623.5620000000345,624.7611965240386,617.590659478334
3623.9060000000754,624.763588034404,617.590659478334
3624.25,624.7734324326856,617.590659478334
3624.5929999999935,624.7531510216824,617.590659478334
3624.9370000000345,624.7611550172993,617.590659478334
3625.2810000000754,624.7664327430356,617.590659478334
3625.625,624.7547807511597,617.590659478334
3625.984000000055,624.7739470388541,617.590659478334
3626.3279999999795,624.7691090453579,617.590659478334
3626.6720000000205,624.7711271604471,617.590659478334
3627.015000000014,624.7727659327908,617.590659478334
3627.3429999999935,624.7810750079431,617.590659478334
3627.7029999999795,624.7632637386233,617.590659478334
3628.0470000000205,624.7591828546268,617.590659478334
3628.390000000014,624.7790040643006,617.590659478334
3628.734000000055,624.7664704702966,617.590659478334
3629.1720000000205,624.7709396388875,617.590659478334
3629.5310000000754,624.7701608227705,617.590659478334
3629.875,624.7737020095353,617.590659478334
3630.2179999999935,624.7614438057227,617.590659478334
3630.5620000000345,624.7845415268503,617.590659478334
3630.9060000000754,624.7871820010671,617.590659478334
3631.25,624.7817823931599,617.590659478334
3631.5929999999935,624.7894546085963,617.590659478334
3631.9370000000345,624.7894246246174,617.590659478334
3632.2810000000754,624.7776145772165,617.590659478334
3632.625,624.7780648173724,617.590659478334
3632.984000000055,624.7778093190975,617.590659478334
3633.3279999999795,624.777313704406,617.590659478334
3633.6720000000205,624.777171714063,617.590659478334
3634.015000000014,624.7844393125689,617.590659478334
3634.359000000055,624.7864718299743,617.590659478334
3634.7029999999795,624.7810912781572,617.590659478334
3635.0470000000205,624.7778708505962,617.590659478334
3635.390000000014,624.7790041349056,617.590659478334
3635.734000000055,624.7757324117613,617.590659478334
3636.0779999999795,624.7957973493164,617.590659478334
3636.4220000000205,624.782357761015,617.590659478334
3636.765000000014,624.774562468085,617.590659478334
3637.125,624.7901579121535,617.590659478334
3637.4529999999795,624.7842063471354,617.590659478334
3637.7970000000205,624.7934548177449,617.590659478334
3638.1560000000754,624.7813787092462,617.590659478334
3638.484000000055,624.7852345297273,617.590659478334
3638.8429999999935,624.7928099921936,617.590659478334
3639.1870000000345,624.7933102393216,617.590659478334
3639.5310000000754,624.7964019853549,617.590659478334
3639.875,624.7846576733816,617.590659478334
3640.2179999999935,624.7870424046023,617.590659478334
3640.5620000000345,624.7892947604093,617.590659478334
3640.9060000000754,624.7926080487546,617.590659478334
3641.25,624.7923566211176,617.590659478334
3641.5929999999935,624.7922213301484,617.590659478334
3641.9370000000345,624.787291906659,617.590659478334
3642.2810000000754,624.7905535241052,617.590659478334
3642.625,624.797211076337,617.590659478334
3642.9679999999935,624.794961238193,617.590659478334
3643.3120000000345,624.7766285092295,617.590659478334
3643.7029999999795,624.7895483119987,617.590659478334
3644.0470000000205,624.7972591236721,617.590659478334
3644.390000000014,624.8000159370147,617.590659478334
3644.734000000055,624.7976821538888,617.590659478334
3645.0779999999795,624.7835266856379,617.590659478334
3645.4220000000205,624.7969847690538,617.590659478334
3645.765000000014,624.7898490100225,617.590659478334
3646.109000000055,624.7818846652767,617.590659478334
3646.4529999999795,624.790665187866,617.590659478334
3646.7970000000205,624.7939953566225,617.590659478334
3647.1560000000754,624.7867335171702,617.590659478334
3647.484000000055,624.800563694289,617.590659478334
3647.8429999999935,624.8005661996181,617.590659478334
3648.1870000000345,624.8072509068179,617.590659478334
3648.5310000000754,624.8045953448178,617.590659478334
3648.890000000014,624.7911374143355,617.590659478334
3649.234000000055,624.7841971280747,617.590659478334
3649.5779999999795,624.8007237237563,617.590659478334
3649.9220000000205,624.7953946596166,617.590659478334
3650.265000000014,624.7969853604629,617.590659478334
3650.5929999999935,624.7940674638137,617.590659478334
3650.9529999999795,624.8006649390115,617.590659478334
3651.2970000000205,624.8015584559513,617.590659478334
3651.6560000000754,624.7898848998121,617.590659478334
3652.0,624.8033883764134,617.590659478334
3652.3279999999795,624.7981097010766,617.590659478334
3652.6720000000205,624.7964772960763,617.590659478334
3653.0310000000754,624.8099086380009,617.590659478334
3653.3429999999935,624.8101568348984,617.590659478334
3653.7029999999795,624.792405406849,617.590659478334
3654.0470000000205,624.8159457093111,617.590659478334
3654.375,624.7962139674314,617.590659478334
3654.734000000055,624.7999323152308,617.590659478334
3655.0779999999795,624.807045427216,617.590659478334
3655.4060000000754,624.8007941612173,617.590659478334
3655.765000000014,624.8133166556518,617.590659478334
3656.0929999999935,624.8101359668716,617.590659478334
3656.4529999999795,624.8073053103091,617.590659478334
3656.7810000000754,624.7975601711756,617.590659478334
3657.140000000014,624.7989144861347,617.590659478334
3657.4679999999935,624.7984427052039,617.590659478334
3657.8120000000345,624.8145684450043,617.590659478334
3658.1720000000205,624.8038891713302,617.590659478334
3658.5,624.8079144158523,617.590659478334
3658.859000000055,624.8238259575849,617.590659478334
3659.2029999999795,624.8262094420714,617.590659478334
3659.5470000000205,624.7928222813003,617.590659478334
3659.890000000014,624.7869317681054,617.590659478334
3660.234000000055,624.7936777531969,617.590659478334
3660.5779999999795,624.7814947288263,617.590659478334
3660.9220000000205,624.7810476636556,617.590659478334
3661.265000000014,624.7776607841239,617.590659478334
3661.609000000055,624.7694308167962,617.590659478334
3661.9529999999795,624.7819524710213,617.590659478334
3662.2970000000205,624.7752584418561,617.590659478334
3662.640000000014,624.7627425839603,617.590659478334
3662.984000000055,624.7637635403327,617.590659478334
3663.3279999999795,624.7338170966519,617.590659478334
3663.6720000000205,624.7546305775292,617.590659478334
3664.0310000000754,624.7606237384311,617.590659478334
3664.375,624.7404621360919,617.590659478334
3664.7179999999935,624.7420776671883,617.590659478334
3665.140000000014,624.7509272034858,617.590659478334
3665.484000000055,624.7354717501121,617.590659478334
3665.8279999999795,624.7423610899393,617.590659478334
3666.1720000000205,624.7280701586875,617.590659478334
3666.515000000014,624.7503388497558,617.590659478334
3666.859000000055,624.7307514993287,617.590659478334
3667.2179999999935,624.743870275435,617.590659478334
3667.5620000000345,624.726102948829,617.590659478334
3667.9060000000754,624.7157448806562,617.590659478334
3668.25,624.7271463503236,617.590659478334
3668.5929999999935,624.7376153663157,617.590659478334
3668.9370000000345,624.7171423645407,617.590659478334
3669.2810000000754,624.7186972248678,617.590659478334
3669.625,624.7142618246875,617.590659478334
3669.984000000055,624.7081398638936,617.590659478334
3670.3279999999795,624.7233242849613,617.590659478334
3670.6720000000205,624.7226847396469,617.590659478334
3671.015000000014,624.7271253868032,617.590659478334
3671.359000000055,624.7147647446621,617.590659478334
3671.7029999999795,624.7089967724637,617.590659478334
3672.0470000000205,624.7041682654486,617.590659478334
3672.390000000014,624.7120147923127,617.590659478334
3672.734000000055,624.7172077627968,617.590659478334
3673.0779999999795,624.7231964074655,617.590659478334
3673.4220000000205,624.7124361120025,617.590659478334
3673.765000000014,624.7110760041817,617.590659478334
3674.109000000055,624.7239787577564,617.590659478334
3674.4679999999935,624.7071447973091,617.590659478334
3674.8120000000345,624.7091329580951,617.590659478334
3675.1560000000754,624.7116859344906,617.590659478334
3675.515000000014,624.7030261870343,617.590659478334
3675.8429999999935,624.7063114891231,617.590659478334
3676.1870000000345,624.7018903520212,617.590659478334
3676.5310000000754,624.6992316401044,617.590659478334
3676.875,624.7041828481459,617.590659478334
3677.2810000000754,624.701722574716,617.590659478334
3677.625,624.698071907127,617.590659478334
3677.9679999999935,624.697859466528,617.590659478334
3678.3120000000345,624.6980494787309,617.590659478334
3678.6560000000754,624.7056858122164,617.590659478334
3679.0,624.7000343478617,617.590659478334
3679.359000000055,624.7113619572676,617.590659478334
3679.7029999999795,624.7029164293215,617.590659478334
3680.0470000000205,624.7061318326229,617.590659478334
3680.390000000014,624.699858558592,617.590659478334
3680.734000000055,624.690821153928,617.590659478334
3681.0620000000345,624.6941003552811,617.590659478334
3681.4220000000205,624.6992775083776,617.590659478334
3681.765000000014,624.6823729473052,617.590659478334
3682.109000000055,624.7001158871097,617.590659478334
3682.4529999999795,624.6927733727487,617.590659478334
3682.7970000000205,624.6907030813885,617.590659478334
3683.140000000014,624.6915466416618,617.590659478334
3683.484000000055,624.6934578441947,617.590659478334
3683.8279999999795,624.6849347080783,617.590659478334
3684.1720000000205,624.6892538388287,617.590659478334
3684.5310000000754,624.6866106177233,617.590659478334
3684.859000000055,624.6993549450858,617.590659478334
3685.2029999999795,624.6852723291877,617.590659478334
3685.5620000000345,624.6944179788459,617.590659478334
3685.9060000000754,624.7060161647505,617.590659478334
3686.234000000055,624.6916930142233,617.590659478334
3686.5929999999935,624.6885799320266,617.590659478334
3686.9370000000345,624.6968359315674,617.590659478334
3687.2810000000754,624.6730304538495,617.590659478334
3687.625,624.6927941922149,617.590659478334
3687.9679999999935,624.6901540460127,617.590659478334
3688.3279999999795,624.6847355773253,617.590659478334
3688.6720000000205,624.691011669158,617.590659478334
3689.015000000014,624.6807120772089,617.590659478334
3689.375,624.690880248043,617.590659478334
3689.7179999999935,624.6781719445105,617.590659478334
3690.0470000000205,624.6912522921681,617.590659478334
3690.390000000014,624.6823901149672,617.590659478334
3690.734000000055,624.6878762951602,617.590659478334
3691.0779999999795,624.6797223625261,617.590659478334
3691.4220000000205,624.6824644979287,617.590659478334
3691.765000000014,624.6892970582076,617.590659478334
3692.125,624.6788198275101,617.590659478334
3692.4679999999935,624.6807301160576,617.590659478334
3692.8120000000345,624.6792715674753,617.590659478334
3693.1560000000754,624.6808349478408,617.590659478334
3693.484000000055,624.6755279863905,617.590659478334
3693.8429999999935,624.6827341903715,617.590659478334
3694.1720000000205,624.6798359163693,617.590659478334
3694.5310000000754,624.6904180455591,617.590659478334
3694.875,624.6774518730725,617.590659478334
3695.2179999999935,624.6793784318601,617.590659478334
3695.5620000000345,624.671558012702,617.590659478334
3695.9060000000754,624.6762585599677,617.590659478334
3696.25,624.6813071002982,617.590659478334
3696.5929999999935,624.6751027501813,617.590659478334
3696.9370000000345,624.6683796899156,617.590659478334
3697.2810000000754,624.6872283374191,617.590659478334
3697.625,624.69085419023,617.590659478334
3697.9679999999935,624.6625356648092,617.590659478334
3698.3279999999795,624.668946430339,617.590659478334
3698.6720000000205,624.6670339182511,617.590659478334
3699.015000000014,624.6855657517922,617.590659478334
3699.359000000055,624.6712437022463,617.590659478334
3699.7029999999795,624.6733769799961,617.590659478334
3700.0470000000205,624.6783220895608,617.590659478334
3700.4220000000205,624.6680606149467,617.590659478334
3700.765000000014,624.6818479511745,617.590659478334
3701.25,624.6809641690827,617.590659478334
3701.5929999999935,624.6858352236275,617.590659478334
3701.9370000000345,624.6840139871447,617.590659478334
3702.2810000000754,624.660041769652,617.590659478334
3702.625,624.6696632874073,617.590659478334
3702.984000000055,624.6710818515118,617.590659478334
3703.3279999999795,624.6728070024367,617.590659478334
3703.6720000000205,624.6673026577973,617.590659478334
3704.015000000014,624.6731602860825,617.590659478334
3704.359000000055,624.6758064545763,617.590659478334
3704.7029999999795,624.6745114649655,617.590659478334
3705.0470000000205,624.6776602684481,617.590659478334
3705.4220000000205,624.6667149727242,617.590659478334
3705.765000000014,624.6706047503992,617.590659478334
3706.109000000055,624.6750371108467,617.590659478334
3706.4529999999795,624.6685549635656,617.590659478334
3706.7970000000205,624.6685261283716,617.590659478334
3707.140000000014,624.6629424535654,617.590659478334
3707.484000000055,624.6607268501274,617.590659478334
3707.8279999999795,624.6724339697456,617.590659478334
3708.1720000000205,624.6602606193464,617.590659478334
3708.515000000014,624.6612616226909,617.590659478334
3708.859000000055,624.6664825776572,617.590659478334
3709.2029999999795,624.6581939073504,617.590659478334
3709.5470000000205,624.6612699771198,617.590659478334
3709.890000000014,624.667134875871,617.590659478334
3710.234000000055,624.6591806435372,617.590659478334
3710.5779999999795,624.6634522715765,617.590659478334
3710.9220000000205,624.6608694053332,617.590659478334
3711.265000000014,624.663101126692,617.590659478334
3711.609000000055,624.6600362527914,617.590659478334
3711.9529999999795,624.6641478757033,617.590659478334
3712.2970000000205,624.6671629890983,617.590659478334
3712.640000000014,624.6641192139593,617.590659478334
3712.984000000055,624.6599454344149,617.590659478334
3713.3279999999795,624.6440090280473,617.590659478334
3713.6720000000205,624.6551954443638,617.590659478334
3714.015000000014,624.659681549663,617.590659478334
3714.359000000055,624.6561208716342,617.590659478334
3714.7179999999935,624.6547705252719,617.590659478334
3715.0620000000345,624.6753335548035,617.590659478334
3715.4060000000754,624.6519585743114,617.590659478334
3715.75,624.6655898994977,617.590659478334
3716.0929999999935,624.6677536083672,617.590659478334
3716.4370000000345,624.6628830117664,617.590659478334
3716.7810000000754,624.6600469919242,617.590659478334
3717.125,624.6564201306397,617.590659478334
3717.4679999999935,624.668645775431,617.590659478334
3717.8120000000345,624.6723987826819,617.590659478334
3718.1560000000754,624.6535630056393,617.590659478334
3718.515000000014,624.6595440066119,617.590659478334
3718.8429999999935,624.660207008232,617.590659478334
3719.2029999999795,624.6674131345065,617.590659478334
3719.5470000000205,624.6536726287311,617.590659478334
3719.890000000014,624.6680371745628,617.590659478334
3720.234000000055,624.660910730772,617.590659478334
3720.5779999999795,624.6811727878903,617.590659478334
3720.9220000000205,624.3969613914583,617.590659478334
3721.265000000014,624.0622818852019,617.590659478334
3721.609000000055,623.9524053373598,617.590659478334
3721.9679999999935,623.905410588278,617.590659478334
3722.3120000000345,623.8761688676085,617.590659478334
3722.6560000000754,623.8575479132114,617.590659478334
3723.0,623.8585585641353,617.590659478334
3723.3429999999935,623.8425646205993,617.590659478334
3723.6870000000345,623.8246665998073,617.590659478334
3724.0310000000754,623.8298249033618,617.590659478334
3724.375,623.8282053099808,617.590659478334
3724.7179999999935,623.8221393680238,617.590659478334
3725.125,623.819600358517,617.590659478334
3725.4679999999935,623.8097269751983,617.590659478334
3725.8120000000345,623.8192424034182,617.590659478334
3726.1720000000205,623.7968555855502,617.590659478334
3726.515000000014,623.8124226659232,617.590659478334
3726.859000000055,623.8127089948147,617.590659478334
3727.2029999999795,623.8036657562567,617.590659478334
3727.5470000000205,623.8054722864384,617.590659478334
3727.890000000014,623.7953909315876,617.590659478334
3728.234000000055,623.8011905455245,617.590659478334
3728.5929999999935,623.8135294108608,617.590659478334
3728.9370000000345,623.8049239659622,617.590659478334
3729.2810000000754,623.7921879970158,617.590659478334
3729.625,623.7953188215012,617.590659478334
3729.9679999999935,623.796131838405,617.590659478334
3730.2970000000205,623.7910058537401,617.590659478334
3730.6560000000754,623.7973696403511,617.590659478334
3731.0,623.8066868799744,617.590659478334
3731.3429999999935,623.784396585485,617.590659478334
3731.6870000000345,623.8015273515806,617.590659478334
3732.0310000000754,623.7948004981315,617.590659478334
3732.375,623.7971988226642,617.590659478334
3732.7179999999935,623.7780699580136,617.590659478334
3733.0620000000345,623.7966187652273,617.590659478334
3733.4060000000754,623.7861019511821,617.590659478334
3733.75,623.8050644214458,617.590659478334
3734.0929999999935,623.8116328908479,617.590659478334
3734.4370000000345,623.8566985101927,617.590659478334
3734.7810000000754,623.9402905861243,617.590659478334
3735.125,623.9202664208941,617.590659478334
3735.484000000055,623.9261644361633,617.590659478334
3735.8279999999795,623.9221393470763,617.590659478334
3736.1720000000205,623.9282877919602,617.590659478334
3736.5,623.9268546752921,617.590659478334
3736.859000000055,623.92178427972,617.590659478334
3737.2810000000754,623.9094274081324,617.590659478334
3737.625,623.9136410261691,617.590659478334
3737.9679999999935,623.9186103702627,617.590659478334
3738.3120000000345,623.9188761692438,617.590659478334
3738.6560000000754,623.9133052099723,617.590659478334
3739.0,623.9262255634274,617.590659478334
3739.359000000055,623.9266425947388,617.590659478334
3739.7029999999795,623.9137831900767,617.590659478334
3740.0470000000205,623.9157382376122,617.590659478334
3740.390000000014,623.9102716756314,617.590659478334
3740.75,623.9196978045937,617.590659478334
3741.0779999999795,623.916318529736,617.590659478334
3741.4370000000345,623.9096424139029,617.590659478334
3741.7810000000754,623.914653969631,617.590659478334
3742.125,623.9310669895231,617.590659478334
3742.484000000055,623.8989392573857,617.590659478334
3742.8279999999795,623.9056179715923,617.590659478334
3743.1720000000205,623.9124746384766,617.590659478334
3743.515000000014,623.9228217071366,617.590659478334
3743.859000000055,623.9158525528165,617.590659478334
3744.2029999999795,623.9252513697106,617.590659478334
3744.5470000000205,623.9096315268488,617.590659478334
3744.890000000014,623.9073389581505,617.590659478334
3745.234000000055,623.9173742490469,617.590659478334
3745.5779999999795,623.9132785040814,617.590659478334
3745.9220000000205,623.9113798360391,617.590659478334
3746.2810000000754,623.9169964190772,617.590659478334
3746.625,623.9077237940791,617.590659478334
3746.9679999999935,623.9198162565423,617.590659478334
3747.3120000000345,623.9100113957057,617.590659478334
3747.6720000000205,623.9233514562277,617.590659478334
3748.015000000014,623.8477997678439,617.590659478334
3748.359000000055,623.8277311268638,617.590659478334
3748.7179999999935,623.8265932762623,617.590659478334
3749.0620000000345,623.8236223484687,617.590659478334
3749.4060000000754,623.8245893603103,617.590659478334
3749.734000000055,623.8271021177916,617.590659478334
3750.0929999999935,623.8218792387931,617.590659478334
3750.4370000000345,623.8271589268509,617.590659478334
3750.7810000000754,623.8135996958581,617.590659478334
3751.125,623.816751712107,617.590659478334
3751.4679999999935,623.8199210085503,617.590659478334
3751.8120000000345,623.8041898987616,617.590659478334
3752.1560000000754,623.8048476656965,617.590659478334
3752.5,623.806396849406,617.590659478334
3752.8429999999935,623.7992332573114,617.590659478334
3753.1870000000345,623.8159378380626,617.590659478334
3753.5310000000754,623.7809366394255,617.590659478334
3753.875,623.7976942713211,617.590659478334
3754.2179999999935,623.7963605757423,617.590659478334
3754.5620000000345,623.8051583014501,617.590659478334
3754.9060000000754,623.8042067145927,617.590659478334
3755.265000000014,623.8076328402608,617.590659478334
3755.609000000055,623.8026967062208,617.590659478334
3755.9529999999795,623.8170414967473,617.590659478334
3756.2970000000205,623.7897504357722,617.590659478334
3756.640000000014,623.7798858441537,617.590659478334
3756.984000000055,623.7953577110952,617.590659478334
3757.3279999999795,623.7869291694263,617.590659478334
3757.6720000000205,623.7780038786656,617.590659478334
3758.0310000000754,623.7914963316236,617.590659478334
3758.390000000014,623.7985958247937,617.590659478334
3758.734000000055,623.7924431488708,617.590659478334
3759.0779999999795,623.8062726227139,617.590659478334
3759.4370000000345,623.7751589030087,617.590659478334
3759.7970000000205,623.7890966956093,617.590659478334
3760.140000000014,623.7900861558879,617.590659478334
3760.5,623.78710778162,617.590659478334
3760.8429999999935,623.7907627553578,617.590659478334
3761.265000000014,623.8109286485349,617.590659478334
3761.625,623.8265663956705,617.590659478334
3761.9679999999935,623.9255528407733,617.590659478334
3762.3120000000345,623.927335590566,617.590659478334
3762.6720000000205,623.9253215784489,617.590659478334
3763.015000000014,623.9245640323225,617.590659478334
3763.359000000055,623.9218630079546,617.590659478334
3763.7179999999935,623.9279043064471,617.590659478334
3764.0620000000345,623.9240357857819,617.590659478334
3764.4060000000754,623.9237842675268,617.590659478334
3764.75,623.906399030422,617.590659478334
3765.0929999999935,623.910929314016,617.590659478334
3765.4529999999795,623.9072152468182,617.590659478334
3765.7970000000205,623.9026045172395,617.590659478334
3766.140000000014,623.9076477031734,617.590659478334
3766.5,623.9102400758248,617.590659478334
3766.8429999999935,623.9085471357847,617.590659478334
3767.1870000000345,623.9081061994938,617.590659478334
3767.5310000000754,623.9149365434818,617.590659478334
3767.875,623.9124310562999,617.590659478334
3768.234000000055,623.9049810803391,617.590659478334
3768.5929999999935,623.9110829747627,617.590659478334
3768.9529999999795,623.9080693529131,617.590659478334
3769.2970000000205,623.9135300732121,617.590659478334
3769.640000000014,623.9025644826885,617.590659478334
3769.984000000055,623.9147641267783,617.590659478334
3770.3279999999795,623.9099537117901,617.590659478334
3770.6720000000205,623.9119764198622,617.590659478334
3771.0310000000754,623.9107241176528,617.590659478334
3771.375,623.9140169003058,617.590659478334
3771.7179999999935,623.908907677162,617.590659478334
3772.0620000000345,623.9142013617754,617.590659478334
3772.4060000000754,623.9067341099746,617.590659478334
3772.765000000014,623.8945394720635,617.590659478334
3773.265000000014,623.9107913901491,617.590659478334
3773.5929999999935,623.9036637171766,617.590659478334
3773.9529999999795,623.9204757116581,617.590659478334
3774.2970000000205,623.8990737873985,617.590659478334
3774.640000000014,623.9327961764072,617.590659478334
3774.984000000055,623.9475254444658,617.590659478334
3775.3279999999795,623.935864315259,617.590659478334
3775.6870000000345,623.9349076154879,617.590659478334
3776.0310000000754,623.9315828889353,617.590659478334
3776.375,623.9377044744299,617.590659478334
3776.734000000055,623.9294753842016,617.590659478334
3777.0779999999795,623.930266958312,617.590659478334
3777.4220000000205,623.9132349230621,617.590659478334
3777.765000000014,623.9323373564409,617.590659478334
3778.109000000055,623.92404530762,617.590659478334
3778.4370000000345,623.9113878153278,617.590659478334
3778.7970000000205,623.9140018893139,617.590659478334
3779.125,623.9156767231772,617.590659478334
3779.484000000055,623.9100432296266,617.590659478334
3779.8279999999795,623.9207426736907,617.590659478334
3780.1720000000205,623.9162986933927,617.590659478334
3780.515000000014,623.9285103979646,617.590659478334
3780.875,623.9042381154779,617.590659478334
3781.2179999999935,623.9107258142021,617.590659478334
3781.5620000000345,623.9236644321419,617.590659478334
3781.9060000000754,623.9161553425135,617.590659478334
3782.25,623.9213058217148,617.590659478334
3782.5929999999935,623.915089886872,617.590659478334
3782.9370000000345,623.9087902935802,617.590659478334
3783.2970000000205,623.916787993004,617.590659478334
3783.640000000014,623.9118224582713,617.590659478334
3783.984000000055,623.9203391383755,617.590659478334
3784.3279999999795,623.9052052716779,617.590659478334
3784.6720000000205,623.9273706253498,617.590659478334
3785.015000000014,623.9048613452526,617.590659478334
3785.390000000014,623.9135869085231,617.590659478334
3785.734000000055,623.9194076492028,617.590659478334
3786.0779999999795,623.9183667699267,617.590659478334
3786.4220000000205,623.9061771460857,617.590659478334
3786.765000000014,623.9042002483066,617.590659478334
3787.109000000055,623.9111452942274,617.590659478334
3787.4529999999795,623.9125449478003,617.590659478334
3787.7970000000205,623.9327700432074,617.590659478334
3788.140000000014,623.9280534870055,617.590659478334
3788.484000000055,624.0917878174577,617.590659478334
3788.8279999999795,624.3222250809009,617.590659478334
3789.1720000000205,624.4065433016144,617.590659478334
3789.515000000014,624.4590901721053,617.590659478334
3789.859000000055,624.4922240588295,617.590659478334
3790.2029999999795,624.5274992091313,617.590659478334
3790.5470000000205,624.5419990190287,617.590659478334
3790.890000000014,624.5350286164812,617.590659478334
3791.234000000055,624.5621364592148,617.590659478334
3791.5779999999795,624.5766353273311,617.590659478334
3791.9370000000345,624.5923583180505,617.590659478334
3792.2810000000754,624.5869947886393,617.590659478334
3792.625,624.6004948861363,617.590659478334
3792.9679999999935,624.609501192803,617.590659478334
3793.3120000000345,624.6248742354871,617.590659478334
3793.6560000000754,624.6207261388154,617.590659478334
3794.0,624.644051799688,617.590659478334
3794.3429999999935,624.6241763146094,617.590659478334
3794.6870000000345,624.6347961155408,617.590659478334
3795.0470000000205,624.6483185351617,617.590659478334
3795.390000000014,624.6634406093386,617.590659478334
3795.75,624.6553720275754,617.590659478334
3796.109000000055,624.6623518255993,617.590659478334
3796.4529999999795,624.6622699208896,617.590659478334
3796.7970000000205,624.6620341453121,617.590659478334
3797.3120000000345,624.677271055054,617.590659478334
3797.6560000000754,624.6687111506617,617.590659478334
3798.0,624.6687033506765,617.590659478334
3798.359000000055,624.6854780927356,617.590659478334
3798.7029999999795,624.6748182419204,617.590659478334
3799.0470000000205,624.6915402686691,617.590659478334
3799.4220000000205,624.6769717270201,617.590659478334
3799.7810000000754,624.6953361246149,617.590659478334
3800.125,624.7018134770502,617.590659478334
3800.4679999999935,624.6953932119677,617.590659478334
3800.8120000000345,624.692744262703,617.590659478334
3801.1560000000754,624.6878825173164,617.590659478334
3801.515000000014,624.7071012562968,617.590659478334
3801.859000000055,624.6880066748508,617.590659478334
3802.2029999999795,624.7067025455488,617.590659478334
3802.5470000000205,624.7022879840349,617.590659478334
3802.9060000000754,624.6906088075436,617.590659478334
3803.265000000014,624.7084298462865,617.590659478334
3803.609000000055,624.710465811177,617.590659478334
3803.9679999999935,624.7209658640271,617.590659478334
3804.3279999999795,624.7179801995335,617.590659478334
3804.6720000000205,624.7220958499138,617.590659478334
3805.015000000014,624.707139022963,617.590659478334
3805.375,624.714039390976,617.590659478334
3805.7179999999935,624.7254723503695,617.590659478334
3806.0779999999795,624.7305481498748,617.590659478334
3806.4220000000205,624.725969802411,617.590659478334
3806.765000000014,624.7244938263453,617.590659478334
3807.109000000055,624.7418052132182,617.590659478334
3807.4679999999935,624.7248236774652,617.590659478334
3807.8120000000345,624.7177288800294,617.590659478334
3808.1560000000754,624.7258781146606,617.590659478334
3808.5,624.7276158067162,617.590659478334
3808.8429999999935,624.725288218633,617.590659478334
3809.265000000014,624.7388710975089,617.590659478334
3809.609000000055,624.7489180483963,617.590659478334
3809.9529999999795,624.7418176864184,617.590659478334
3810.2970000000205,624.7294288986334,617.590659478334
3810.640000000014,624.7369978381593,617.590659478334
3810.984000000055,624.7369482789322,617.590659478334
3811.3279999999795,624.7360408701295,617.590659478334
3811.6720000000205,624.7417448548879,617.590659478334
3812.015000000014,624.7552711546247,617.590659478334
3812.359000000055,624.7376662181229,617.590659478334
3812.7029999999795,624.751349751393,617.590659478334
3813.0470000000205,624.7364303767044,617.590659478334
3813.390000000014,624.7406372830982,617.590659478334
3813.75,624.7511987690975,617.590659478334
3814.0929999999935,624.7427740855802,617.590659478334
3814.4220000000205,624.7465352708099,617.590659478334
3814.765000000014,624.7457165265618,617.590659478334
3815.125,624.7441641142516,617.590659478334
3815.4679999999935,624.7500281945006,617.590659478334
3815.8120000000345,624.7491575685357,617.590659478334
3816.1560000000754,624.7522532916315,617.590659478334
3816.515000000014,624.7450698380026,617.590659478334
3816.859000000055,624.7594211895735,617.590659478334
3817.2029999999795,624.7451765368718,617.590659478334
3817.5470000000205,624.7522678864246,617.590659478334
3817.890000000014,624.758381508891,617.590659478334
3818.234000000055,624.7511265559181,617.590659478334
3818.5929999999935,624.7523828093722,617.590659478334
3818.9370000000345,624.7604538789755,617.590659478334
3819.265000000014,624.7538424911552,617.590659478334
3819.625,624.7622153232356,617.590659478334
3819.984000000055,624.7707129863751,617.590659478334
3820.3279999999795,624.7605309514028,617.590659478334
3820.6720000000205,624.7582247100843,617.590659478334
3821.015000000014,624.7605623424026,617.590659478334
3821.375,624.7658872466219,617.590659478334
3821.7179999999935,624.7656643873615,617.590659478334
3822.0620000000345,624.7701041145538,617.590659478334
3822.4220000000205,624.7565912232992,617.590659478334
3822.765000000014,624.7707990287892,617.590659478334
3823.0929999999935,624.7677965636148,617.590659478334
3823.4529999999795,624.7688248386802,617.590659478334
3823.7970000000205,624.7617847810357,617.590659478334
3824.140000000014,624.7655410473244,617.590659478334
3824.484000000055,624.7666905792674,617.590659478334
3824.8429999999935,624.7728168403186,617.590659478334
3825.1870000000345,624.7671843290466,617.590659478334
3825.5310000000754,624.781707820826,617.590659478334
3825.875,624.7811125785082,617.590659478334
3826.2179999999935,624.7672396757373,617.590659478334
3826.5779999999795,624.7751466593827,617.590659478334
3826.9220000000205,624.7760213503757,617.590659478334
3827.25,624.7787518398985,617.590659478334
3827.609000000055,624.7583260202338,617.590659478334
3827.9529999999795,624.7781322848035,617.590659478334
3828.2970000000205,624.7627100989478,617.590659478334
3828.6560000000754,624.7624857665934,617.590659478334
3829.0,624.7690121836778,617.590659478334
3829.3279999999795,624.7953387659546,617.590659478334
3829.6870000000345,624.7930294107107,617.590659478334
3830.0310000000754,624.7696533609093,617.590659478334
3830.4220000000205,624.7734372894306,617.590659478334
3830.765000000014,624.7688794063462,617.590659478334
3831.109000000055,624.7783055465941,617.590659478334
3831.4679999999935,624.7761366080812,617.590659478334
3831.8120000000345,624.779185847085,617.590659478334
3832.1560000000754,624.7945712973117,617.590659478334
3832.5,624.7841315439968,617.590659478334
3832.859000000055,624.7757487837283,617.590659478334
3833.265000000014,624.7651800288653,617.590659478334
3833.625,624.788115867696,617.590659478334
3833.9679999999935,624.7753098121082,617.590659478334
3834.3120000000345,624.7863706875174,617.590659478334
3834.6560000000754,624.7755478658489,617.590659478334
3835.015000000014,624.784803159602,617.590659478334
3835.390000000014,624.7849981439392,617.590659478334
3835.75,624.7755856429301,617.590659478334
3836.0779999999795,624.7685540438484,617.590659478334
3836.4370000000345,624.7939440683097,617.590659478334
3836.7810000000754,624.7875761173857,617.590659478334
3837.125,624.7848871477386,617.590659478334
3837.4679999999935,624.7902424692946,617.590659478334
3837.8279999999795,624.7872225838813,617.590659478334
3838.1720000000205,624.789224217563,617.590659478334
3838.515000000014,624.8006430237224,617.590659478334
3838.859000000055,624.7886566536555,617.590659478334
3839.2179999999935,624.7835651921785,617.590659478334
3839.5620000000345,624.7737265072526,617.590659478334
3839.9220000000205,624.7885542654594,617.590659478334
3840.265000000014,624.7961553873973,617.590659478334
3840.609000000055,624.7804070772894,617.590659478334
3840.9529999999795,624.8066520344133,617.590659478334
3841.2970000000205,624.7999351420113,617.590659478334
3841.640000000014,624.7890514912293,617.590659478334
3841.984000000055,624.7962778324851,617.590659478334
3842.3279999999795,624.8044059053018,617.590659478334
3842.6720000000205,624.7886452038817,617.590659478334
3843.015000000014,624.7984459431659,617.590659478334
3843.375,624.7925759921532,617.590659478334
3843.7179999999935,624.796349963896,617.590659478334
3844.0779999999795,624.7847754686828,617.590659478334
3844.4220000000205,624.7927046922233,617.590659478334
3844.765000000014,624.8000666134903,617.590659478334
3845.25,624.7948423288615,617.590659478334
3845.609000000055,624.7941157723276,617.590659478334
3845.9529999999795,624.7970337073941,617.590659478334
3846.2970000000205,624.7937558131789,617.590659478334
3846.640000000014,624.7907149207156,617.590659478334
3846.984000000055,624.8004177229352,617.590659478334
3847.3279999999795,624.800675450778,617.590659478334
3847.6870000000345,624.7893584794055,617.590659478334
3848.0310000000754,624.8126465528005,617.590659478334
3848.375,624.798316918967,617.590659478334
3848.734000000055,624.8010472282732,617.590659478334
3849.0620000000345,624.8043749381541,617.590659478334
3849.4060000000754,624.8049425071958,617.590659478334
3849.765000000014,624.79098846327,617.590659478334
3850.109000000055,624.7904109648721,617.590659478334
3850.4529999999795,624.7791063598014,617.590659478334
3850.8120000000345,624.7992147116372,617.590659478334
3851.1560000000754,624.7887030528977,617.590659478334
3851.5,624.7967251323589,617.590659478334
3851.8429999999935,624.8127093573977,617.590659478334
3852.1870000000345,624.7949817800013,617.590659478334
3852.5470000000205,624.8019773848025,617.590659478334
3852.875,624.8090775601706,617.590659478334
3853.234000000055,624.8001741892822,617.590659478334
3853.5779999999795,624.802694689794,617.590659478334
3853.9220000000205,624.807039065521,617.590659478334
3854.265000000014,624.8015251733915,617.590659478334
3854.625,624.7912370240465,617.590659478334
3854.9679999999935,624.8128931846471,617.590659478334
3855.3120000000345,624.7940056228686,617.590659478334
3855.6560000000754,624.7949196712945,617.590659478334
3856.0,624.7884540579391,617.590659478334
3856.3429999999935,624.8087911982217,617.590659478334
3856.6870000000345,624.8063505357405,617.590659478334
3857.0310000000754,624.8100459999205,617.590659478334
3857.375,624.8251162022086,617.590659478334
3857.7179999999935,624.8115667442313,617.590659478334
3858.0620000000345,624.7947656827403,617.590659478334
3858.4060000000754,624.7818128831126,617.590659478334
3858.75,624.8011311007634,617.590659478334
3859.109000000055,624.7850485919785,617.590659478334
3859.4529999999795,624.7785241320429,617.590659478334
3859.7970000000205,624.7859309731184,617.590659478334
3860.140000000014,624.7770330363923,617.590659478334
3860.484000000055,624.7798504400123,617.590659478334
3860.8279999999795,624.7752422581849,617.590659478334
3861.1870000000345,624.7692174179301,617.590659478334
3861.5470000000205,624.750604222164,617.590659478334
3861.890000000014,624.7635900681424,617.590659478334
3862.234000000055,624.7490661714958,617.590659478334
3862.5779999999795,624.7563666985845,617.590659478334
3862.9220000000205,624.7497104779693,617.590659478334
3863.2810000000754,624.7552753151067,617.590659478334
3863.625,624.7198014147377,617.590659478334
3863.9679999999935,624.7420625167566,617.590659478334
3864.3120000000345,624.7244350962656,617.590659478334
3864.6720000000205,624.724434759888,617.590659478334
3865.0310000000754,624.7208078324596,617.590659478334
3865.375,624.7139771075718,617.590659478334
3865.734000000055,624.7314810275534,617.590659478334
3866.0929999999935,624.7219795554475,617.590659478334
3866.4370000000345,624.7383155947163,617.590659478334
3866.7970000000205,624.720650528419,617.590659478334
3867.140000000014,624.7278675135086,617.590659478334
3867.4679999999935,624.7279200212067,617.590659478334
3867.8279999999795,624.7272455232285,617.590659478334
3868.1720000000205,624.7254917509299,617.590659478334
3868.5310000000754,624.7219086875493,617.590659478334
3868.875,624.7263841934429,617.590659478334
3869.234000000055,624.7073911377802,617.590659478334
3869.5929999999935,624.7138914461,617.590659478334
3869.9370000000345,624.7282276900844,617.590659478334
3870.2810000000754,624.709129348612,617.590659478334
3870.625,624.7044956969835,617.590659478334
3870.984000000055,624.7142076957693,617.590659478334
3871.3120000000345,624.6984232833781,617.590659478334
3871.6720000000205,624.7118646872274,617.590659478334
3872.015000000014,624.7160775125953,617.590659478334
3872.4060000000754,624.7101142162454,617.590659478334
3872.75,624.7114217461047,617.590659478334
3873.0929999999935,624.7081318689751,617.590659478334
3873.4370000000345,624.6974043269026,617.590659478334
3873.7970000000205,624.7049081662265,617.590659478334
3874.140000000014,624.7039103856127,617.590659478334
3874.484000000055,624.7078994562253,617.590659478334
3874.8279999999795,624.699766108674,617.590659478334
3875.1720000000205,624.7038327403334,617.590659478334
3875.5310000000754,624.7035286173772,617.590659478334
3875.875,624.6988218690744,617.590659478334
3876.234000000055,624.7051334176224,617.590659478334
3876.5779999999795,624.6992336743152,617.590659478334
3876.9370000000345,624.6997826373333,617.590659478334
3877.2810000000754,624.7132956571203,617.590659478334
3877.625,624.7040489070811,617.590659478334
3877.9679999999935,624.7071100979857,617.590659478334
3878.3120000000345,624.701151089422,617.590659478334
3878.6870000000345,624.6945225871649,617.590659478334
3879.0310000000754,624.7021917184627,617.590659478334
3879.375,624.6983828713923,617.590659478334
3879.734000000055,624.6845171534352,617.590659478334
3880.0779999999795,624.6932524184311,617.590659478334
3880.4370000000345,624.6905475759238,617.590659478334
3880.7970000000205,624.6971525822655,617.590659478334
3881.25,624.6935801455004,617.590659478334
3881.5929999999935,624.6890205201383,617.590659478334
3881.9370000000345,624.6931729464901,617.590659478334
3882.2970000000205,624.7029613928313,617.590659478334
3882.640000000014,624.6902713495642,617.590659478334
3883.0,624.6818857590354,617.590659478334
3883.3429999999935,624.7006397475839,617.590659478334
3883.6870000000345,624.6889814225748,617.590659478334
3884.0310000000754,624.6802263839721,617.590659478334
3884.375,624.6901963474409,617.590659478334
3884.7179999999935,624.6842741650318,617.590659478334
3885.0620000000345,624.686592918222,617.590659478334
3885.4060000000754,624.6927420894278,617.590659478334
3885.75,624.6993025122258,617.590659478334
3886.0929999999935,624.6713507965154,617.590659478334
3886.4529999999795,624.6889275833728,617.590659478334
3886.7970000000205,624.6854952601204,617.590659478334
3887.140000000014,624.6861524276125,617.590659478334
3887.484000000055,624.688457694348,617.590659478334
3887.8279999999795,624.6789163218172,617.590659478334
3888.1870000000345,624.6812451401727,617.590659478334
3888.5310000000754,624.6889826261817,617.590659478334
3888.875,624.674514107828,617.590659478334
3889.2179999999935,624.6744046962096,617.590659478334
3889.5620000000345,624.6738127479066,617.590659478334
3889.9220000000205,624.677894044963,617.590659478334
3890.265000000014,624.6765827408797,617.590659478334
3890.609000000055,624.6746825405869,617.590659478334
3890.9529999999795,624.676716253853,617.590659478334
3891.2970000000205,624.6919237029064,617.590659478334
3891.640000000014,624.6733995954552,617.590659478334
3892.0,624.6729488412908,617.590659478334
3892.3429999999935,624.687033243731,617.590659478334
3892.6870000000345,624.6824279558241,617.590659478334
3893.0310000000754,624.6757736658727,617.590659478334
3893.390000000014,624.6697871430606,617.590659478334
3893.734000000055,624.6842527567921,617.590659478334
3894.0779999999795,624.675285236772,617.590659478334
3894.4220000000205,624.6869522649093,617.590659478334
3894.765000000014,624.6832460852868,617.590659478334
3895.109000000055,624.672920446979,617.590659478334
3895.4679999999935,624.6797158382544,617.590659478334
3895.8120000000345,624.6523282070182,617.590659478334
3896.140000000014,624.6695344719813,617.590659478334
3896.5,624.6729696778416,617.590659478334
3896.8429999999935,624.6780860295314,617.590659478334
3897.1870000000345,624.6774364569335,617.590659478334
3897.5470000000205,624.674162923331,617.590659478334
3897.890000000014,624.6710411078597,617.590659478334
3898.25,624.6658538441035,617.590659478334
3898.5779999999795,624.6790676265464,617.590659478334
3898.9370000000345,624.6692480159776,617.590659478334
3899.2810000000754,624.6710759029618,617.590659478334
3899.625,624.6664142997195,617.590659478334
3899.9679999999935,624.6767830165148,617.590659478334
3900.3120000000345,624.667734432664,617.590659478334
3900.6720000000205,624.6746480548173,617.590659478334
3901.0,624.6700355058808,617.590659478334
3901.359000000055,624.6667033991582,617.590659478334
3901.7029999999795,624.6783740507631,617.590659478334
3902.0620000000345,624.6567818547047,617.590659478334
3902.4060000000754,624.6769032445762,617.590659478334
3902.75,624.6745917502313,617.590659478334
3903.0929999999935,624.6686934076565,617.590659478334
3903.4220000000205,624.6614110449348,617.590659478334
3903.7810000000754,624.6814564605664,617.590659478334
3904.125,624.649325777961,617.590659478334
3904.484000000055,624.6796083853193,617.590659478334
3904.8279999999795,624.6740785948125,617.590659478334
3905.265000000014,624.663016808491,617.590659478334
3905.625,624.6740272863857,617.590659478334
3905.9529999999795,624.6659663046296,617.590659478334
3906.3120000000345,624.6626998303927,617.590659478334
3906.6560000000754,624.6551891915904,617.590659478334
3907.0,624.663131066207,617.590659478334
3907.3429999999935,624.6740361460418,617.590659478334
3907.6870000000345,624.6745412339419,617.590659478334
3908.0310000000754,624.6594324271557,617.590659478334
3908.4220000000205,624.6695580113541,617.590659478334
3908.765000000014,624.6642301512893,617.590659478334
3909.125,624.6636189175911,617.590659478334
3909.4529999999795,624.6680366110602,617.590659478334
3909.8120000000345,624.6524442662009,617.590659478334
3910.1560000000754,624.6655345073938,617.590659478334
3910.5,624.6635306937932,617.590659478334
3910.859000000055,624.6605662124797,617.590659478334
3911.2029999999795,624.6530578020408,617.590659478334
3911.5470000000205,624.6539048042075,617.590659478334
3911.890000000014,624.6564852938926,617.590659478334
3912.25,624.6645023625977,617.590659478334
3912.5929999999935,624.6585883300875,617.590659478334
3912.9529999999795,624.6707008068518,617.590659478334
3913.3120000000345,624.6668343886939,617.590659478334
3913.6720000000205,624.6581229358053,617.590659478334
3914.015000000014,624.6620521832745,617.590659478334
3914.359000000055,624.6663690384386,617.590659478334
3914.7179999999935,624.6672115427726,617.590659478334
3915.0470000000205,624.6530052609953,617.590659478334
3915.390000000014,624.6621099651298,617.590659478334
3915.75,624.6570570174144,617.590659478334
3916.0929999999935,624.6471996148363,617.590659478334
3916.4370000000345,624.6593106704577,617.590659478334
3916.7810000000754,624.6755405212925,617.590659478334
3917.2970000000205,624.6598455432418,617.590659478334
3917.640000000014,624.6590010389567,617.590659478334
3917.984000000055,624.6423138004034,617.590659478334
3918.3279999999795,624.6559480969909,617.590659478334
3918.6720000000205,624.6562673613865,617.590659478334
3919.015000000014,624.6931061797328,617.590659478334
3919.359000000055,624.4752635941039,617.590659478334
3919.7179999999935,624.0670195862364,617.590659478334
3920.0620000000345,623.9420171748349,617.590659478334
3920.4060000000754,623.9001460758669,617.590659478334
3920.75,623.8756145687405,617.590659478334
3921.0929999999935,623.8641949142287,617.590659478334
3921.4529999999795,623.864783012762,617.590659478334
3921.7970000000205,623.8385202603635,617.590659478334
3922.140000000014,623.8415041682886,617.590659478334
3922.484000000055,623.8318302069558,617.590659478334
3922.8279999999795,623.8220244217028,617.590659478334
3923.1870000000345,623.8295011348998,617.590659478334
3923.5310000000754,623.8212849698228,617.590659478334
3923.875,623.8132795451926,617.590659478334
3924.2179999999935,623.8207382805152,617.590659478334
3924.5620000000345,623.8135161462552,617.590659478334
3924.9060000000754,623.8173883898818,617.590659478334
3925.265000000014,623.8149224432434,617.590659478334
3925.609000000055,623.8091204527373,617.590659478334
3925.9529999999795,623.8097355529499,617.590659478334
3926.2970000000205,623.8066510592398,617.590659478334
3926.640000000014,623.7953555153281,617.590659478334
3927.0,623.7981037871748,617.590659478334
3927.3429999999935,623.801957678023,617.590659478334
3927.6870000000345,623.8052591689143,617.590659478334
3928.0470000000205,623.7947629971006,617.590659478334
3928.390000000014,623.7875972729693,617.590659478334
3928.734000000055,623.8035004912396,617.590659478334
3929.265000000014,623.7977105133042,617.590659478334
3929.609000000055,623.7902308790339,617.590659478334
3929.9529999999795,623.7885938685233,617.590659478334
3930.2970000000205,623.7979638907932,617.590659478334
3930.640000000014,623.7926094472648,617.590659478334
3931.0,623.7931519739718,617.590659478334
3931.3429999999935,623.7934266735125,617.590659478334
3931.6870000000345,623.7742853671535,617.590659478334
3932.0310000000754,623.7902874834164,617.590659478334
3932.390000000014,623.8117925009032,617.590659478334
3932.734000000055,623.8321190299457,617.590659478334
3933.0779999999795,623.9384719054099,617.590659478334
3933.4220000000205,623.9393813316865,617.590659478334
3933.765000000014,623.9346065125824,617.590659478334
3934.109000000055,623.9472336363767,617.590659478334
3934.4529999999795,623.9310260524013,617.590659478334
3934.8120000000345,623.9331131963686,617.590659478334
3935.1560000000754,623.9230256355709,617.590659478334
3935.515000000014,623.9196417426252,617.590659478334
3935.859000000055,623.9235636285429,617.590659478334
3936.2179999999935,623.9048041244583,617.590659478334
3936.5620000000345,623.925636564338,617.590659478334
3936.9220000000205,623.9211561958095,617.590659478334
3937.2810000000754,623.9134476512369,617.590659478334
3937.625,623.9219560266185,617.590659478334
3937.984000000055,623.909128501371,617.590659478334
3938.3279999999795,623.906904303899,617.590659478334
3938.6870000000345,623.9140327370436,617.590659478334
3939.0310000000754,623.9103877982335,617.590659478334
3939.4220000000205,623.9182094768432,617.590659478334
3939.7810000000754,623.9158716119026,617.590659478334
3940.140000000014,623.9126975593833,617.590659478334
3940.484000000055,623.9174769627381,617.590659478334
3940.8429999999935,623.9223951990693,617.590659478334
3941.265000000014,623.9086242135828,617.590659478334
3941.609000000055,623.9229421218176,617.590659478334
3941.9529999999795,623.9148740175542,617.590659478334
3942.2970000000205,623.9129794911914,617.590659478334
3942.6560000000754,623.9156788099522,617.590659478334
3943.0,623.910318464447,617.590659478334
3943.3429999999935,623.9154048838784,617.590659478334
3943.6870000000345,623.9205801840088,617.590659478334
3944.0310000000754,623.9102615613634,617.590659478334
3944.375,623.9205086579186,617.590659478334
3944.734000000055,623.909877130558,617.590659478334
3945.0779999999795,623.9059427215366,617.590659478334
3945.4220000000205,623.9085783361403,617.590659478334
3945.7810000000754,623.9180836910468,617.590659478334
3946.125,623.9039357860455,617.590659478334
3946.4679999999935,623.8428734957477,617.590659478334
3946.8120000000345,623.8348655265465,617.590659478334
3947.1560000000754,623.8295471139514,617.590659478334
3947.5,623.8284089574594,617.590659478334
3947.8429999999935,623.8378396615394,617.590659478334
3948.1870000000345,623.8235516673832,617.590659478334
3948.5310000000754,623.8281400397615,617.590659478334
3948.890000000014,623.8122791222755,617.590659478334
3949.234000000055,623.8191265183082,617.590659478334
3949.5779999999795,623.8181756827221,617.590659478334
3949.9370000000345,623.8068495179878,617.590659478334
3950.2810000000754,623.8143986223909,617.590659478334
3950.625,623.8080940235419,617.590659478334
3950.984000000055,623.8077790897082,617.590659478334
3951.3279999999795,623.810105546828,617.590659478334
3951.6720000000205,623.801934830212,617.590659478334
3952.0310000000754,623.8103888944414,617.590659478334
3952.375,623.8081149120728,617.590659478334
3952.7179999999935,623.795530598733,617.590659478334
3953.0620000000345,623.7874481603244,617.590659478334
3953.4060000000754,623.7843782643217,617.590659478334
3953.75,623.7975899625944,617.590659478334
3954.0929999999935,623.7891628189818,617.590659478334
3954.4370000000345,623.7948934261773,617.590659478334
3954.7810000000754,623.7907688390875,617.590659478334
3955.125,623.7963464396234,617.590659478334
3955.4679999999935,623.8106245745628,617.590659478334
3955.8120000000345,623.7908229064815,617.590659478334
3956.1560000000754,623.7825721953336,617.590659478334
3956.515000000014,623.7917834017609,617.590659478334
3956.859000000055,623.7871710946337,617.590659478334
3957.2029999999795,623.7905388436062,617.590659478334
3957.5470000000205,623.7798385550562,617.590659478334
3957.890000000014,623.7983123654266,617.590659478334
3958.234000000055,623.7917919828664,617.590659478334
3958.5779999999795,623.7825489398673,617.590659478334
3958.9370000000345,623.8011623971463,617.590659478334
3959.2810000000754,623.7836245988916,617.590659478334
3959.625,623.7963314290781,617.590659478334
3959.9679999999935,623.8273699124104,617.590659478334
3960.3279999999795,623.9304266058892,617.590659478334
3960.6560000000754,623.9300060199702,617.590659478334
3961.015000000014,623.9454877967798,617.590659478334
3961.359000000055,623.9400892821238,617.590659478334
3961.7029999999795,623.9321778812013,617.590659478334
3962.0620000000345,623.9253830769547,617.590659478334
3962.390000000014,623.9217452069349,617.590659478334
3962.75,623.9151753577936,617.590659478334
3963.0929999999935,623.9127997640022,617.590659478334
3963.4370000000345,623.9226739145382,617.590659478334
3963.7810000000754,623.9065021491215,617.590659478334
3964.125,623.90000610223,617.590659478334
3964.484000000055,623.9189134126234,617.590659478334
3964.8279999999795,623.9089730755036,617.590659478334
3965.25,623.9130654486116,617.590659478334
3965.609000000055,623.9004481980772,617.590659478334
3965.9679999999935,623.8980796246846,617.590659478334
3966.3120000000345,623.8941202904965,617.590659478334
3966.6560000000754,623.9208947400855,617.590659478334
3967.0,623.9306670613391,617.590659478334
3967.359000000055,623.9029485005913,617.590659478334
3967.7029999999795,623.9369560812071,617.590659478334
3968.0470000000205,623.955235066483,617.590659478334
3968.390000000014,623.9597333948489,617.590659478334
3968.75,623.9508015248107,617.590659478334
3969.0929999999935,623.9446834377758,617.590659478334
3969.4370000000345,623.9354386157438,617.590659478334
3969.7970000000205,623.9330649042572,617.590659478334
3970.140000000014,623.926252789348,617.590659478334
3970.484000000055,623.9182922769685,617.590659478334
3970.8429999999935,623.9228550198769,617.590659478334
3971.1870000000345,623.9128212481526,617.590659478334
3971.5470000000205,623.9293473489356,617.590659478334
3971.890000000014,623.9188187852576,617.590659478334
3972.234000000055,623.9142886682159,617.590659478334
3972.5779999999795,623.9228548310335,617.590659478334
3972.9220000000205,623.9170636826889,617.590659478334
3973.265000000014,623.9238674581522,617.590659478334
3973.625,623.9258341638633,617.590659478334
3973.9679999999935,623.9054541863245,617.590659478334
3974.3120000000345,623.9240131293708,617.590659478334
3974.6560000000754,623.9082178395855,617.590659478334
3975.0,623.9230431841036,617.590659478334
3975.359000000055,623.9265150274022,617.590659478334
3975.7029999999795,623.9210435086674,617.590659478334
3976.0470000000205,623.9091221395382,617.590659478334
3976.4220000000205,623.9066080962143,617.590659478334
3976.7810000000754,623.9116440855732,617.590659478334
3977.3279999999795,623.9177401952915,617.590659478334
3977.6870000000345,623.9200503742738,617.590659478334
3978.0310000000754,623.9086344952107,617.590659478334
3978.390000000014,623.9127486735803,617.590659478334
3978.734000000055,623.9051561808276,617.590659478334
3979.0620000000345,623.9184970746969,617.590659478334
3979.4220000000205,623.9109743313034,617.590659478334
3979.765000000014,623.9203108853833,617.590659478334
3980.109000000055,623.9113315874391,617.590659478334
3980.4529999999795,623.914198362799,617.590659478334
3980.7970000000205,623.9043321151619,617.590659478334
3981.140000000014,623.9123919719871,617.590659478334
3981.484000000055,623.9153211962187,617.590659478334
3981.8120000000345,623.9175310539448,617.590659478334
3982.1720000000205,623.9217525999923,617.590659478334
3982.515000000014,623.9143845126679,617.590659478334
3982.859000000055,623.9177913469858,617.590659478334
3983.2029999999795,623.904134572877,617.590659478334
3983.5470000000205,623.9148891735474,617.590659478334
3983.890000000014,623.9168704347619,617.590659478334
3984.234000000055,623.9180858019402,617.590659478334
3984.5779999999795,623.9131835672898,617.590659478334
3984.9220000000205,623.9085162626112,617.590659478334
3985.265000000014,623.9233427718628,617.590659478334
3985.609000000055,623.9072675009678,617.590659478334
3985.9679999999935,623.917928328798,617.590659478334
3986.3120000000345,623.9186573885096,617.590659478334
3986.6560000000754,623.9079732847387,617.590659478334
3987.015000000014,623.897626471248,617.590659478334
3987.359000000055,623.9020711025796,617.590659478334
3987.7029999999795,623.9114777673698,617.590659478334
3988.0470000000205,623.9153113665255,617.590659478334
3988.390000000014,623.9284997115502,617.590659478334
3988.75,623.9200427898301,617.590659478334
3989.2810000000754,623.9205473878247,617.590659478334
3989.625,623.9085167349026,617.590659478334
3989.9679999999935,623.9156988833473,617.590659478334
3990.3279999999795,623.9211583645125,617.590659478334
3990.6720000000205,623.9129446169993,617.590659478334
3991.0,623.9083197412732,617.590659478334
3991.359000000055,623.9144688708662,617.590659478334
3991.6870000000345,623.9177713352335,617.590659478334
3992.0470000000205,623.9113887819034,617.590659478334
3992.390000000014,623.9139759085851,617.590659478334
3992.734000000055,623.9004159406808,617.590659478334
3993.0779999999795,623.9095252618541,617.590659478334
3993.4220000000205,623.9106644289953,617.590659478334
3993.765000000014,623.918435828511,617.590659478334
3994.109000000055,623.9008428089104,617.590659478334
3994.4529999999795,623.9009963765188,617.590659478334
3994.8120000000345,623.9115061077096,617.590659478334
3995.1560000000754,623.9193769977722,617.590659478334
3995.5,623.9162687219912,617.590659478334
3995.8429999999935,623.9136940432488,617.590659478334
3996.1870000000345,623.9128117410364,617.590659478334
3996.5310000000754,623.9129030449536,617.590659478334
3996.875,623.9052717490292,617.590659478334
3997.2179999999935,623.9100962723313,617.590659478334
3997.5779999999795,623.9199324093975,617.590659478334
3997.9060000000754,623.9164028576851,617.590659478334
3998.265000000014,623.914841788069,617.590659478334
3998.609000000055,623.9168349407006,617.590659478334
3998.9679999999935,623.9036741422392,617.590659478334
3999.2970000000205,623.9042782805873,617.590659478334
3999.6560000000754,623.9149041307247,617.590659478334
4000.0,623.9104438980063,617.590659478334
4000.3429999999935,623.9229641727328,617.590659478334
4000.7029999999795,623.9145350344675,617.590659478334
4001.0470000000205,623.9192129787716,617.590659478334
4001.390000000014,623.9057555076479,617.590659478334
4001.765000000014,623.9061103627291,617.590659478334
4002.109000000055,623.913169934744,617.590659478334
4002.4679999999935,623.9100725016582,617.590659478334
4002.8120000000345,623.9082784055972,617.590659478334
4003.1720000000205,623.9051749732107,617.590659478334
4003.515000000014,623.9174489667711,617.590659478334
4003.875,623.9091555070411,617.590659478334
4004.2179999999935,623.9088729702461,617.590659478334
4004.5620000000345,623.92683724216,617.590659478334
4004.9060000000754,623.9125876717414,617.590659478334
4005.25,623.9093283790797,617.590659478334
4005.5929999999935,623.9076305951558,617.590659478334
4005.9529999999795,623.9098706263643,617.590659478334
4006.2970000000205,623.9124258006768,617.590659478334
4006.625,623.914236244241,617.590659478334
4006.9679999999935,623.919493978947,617.590659478334
4007.3279999999795,623.9022309650242,617.590659478334
4007.6720000000205,623.909545622844,617.590659478334
4008.0310000000754,623.906812185822,617.590659478334
4008.375,623.9029577685498,617.590659478334
4008.7179999999935,623.9130795307573,617.590659478334
4009.0779999999795,623.899650699363,617.590659478334
4009.4370000000345,623.9051339578137,617.590659478334
4009.7970000000205,623.9170794462526,617.590659478334
4010.140000000014,623.9150034366818,617.590659478334
4010.5,623.9033285372035,617.590659478334
4010.8429999999935,623.900982877335,617.590659478334
4011.2029999999795,623.9085633748088,617.590659478334
4011.5470000000205,623.909662719289,617.590659478334
4011.9060000000754,623.9097200737057,617.590659478334
4012.265000000014,623.9034020860781,617.590659478334
4012.609000000055,623.9125251657323,617.590659478334
4012.9529999999795,623.9059502949281,617.590659478334
4013.3120000000345,623.9085725328378,617.590659478334
4013.6720000000205,623.8968387644994,617.590659478334
4014.0310000000754,623.8960913346599,617.590659478334
4014.375,623.8974375272957,617.590659478334
4014.7179999999935,623.9066058841519,617.590659478334
4015.0620000000345,623.899568686144,617.590659478334
4015.4060000000754,623.9157419619014,617.590659478334
4015.765000000014,623.9101556845245,617.590659478334
4016.109000000055,623.9051823537394,617.590659478334
4016.4529999999795,623.9017031191245,617.590659478334
4016.7970000000205,623.9056537160379,617.590659478334
4017.140000000014,623.9052620010982,617.590659478334
4017.484000000055,623.9038538640152,617.590659478334
4017.8429999999935,623.9008557857993,617.590659478334
4018.1870000000345,623.9124488614373,617.590659478334
4018.5470000000205,623.9098353049095,617.590659478334
4018.890000000014,623.9154545574992,617.590659478334
4019.234000000055,623.9143958439611,617.590659478334
4019.5929999999935,623.9041595066357,617.590659478334
4019.9370000000345,623.9068888350937,617.590659478334
4020.2810000000754,623.9112957245803,617.590659478334
4020.625,623.9016250818418,617.590659478334
4020.9679999999935,623.9062684158054,617.590659478334
4021.3120000000345,623.9149234640049,617.590659478334
4021.6560000000754,623.9080829104773,617.590659478334
4022.0,623.916539637726,617.590659478334
4022.3429999999935,623.9041553236866,617.590659478334
4022.734000000055,623.9121569287018,617.590659478334
4023.0929999999935,623.920469500563,617.590659478334
4023.4370000000345,623.9031166424207,617.590659478334
4023.7970000000205,623.9150010374364,617.590659478334
4024.140000000014,623.9112289678046,617.590659478334
4024.5,623.9089539049854,617.590659478334
4024.890000000014,623.907103027822,617.590659478334
4025.484000000055,623.909667380138,617.590659478334
