0.5,625.3464725468287,650.4740042576128
0.7810000000026776,625.3660604366349,650.4740042576128
1.062000000005355,625.3465867547409,650.4740042576128
1.3430000000080327,625.3532534293477,650.4740042576128
1.639999999999418,625.361602232892,650.4740042576128
1.9220000000059372,625.3493097986616,650.4740042576128
2.187000000005355,625.3674188624137,650.4740042576128
2.4840000000112923,625.3525687402265,650.4740042576128
2.7810000000026776,625.3536056640505,650.4740042576128
3.062000000005355,625.3560580199323,650.4740042576128
3.3590000000112923,625.3589775039485,650.4740042576128
3.639999999999418,625.3438502002635,650.4740042576128
3.937000000005355,625.3568021562912,650.4740042576128
4.218000000008033,625.350140129343,650.4740042576128
4.5,625.3583209768832,650.4740042576128
4.7810000000026776,625.3407154732239,650.4740042576128
5.078000000008615,625.3583598972348,650.4740042576128
5.359000000011292,625.3598111293398,650.4740042576128
5.6560000000026776,625.3579948368795,650.4740042576128
5.937000000005355,625.3496588182398,650.4740042576128
6.234000000011292,625.3525636516288,650.4740042576128
6.5,625.3557624122634,650.4740042576128
6.797000000005937,625.3601703044528,650.4740042576128
7.078000000008615,625.352198688591,650.4740042576128
7.359000000011292,625.3484989495333,650.4740042576128
7.6560000000026776,625.3549427867395,650.4740042576128
7.937000000005355,625.3472540152901,650.4740042576128
8.203000000008615,625.3374316298703,650.4740042576128
8.5,625.3740709604434,650.4740042576128
8.797000000005937,625.3701766419733,650.4740042576128
9.109000000011292,625.3413184114497,650.4740042576128
9.422000000005937,625.3629449314298,650.4740042576128
9.734000000011292,625.3495574872211,650.4740042576128
10.047000000005937,625.3659900002618,650.4740042576128
10.359000000011292,625.3497246036414,650.4740042576128
10.656000000002678,625.3566444008952,650.4740042576128
10.984000000011292,625.3618999825654,650.4740042576128
11.281000000002678,625.365921322807,650.4740042576128
11.593000000008033,625.3525707228898,650.4740042576128
11.937000000005355,625.3591378262864,650.4740042576128
12.281000000002678,625.3577442900496,650.4740042576128
12.593000000008033,625.3558162710732,650.4740042576128
12.889999999999418,625.3562753741882,650.4740042576128
13.218000000008033,625.3474353042222,650.4740042576128
13.547000000005937,625.3622588388702,650.4740042576128
13.843000000008033,625.3653604104173,650.4740042576128
14.139999999999418,625.3499403022518,650.4740042576128
14.468000000008033,625.3562367978284,650.4740042576128
14.764999999999418,625.3569211060989,650.4740042576128
15.078000000008615,625.359353261986,650.4740042576128
15.375,625.360824023536,650.4740042576128
15.718000000008033,625.3543525056496,650.4740042576128
16.031000000002678,625.3572331769603,650.4740042576128
16.343000000008033,625.340507261051,650.4740042576128
16.656000000002678,625.3627714973819,650.4740042576128
16.968000000008033,625.3551613640127,650.4740042576128
17.281000000002678,625.3566815163877,650.4740042576128
17.593000000008033,625.3661329331717,650.4740042576128
17.889999999999418,625.3479653207271,650.4740042576128
18.218000000008033,625.3512565980183,650.4740042576128
18.514999999999418,625.3568630211053,650.4740042576128
18.828000000008615,625.3585831313692,650.4740042576128
19.139999999999418,625.3655572732954,650.4740042576128
19.453000000008615,625.3575620438002,650.4740042576128
19.764999999999418,625.3577985183233,650.4740042576128
20.062000000005355,625.34083532271,650.4740042576128
20.375,625.3579142492853,650.4740042576128
20.687000000005355,625.3443385556069,650.4740042576128
21.0,625.3508556382336,650.4740042576128
21.312000000005355,625.3567413899293,650.4740042576128
21.609000000011292,625.355904532417,650.4740042576128
21.922000000005937,625.3536008907679,650.4740042576128
22.234000000011292,625.3525879677492,650.4740042576128
22.547000000005937,625.3562356152208,650.4740042576128
22.843000000008033,625.354931272291,650.4740042576128
23.139999999999418,625.3486238642722,650.4740042576128
23.453000000008615,625.348657218016,650.4740042576128
23.764999999999418,625.363769969833,650.4740042576128
24.078000000008615,625.3363425531365,650.4740042576128
24.359000000011292,625.3428429014257,650.4740042576128
24.639999999999418,625.3495653398438,650.4740042576128
24.922000000005937,625.3587743887592,650.4740042576128
25.218000000008033,625.365464989793,650.4740042576128
25.514999999999418,625.3589629511249,650.4740042576128
25.797000000005937,625.3709900944897,650.4740042576128
26.093000000008033,625.3586626078384,650.4740042576128
26.375,625.3523496922688,650.4740042576128
26.656000000002678,625.3593491414946,650.4740042576128
26.937000000005355,625.3586525871299,650.4740042576128
27.218000000008033,625.3602625810212,650.4740042576128
27.514999999999418,625.3532265193617,650.4740042576128
27.797000000005937,625.3584320073352,650.4740042576128
28.093000000008033,625.3618797865489,650.4740042576128
28.359000000011292,625.3643091361603,650.4740042576128
28.656000000002678,625.3468339596592,650.4740042576128
28.953000000008615,625.3606378453783,650.4740042576128
29.234000000011292,625.3535911505812,650.4740042576128
29.531000000002678,625.3453119033232,650.4740042576128
29.812000000005355,625.3545009701309,650.4740042576128
30.109000000011292,625.3633272180845,650.4740042576128
30.389999999999418,625.379205402846,650.4740042576128
30.672000000005937,625.3680150708799,650.4740042576128
30.968000000008033,625.3664996408285,650.4740042576128
31.25,625.3908147144348,650.4740042576128
31.514999999999418,625.396762521483,650.4740042576128
31.812000000005355,625.3891805877751,650.4740042576128
32.10900000001129,625.3875168333262,650.4740042576128
32.38999999999942,625.3771961467093,650.4740042576128
32.65600000000268,625.3727034959794,650.4740042576128
32.953000000008615,625.3751330001679,650.4740042576128
33.29700000000594,625.3856887323786,650.4740042576128
33.60900000001129,625.3702814011507,650.4740042576128
33.90600000000268,625.3912049584684,650.4740042576128
34.23400000001129,625.3803620474504,650.4740042576128
34.54700000000594,625.372694388781,650.4740042576128
34.85900000001129,625.3868673341995,650.4740042576128
35.15600000000268,625.3899780066208,650.4740042576128
35.46800000000803,625.3807884506012,650.4740042576128
35.78100000000268,625.4027699207164,650.4740042576128
36.078000000008615,625.3942906643797,650.4740042576128
36.40600000000268,625.3869982965857,650.4740042576128
36.703000000008615,625.384467968514,650.4740042576128
37.01499999999942,625.3792837738946,650.4740042576128
37.328000000008615,625.3839141116985,650.4740042576128
37.63999999999942,625.3870976864621,650.4740042576128
37.937000000005355,625.3969055493322,650.4740042576128
38.25,625.3862977783255,650.4740042576128
38.562000000005355,625.3870887250057,650.4740042576128
38.875,625.3957428778995,650.4740042576128
39.203000000008615,625.3934850408048,650.4740042576128
39.60900000001129,625.3877144628476,650.4740042576128
39.96800000000803,625.3907120415843,650.4740042576128
40.26499999999942,625.3861896022004,650.4740042576128
40.578000000008615,625.4035543266245,650.4740042576128
40.875,625.4070526318513,650.4740042576128
41.187000000005355,625.3965561214653,650.4740042576128
41.5,625.3893566337708,650.4740042576128
41.812000000005355,625.3821447507607,650.4740042576128
42.125,625.3904216692306,650.4740042576128
42.437000000005355,625.3890935158291,650.4740042576128
42.73400000001129,625.4025337425596,650.4740042576128
43.04700000000594,625.3807626195418,650.4740042576128
43.34300000000803,625.3929277415765,650.4740042576128
43.63999999999942,625.3945103213803,650.4740042576128
43.953000000008615,625.3891446095128,650.4740042576128
44.28100000000268,625.4023261311545,650.4740042576128
44.578000000008615,625.3990259678327,650.4740042576128
44.88999999999942,625.3916716742285,650.4740042576128
45.203000000008615,625.3999858505621,650.4740042576128
45.5,625.4066128504198,650.4740042576128
45.812000000005355,625.3930806933081,650.4740042576128
46.125,625.4000035961467,650.4740042576128
46.437000000005355,625.4026840196416,650.4740042576128
46.73400000001129,625.3985074189351,650.4740042576128
47.04700000000594,625.4070055767081,650.4740042576128
47.35900000001129,625.4085281478868,650.4740042576128
47.67200000000594,625.4027728166757,650.4740042576128
47.96800000000803,625.401959580322,650.4740042576128
48.28100000000268,625.4073907174277,650.4740042576128
48.59300000000803,625.3899976691569,650.4740042576128
48.90600000000268,625.4050018766611,650.4740042576128
49.203000000008615,625.4047650764079,650.4740042576128
49.53100000000268,625.4118367199068,650.4740042576128
49.828000000008615,625.4106601672772,650.4740042576128
50.13999999999942,625.4127012757413,650.4740042576128
50.437000000005355,625.4096385124238,650.4740042576128
50.76499999999942,625.4051714616533,650.4740042576128
51.062000000005355,625.4040138586507,650.4740042576128
51.375,625.4135854373899,650.4740042576128
51.703000000008615,625.4183165494858,650.4740042576128
52.03100000000268,625.4102722519089,650.4740042576128
52.328000000008615,625.4088957380447,650.4740042576128
52.63999999999942,625.3970960246011,650.4740042576128
52.953000000008615,625.4174718986004,650.4740042576128
53.26499999999942,625.412133991886,650.4740042576128
53.578000000008615,625.4156463199383,650.4740042576128
53.875,625.41831758915,650.4740042576128
54.203000000008615,625.417428490875,650.4740042576128
54.5,625.4205689744266,650.4740042576128
54.79700000000594,625.404924026787,650.4740042576128
55.10900000001129,625.4021311506938,650.4740042576128
55.42200000000594,625.4162520402722,650.4740042576128
55.71800000000803,625.4100183698827,650.4740042576128
56.03100000000268,625.4191813651111,650.4740042576128
56.35900000001129,625.4146714656841,650.4740042576128
56.687000000005355,625.4254290341388,650.4740042576128
56.98400000001129,625.4154289894082,650.4740042576128
57.28100000000268,625.4153381422459,650.4740042576128
57.63999999999942,625.4293090963089,650.4740042576128
57.937000000005355,625.406314672178,650.4740042576128
58.23400000001129,625.4119209757142,650.4740042576128
58.562000000005355,625.4209783127272,650.4740042576128
58.875,625.4142651434253,650.4740042576128
59.17200000000594,625.4211525538343,650.4740042576128
59.48400000001129,625.4202107294631,650.4740042576128
59.79700000000594,625.4208088807542,650.4740042576128
60.10900000001129,625.4247233150053,650.4740042576128
60.40600000000268,625.4170373159782,650.4740042576128
60.71800000000803,625.404029079626,650.4740042576128
61.03100000000268,625.429191728901,650.4740042576128
61.34300000000803,625.4130535575157,650.4740042576128
61.65600000000268,625.4214263197547,650.4740042576128
61.96800000000803,625.407459589711,650.4740042576128
62.26499999999942,625.4209839274696,650.4740042576128
62.578000000008615,625.4170060826265,650.4740042576128
62.90600000000268,625.4189044139796,650.4740042576128
63.203000000008615,625.4169742035061,650.4740042576128
63.51499999999942,625.4254969660958,650.4740042576128
63.828000000008615,625.4245892882121,650.4740042576128
64.13999999999942,625.4262876762588,650.4740042576128
64.45300000000861,625.424080198741,650.4740042576128
64.75,625.4254332996621,650.4740042576128
65.07800000000861,625.4183571404882,650.4740042576128
65.375,625.4226103803578,650.4740042576128
65.68700000000536,625.4234810169321,650.4740042576128
65.98400000001129,625.4384548313476,650.4740042576128
66.29700000000594,625.4165637418096,650.4740042576128
66.60900000001129,625.4189640940479,650.4740042576128
66.92200000000594,625.4287791341912,650.4740042576128
67.23400000001129,625.4314147758184,650.4740042576128
67.53100000000268,625.417560038541,650.4740042576128
67.85900000001129,625.4300448898891,650.4740042576128
68.17200000000594,625.404706347117,650.4740042576128
68.46800000000803,625.4217111783402,650.4740042576128
68.78100000000268,625.4299016651693,650.4740042576128
69.09300000000803,625.4219246007999,650.4740042576128
69.38999999999942,625.4209330638386,650.4740042576128
69.70300000000861,625.4221204764863,650.4740042576128
70.01499999999942,625.4217202142091,650.4740042576128
70.32800000000861,625.4276693293423,650.4740042576128
70.63999999999942,625.4435261490436,650.4740042576128
70.93700000000536,625.4296137019987,650.4740042576128
71.25,625.4228722462074,650.4740042576128
71.56200000000536,625.4126990323729,650.4740042576128
71.875,625.4193628563369,650.4740042576128
72.17200000000594,625.4243998568938,650.4740042576128
72.5,625.4283316339287,650.4740042576128
72.79700000000594,625.4393000656189,650.4740042576128
73.10900000001129,625.4429990337468,650.4740042576128
73.42200000000594,625.4238861507367,650.4740042576128
73.73400000001129,625.4265282570406,650.4740042576128
74.04700000000594,625.4324715285492,650.4740042576128
74.34300000000803,625.4349471957358,650.4740042576128
74.65600000000268,625.4239579485449,650.4740042576128
74.98400000001129,625.4330918697507,650.4740042576128
75.28100000000268,625.4389289121777,650.4740042576128
75.70300000000861,625.4125247578845,650.4740042576128
76.0,625.4189740528116,650.4740042576128
76.31200000000536,625.4267319365455,650.4740042576128
76.625,625.4414520552776,650.4740042576128
76.92200000000594,625.4440341076479,650.4740042576128
77.25,625.4457877842126,650.4740042576128
77.56200000000536,625.4433762414805,650.4740042576128
77.85900000001129,625.4169930657023,650.4740042576128
78.18700000000536,625.4296113014241,650.4740042576128
78.48400000001129,625.4513635347466,650.4740042576128
78.79700000000594,625.4302330553327,650.4740042576128
79.10900000001129,625.4281286351788,650.4740042576128
79.40600000000268,625.4347155371102,650.4740042576128
79.71800000000803,625.4349886037428,650.4740042576128
80.03100000000268,625.4332030361289,650.4740042576128
80.34300000000803,625.4339781813767,650.4740042576128
80.63999999999942,625.4416087221837,650.4740042576128
80.96800000000803,625.426644658957,650.4740042576128
81.28100000000268,625.4298489832023,650.4740042576128
81.59300000000803,625.4363743268485,650.4740042576128
81.88999999999942,625.4457238430052,650.4740042576128
82.20300000000861,625.433358959167,650.4740042576128
82.51499999999942,625.4371242835986,650.4740042576128
82.82800000000861,625.4394327701787,650.4740042576128
83.125,625.4188818270972,650.4740042576128
83.45300000000861,625.4443772958846,650.4740042576128
83.75,625.4360889320398,650.4740042576128
84.06200000000536,625.4333739895361,650.4740042576128
84.375,625.4367860891426,650.4740042576128
84.67200000000594,625.4330980824927,650.4740042576128
84.98400000001129,625.4343624482009,650.4740042576128
85.28100000000268,625.4490250381672,650.4740042576128
85.59300000000803,625.4262956506057,650.4740042576128
85.90600000000268,625.4407038955793,650.4740042576128
86.21800000000803,625.4355975653696,650.4740042576128
86.51499999999942,625.4483109394918,650.4740042576128
86.82800000000861,625.4437359410084,650.4740042576128
87.125,625.4370086122373,650.4740042576128
87.45300000000861,625.4320112080077,650.4740042576128
87.78100000000268,625.4422466733982,650.4740042576128
88.09300000000803,625.4565830745471,650.4740042576128
88.42200000000594,625.4469218037472,650.4740042576128
88.73400000001129,625.437113755573,650.4740042576128
89.03100000000268,625.4422423478929,650.4740042576128
89.34300000000803,625.4437513918978,650.4740042576128
89.63999999999942,625.4460203733328,650.4740042576128
89.96800000000803,625.4354933320268,650.4740042576128
90.28100000000268,625.4485630804987,650.4740042576128
90.57800000000861,625.4562105946375,650.4740042576128
90.90600000000268,625.4371874718307,650.4740042576128
91.20300000000861,625.4477327675717,650.4740042576128
91.53100000000268,625.4351145919162,650.4740042576128
91.85900000001129,625.4569014987752,650.4740042576128
92.15600000000268,625.4437680282821,650.4740042576128
92.46800000000803,625.4421957093471,650.4740042576128
92.79700000000594,625.4415271439515,650.4740042576128
93.10900000001129,625.4498535870409,650.4740042576128
93.42200000000594,625.4459646065491,650.4740042576128
93.71800000000803,625.4461951480616,650.4740042576128
94.03100000000268,625.4403486461921,650.4740042576128
94.32800000000861,625.4364292522804,650.4740042576128
94.63999999999942,625.4463651017818,650.4740042576128
94.95300000000861,625.4377727393476,650.4740042576128
95.26499999999942,625.4415827044088,650.4740042576128
95.57800000000861,625.4357174079772,650.4740042576128
95.875,625.4622074623342,650.4740042576128
96.18700000000536,625.4547925030538,650.4740042576128
96.51499999999942,625.4445163017008,650.4740042576128
96.81200000000536,625.4530672089219,650.4740042576128
97.125,625.4514480866841,650.4740042576128
97.43700000000536,625.4442450337034,650.4740042576128
97.73400000001129,625.4535050469574,650.4740042576128
98.04700000000594,625.450418394736,650.4740042576128
98.35900000001129,625.4518293967424,650.4740042576128
98.67200000000594,625.4376868907157,650.4740042576128
98.96800000000803,625.4329365760656,650.4740042576128
99.28100000000268,625.4489879996767,650.4740042576128
99.57800000000861,625.4517802794768,650.4740042576128
99.88999999999942,625.4502161304757,650.4740042576128
100.21800000000803,625.4420605470433,650.4740042576128
100.53100000000268,625.4453004723687,650.4740042576128
100.84300000000803,625.4473632734428,650.4740042576128
101.13999999999942,625.4558145484464,650.4740042576128
101.45300000000861,625.4553275394447,650.4740042576128
101.75,625.4408806587847,650.4740042576128
102.07800000000861,625.4405426221292,650.4740042576128
102.375,625.4644880463225,650.4740042576128
102.68700000000536,625.4450529013643,650.4740042576128
103.0,625.4400349904062,650.4740042576128
103.31200000000536,625.4397098767499,650.4740042576128
103.625,625.4599274017402,650.4740042576128
103.92200000000594,625.4570467495213,650.4740042576128
104.21800000000803,625.4533757737481,650.4740042576128
104.53100000000268,625.4487111353751,650.4740042576128
104.82800000000861,625.4523173038637,650.4740042576128
105.15600000000268,625.4536445293754,650.4740042576128
105.45300000000861,625.4578716402241,650.4740042576128
105.76499999999942,625.4551246842328,650.4740042576128
106.07800000000861,625.4339560090009,650.4740042576128
106.40600000000268,625.4482307003268,650.4740042576128
106.71800000000803,625.4402993083049,650.4740042576128
107.01499999999942,625.4507425131309,650.4740042576128
107.34300000000803,625.4445303804866,650.4740042576128
107.63999999999942,625.4608783970897,650.4740042576128
107.96800000000803,625.4456698657337,650.4740042576128
108.26499999999942,625.4689394199277,650.4740042576128
108.56200000000536,625.456383793694,650.4740042576128
108.875,625.457634680499,650.4740042576128
109.18700000000536,625.4584381813072,650.4740042576128
109.5,625.4678973244833,650.4740042576128
109.81200000000536,625.4454728040031,650.4740042576128
110.125,625.4517305427568,650.4740042576128
110.43700000000536,625.4581601927707,650.4740042576128
110.76499999999942,625.4517201525032,650.4740042576128
111.07800000000861,625.4634566623424,650.4740042576128
111.375,625.4617534088205,650.4740042576128
111.68700000000536,625.4563709539399,650.4740042576128
112.0,625.4460549171363,650.4740042576128
112.29700000000594,625.4647338081597,650.4740042576128
112.625,625.457738737906,650.4740042576128
112.93700000000536,625.4511558011476,650.4740042576128
113.25,625.463277280905,650.4740042576128
113.54700000000594,625.459246877443,650.4740042576128
113.875,625.4448033958896,650.4740042576128
114.17200000000594,625.4492683720053,650.4740042576128
114.5,625.4568818919705,650.4740042576128
114.79700000000594,625.4629646444131,650.4740042576128
115.125,625.449205105064,650.4740042576128
115.42200000000594,625.456816267793,650.4740042576128
115.75,625.4554696090975,650.4740042576128
116.07800000000861,625.4595092219428,650.4740042576128
116.40600000000268,625.4631828670299,650.4740042576128
116.70300000000861,625.4631334958647,650.4740042576128
117.01499999999942,625.4559053291712,650.4740042576128
117.31200000000536,625.4610159527504,650.4740042576128
117.63999999999942,625.4600908044733,650.4740042576128
117.95300000000861,625.4460448489527,650.4740042576128
118.26499999999942,625.4659929887699,650.4740042576128
118.57800000000861,625.4525754846572,650.4740042576128
118.88999999999942,625.447578927488,650.4740042576128
119.21800000000803,625.4657600600272,650.4740042576128
119.51499999999942,625.4576268753002,650.4740042576128
119.81200000000536,625.4514334250699,650.4740042576128
120.125,625.452451961534,650.4740042576128
120.43700000000536,625.4561998018304,650.4740042576128
120.75,625.4564646815711,650.4740042576128
121.07800000000861,625.4517514114153,650.4740042576128
121.38999999999942,625.4682740363197,650.4740042576128
121.68700000000536,625.4628609241066,650.4740042576128
121.98400000001129,625.4716986416524,650.4740042576128
122.31200000000536,625.4646568002292,650.4740042576128
122.63999999999942,625.453876350958,650.4740042576128
122.96800000000803,625.4598170643666,650.4740042576128
123.28100000000268,625.4570472675586,650.4740042576128
123.59300000000803,625.4545330492441,650.4740042576128
123.90600000000268,625.4668262034227,650.4740042576128
124.18700000000536,625.4632779265377,650.4740042576128
124.53100000000268,625.4653143232127,650.4740042576128
124.84300000000803,625.4599151032844,650.4740042576128
125.15600000000268,625.4616270085462,650.4740042576128
125.48400000001129,625.4363861449315,650.4740042576128
125.79700000000594,625.4653318239791,650.4740042576128
126.10900000001129,625.4504003276385,650.4740042576128
126.43700000000536,625.4754646375118,650.4740042576128
126.76499999999942,625.4638379889437,650.4740042576128
127.06200000000536,625.4630128827583,650.4740042576128
127.38999999999942,625.4553425712019,650.4740042576128
127.68700000000536,625.4617015958999,650.4740042576128
128.0,625.460335010472,650.4740042576128
128.29700000000594,625.463424041735,650.4740042576128
128.6090000000113,625.4601407539835,650.4740042576128
128.92200000000594,625.4645186709085,650.4740042576128
129.2340000000113,625.4613993638544,650.4740042576128
129.56200000000536,625.4450348222699,650.4740042576128
129.8590000000113,625.4620134383423,650.4740042576128
130.17200000000594,625.4580478072842,650.4740042576128
130.4840000000113,625.4642245139006,650.4740042576128
130.78100000000268,625.4602527066999,650.4740042576128
131.09300000000803,625.4793320647943,650.4740042576128
131.40600000000268,625.4592456548271,650.4740042576128
131.71800000000803,625.4527871290259,650.4740042576128
132.03100000000268,625.4653339340233,650.4740042576128
132.32800000000861,625.4539058495525,650.4740042576128
132.63999999999942,625.4669109048754,650.4740042576128
132.93700000000536,625.4665576410955,650.4740042576128
133.25,625.4562192325577,650.4740042576128
133.54700000000594,625.4752565001386,650.4740042576128
133.8590000000113,625.4563821944134,650.4740042576128
134.17200000000594,625.4616885494746,650.4740042576128
134.4840000000113,625.4643187456494,650.4740042576128
134.82800000000861,625.4636901189375,650.4740042576128
135.15600000000268,625.4590603307347,650.4740042576128
135.46800000000803,625.4614202355806,650.4740042576128
135.76499999999942,625.4606775472209,650.4740042576128
136.07800000000861,625.469500140095,650.4740042576128
136.38999999999942,625.4698295496258,650.4740042576128
136.68700000000536,625.4632848249936,650.4740042576128
137.01499999999942,625.4819084124367,650.4740042576128
137.32800000000861,625.4559527310937,650.4740042576128
137.63999999999942,625.4620723698048,650.4740042576128
137.93700000000536,625.4754184134155,650.4740042576128
138.2340000000113,625.4600713810137,650.4740042576128
138.56200000000536,625.4644347930106,650.4740042576128
138.88999999999942,625.4712307928543,650.4740042576128
139.20300000000861,625.4593153587928,650.4740042576128
139.5,625.4686714825899,650.4740042576128
139.81200000000536,625.4655825043849,650.4740042576128
140.1090000000113,625.4564840912882,650.4740042576128
140.42200000000594,625.4433793250615,650.4740042576128
140.75,625.4758104164391,650.4740042576128
141.07800000000861,625.4672547521026,650.4740042576128
141.40600000000268,625.4700554121487,650.4740042576128
141.71800000000803,625.4632027805075,650.4740042576128
142.03100000000268,625.4597899335513,650.4740042576128
142.34300000000803,625.4601512193693,650.4740042576128
142.65600000000268,625.4599773141742,650.4740042576128
142.95300000000861,625.4591315648132,650.4740042576128
143.26499999999942,625.4645394614237,650.4740042576128
143.57800000000861,625.4731072157263,650.4740042576128
143.875,625.4629280738118,650.4740042576128
144.18700000000536,625.472729937517,650.4740042576128
144.5,625.4641418399513,650.4740042576128
144.81200000000536,625.4574984479226,650.4740042576128
145.125,625.4585095131981,650.4740042576128
145.43700000000536,625.4781853270678,650.4740042576128
145.75,625.4764261340473,650.4740042576128
146.04700000000594,625.4593413200714,650.4740042576128
146.3590000000113,625.4651246502402,650.4740042576128
146.67200000000594,625.4589547977179,650.4740042576128
146.9840000000113,625.4633941729065,650.4740042576128
147.28100000000268,625.4585897378747,650.4740042576128
147.59300000000803,625.4711536763979,650.4740042576128
147.88999999999942,625.4695887683554,650.4740042576128
148.21800000000803,625.4692514996729,650.4740042576128
148.54700000000594,625.4740541175396,650.4740042576128
148.8590000000113,625.4707469532003,650.4740042576128
149.17200000000594,625.4578427184946,650.4740042576128
149.4840000000113,625.4681050600286,650.4740042576128
149.78100000000268,625.4694507072229,650.4740042576128
150.09300000000803,625.4680487109893,650.4740042576128
150.43700000000536,625.4722207212067,650.4740042576128
150.7340000000113,625.4800803812948,650.4740042576128
151.04700000000594,625.4662426960904,650.4740042576128
151.38999999999942,625.459196389033,650.4740042576128
151.70300000000861,625.4633632374135,650.4740042576128
152.0,625.456989993545,650.4740042576128
152.31200000000536,625.4642858420199,650.4740042576128
152.625,625.4611074162985,650.4740042576128
152.93700000000536,625.473252028185,650.4740042576128
153.2340000000113,625.463865645104,650.4740042576128
153.54700000000594,625.4732832642453,650.4740042576128
153.8590000000113,625.473431094224,650.4740042576128
154.17200000000594,625.4613906536614,650.4740042576128
154.4840000000113,625.4738886134953,650.4740042576128
154.79700000000594,625.4761667406941,650.4740042576128
155.07800000000861,625.4654459250568,650.4740042576128
155.40600000000268,625.466366005398,650.4740042576128
155.71800000000803,625.4737298537727,650.4740042576128
156.03100000000268,625.4695855915654,650.4740042576128
156.32800000000861,625.4758749790398,650.4740042576128
156.63999999999942,625.4847580843646,650.4740042576128
156.95300000000861,625.4725771056812,650.4740042576128
157.28100000000268,625.4797161723243,650.4740042576128
157.57800000000861,625.4772796096709,650.4740042576128
157.875,625.4822890003276,650.4740042576128
158.18700000000536,625.4629062977873,650.4740042576128
158.5,625.4751052095523,650.4740042576128
158.82800000000861,625.4670603573402,650.4740042576128
159.125,625.4760601174871,650.4740042576128
159.43700000000536,625.4693885615471,650.4740042576128
159.75,625.4649705128408,650.4740042576128
160.06200000000536,625.4662346594915,650.4740042576128
160.3590000000113,625.4736864086672,650.4740042576128
160.67200000000594,625.4598916863412,650.4740042576128
160.9840000000113,625.4755261678757,650.4740042576128
161.29700000000594,625.4714412175722,650.4740042576128
161.6090000000113,625.465327662392,650.4740042576128
161.92200000000594,625.479379110671,650.4740042576128
162.21800000000803,625.4715204578264,650.4740042576128
162.53100000000268,625.4640681421765,650.4740042576128
162.82800000000861,625.4788242988045,650.4740042576128
163.13999999999942,625.4597284266524,650.4740042576128
163.45300000000861,625.4647324069709,650.4740042576128
163.76499999999942,625.4780340863442,650.4740042576128
164.07800000000861,625.4819067449012,650.4740042576128
164.38999999999942,625.4697460338044,650.4740042576128
164.68700000000536,625.4772125547979,650.4740042576128
165.01499999999942,625.4798169901527,650.4740042576128
165.32800000000861,625.4886542155955,650.4740042576128
165.63999999999942,625.4729947947083,650.4740042576128
165.95300000000861,625.4733970964564,650.4740042576128
166.26499999999942,625.457247158156,650.4740042576128
166.57800000000861,625.4752767753845,650.4740042576128
166.88999999999942,625.477903869995,650.4740042576128
167.20300000000861,625.4828728410511,650.4740042576128
167.5,625.4698791405859,650.4740042576128
167.82800000000861,625.4880812055757,650.4740042576128
168.13999999999942,625.4593486713857,650.4740042576128
168.45300000000861,625.4581965123256,650.4740042576128
168.75,625.4732973828495,650.4740042576128
169.06200000000536,625.4634841133393,650.4740042576128
169.375,625.4811266759905,650.4740042576128
169.67200000000594,625.4588077606813,650.4740042576128
169.9840000000113,625.4842144587184,650.4740042576128
170.28100000000268,625.4762410341712,650.4740042576128
170.57800000000861,625.4875270963133,650.4740042576128
170.88999999999942,625.4760378645366,650.4740042576128
171.20300000000861,625.4837026587015,650.4740042576128
171.51499999999942,625.4810033932526,650.4740042576128
171.81200000000536,625.4701711379198,650.4740042576128
172.125,625.4762302386845,650.4740042576128
172.43700000000536,625.4876626964755,650.4740042576128
172.7340000000113,625.4703636309761,650.4740042576128
173.07800000000861,625.4652052433089,650.4740042576128
173.40600000000268,625.4754452061007,650.4740042576128
173.7340000000113,625.4690482694701,650.4740042576128
174.04700000000594,625.4797618761146,650.4740042576128
174.3590000000113,625.4772328039303,650.4740042576128
174.67200000000594,625.4755461134663,650.4740042576128
174.96800000000803,625.4761560277034,650.4740042576128
175.28100000000268,625.4855107837133,650.4740042576128
175.59300000000803,625.4778698461739,650.4740042576128
175.88999999999942,625.4734655895084,650.4740042576128
176.20300000000861,625.4823318380738,650.4740042576128
176.51499999999942,625.468406442777,650.4740042576128
176.82800000000861,625.4823359976918,650.4740042576128
177.13999999999942,625.4783510130875,650.4740042576128
177.43700000000536,625.4660741707363,650.4740042576128
177.7340000000113,625.476305373187,650.4740042576128
178.06200000000536,625.4825273642867,650.4740042576128
178.3590000000113,625.4708261454577,650.4740042576128
178.67200000000594,625.4849466134475,650.4740042576128
178.96800000000803,625.4620580352305,650.4740042576128
179.29700000000594,625.4648247110808,650.4740042576128
179.6090000000113,625.478537781373,650.4740042576128
179.90600000000268,625.4833544507297,650.4740042576128
180.21800000000803,625.4834689070867,650.4740042576128
180.51499999999942,625.477139263136,650.4740042576128
180.82800000000861,625.4780595082914,650.4740042576128
181.13999999999942,625.4797774288163,650.4740042576128
181.45300000000861,625.4836544598953,650.4740042576128
181.76499999999942,625.4985083414488,650.4740042576128
182.07800000000861,625.4673245181635,650.4740042576128
182.375,625.4760996113426,650.4740042576128
182.68700000000536,625.4814569050475,650.4740042576128
183.0,625.4860437841072,650.4740042576128
183.31200000000536,625.4821504332097,650.4740042576128
183.625,625.4704911628438,650.4740042576128
183.92200000000594,625.4755741525352,650.4740042576128
184.2340000000113,625.4766745298537,650.4740042576128
184.54700000000594,625.490219496523,650.4740042576128
184.8590000000113,625.4841554499093,650.4740042576128
185.15600000000268,625.486432195905,650.4740042576128
185.46800000000803,625.468172020338,650.4740042576128
185.78100000000268,625.4781298618868,650.4740042576128
186.09300000000803,625.4861932376867,650.4740042576128
186.38999999999942,625.480591593,650.4740042576128
186.70300000000861,625.479752882946,650.4740042576128
187.01499999999942,625.4706994996563,650.4740042576128
187.32800000000861,625.4666855197287,650.4740042576128
187.625,625.4806005737369,650.4740042576128
187.93700000000536,625.4627180281136,650.4740042576128
188.2340000000113,625.4829952449081,650.4740042576128
188.54700000000594,625.4781662505977,650.4740042576128
188.8590000000113,625.48886490157,650.4740042576128
189.15600000000268,625.4763968418093,650.4740042576128
189.4840000000113,625.4909949971517,650.4740042576128
189.78100000000268,625.4782958070596,650.4740042576128
190.09300000000803,625.4848481176208,650.4740042576128
190.40600000000268,625.4833224406876,650.4740042576128
190.70300000000861,625.4790293841129,650.4740042576128
191.01499999999942,625.4842077994106,650.4740042576128
191.32800000000861,625.4799224947939,650.4740042576128
191.65600000000268,625.4729772669091,650.4740042576128
191.95300000000861,625.4645410421693,650.4740042576128
192.26499999999942,625.4638770744338,650.4740042576128
192.57800000000861,625.4766573247348,650.4740042576128
192.88999999999942,625.4782395041241,650.4740042576128
193.18700000000536,625.4799031738546,650.4740042576128
193.5,625.4692505453656,650.4740042576128
193.79700000000594,625.4784956594929,650.4740042576128
194.125,625.4841741493716,650.4740042576128
194.42200000000594,625.4827851433465,650.4740042576128
194.75,625.478289064799,650.4740042576128
195.07800000000861,625.4903542056927,650.4740042576128
195.42200000000594,625.4794201662522,650.4740042576128
195.75,625.4790794193826,650.4740042576128
196.06200000000536,625.4778540636926,650.4740042576128
196.375,625.4790959227291,650.4740042576128
196.67200000000594,625.479808278485,650.4740042576128
196.9840000000113,625.473033977198,650.4740042576128
197.29700000000594,625.4732179098173,650.4740042576128
197.6090000000113,625.4745487612754,650.4740042576128
197.93700000000536,625.4768370491863,650.4740042576128
198.2340000000113,625.4853286920771,650.4740042576128
198.54700000000594,625.4836865705955,650.4740042576128
198.8590000000113,625.472375363319,650.4740042576128
199.15600000000268,625.4939011366441,650.4740042576128
199.4840000000113,625.4747071854542,650.4740042576128
199.78100000000268,625.4858847847436,650.4740042576128
200.09300000000803,625.4772832314967,650.4740042576128
200.38999999999942,625.4841469923924,650.4740042576128
200.81200000000536,625.4895829897112,650.4740042576128
201.1090000000113,625.4902365577309,650.4740042576128
201.43700000000536,625.4775985987067,650.4740042576128
201.75,625.4799848243404,650.4740042576128
202.04700000000594,625.4789063458877,650.4740042576128
202.3590000000113,625.4787844805943,650.4740042576128
202.67200000000594,625.4824297483038,650.4740042576128
202.9840000000113,625.4807069834474,650.4740042576128
203.29700000000594,625.4847143673285,650.4740042576128
203.59300000000803,625.4904424292116,650.4740042576128
203.90600000000268,625.4850815548713,650.4740042576128
204.20300000000861,625.4760373903403,650.4740042576128
204.53100000000268,625.4755948538941,650.4740042576128
204.84300000000803,625.4789191329925,650.4740042576128
205.13999999999942,625.4838005947141,650.4740042576128
205.45300000000861,625.4847040273958,650.4740042576128
205.76499999999942,625.4885751212261,650.4740042576128
206.07800000000861,625.4889577103954,650.4740042576128
206.375,625.4848669478141,650.4740042576128
206.68700000000536,625.4884231983873,650.4740042576128
207.0,625.4765380330672,650.4740042576128
207.29700000000594,625.476883074503,650.4740042576128
207.6090000000113,625.4793963641796,650.4740042576128
207.92200000000594,625.4853300243468,650.4740042576128
208.25,625.4785867966257,650.4740042576128
208.57800000000861,625.4758958851481,650.4740042576128
208.90600000000268,625.4943456118195,650.4740042576128
209.20300000000861,625.4877034212705,650.4740042576128
209.51499999999942,625.467905259406,650.4740042576128
209.82800000000861,625.4678393395627,650.4740042576128
210.13999999999942,625.4718976105247,650.4740042576128
210.43700000000536,625.4900156204126,650.4740042576128
210.75,625.4884607582158,650.4740042576128
211.06200000000536,625.4790701805106,650.4740042576128
211.3590000000113,625.4735024725643,650.4740042576128
211.67200000000594,625.488677547717,650.4740042576128
211.9840000000113,625.4908062888533,650.4740042576128
212.29700000000594,625.4840616446045,650.4740042576128
212.6090000000113,625.4861606325709,650.4740042576128
212.92200000000594,625.4906432052477,650.4740042576128
213.25,625.4851224160212,650.4740042576128
213.54700000000594,625.4798596635577,650.4740042576128
213.875,625.4916718580643,650.4740042576128
214.2340000000113,625.4895111396693,650.4740042576128
214.54700000000594,625.4759886415701,650.4740042576128
214.8590000000113,625.4800900236519,650.4740042576128
215.17200000000594,625.4820369692061,650.4740042576128
215.5,625.4887955960968,650.4740042576128
215.79700000000594,625.4617782187779,650.4740042576128
216.1090000000113,625.4966334149985,650.4740042576128
216.42200000000594,625.478488806859,650.4740042576128
216.7340000000113,625.4761603114767,650.4740042576128
217.03100000000268,625.4814504249485,650.4740042576128
217.34300000000803,625.4864936569676,650.4740042576128
217.65600000000268,625.4764262809498,650.4740042576128
217.95300000000861,625.4848997795361,650.4740042576128
218.26499999999942,625.480723182393,650.4740042576128
218.56200000000536,625.4900888013551,650.4740042576128
218.88999999999942,625.4889099859149,650.4740042576128
219.18700000000536,625.4954650867854,650.4740042576128
219.5,625.4789707868871,650.4740042576128
219.81200000000536,625.4883172159186,650.4740042576128
220.125,625.4765067628524,650.4740042576128
220.43700000000536,625.4891870754777,650.4740042576128
220.7340000000113,625.4901405641515,650.4740042576128
221.06200000000536,625.4809638903897,650.4740042576128
221.3590000000113,625.4820891310812,650.4740042576128
221.65600000000268,625.4957807548211,650.4740042576128
221.96800000000803,625.4842578569618,650.4740042576128
222.28100000000268,625.4834441861665,650.4740042576128
222.59300000000803,625.4879433873148,650.4740042576128
222.88999999999942,625.4693762404632,650.4740042576128
223.21800000000803,625.4932586166491,650.4740042576128
223.51499999999942,625.47866005113,650.4740042576128
223.82800000000861,625.4787031882363,650.4740042576128
224.125,625.4761679410497,650.4740042576128
224.43700000000536,625.4781135475008,650.4740042576128
224.75,625.4753721823954,650.4740042576128
225.04700000000594,625.4830066925631,650.4740042576128
225.3590000000113,625.4801808763191,650.4740042576128
225.67200000000594,625.5012097975695,650.4740042576128
225.9840000000113,625.491549895528,650.4740042576128
226.29700000000594,625.4888605545498,650.4740042576128
226.6090000000113,625.4884970433147,650.4740042576128
226.92200000000594,625.4778377405942,650.4740042576128
227.2340000000113,625.4955975395549,650.4740042576128
227.54700000000594,625.4745992297643,650.4740042576128
227.8590000000113,625.4920072904437,650.4740042576128
228.15600000000268,625.4763945115192,650.4740042576128
228.46800000000803,625.485681952088,650.4740042576128
228.78100000000268,625.4785711240497,650.4740042576128
229.09300000000803,625.4911625789152,650.4740042576128
229.40600000000268,625.4962514632565,650.4740042576128
229.71800000000803,625.4868695245318,650.4740042576128
230.01499999999942,625.4950773119009,650.4740042576128
230.32800000000861,625.4835465525314,650.4740042576128
230.63999999999942,625.4761097248464,650.4740042576128
230.93700000000536,625.4822932936137,650.4740042576128
231.26499999999942,625.4851212596171,650.4740042576128
231.57800000000861,625.4788617442657,650.4740042576128
231.875,625.4838709041327,650.4740042576128
232.18700000000536,625.491601684223,650.4740042576128
232.5,625.4900936342797,650.4740042576128
232.79700000000594,625.4856938989931,650.4740042576128
233.1090000000113,625.4718027527731,650.4740042576128
233.42200000000594,625.4733426872423,650.4740042576128
233.7340000000113,625.4835408184663,650.4740042576128
234.03100000000268,625.4913701394859,650.4740042576128
234.34300000000803,625.4850648215468,650.4740042576128
234.67200000000594,625.4939494314297,650.4740042576128
234.96800000000803,625.4806218265601,650.4740042576128
235.28100000000268,625.4929038214156,650.4740042576128
235.59300000000803,625.4993309938245,650.4740042576128
235.90600000000268,625.4900190339839,650.4740042576128
236.21800000000803,625.485370775361,650.4740042576128
236.53100000000268,625.4903393122619,650.4740042576128
236.84300000000803,625.4962404027931,650.4740042576128
237.13999999999942,625.4956660193949,650.4740042576128
237.45300000000861,625.4904459987034,650.4740042576128
237.76499999999942,625.4986088041197,650.4740042576128
238.07800000000861,625.4812614183711,650.4740042576128
238.38999999999942,625.4922396114085,650.4740042576128
238.70300000000861,625.4876963225112,650.4740042576128
239.0,625.4873283465323,650.4740042576128
239.31200000000536,625.4909055343599,650.4740042576128
239.63999999999942,625.5008718918655,650.4740042576128
239.93700000000536,625.476825029959,650.4740042576128
240.25,625.4919011884563,650.4740042576128
240.56200000000536,625.4853376857295,650.4740042576128
240.875,625.4856066382476,650.4740042576128
241.18700000000536,625.4911257807458,650.4740042576128
241.5,625.479620526919,650.4740042576128
241.81200000000536,625.5029836473988,650.4740042576128
242.1090000000113,625.4874219438201,650.4740042576128
242.42200000000594,625.4920504740675,650.4740042576128
242.7340000000113,625.4899355648478,650.4740042576128
243.04700000000594,625.483939906268,650.4740042576128
243.34300000000803,625.4830703786248,650.4740042576128
243.65600000000268,625.4874896824264,650.4740042576128
243.96800000000803,625.4906605858347,650.4740042576128
244.28100000000268,625.4823866044261,650.4740042576128
244.59300000000803,625.4752345407924,650.4740042576128
244.90600000000268,625.4762622508956,650.4740042576128
245.21800000000803,625.4915753253015,650.4740042576128
245.53100000000268,625.4808909940166,650.4740042576128
245.82800000000861,625.4848913492842,650.4740042576128
246.13999999999942,625.4905682107749,650.4740042576128
246.46800000000803,625.4836233062576,650.4740042576128
246.76499999999942,625.4892640235503,650.4740042576128
247.09300000000803,625.47994054572,650.4740042576128
247.38999999999942,625.4960308650358,650.4740042576128
247.71800000000803,625.5037592193341,650.4740042576128
248.03100000000268,625.5042292092596,650.4740042576128
248.3590000000113,625.5003888443931,650.4740042576128
248.67200000000594,625.5159583012689,650.4740042576128
248.96800000000803,625.5137859465854,650.4740042576128
249.28100000000268,625.5199175347983,650.4740042576128
249.59300000000803,625.5180699182998,650.4740042576128
249.90600000000268,625.4942289954934,650.4740042576128
250.21800000000803,625.5128899711895,650.4740042576128
250.53100000000268,625.5086792491496,650.4740042576128
250.82800000000861,625.5124673493655,650.4740042576128
251.15600000000268,625.5211614029603,650.4740042576128
251.46800000000803,625.5024351548304,650.4740042576128
251.76499999999942,625.5103904545964,650.4740042576128
252.07800000000861,625.5060797658072,650.4740042576128
252.38999999999942,625.5041778821026,650.4740042576128
252.68700000000536,625.5172760757054,650.4740042576128
253.01499999999942,625.5131084871031,650.4740042576128
253.31200000000536,625.4967286760655,650.4740042576128
253.625,625.4988341659084,650.4740042576128
253.93700000000536,625.5143964726233,650.4740042576128
254.25,625.5129228540492,650.4740042576128
254.54700000000594,625.50655569214,650.4740042576128
254.875,625.5099852783488,650.4740042576128
255.17200000000594,625.5212568043098,650.4740042576128
255.5,625.5230964834067,650.4740042576128
255.79700000000594,625.5297358612391,650.4740042576128
256.1090000000113,625.519596600805,650.4740042576128
256.42200000000594,625.4975375330205,650.4740042576128
256.7340000000113,625.5225415912894,650.4740042576128
257.04700000000594,625.509764515383,650.4740042576128
257.3590000000113,625.5229885983917,650.4740042576128
257.67200000000594,625.5100261583119,650.4740042576128
257.9840000000113,625.5265019839696,650.4740042576128
258.2810000000027,625.519155669722,650.4740042576128
258.59300000000803,625.5201456453915,650.4740042576128
258.9060000000027,625.5216009556827,650.4740042576128
259.21800000000803,625.5140142939415,650.4740042576128
259.5310000000027,625.5229334914908,650.4740042576128
259.84300000000803,625.5203941145809,650.4740042576128
260.1399999999994,625.5473464957114,650.4740042576128
260.4530000000086,625.5396545355179,650.4740042576128
260.79700000000594,625.5605107284648,650.4740042576128
261.09300000000803,625.555134690204,650.4740042576128
261.42200000000594,625.547459475128,650.4740042576128
261.7340000000113,625.5396681491129,650.4740042576128
262.0310000000027,625.5539072292001,650.4740042576128
262.3590000000113,625.5349193822578,650.4740042576128
262.6560000000027,625.5337385048236,650.4740042576128
262.9530000000086,625.5434304342674,650.4740042576128
263.2649999999994,625.5400683650321,650.4740042576128
263.5780000000086,625.5404801320171,650.4740042576128
263.8899999999994,625.5389392466386,650.4740042576128
264.18700000000536,625.5287302564512,650.4740042576128
264.5,625.5307840495007,650.4740042576128
264.81200000000536,625.5244841844111,650.4740042576128
265.1090000000113,625.5368156518803,650.4740042576128
265.42200000000594,625.5317396699398,650.4740042576128
265.7340000000113,625.5353469240022,650.4740042576128
266.04700000000594,625.5308235428537,650.4740042576128
266.3590000000113,625.531367805934,650.4740042576128
266.6560000000027,625.5431102554347,650.4740042576128
266.9840000000113,625.5184648516695,650.4740042576128
267.2810000000027,625.524863100407,650.4740042576128
267.59300000000803,625.5368864126503,650.4740042576128
267.9060000000027,625.5212628335416,650.4740042576128
268.21800000000803,625.5185502700866,650.4740042576128
268.5149999999994,625.5364335257503,650.4740042576128
268.8280000000086,625.5308438124458,650.4740042576128
269.1399999999994,625.5172196163228,650.4740042576128
269.4530000000086,625.5376023563631,650.4740042576128
269.75,625.5259912053331,650.4740042576128
270.06200000000536,625.5309432220358,650.4740042576128
270.375,625.5348873502379,650.4740042576128
270.68700000000536,625.5287563663874,650.4740042576128
271.0,625.5337479871623,650.4740042576128
271.29700000000594,625.5255540165888,650.4740042576128
271.625,625.5294343571833,650.4740042576128
271.92200000000594,625.5299145029489,650.4740042576128
272.2340000000113,625.530892784763,650.4740042576128
272.54700000000594,625.5317382840018,650.4740042576128
272.8590000000113,625.5315065882934,650.4740042576128
273.1560000000027,625.5374109496009,650.4740042576128
273.46800000000803,625.5338786598999,650.4740042576128
273.7810000000027,625.551765739616,650.4740042576128
274.09300000000803,625.4749152556037,650.4740042576128
274.4060000000027,625.4412166947245,650.4740042576128
274.7030000000086,625.4281635931902,650.4740042576128
275.0149999999994,625.412182417877,650.4740042576128
275.3280000000086,625.3875692189714,650.4740042576128
275.6399999999994,625.388477303426,650.4740042576128
275.9530000000086,625.375091693461,650.4740042576128
276.2649999999994,625.3658812760898,650.4740042576128
276.56200000000536,625.3503580222742,650.4740042576128
276.8899999999994,625.3513952901721,650.4740042576128
277.18700000000536,625.3393700293574,650.4740042576128
277.5,625.3362554986645,650.4740042576128
277.79700000000594,625.3138866863645,650.4740042576128
278.125,625.3274805961471,650.4740042576128
278.42200000000594,625.3245762435936,650.4740042576128
278.7340000000113,625.3298031474757,650.4740042576128
279.04700000000594,625.3233750150441,650.4740042576128
279.3590000000113,625.3211660530208,650.4740042576128
279.67200000000594,625.3119326518499,650.4740042576128
279.96800000000803,625.3136247915209,650.4740042576128
280.29700000000594,625.3248084832629,650.4740042576128
280.59300000000803,625.3192931143032,650.4740042576128
280.9060000000027,625.3076565761432,650.4740042576128
281.2030000000086,625.3146555057845,650.4740042576128
281.5310000000027,625.3016145232556,650.4740042576128
281.8280000000086,625.2864159145864,650.4740042576128
282.1560000000027,625.3104110458048,650.4740042576128
282.46800000000803,625.3149669200138,650.4740042576128
282.7649999999994,625.3136245918163,650.4740042576128
283.0780000000086,625.2900551643856,650.4740042576128
283.3899999999994,625.2819802136075,650.4740042576128
283.7030000000086,625.3067972734634,650.4740042576128
284.0,625.2944675189935,650.4740042576128
284.31200000000536,625.3078563192709,650.4740042576128
284.625,625.2955362032734,650.4740042576128
284.93700000000536,625.2918618544809,650.4740042576128
285.25,625.2953343673146,650.4740042576128
285.54700000000594,625.3011677045344,650.4740042576128
285.8590000000113,625.28719769566,650.4740042576128
286.17200000000594,625.320457743408,650.4740042576128
286.4840000000113,625.3242098181179,650.4740042576128
286.79700000000594,625.297888178944,650.4740042576128
287.1090000000113,625.3504767877162,650.4740042576128
287.42200000000594,625.3821303034376,650.4740042576128
287.71800000000803,625.3712827722225,650.4740042576128
288.04700000000594,625.3577339600506,650.4740042576128
288.34300000000803,625.359687046049,650.4740042576128
288.6560000000027,625.3576321025081,650.4740042576128
288.96800000000803,625.3631284202672,650.4740042576128
289.2810000000027,625.3528755070879,650.4740042576128
289.59300000000803,625.3622380874547,650.4740042576128
289.8899999999994,625.3489989479195,650.4740042576128
290.21800000000803,625.3493557903328,650.4740042576128
290.5149999999994,625.363399186126,650.4740042576128
290.8280000000086,625.3466442512105,650.4740042576128
291.125,625.3541932502987,650.4740042576128
291.43700000000536,625.3535792754301,650.4740042576128
291.75,625.3563057609607,650.4740042576128
292.06200000000536,625.3585870242791,650.4740042576128
292.3590000000113,625.3576203561364,650.4740042576128
292.67200000000594,625.3469679161026,650.4740042576128
292.9840000000113,625.3521583723344,650.4740042576128
293.2810000000027,625.3654513495671,650.4740042576128
293.6090000000113,625.3626655480757,650.4740042576128
293.9060000000027,625.3433717437752,650.4740042576128
294.21800000000803,625.3537101829406,650.4740042576128
294.5149999999994,625.3518880710328,650.4740042576128
294.8280000000086,625.3613122793507,650.4740042576128
295.1399999999994,625.3581370843157,650.4740042576128
295.43700000000536,625.3598845261961,650.4740042576128
295.7649999999994,625.3458496226658,650.4740042576128
296.0780000000086,625.3486440146156,650.4740042576128
296.4060000000027,625.350749481931,650.4740042576128
296.71800000000803,625.3507643969346,650.4740042576128
297.0310000000027,625.3564204240979,650.4740042576128
297.3280000000086,625.3426618344574,650.4740042576128
297.6560000000027,625.359600212166,650.4740042576128
297.9530000000086,625.3531856387913,650.4740042576128
298.2649999999994,625.3511611370888,650.4740042576128
298.5780000000086,625.3609499437595,650.4740042576128
298.8899999999994,625.3699365849304,650.4740042576128
299.2030000000086,625.3224482607676,650.4740042576128
299.5,625.2758377434927,650.4740042576128
299.81200000000536,625.3235998883466,650.4740042576128
300.125,625.3291038600723,650.4740042576128
300.43700000000536,625.3300131819591,650.4740042576128
300.7340000000113,625.3336534256134,650.4740042576128
301.0310000000027,625.3312310667752,650.4740042576128
301.3590000000113,625.3267884841827,650.4740042576128
301.6560000000027,625.3289771337171,650.4740042576128
301.9530000000086,625.3161358605847,650.4740042576128
302.2810000000027,625.3282653798092,650.4740042576128
302.5780000000086,625.3160049616433,650.4740042576128
302.8899999999994,625.3108914479625,650.4740042576128
303.2030000000086,625.3046975050651,650.4740042576128
303.5,625.3175481053511,650.4740042576128
303.81200000000536,625.3115136674436,650.4740042576128
304.1399999999994,625.2993511705737,650.4740042576128
304.4840000000113,625.306825352799,650.4740042576128
304.7810000000027,625.2989810141642,650.4740042576128
305.09300000000803,625.3010054773652,650.4740042576128
305.375,625.30245887842,650.4740042576128
305.7030000000086,625.3089139748647,650.4740042576128
306.0149999999994,625.3018067503037,650.4740042576128
306.31200000000536,625.2962746173519,650.4740042576128
306.6090000000113,625.2976571031185,650.4740042576128
306.92200000000594,625.3058188491354,650.4740042576128
307.25,625.3037921684937,650.4740042576128
307.56200000000536,625.2901938456939,650.4740042576128
307.8899999999994,625.3091542332561,650.4740042576128
308.21800000000803,625.3002740679469,650.4740042576128
308.54700000000594,625.3129225995796,650.4740042576128
308.84300000000803,625.299814052614,650.4740042576128
309.18700000000536,625.2989338707889,650.4740042576128
309.5310000000027,625.3086734507865,650.4740042576128
309.84300000000803,625.2924221171336,650.4740042576128
310.1560000000027,625.2891800071603,650.4740042576128
310.46800000000803,625.3018348956863,650.4740042576128
310.7649999999994,625.3072336412788,650.4740042576128
311.09300000000803,625.2996743709065,650.4740042576128
311.3899999999994,625.2986564669566,650.4740042576128
311.7030000000086,625.3034863351214,650.4740042576128
312.0149999999994,625.3254420760226,650.4740042576128
312.3280000000086,625.2687841403151,650.4740042576128
312.6399999999994,625.365121103303,650.4740042576128
312.93700000000536,625.3654609919979,650.4740042576128
313.25,625.3843441936384,650.4740042576128
313.54700000000594,625.3651429804027,650.4740042576128
313.875,625.3618417365113,650.4740042576128
314.17200000000594,625.35678910717,650.4740042576128
314.46800000000803,625.3660231367995,650.4740042576128
314.79700000000594,625.3567185892766,650.4740042576128
315.09300000000803,625.3612650179359,650.4740042576128
315.42200000000594,625.3527641910167,650.4740042576128
315.75,625.3409515470701,650.4740042576128
316.06200000000536,625.3503244876455,650.4740042576128
316.375,625.3485252350615,650.4740042576128
316.67200000000594,625.3454831768082,650.4740042576128
316.9840000000113,625.3529622656499,650.4740042576128
317.29700000000594,625.3490623288159,650.4740042576128
317.59300000000803,625.3695996986897,650.4740042576128
317.9060000000027,625.3523577650622,650.4740042576128
318.21800000000803,625.3552246799893,650.4740042576128
318.5149999999994,625.3632767337647,650.4740042576128
318.8280000000086,625.3268531336379,650.4740042576128
319.1399999999994,625.3543892760365,650.4740042576128
319.4530000000086,625.3790158458218,650.4740042576128
319.7649999999994,625.3929457297435,650.4740042576128
320.06200000000536,625.3734908098551,650.4740042576128
320.4060000000027,625.3813911038552,650.4740042576128
320.8280000000086,625.3742421473072,650.4740042576128
321.1560000000027,625.3614842526792,650.4740042576128
321.4530000000086,625.3692575388397,650.4740042576128
321.7649999999994,625.3799917884819,650.4740042576128
322.0780000000086,625.3589180252192,650.4740042576128
322.375,625.354082407837,650.4740042576128
322.7030000000086,625.3682639955687,650.4740042576128
323.0,625.3695562601879,650.4740042576128
323.31200000000536,625.3610824570799,650.4740042576128
323.625,625.3605445395983,650.4740042576128
323.93700000000536,625.3617686530857,650.4740042576128
324.25,625.36454306041,650.4740042576128
324.56200000000536,625.3481097612879,650.4740042576128
324.8899999999994,625.3603156436883,650.4740042576128
325.21800000000803,625.3700461401841,650.4740042576128
325.5310000000027,625.3665037792341,650.4740042576128
325.8280000000086,625.3658236015021,650.4740042576128
326.1560000000027,625.3652021523533,650.4740042576128
326.46800000000803,625.3503621525623,650.4740042576128
326.7649999999994,625.3615907644192,650.4740042576128
327.0780000000086,625.3601346572943,650.4740042576128
327.3899999999994,625.3666729892475,650.4740042576128
327.7030000000086,625.3556819757653,650.4740042576128
328.0,625.3700882402856,650.4740042576128
328.31200000000536,625.3505879385625,650.4740042576128
328.625,625.3485806029212,650.4740042576128
328.93700000000536,625.369295131157,650.4740042576128
329.2340000000113,625.3543082551695,650.4740042576128
329.54700000000594,625.3641949362844,650.4740042576128
329.8590000000113,625.3540994492997,650.4740042576128
330.1560000000027,625.3575213314842,650.4740042576128
330.46800000000803,625.3634212093073,650.4740042576128
330.7810000000027,625.3442571782348,650.4740042576128
331.09300000000803,625.3554575212984,650.4740042576128
331.4060000000027,625.3487120517207,650.4740042576128
331.71800000000803,625.3528688531514,650.4740042576128
332.0310000000027,625.3446903120152,650.4740042576128
332.3280000000086,625.3668827117282,650.4740042576128
332.6399999999994,625.369770397565,650.4740042576128
332.9530000000086,625.3707576826102,650.4740042576128
333.2649999999994,625.3728129727485,650.4740042576128
333.5780000000086,625.3571700156325,650.4740042576128
333.875,625.3719900914721,650.4740042576128
334.18700000000536,625.3557291687805,650.4740042576128
334.5,625.3733164188569,650.4740042576128
334.8280000000086,625.3410567974545,650.4740042576128
335.1560000000027,625.3670823443588,650.4740042576128
335.46800000000803,625.3729265295527,650.4740042576128
335.7649999999994,625.3738535164666,650.4740042576128
336.09300000000803,625.3783528288418,650.4740042576128
336.42200000000594,625.3515198977565,650.4740042576128
336.71800000000803,625.3597106665696,650.4740042576128
337.0310000000027,625.3744504953555,650.4740042576128
337.34300000000803,625.3660330115454,650.4740042576128
337.6560000000027,625.3586231550022,650.4740042576128
337.9530000000086,625.3538433833577,650.4740042576128
338.2649999999994,625.376035919646,650.4740042576128
338.5780000000086,625.3663701790451,650.4740042576128
338.9060000000027,625.3606578950835,650.4740042576128
339.2030000000086,625.3710482086923,650.4740042576128
339.5149999999994,625.3610262489299,650.4740042576128
339.81200000000536,625.3617055190722,650.4740042576128
340.125,625.3685150865772,650.4740042576128
340.43700000000536,625.3645454949901,650.4740042576128
340.7340000000113,625.3580574454662,650.4740042576128
341.04700000000594,625.3683812334137,650.4740042576128
341.34300000000803,625.3639997920062,650.4740042576128
341.6560000000027,625.36841456561,650.4740042576128
341.96800000000803,625.3783818168696,650.4740042576128
342.2810000000027,625.3662437902228,650.4740042576128
342.5780000000086,625.3778055382625,650.4740042576128
342.875,625.3662074945474,650.4740042576128
343.2030000000086,625.3665845190878,650.4740042576128
343.5,625.3627675392468,650.4740042576128
343.81200000000536,625.3701074594243,650.4740042576128
344.1090000000113,625.3813834986306,650.4740042576128
344.4530000000086,625.3646191639831,650.4740042576128
344.7649999999994,625.3698499229076,650.4740042576128
345.0780000000086,625.3607919457093,650.4740042576128
345.3899999999994,625.3735034713778,650.4740042576128
345.7030000000086,625.3540367723751,650.4740042576128
346.0,625.3598641491516,650.4740042576128
346.31200000000536,625.3650958907169,650.4740042576128
346.625,625.373272652565,650.4740042576128
346.92200000000594,625.3698399736186,650.4740042576128
347.21800000000803,625.3866350427722,650.4740042576128
347.54700000000594,625.3786762898293,650.4740042576128
347.84300000000803,625.376282844551,650.4740042576128
348.1560000000027,625.3526863292286,650.4740042576128
348.46800000000803,625.360945506391,650.4740042576128
348.7649999999994,625.3720710792845,650.4740042576128
349.0780000000086,625.3747492818225,650.4740042576128
349.3899999999994,625.3728041857563,650.4740042576128
349.68700000000536,625.3686315554659,650.4740042576128
350.0,625.3833058770582,650.4740042576128
350.31200000000536,625.3794832989324,650.4740042576128
350.625,625.3685217606009,650.4740042576128
350.93700000000536,625.3724447310086,650.4740042576128
351.25,625.386354611318,650.4740042576128
351.54700000000594,625.3678371262527,650.4740042576128
351.8590000000113,625.3663745348414,650.4740042576128
352.1560000000027,625.3770241108978,650.4740042576128
352.5,625.3766612938982,650.4740042576128
352.8280000000086,625.3723833112751,650.4740042576128
353.1399999999994,625.367118968287,650.4740042576128
353.4530000000086,625.3675851907113,650.4740042576128
353.75,625.3707477686814,650.4740042576128
354.06200000000536,625.3880934880449,650.4740042576128
354.375,625.3764018713962,650.4740042576128
354.68700000000536,625.3703587443046,650.4740042576128
354.9840000000113,625.378697399129,650.4740042576128
355.29700000000594,625.3701519922175,650.4740042576128
355.625,625.3670354404775,650.4740042576128
355.92200000000594,625.3629685312212,650.4740042576128
356.2340000000113,625.390291230926,650.4740042576128
356.54700000000594,625.3789381855951,650.4740042576128
356.84300000000803,625.3742854205732,650.4740042576128
357.1560000000027,625.3615244188053,650.4740042576128
357.5,625.3743280824485,650.4740042576128
357.8280000000086,625.3704748594859,650.4740042576128
358.1560000000027,625.3759859466387,650.4740042576128
358.4840000000113,625.370363287057,650.4740042576128
358.81200000000536,625.3646390980186,650.4740042576128
359.1560000000027,625.3957084887245,650.4740042576128
359.4840000000113,625.3679550574923,650.4740042576128
359.79700000000594,625.3852015595909,650.4740042576128
360.125,625.3821626938583,650.4740042576128
360.4530000000086,625.3839902214401,650.4740042576128
360.79700000000594,625.3801625366707,650.4740042576128
361.125,625.3672059829987,650.4740042576128
361.42200000000594,625.3899173299943,650.4740042576128
361.75,625.381943771673,650.4740042576128
362.04700000000594,625.3877733402358,650.4740042576128
362.3899999999994,625.3791413048319,650.4740042576128
362.7030000000086,625.3801744417663,650.4740042576128
363.0,625.3741443321503,650.4740042576128
363.31200000000536,625.384367170863,650.4740042576128
363.625,625.3810406801744,650.4740042576128
363.92200000000594,625.3862638038522,650.4740042576128
364.25,625.3933747742481,650.4740042576128
364.54700000000594,625.3772355275354,650.4740042576128
364.8590000000113,625.3823144033104,650.4740042576128
365.1560000000027,625.3733615996849,650.4740042576128
365.4530000000086,625.3836865057046,650.4740042576128
365.7810000000027,625.3809291423022,650.4740042576128
366.0780000000086,625.3832067039731,650.4740042576128
366.3899999999994,625.3800536339055,650.4740042576128
366.7030000000086,625.3910645936523,650.4740042576128
367.0149999999994,625.3764929728336,650.4740042576128
367.3280000000086,625.3738355301783,650.4740042576128
367.625,625.3917234044239,650.4740042576128
367.93700000000536,625.3761428270113,650.4740042576128
368.2340000000113,625.3865280540889,650.4740042576128
368.54700000000594,625.3816662966819,650.4740042576128
368.84300000000803,625.3863963243923,650.4740042576128
369.1560000000027,625.3971227119214,650.4740042576128
369.43700000000536,625.3781366377233,650.4740042576128
369.75,625.3816946793254,650.4740042576128
370.06200000000536,625.3913303934575,650.4740042576128
370.375,625.3988249278307,650.4740042576128
370.71800000000803,625.3842684369114,650.4740042576128
371.0310000000027,625.3695009579794,650.4740042576128
371.34300000000803,625.3842252450173,650.4740042576128
371.6560000000027,625.395059987762,650.4740042576128
371.96800000000803,625.388926122525,650.4740042576128
372.2810000000027,625.389906072503,650.4740042576128
372.6090000000113,625.3912186290838,650.4740042576128
372.93700000000536,625.3812263206856,650.4740042576128
373.25,625.3751742550764,650.4740042576128
373.56200000000536,625.3849480638137,650.4740042576128
373.9060000000027,625.3746574225777,650.4740042576128
374.2030000000086,625.3951489025552,650.4740042576128
374.5149999999994,625.3867153622266,650.4740042576128
374.81200000000536,625.376516460794,650.4740042576128
375.1399999999994,625.4011658653715,650.4740042576128
375.43700000000536,625.3790033164731,650.4740042576128
375.7649999999994,625.3873100646699,650.4740042576128
376.06200000000536,625.3837263652749,650.4740042576128
376.375,625.3702866157988,650.4740042576128
376.68700000000536,625.3796691425276,650.4740042576128
376.9840000000113,625.382980386004,650.4740042576128
377.29700000000594,625.3739871000288,650.4740042576128
377.6090000000113,625.3864680425639,650.4740042576128
377.92200000000594,625.392801789728,650.4740042576128
378.21800000000803,625.4017585765175,650.4740042576128
378.5310000000027,625.3768508307168,650.4740042576128
378.84300000000803,625.3769256437263,650.4740042576128
379.1560000000027,625.393976933564,650.4740042576128
379.46800000000803,625.3853959913183,650.4740042576128
379.7649999999994,625.3835181707068,650.4740042576128
380.0780000000086,625.3928557047973,650.4740042576128
380.3899999999994,625.3942038880177,650.4740042576128
380.8590000000113,625.3819431722392,650.4740042576128
381.18700000000536,625.395081599396,650.4740042576128
381.46800000000803,625.3971294732041,650.4740042576128
381.7810000000027,625.3865173659459,650.4740042576128
382.1399999999994,625.3788455037916,650.4740042576128
382.43700000000536,625.3968837067089,650.4740042576128
382.7340000000113,625.3872844179821,650.4740042576128
383.04700000000594,625.3915196997076,650.4740042576128
383.3590000000113,625.4020291361746,650.4740042576128
383.67200000000594,625.4023319850447,650.4740042576128
383.96800000000803,625.384673262363,650.4740042576128
384.2810000000027,625.3955413395761,650.4740042576128
384.59300000000803,625.3882657135739,650.4740042576128
384.9060000000027,625.3884901189538,650.4740042576128
385.21800000000803,625.3846139676195,650.4740042576128
385.5149999999994,625.3772319628265,650.4740042576128
385.84300000000803,625.3884678794274,650.4740042576128
386.1399999999994,625.3918356872488,650.4740042576128
386.4530000000086,625.3762778923694,650.4740042576128
386.7649999999994,625.3878681468683,650.4740042576128
387.06200000000536,625.3870492043834,650.4740042576128
387.375,625.3849353243161,650.4740042576128
387.68700000000536,625.4004437295238,650.4740042576128
388.0,625.3813529583565,650.4740042576128
388.29700000000594,625.397441358511,650.4740042576128
388.6090000000113,625.3962775187614,650.4740042576128
388.92200000000594,625.3938568858799,650.4740042576128
389.21800000000803,625.390785690699,650.4740042576128
389.54700000000594,625.3872903736886,650.4740042576128
389.8899999999994,625.3803230805511,650.4740042576128
390.18700000000536,625.3864894699194,650.4740042576128
390.5,625.3805667870995,650.4740042576128
390.8280000000086,625.3895180795197,650.4740042576128
391.125,625.3912724137837,650.4740042576128
391.43700000000536,625.3982579048126,650.4740042576128
391.7340000000113,625.3789103336203,650.4740042576128
392.04700000000594,625.3805975552366,650.4740042576128
392.34300000000803,625.4005374976547,650.4740042576128
392.6560000000027,625.4031522266848,650.4740042576128
392.96800000000803,625.3880824117824,650.4740042576128
393.2810000000027,625.3840757431868,650.4740042576128
393.5780000000086,625.392110093311,650.4740042576128
393.9060000000027,625.3875740904828,650.4740042576128
394.2030000000086,625.3889878355799,650.4740042576128
394.5149999999994,625.4044067378763,650.4740042576128
394.8280000000086,625.3953083602885,650.4740042576128
395.125,625.400492424332,650.4740042576128
395.42200000000594,625.3843532035862,650.4740042576128
395.75,625.3884557521893,650.4740042576128
396.0780000000086,625.401947766878,650.4740042576128
396.3899999999994,625.3931719099534,650.4740042576128
396.7030000000086,625.3903176610265,650.4740042576128
397.0149999999994,625.3898268403614,650.4740042576128
397.31200000000536,625.4036106175324,650.4740042576128
397.625,625.4042766515789,650.4740042576128
397.93700000000536,625.381467547404,650.4740042576128
398.25,625.3899781495135,650.4740042576128
398.54700000000594,625.3887229369875,650.4740042576128
398.8590000000113,625.3924470921347,650.4740042576128
399.1560000000027,625.40237932361,650.4740042576128
399.46800000000803,625.3857696345834,650.4740042576128
399.7810000000027,625.3902988793054,650.4740042576128
400.09300000000803,625.4083745537774,650.4740042576128
400.4060000000027,625.4176240761883,650.4740042576128
400.71800000000803,625.4188973878479,650.4740042576128
401.0310000000027,625.4109528607136,650.4740042576128
401.3280000000086,625.4226373070753,650.4740042576128
401.6399999999994,625.4309700749818,650.4740042576128
401.93700000000536,625.4374073142515,650.4740042576128
402.2649999999994,625.4224931723483,650.4740042576128
402.5780000000086,625.4280388266652,650.4740042576128
402.875,625.4176181463735,650.4740042576128
403.18700000000536,625.423291671819,650.4740042576128
403.4840000000113,625.4109565787559,650.4740042576128
403.81200000000536,625.420746255403,650.4740042576128
404.1090000000113,625.4016270795535,650.4740042576128
404.43700000000536,625.411906490862,650.4740042576128
404.7340000000113,625.4090961659664,650.4740042576128
405.04700000000594,625.4129131506814,650.4740042576128
405.34300000000803,625.4195009031238,650.4740042576128
405.67200000000594,625.4159827837088,650.4740042576128
405.96800000000803,625.3968905800225,650.4740042576128
406.2649999999994,625.4101168345572,650.4740042576128
406.5780000000086,625.4081447174755,650.4740042576128
406.875,625.4162134773112,650.4740042576128
407.2030000000086,625.4086056432038,650.4740042576128
407.5149999999994,625.4051743802523,650.4740042576128
407.81200000000536,625.3964750025333,650.4740042576128
408.125,625.4040117004643,650.4740042576128
408.4530000000086,625.3995940396866,650.4740042576128
408.7810000000027,625.3933486165962,650.4740042576128
409.1090000000113,625.4075601126242,650.4740042576128
409.42200000000594,625.4084438427258,650.4740042576128
409.7340000000113,625.3941101644979,650.4740042576128
410.04700000000594,625.4091780995784,650.4740042576128
410.34300000000803,625.3974915143916,650.4740042576128
410.67200000000594,625.4035636316842,650.4740042576128
410.96800000000803,625.4008813056007,650.4740042576128
411.29700000000594,625.4124048009181,650.4740042576128
411.59300000000803,625.401447997396,650.4740042576128
411.8899999999994,625.4064671022458,650.4740042576128
412.2030000000086,625.414582430956,650.4740042576128
412.5149999999994,625.4026968995809,650.4740042576128
412.8280000000086,625.3949248493119,650.4740042576128
413.1399999999994,625.4038634811877,650.4740042576128
413.4530000000086,625.4100699986129,650.4740042576128
413.75,625.4163082156863,650.4740042576128
414.06200000000536,625.406943957777,650.4740042576128
414.375,625.4025793868873,650.4740042576128
414.67200000000594,625.3981565651865,650.4740042576128
415.0,625.4021751927805,650.4740042576128
415.29700000000594,625.4025567313957,650.4740042576128
415.6090000000113,625.3883201859311,650.4740042576128
415.9060000000027,625.4152684632763,650.4740042576128
416.21800000000803,625.3974510890171,650.4740042576128
416.5310000000027,625.3820415871025,650.4740042576128
416.8590000000113,625.3990040674295,650.4740042576128
417.18700000000536,625.4043908917419,650.4740042576128
417.5,625.4053728086108,650.4740042576128
417.81200000000536,625.4004904416655,650.4740042576128
418.125,625.4016671211177,650.4740042576128
418.42200000000594,625.3944082418293,650.4740042576128
418.7340000000113,625.3980115801096,650.4740042576128
419.04700000000594,625.394705498203,650.4740042576128
419.3590000000113,625.381004878035,650.4740042576128
419.6560000000027,625.3922674718507,650.4740042576128
420.0,625.4154549756242,650.4740042576128
420.3280000000086,625.4071830969799,650.4740042576128
420.6399999999994,625.4112845865136,650.4740042576128
420.93700000000536,625.4003466689825,650.4740042576128
421.25,625.4063575486374,650.4740042576128
421.56200000000536,625.4076324516814,650.4740042576128
421.875,625.3966059322685,650.4740042576128
422.17200000000594,625.4101093952872,650.4740042576128
422.5,625.397175708862,650.4740042576128
422.79700000000594,625.4197972522462,650.4740042576128
423.09300000000803,625.4116747981652,650.4740042576128
423.42200000000594,625.396603793032,650.4740042576128
423.71800000000803,625.4008501373206,650.4740042576128
424.0310000000027,625.4113136063728,650.4740042576128
424.3280000000086,625.3959341855455,650.4740042576128
424.6399999999994,625.3999112356553,650.4740042576128
424.9530000000086,625.3973642409981,650.4740042576128
425.25,625.3978398785433,650.4740042576128
425.56200000000536,625.392510679584,650.4740042576128
425.8590000000113,625.4008095190045,650.4740042576128
426.18700000000536,625.4066926124917,650.4740042576128
426.5,625.405635552213,650.4740042576128
426.79700000000594,625.4056195138724,650.4740042576128
427.1090000000113,625.400598561257,650.4740042576128
427.42200000000594,625.404706103561,650.4740042576128
427.71800000000803,625.4115427812966,650.4740042576128
428.04700000000594,625.3920247571428,650.4740042576128
428.3899999999994,625.3937403826507,650.4740042576128
428.7030000000086,625.394619235765,650.4740042576128
429.0,625.387961919548,650.4740042576128
429.3280000000086,625.4044837791712,650.4740042576128
429.6090000000113,625.3891192704781,650.4740042576128
429.93700000000536,625.4028033991743,650.4740042576128
430.2340000000113,625.3968255019323,650.4740042576128
430.56200000000536,625.3860886158457,650.4740042576128
430.8590000000113,625.3950714831338,650.4740042576128
431.1560000000027,625.4005036170323,650.4740042576128
431.4840000000113,625.3848682629733,650.4740042576128
431.7810000000027,625.3966394094077,650.4740042576128
432.09300000000803,625.3976254468415,650.4740042576128
432.4060000000027,625.3973572794209,650.4740042576128
432.71800000000803,625.3959947510866,650.4740042576128
433.0149999999994,625.4026938792294,650.4740042576128
433.31200000000536,625.4007221423695,650.4740042576128
433.6399999999994,625.3987097626559,650.4740042576128
433.9530000000086,625.3887078968456,650.4740042576128
434.25,625.4192203437957,650.4740042576128
434.56200000000536,625.3987378778614,650.4740042576128
434.875,625.4069185007719,650.4740042576128
435.18700000000536,625.3996328998169,650.4740042576128
435.5,625.4111062692049,650.4740042576128
435.79700000000594,625.3971783874184,650.4740042576128
436.1090000000113,625.393573189902,650.4740042576128
436.42200000000594,625.4084593874402,650.4740042576128
436.7340000000113,625.4080791577838,650.4740042576128
437.04700000000594,625.3925241421762,650.4740042576128
437.34300000000803,625.3963206992635,650.4740042576128
437.6560000000027,625.3998975958182,650.4740042576128
437.96800000000803,625.3948305200664,650.4740042576128
438.2810000000027,625.4058374233981,650.4740042576128
438.5780000000086,625.4023049648246,650.4740042576128
438.8899999999994,625.4104454859155,650.4740042576128
439.2030000000086,625.392713278124,650.4740042576128
439.5149999999994,625.4141185878152,650.4740042576128
439.81200000000536,625.3914352846958,650.4740042576128
440.125,625.3869369711495,650.4740042576128
440.43700000000536,625.3962195040824,650.4740042576128
440.84300000000803,625.4067076967777,650.4740042576128
441.1399999999994,625.3996415965512,650.4740042576128
441.46800000000803,625.4078310842496,650.4740042576128
441.7649999999994,625.3918048074174,650.4740042576128
442.06200000000536,625.3983164575077,650.4740042576128
442.3899999999994,625.4017288765481,650.4740042576128
442.7030000000086,625.4086762591941,650.4740042576128
443.0,625.4124284696682,650.4740042576128
443.31200000000536,625.3907587709654,650.4740042576128
443.625,625.4051224911439,650.4740042576128
443.93700000000536,625.4030150757152,650.4740042576128
444.2340000000113,625.3944392270214,650.4740042576128
444.54700000000594,625.3936086639521,650.4740042576128
444.8590000000113,625.395588375757,650.4740042576128
445.17200000000594,625.3918997901461,650.4740042576128
445.46800000000803,625.3974950937984,650.4740042576128
445.79700000000594,625.4107859258909,650.4740042576128
446.1090000000113,625.4036264455799,650.4740042576128
446.4060000000027,625.3927683846331,650.4740042576128
446.71800000000803,625.3936990792386,650.4740042576128
447.0310000000027,625.3915227693805,650.4740042576128
447.3590000000113,625.4063342096374,650.4740042576128
447.6560000000027,625.3979130169399,650.4740042576128
447.9840000000113,625.3853282506298,650.4740042576128
448.29700000000594,625.3987069423995,650.4740042576128
448.59300000000803,625.3978716640352,650.4740042576128
448.8899999999994,625.3937810826562,650.4740042576128
449.21800000000803,625.3856674762216,650.4740042576128
449.5149999999994,625.3953448644697,650.4740042576128
449.8280000000086,625.4081882750353,650.4740042576128
450.1399999999994,625.4101368989517,650.4740042576128
450.4530000000086,625.3935553793433,650.4740042576128
450.75,625.4018225864801,650.4740042576128
451.06200000000536,625.4089340583264,650.4740042576128
451.4060000000027,625.4018351130921,650.4740042576128
451.7340000000113,625.4032855965113,650.4740042576128
452.0310000000027,625.3924732753443,650.4740042576128
452.3590000000113,625.3970147588986,650.4740042576128
452.6560000000027,625.4095479927968,650.4740042576128
452.96800000000803,625.3885749651705,650.4740042576128
453.2810000000027,625.3923089522559,650.4740042576128
453.5780000000086,625.413623080717,650.4740042576128
453.8899999999994,625.3940340851776,650.4740042576128
454.18700000000536,625.3957062940245,650.4740042576128
454.4840000000113,625.3898581335377,650.4740042576128
454.81200000000536,625.4033222179156,650.4740042576128
455.1090000000113,625.3873368770904,650.4740042576128
455.42200000000594,625.4018566857351,650.4740042576128
455.71800000000803,625.3963430159428,650.4740042576128
456.04700000000594,625.4035303991789,650.4740042576128
456.34300000000803,625.3972522260066,650.4740042576128
456.6560000000027,625.403783946693,650.4740042576128
456.9530000000086,625.3877734861481,650.4740042576128
457.2810000000027,625.3976699275242,650.4740042576128
457.59300000000803,625.3952565812721,650.4740042576128
457.8899999999994,625.3984449830066,650.4740042576128
458.21800000000803,625.3968401407645,650.4740042576128
458.54700000000594,625.4006128995854,650.4740042576128
458.84300000000803,625.3964227498869,650.4740042576128
459.1560000000027,625.3968043956775,650.4740042576128
459.46800000000803,625.3922155441994,650.4740042576128
459.7649999999994,625.401532510539,650.4740042576128
460.0780000000086,625.3992572097785,650.4740042576128
460.4060000000027,625.3948154007035,650.4740042576128
460.7030000000086,625.3974850044435,650.4740042576128
461.0149999999994,625.3946028401018,650.4740042576128
461.3280000000086,625.3908664250723,650.4740042576128
461.6399999999994,625.3819722685305,650.4740042576128
461.92200000000594,625.4046376960118,650.4740042576128
462.25,625.4030141867958,650.4740042576128
462.54700000000594,625.3892196150304,650.4740042576128
462.875,625.4019725320628,650.4740042576128
463.18700000000536,625.3727580429556,650.4740042576128
463.5,625.3372028240323,650.4740042576128
463.81200000000536,625.351383971263,650.4740042576128
464.1090000000113,625.3476482053412,650.4740042576128
464.42200000000594,625.3396893848042,650.4740042576128
464.71800000000803,625.3259710149156,650.4740042576128
465.0310000000027,625.3250019769179,650.4740042576128
465.34300000000803,625.3328363143266,650.4740042576128
465.6399999999994,625.3189700124402,650.4740042576128
465.9530000000086,625.3122855290684,650.4740042576128
466.2649999999994,625.3169504478411,650.4740042576128
466.5780000000086,625.3063396618608,650.4740042576128
466.875,625.30131690459,650.4740042576128
467.18700000000536,625.3070048371352,650.4740042576128
467.5,625.3062234844369,650.4740042576128
467.79700000000594,625.2926600497092,650.4740042576128
468.1090000000113,625.2974401558135,650.4740042576128
468.42200000000594,625.2859716815428,650.4740042576128
468.71800000000803,625.2951921079253,650.4740042576128
469.0310000000027,625.2942876010209,650.4740042576128
469.3280000000086,625.3046264501131,650.4740042576128
469.6560000000027,625.2915276322477,650.4740042576128
469.9530000000086,625.2851912903052,650.4740042576128
470.2649999999994,625.2837526496116,650.4740042576128
470.5780000000086,625.2835125540507,650.4740042576128
470.875,625.2902402828956,650.4740042576128
471.18700000000536,625.2830160068668,650.4740042576128
471.5,625.2819483892549,650.4740042576128
471.79700000000594,625.3068640517205,650.4740042576128
472.1090000000113,625.2857609475986,650.4740042576128
472.4060000000027,625.2825598687965,650.4740042576128
472.7340000000113,625.2910705602594,650.4740042576128
473.0310000000027,625.2856791350532,650.4740042576128
473.3590000000113,625.2700388469048,650.4740042576128
473.6560000000027,625.2758232937455,650.4740042576128
473.9840000000113,625.2740778035576,650.4740042576128
474.2810000000027,625.2787788627328,650.4740042576128
474.59300000000803,625.2803979618179,650.4740042576128
474.9060000000027,625.2621718842627,650.4740042576128
475.21800000000803,625.2850406675283,650.4740042576128
475.5310000000027,625.2953967545575,650.4740042576128
475.84300000000803,625.3017567347207,650.4740042576128
476.1399999999994,625.2812864935107,650.4740042576128
476.4530000000086,625.3700693178429,650.4740042576128
476.7649999999994,625.3593501111707,650.4740042576128
477.0780000000086,625.3720310742775,650.4740042576128
477.3899999999994,625.3465334641277,650.4740042576128
477.7030000000086,625.3494756185269,650.4740042576128
478.0,625.3410465834751,650.4740042576128
478.3280000000086,625.3474892583013,650.4740042576128
478.6399999999994,625.3525672244568,650.4740042576128
478.9530000000086,625.3377946764597,650.4740042576128
479.25,625.3575208022158,650.4740042576128
479.56200000000536,625.352691685787,650.4740042576128
479.8590000000113,625.3507308066455,650.4740042576128
480.17200000000594,625.349669016276,650.4740042576128
480.4840000000113,625.3477274840951,650.4740042576128
480.79700000000594,625.3456348728896,650.4740042576128
481.1090000000113,625.3529571275193,650.4740042576128
481.4060000000027,625.3206069997759,650.4740042576128
481.71800000000803,625.3445840817346,650.4740042576128
482.0310000000027,625.3477652181584,650.4740042576128
482.34300000000803,625.3440864425911,650.4740042576128
482.6399999999994,625.3384695124805,650.4740042576128
482.9530000000086,625.3380985536579,650.4740042576128
483.2649999999994,625.3358049827668,650.4740042576128
483.56200000000536,625.3324370674706,650.4740042576128
483.8899999999994,625.3268915137393,650.4740042576128
484.18700000000536,625.3300264579432,650.4740042576128
484.5149999999994,625.338791797414,650.4740042576128
484.81200000000536,625.3404995361058,650.4740042576128
485.125,625.3391526316319,650.4740042576128
485.43700000000536,625.344446080633,650.4740042576128
485.75,625.3432974530217,650.4740042576128
486.06200000000536,625.3366947466023,650.4740042576128
486.3590000000113,625.3418514689822,650.4740042576128
486.67200000000594,625.3489689521884,650.4740042576128
486.9840000000113,625.3436840191737,650.4740042576128
487.2810000000027,625.3440474419502,650.4740042576128
487.59300000000803,625.3443796589892,650.4740042576128
487.9060000000027,625.3402116241954,650.4740042576128
488.21800000000803,625.3295378134121,650.4740042576128
488.5310000000027,625.305212023893,650.4740042576128
488.84300000000803,625.2962361364342,650.4740042576128
489.1560000000027,625.3025667586796,650.4740042576128
489.46800000000803,625.319744734396,650.4740042576128
489.7649999999994,625.3267712193409,650.4740042576128
490.09300000000803,625.3223196153363,650.4740042576128
490.3899999999994,625.3238050207548,650.4740042576128
490.68700000000536,625.3073508298331,650.4740042576128
491.0149999999994,625.3314741639268,650.4740042576128
491.31200000000536,625.2999697963895,650.4740042576128
491.6399999999994,625.310885346072,650.4740042576128
491.93700000000536,625.2911660301361,650.4740042576128
492.25,625.3100149577253,650.4740042576128
492.56200000000536,625.3040803915362,650.4740042576128
492.8899999999994,625.3143880781078,650.4740042576128
493.2340000000113,625.29474585965,650.4740042576128
493.54700000000594,625.3050917581935,650.4740042576128
493.8590000000113,625.3090865950508,650.4740042576128
494.1560000000027,625.2977223416943,650.4740042576128
494.46800000000803,625.3073472137473,650.4740042576128
494.7810000000027,625.2994130029961,650.4740042576128
495.09300000000803,625.294434327615,650.4740042576128
495.4060000000027,625.3032972329946,650.4740042576128
495.71800000000803,625.2984370101958,650.4740042576128
496.0149999999994,625.2887429795389,650.4740042576128
496.3280000000086,625.283766522107,650.4740042576128
496.6399999999994,625.2838899623076,650.4740042576128
496.9530000000086,625.2890215536858,650.4740042576128
497.2649999999994,625.2954828985166,650.4740042576128
497.56200000000536,625.2879380971505,650.4740042576128
497.875,625.2787647269643,650.4740042576128
498.18700000000536,625.2866137277913,650.4740042576128
498.5,625.2827173879372,650.4740042576128
498.81200000000536,625.2767938097546,650.4740042576128
499.125,625.2774059215532,650.4740042576128
499.42200000000594,625.284897266275,650.4740042576128
499.7340000000113,625.2898469454051,650.4740042576128
500.04700000000594,625.2948579229193,650.4740042576128
500.375,625.2877642118591,650.4740042576128
500.8899999999994,625.2987709507117,650.4740042576128
501.18700000000536,625.3190213569726,650.4740042576128
501.5149999999994,625.2919341673206,650.4740042576128
501.8280000000086,625.3636642578599,650.4740042576128
502.125,625.3758590782775,650.4740042576128
502.43700000000536,625.3695287840518,650.4740042576128
502.75,625.3638466038516,650.4740042576128
503.04700000000594,625.3730481448632,650.4740042576128
503.3590000000113,625.3575439901468,650.4740042576128
503.6560000000027,625.3458545347777,650.4740042576128
503.96800000000803,625.3566841656244,650.4740042576128
504.2810000000027,625.3536100455394,650.4740042576128
504.59300000000803,625.3329028386925,650.4740042576128
504.9060000000027,625.3534789397999,650.4740042576128
505.2030000000086,625.3495314047163,650.4740042576128
505.5149999999994,625.3567336360494,650.4740042576128
505.8280000000086,625.3514856318778,650.4740042576128
506.1399999999994,625.3379023442758,650.4740042576128
506.4530000000086,625.3549160837919,650.4740042576128
506.7649999999994,625.3504556699447,650.4740042576128
507.0780000000086,625.3428575899501,650.4740042576128
507.3899999999994,625.3512834389571,650.4740042576128
507.68700000000536,625.3000909621685,650.4740042576128
508.0,625.3624735365863,650.4740042576128
508.3280000000086,625.3637843184438,650.4740042576128
508.67200000000594,625.3655140564174,650.4740042576128
508.96800000000803,625.3771743330614,650.4740042576128
509.2810000000027,625.3824124196949,650.4740042576128
509.59300000000803,625.3641235321016,650.4740042576128
509.9060000000027,625.3728474133769,650.4740042576128
510.21800000000803,625.3572886375291,650.4740042576128
510.5310000000027,625.3554080223538,650.4740042576128
510.84300000000803,625.3526835454053,650.4740042576128
511.1399999999994,625.3363728417186,650.4740042576128
511.4530000000086,625.3544688743176,650.4740042576128
511.7649999999994,625.3617051452802,650.4740042576128
512.0620000000054,625.3627985096822,650.4740042576128
512.375,625.3689980671264,650.4740042576128
512.6870000000054,625.350695664947,650.4740042576128
512.9840000000113,625.3604444106262,650.4740042576128
513.3120000000054,625.355245766633,650.4740042576128
513.625,625.3507084512249,650.4740042576128
513.9220000000059,625.3506211889346,650.4740042576128
514.2340000000113,625.335085987518,650.4740042576128
514.5470000000059,625.3545469081425,650.4740042576128
514.843000000008,625.3501515983571,650.4740042576128
515.1720000000059,625.354586102822,650.4740042576128
515.468000000008,625.3411382076154,650.4740042576128
515.7810000000027,625.355638318287,650.4740042576128
516.093000000008,625.3686259569067,650.4740042576128
516.4060000000027,625.3551627498824,650.4740042576128
516.75,625.3669040112361,650.4740042576128
517.0470000000059,625.3625628289511,650.4740042576128
517.375,625.3528716800055,650.4740042576128
517.6720000000059,625.3576233670752,650.4740042576128
517.9840000000113,625.3464505549399,650.4740042576128
518.2970000000059,625.3494093689843,650.4740042576128
518.6090000000113,625.3477493784401,650.4740042576128
518.9060000000027,625.3392722373924,650.4740042576128
519.2340000000113,625.3440179578203,650.4740042576128
519.5310000000027,625.3501175733143,650.4740042576128
519.8590000000113,625.3561610870438,650.4740042576128
520.1560000000027,625.3532876813172,650.4740042576128
520.468000000008,625.3378700361224,650.4740042576128
520.7810000000027,625.3504421995971,650.4740042576128
521.093000000008,625.3610757325923,650.4740042576128
521.4060000000027,625.3511281011986,650.4740042576128
521.718000000008,625.3616166561301,650.4740042576128
522.0149999999994,625.3594528311016,650.4740042576128
522.343000000008,625.3671985985304,650.4740042576128
522.6560000000027,625.3698839914222,650.4740042576128
522.968000000008,625.3680848997955,650.4740042576128
523.2810000000027,625.372715881544,650.4740042576128
523.5780000000086,625.3642719895566,650.4740042576128
523.9060000000027,625.3542321772644,650.4740042576128
524.2030000000086,625.3564518206089,650.4740042576128
524.5470000000059,625.3672350083301,650.4740042576128
524.875,625.3542456942716,650.4740042576128
525.1870000000054,625.3750002740306,650.4740042576128
525.4840000000113,625.3637301212354,650.4740042576128
525.7970000000059,625.3757468021253,650.4740042576128
526.1090000000113,625.3831268692709,650.4740042576128
526.4220000000059,625.3657976294705,650.4740042576128
526.7340000000113,625.376833367872,650.4740042576128
527.0470000000059,625.3536310731909,650.4740042576128
527.3590000000113,625.3502194383317,650.4740042576128
527.6560000000027,625.3601037385516,650.4740042576128
527.968000000008,625.3517290769798,650.4740042576128
528.2810000000027,625.3542504127818,650.4740042576128
528.5780000000086,625.3616041303195,650.4740042576128
528.8899999999994,625.3619568756466,650.4740042576128
529.2030000000086,625.3595307728657,650.4740042576128
529.5,625.3537140655409,650.4740042576128
529.8120000000054,625.3717730154447,650.4740042576128
530.125,625.3650126224782,650.4740042576128
530.4370000000054,625.361619364618,650.4740042576128
530.7340000000113,625.3559176954168,650.4740042576128
531.0470000000059,625.3674542480975,650.4740042576128
531.3590000000113,625.3684556899661,650.4740042576128
531.6560000000027,625.3700643848266,650.4740042576128
531.968000000008,625.3609757662467,650.4740042576128
532.2810000000027,625.3665629107984,650.4740042576128
532.6090000000113,625.3752210227663,650.4740042576128
532.9370000000054,625.3824693997233,650.4740042576128
533.2340000000113,625.3546490367722,650.4740042576128
533.5470000000059,625.3646203416339,650.4740042576128
533.8590000000113,625.3655328572165,650.4740042576128
534.1560000000027,625.368726252878,650.4740042576128
534.468000000008,625.368697310034,650.4740042576128
534.7810000000027,625.3670026243163,650.4740042576128
535.093000000008,625.3602791067609,650.4740042576128
535.3899999999994,625.3666663535538,650.4740042576128
535.7030000000086,625.3653344942057,650.4740042576128
536.0149999999994,625.3725700860094,650.4740042576128
536.3280000000086,625.3756851361253,650.4740042576128
536.6399999999994,625.3581887787144,650.4740042576128
536.9530000000086,625.3736842911053,650.4740042576128
537.2649999999994,625.3653989834793,650.4740042576128
537.5780000000086,625.3853455863028,650.4740042576128
537.875,625.3618255380454,650.4740042576128
538.1870000000054,625.359604535605,650.4740042576128
538.5,625.3803373801089,650.4740042576128
538.8120000000054,625.3681564035259,650.4740042576128
539.125,625.3558095166738,650.4740042576128
539.4370000000054,625.3727223147421,650.4740042576128
539.75,625.3604386453319,650.4740042576128
540.0470000000059,625.3768705838894,650.4740042576128
540.3590000000113,625.3702662034109,650.4740042576128
540.6870000000054,625.3732275311592,650.4740042576128
541.0,625.3606390781067,650.4740042576128
541.3120000000054,625.377406288868,650.4740042576128
541.625,625.3524461110852,650.4740042576128
541.9220000000059,625.3799235858844,650.4740042576128
542.2340000000113,625.3767356478244,650.4740042576128
542.5470000000059,625.3717554333626,650.4740042576128
542.8590000000113,625.3813303580048,650.4740042576128
543.1560000000027,625.3592883950006,650.4740042576128
543.468000000008,625.371820006091,650.4740042576128
543.7810000000027,625.3720691384557,650.4740042576128
544.093000000008,625.3828120899669,650.4740042576128
544.3899999999994,625.3617152704592,650.4740042576128
544.718000000008,625.368485339857,650.4740042576128
545.0149999999994,625.3774983300797,650.4740042576128
545.3280000000086,625.3675936744969,650.4740042576128
545.6399999999994,625.373154960808,650.4740042576128
545.9530000000086,625.3733025081639,650.4740042576128
546.2649999999994,625.3832483429414,650.4740042576128
546.5780000000086,625.3738093657578,650.4740042576128
546.875,625.3667243907597,650.4740042576128
547.218000000008,625.3642982378279,650.4740042576128
547.5310000000027,625.3766791470488,650.4740042576128
547.8280000000086,625.368186569766,650.4740042576128
548.1399999999994,625.3816552934629,650.4740042576128
548.4530000000086,625.3723853582429,650.4740042576128
548.7810000000027,625.3822929559697,650.4740042576128
549.093000000008,625.3627772627137,650.4740042576128
549.4060000000027,625.3847507770618,650.4740042576128
549.7030000000086,625.3668745814781,650.4740042576128
550.0149999999994,625.3664877463908,650.4740042576128
550.3280000000086,625.3784961048179,650.4740042576128
550.6399999999994,625.3783683580308,650.4740042576128
550.9530000000086,625.3695990441839,650.4740042576128
551.2649999999994,625.3658405605778,650.4740042576128
551.5620000000054,625.3848221838613,650.4740042576128
551.875,625.3747355666078,650.4740042576128
552.1870000000054,625.3748088141951,650.4740042576128
552.5,625.3740374396906,650.4740042576128
552.8120000000054,625.372807110663,650.4740042576128
553.125,625.3799005381279,650.4740042576128
553.4220000000059,625.3859115197303,650.4740042576128
553.7340000000113,625.3837735510442,650.4740042576128
554.0470000000059,625.3812553390741,650.4740042576128
554.3590000000113,625.3760508199576,650.4740042576128
554.6720000000059,625.3709751444026,650.4740042576128
554.968000000008,625.396348266748,650.4740042576128
555.2810000000027,625.3850878096395,650.4740042576128
555.593000000008,625.3710688977578,650.4740042576128
555.9060000000027,625.3942961922447,650.4740042576128
556.218000000008,625.3838252864,650.4740042576128
556.5310000000027,625.3695275815363,650.4740042576128
556.8590000000113,625.3804286315171,650.4740042576128
557.1560000000027,625.3841278769565,650.4740042576128
557.468000000008,625.380933923419,650.4740042576128
557.7810000000027,625.3907766938003,650.4740042576128
558.093000000008,625.3743339249481,650.4740042576128
558.4060000000027,625.374715494957,650.4740042576128
558.7030000000086,625.3865529890367,650.4740042576128
559.0149999999994,625.3736119861076,650.4740042576128
559.3280000000086,625.3805293135565,650.4740042576128
559.625,625.3758753230319,650.4740042576128
559.9530000000086,625.3750926588281,650.4740042576128
560.2649999999994,625.386955957836,650.4740042576128
560.75,625.3706725220925,650.4740042576128
561.0620000000054,625.3841399468519,650.4740042576128
561.375,625.3734747269818,650.4740042576128
561.6870000000054,625.3894636858377,650.4740042576128
561.9840000000113,625.3821378122545,650.4740042576128
562.2970000000059,625.3853421711983,650.4740042576128
562.6090000000113,625.3805272982765,650.4740042576128
562.9220000000059,625.3890897136331,650.4740042576128
563.2340000000113,625.3749264512458,650.4740042576128
563.5310000000027,625.371840140584,650.4740042576128
563.8590000000113,625.3699777723767,650.4740042576128
564.1560000000027,625.3742857404388,650.4740042576128
564.468000000008,625.3876350438554,650.4740042576128
564.7970000000059,625.3832401462324,650.4740042576128
565.1090000000113,625.379840237248,650.4740042576128
565.4220000000059,625.3755044672565,650.4740042576128
565.7340000000113,625.383680726246,650.4740042576128
566.0310000000027,625.37547793669,650.4740042576128
566.3590000000113,625.3856658561381,650.4740042576128
566.6560000000027,625.3857612728092,650.4740042576128
566.968000000008,625.3862551733487,650.4740042576128
567.2810000000027,625.3937098611278,650.4740042576128
567.593000000008,625.375340388899,650.4740042576128
567.8899999999994,625.3775667039072,650.4740042576128
568.2030000000086,625.3864339484522,650.4740042576128
568.5149999999994,625.3718909475725,650.4740042576128
568.8120000000054,625.3796186759535,650.4740042576128
569.1399999999994,625.3795296701007,650.4740042576128
569.4370000000054,625.3894598793997,650.4740042576128
569.7649999999994,625.3765345688121,650.4740042576128
570.0620000000054,625.3924479540987,650.4740042576128
570.375,625.3909926937098,650.4740042576128
570.6870000000054,625.3880908933601,650.4740042576128
571.0,625.3827708311126,650.4740042576128
571.2970000000059,625.3802553626736,650.4740042576128
571.6090000000113,625.3890804733265,650.4740042576128
571.9220000000059,625.3846274918653,650.4740042576128
572.2340000000113,625.3916551874697,650.4740042576128
572.5310000000027,625.3754972576304,650.4740042576128
572.875,625.3792848683546,650.4740042576128
573.2030000000086,625.3862028779905,650.4740042576128
573.5149999999994,625.3864666511223,650.4740042576128
573.8280000000086,625.3826351173991,650.4740042576128
574.125,625.3820825848891,650.4740042576128
574.4370000000054,625.3816215276646,650.4740042576128
574.75,625.3736828480702,650.4740042576128
575.0620000000054,625.3876874642948,650.4740042576128
575.375,625.3894202952113,650.4740042576128
575.6720000000059,625.3839090053636,650.4740042576128
575.9840000000113,625.3942527024963,650.4740042576128
576.2970000000059,625.3757745784376,650.4740042576128
576.593000000008,625.3875174350626,650.4740042576128
576.9060000000027,625.3839851982399,650.4740042576128
577.218000000008,625.3726181004449,650.4740042576128
577.5310000000027,625.3801199376596,650.4740042576128
577.843000000008,625.3889453255898,650.4740042576128
578.1399999999994,625.3906060103021,650.4740042576128
578.468000000008,625.3853356937084,650.4740042576128
578.7649999999994,625.3820224486562,650.4740042576128
579.0780000000086,625.3935378888198,650.4740042576128
579.3899999999994,625.3958798805588,650.4740042576128
579.7030000000086,625.3754891202011,650.4740042576128
580.0149999999994,625.3799019622102,650.4740042576128
580.3120000000054,625.3867130007465,650.4740042576128
580.6399999999994,625.3825953729431,650.4740042576128
580.968000000008,625.3792238476562,650.4740042576128
581.3120000000054,625.376236770355,650.4740042576128
581.6090000000113,625.3791123731054,650.4740042576128
581.9220000000059,625.391314289149,650.4740042576128
582.25,625.3777573253104,650.4740042576128
582.5620000000054,625.3997375835344,650.4740042576128
582.8899999999994,625.377929227313,650.4740042576128
583.2030000000086,625.3692250519049,650.4740042576128
583.5149999999994,625.3947764519748,650.4740042576128
583.8590000000113,625.3802864187243,650.4740042576128
584.1560000000027,625.3953536317448,650.4740042576128
584.4530000000086,625.3816606992152,650.4740042576128
584.7810000000027,625.3930743145966,650.4740042576128
585.0780000000086,625.3798519102112,650.4740042576128
585.3899999999994,625.3810471760963,650.4740042576128
585.7030000000086,625.3752011280727,650.4740042576128
586.0149999999994,625.3885264327369,650.4740042576128
586.3120000000054,625.3943968921501,650.4740042576128
586.6399999999994,625.3937504265276,650.4740042576128
586.9530000000086,625.384506384706,650.4740042576128
587.25,625.3807857437582,650.4740042576128
587.5620000000054,625.3729248228966,650.4740042576128
587.875,625.3903093892048,650.4740042576128
588.1870000000054,625.3923052014263,650.4740042576128
588.5,625.3956320333989,650.4740042576128
588.8120000000054,625.4033413030406,650.4740042576128
589.1399999999994,625.3950439542277,650.4740042576128
589.4530000000086,625.4114751518495,650.4740042576128
589.75,625.4173266973183,650.4740042576128
590.0620000000054,625.4190831472599,650.4740042576128
590.375,625.4189141148167,650.4740042576128
590.6720000000059,625.4454741038401,650.4740042576128
590.9840000000113,625.4291432497926,650.4740042576128
591.2970000000059,625.4118269528562,650.4740042576128
591.593000000008,625.4170190401157,650.4740042576128
591.9220000000059,625.4137476380877,650.4740042576128
592.2340000000113,625.4149383575077,650.4740042576128
592.5470000000059,625.4040812657295,650.4740042576128
592.843000000008,625.3963797991063,650.4740042576128
593.125,625.3969188814011,650.4740042576128
593.4060000000027,625.4084402033903,650.4740042576128
593.7030000000086,625.4031833901074,650.4740042576128
593.968000000008,625.4058167039029,650.4740042576128
594.25,625.4053760829652,650.4740042576128
594.5470000000059,625.3937967151411,650.4740042576128
594.8590000000113,625.410727673823,650.4740042576128
595.1720000000059,625.4077886436127,650.4740042576128
595.468000000008,625.3881352604105,650.4740042576128
595.7810000000027,625.402226028462,650.4740042576128
596.093000000008,625.406233926065,650.4740042576128
596.3899999999994,625.4043595361458,650.4740042576128
596.7030000000086,625.4161120724696,650.4740042576128
597.0310000000027,625.4024074323985,650.4740042576128
597.3280000000086,625.4036909488145,650.4740042576128
597.6399999999994,625.3862420284354,650.4740042576128
597.968000000008,625.4005496094318,650.4740042576128
598.2649999999994,625.4120160183303,650.4740042576128
598.593000000008,625.4081713791683,650.4740042576128
598.9060000000027,625.4069322401989,650.4740042576128
599.2030000000086,625.3969491746951,650.4740042576128
599.5149999999994,625.3964756837288,650.4740042576128
599.8280000000086,625.4030496571219,650.4740042576128
600.1399999999994,625.3987129195767,650.4740042576128
600.4530000000086,625.3973608348475,650.4740042576128
600.7649999999994,625.3933149216523,650.4740042576128
601.0780000000086,625.3972530838455,650.4740042576128
601.3899999999994,625.3898359143268,650.4740042576128
601.6870000000054,625.4118684543507,650.4740042576128
602.0,625.3940172688207,650.4740042576128
602.2970000000059,625.395878531812,650.4740042576128
602.625,625.3931478193408,650.4740042576128
602.9220000000059,625.3975444457905,650.4740042576128
603.2340000000113,625.3929888163132,650.4740042576128
603.5310000000027,625.405258728233,650.4740042576128
603.8280000000086,625.396165498077,650.4740042576128
604.125,625.3950876287771,650.4740042576128
604.3899999999994,625.395722569836,650.4740042576128
604.7340000000113,625.3940750069618,650.4740042576128
605.0470000000059,625.3923422869693,650.4740042576128
605.343000000008,625.3823580794552,650.4740042576128
605.6720000000059,625.3896991308767,650.4740042576128
605.968000000008,625.3960017334431,650.4740042576128
606.25,625.4010129634112,650.4740042576128
606.5470000000059,625.3978091266072,650.4740042576128
606.843000000008,625.3959420045933,650.4740042576128
607.125,625.3950029547194,650.4740042576128
607.4060000000027,625.3962812611554,650.4740042576128
607.7030000000086,625.3995071873185,650.4740042576128
607.9840000000113,625.3988151843653,650.4740042576128
608.2810000000027,625.3998559542007,650.4740042576128
608.5470000000059,625.3947486367308,650.4740042576128
608.843000000008,625.3954021326648,650.4740042576128
609.125,625.3993607793265,650.4740042576128
609.4060000000027,625.3913599056996,650.4740042576128
609.7340000000113,625.3892838882662,650.4740042576128
610.0310000000027,625.3987552473033,650.4740042576128
610.343000000008,625.3980219099373,650.4740042576128
610.6560000000027,625.3996252692392,650.4740042576128
610.968000000008,625.4092488484237,650.4740042576128
611.2649999999994,625.4037822022906,650.4740042576128
611.5780000000086,625.3943527652226,650.4740042576128
611.875,625.4030011960614,650.4740042576128
612.2030000000086,625.399964885587,650.4740042576128
612.5,625.3951299427681,650.4740042576128
612.8120000000054,625.3895107952676,650.4740042576128
613.125,625.3975555336312,650.4740042576128
613.4370000000054,625.3990243984412,650.4740042576128
613.75,625.3901728191032,650.4740042576128
614.093000000008,625.3972259217245,650.4740042576128
614.4220000000059,625.3954208950738,650.4740042576128
614.7340000000113,625.4097237004903,650.4740042576128
615.0620000000054,625.3988866329352,650.4740042576128
615.375,625.4093317663928,650.4740042576128
615.75,625.3944884429155,650.4740042576128
616.0620000000054,625.4036471204403,650.4740042576128
616.375,625.4133653892546,650.4740042576128
616.6720000000059,625.387948509431,650.4740042576128
617.0,625.3909831754596,650.4740042576128
617.2970000000059,625.398719798822,650.4740042576128
617.6090000000113,625.3821006695791,650.4740042576128
617.9220000000059,625.3862577316629,650.4740042576128
618.2340000000113,625.39459583503,650.4740042576128
618.5780000000086,625.4012593567827,650.4740042576128
618.875,625.3827136364607,650.4740042576128
619.1870000000054,625.4024840123753,650.4740042576128
619.5,625.389865956887,650.4740042576128
619.8120000000054,625.3802579793261,650.4740042576128
620.1090000000113,625.3867938136545,650.4740042576128
620.4220000000059,625.3985967859256,650.4740042576128
620.7340000000113,625.3902470588173,650.4740042576128
621.0470000000059,625.4007100915279,650.4740042576128
621.343000000008,625.4012072311293,650.4740042576128
621.6560000000027,625.3997448427936,650.4740042576128
621.968000000008,625.4046395728757,650.4740042576128
622.2810000000027,625.4132284675236,650.4740042576128
622.6090000000113,625.3913151612965,650.4740042576128
622.9220000000059,625.4075209825711,650.4740042576128
623.2340000000113,625.3906971733049,650.4740042576128
623.6090000000113,625.3809554974249,650.4740042576128
623.9370000000054,625.3796352755179,650.4740042576128
624.25,625.4035768989663,650.4740042576128
624.5470000000059,625.3922467129977,650.4740042576128
624.875,625.3829239928693,650.4740042576128
625.1720000000059,625.3985660750677,650.4740042576128
625.5,625.3949220748799,650.4740042576128
625.7970000000059,625.3845479320208,650.4740042576128
626.1090000000113,625.3836396649814,650.4740042576128
626.4220000000059,625.3963951682239,650.4740042576128
626.7340000000113,625.4018023059031,650.4740042576128
627.0310000000027,625.4035355480322,650.4740042576128
627.343000000008,625.3918609620532,650.4740042576128
627.718000000008,625.3913083672209,650.4740042576128
628.0620000000054,625.3901421492606,650.4740042576128
628.375,625.3814773821798,650.4740042576128
628.718000000008,625.3894047907091,650.4740042576128
629.0470000000059,625.3953157883841,650.4740042576128
629.375,625.393294814709,650.4740042576128
629.7030000000086,625.3904672497823,650.4740042576128
630.0149999999994,625.3979912573634,650.4740042576128
630.3590000000113,625.3958907062895,650.4740042576128
630.7030000000086,625.3936607078892,650.4740042576128
631.0310000000027,625.3995770167123,650.4740042576128
631.343000000008,625.4018573996634,650.4740042576128
631.6870000000054,625.3928044191757,650.4740042576128
632.0310000000027,625.3968222410812,650.4740042576128
632.375,625.394081252482,650.4740042576128
632.7030000000086,625.4093500111454,650.4740042576128
633.0310000000027,625.3945653139654,650.4740042576128
633.3590000000113,625.3931751499046,650.4740042576128
633.6870000000054,625.3967424276982,650.4740042576128
634.0149999999994,625.4147003266952,650.4740042576128
634.3590000000113,625.3974269542767,650.4740042576128
634.6870000000054,625.3744677987419,650.4740042576128
635.0149999999994,625.4029640241616,650.4740042576128
635.343000000008,625.3919212242778,650.4740042576128
635.6720000000059,625.3900244678597,650.4740042576128
636.0149999999994,625.3932809475924,650.4740042576128
636.3280000000086,625.3803263552196,650.4740042576128
636.6560000000027,625.4014763459431,650.4740042576128
637.0,625.388606489542,650.4740042576128
637.3280000000086,625.3929760009946,650.4740042576128
637.6399999999994,625.398067399773,650.4740042576128
637.9840000000113,625.393525218537,650.4740042576128
638.3120000000054,625.3905168616528,650.4740042576128
638.6399999999994,625.3901288919446,650.4740042576128
638.9840000000113,625.4064448096376,650.4740042576128
639.3120000000054,625.3867643818559,650.4740042576128
639.75,625.3885840152942,650.4740042576128
640.0620000000054,625.3883610367195,650.4740042576128
640.4060000000027,625.3899296802371,650.4740042576128
640.7340000000113,625.3923244561865,650.4740042576128
641.0620000000054,625.3953578533775,650.4740042576128
641.4060000000027,625.3982971111316,650.4740042576128
641.7340000000113,625.3901447084538,650.4740042576128
642.0620000000054,625.3856450946635,650.4740042576128
642.375,625.4051195078437,650.4740042576128
642.6870000000054,625.4045375674349,650.4740042576128
643.0,625.4017733927992,650.4740042576128
643.3120000000054,625.4016626331119,650.4740042576128
643.625,625.3977929765786,650.4740042576128
643.9370000000054,625.3727042457326,650.4740042576128
644.25,625.3800785259755,650.4740042576128
644.5780000000086,625.389084581118,650.4740042576128
644.8899999999994,625.405601845916,650.4740042576128
645.1870000000054,625.3869382908781,650.4740042576128
645.5149999999994,625.3835849149904,650.4740042576128
645.8120000000054,625.3887073928981,650.4740042576128
646.1090000000113,625.4004673678271,650.4740042576128
646.4220000000059,625.3882008510144,650.4740042576128
646.7340000000113,625.3834445454083,650.4740042576128
647.0470000000059,625.3928460903858,650.4740042576128
647.343000000008,625.3981572218424,650.4740042576128
647.6560000000027,625.3926469104547,650.4740042576128
647.968000000008,625.3775991941599,650.4740042576128
648.2810000000027,625.393748287159,650.4740042576128
648.5780000000086,625.3983722028972,650.4740042576128
648.9060000000027,625.382599190635,650.4740042576128
649.2030000000086,625.3912704010745,650.4740042576128
649.5,625.3905462230163,650.4740042576128
649.8280000000086,625.3882901728143,650.4740042576128
650.1399999999994,625.3971418624548,650.4740042576128
650.4530000000086,625.4119018619946,650.4740042576128
650.75,625.3890454922555,650.4740042576128
651.0620000000054,625.3977743197642,650.4740042576128
651.3899999999994,625.4087032978126,650.4740042576128
651.718000000008,625.3985893148165,650.4740042576128
652.0149999999994,625.336434150851,650.4740042576128
652.343000000008,625.3281355236838,650.4740042576128
652.6560000000027,625.3372687940979,650.4740042576128
652.9530000000086,625.3485753918826,650.4740042576128
653.2649999999994,625.3412816668638,650.4740042576128
653.5780000000086,625.317310392234,650.4740042576128
653.875,625.317351351572,650.4740042576128
654.1870000000054,625.3100325406056,650.4740042576128
654.5,625.3082149665936,650.4740042576128
654.8120000000054,625.3063300912908,650.4740042576128
655.125,625.3116815017847,650.4740042576128
655.4220000000059,625.316484644352,650.4740042576128
655.75,625.2972567785862,650.4740042576128
656.0470000000059,625.2950425841645,650.4740042576128
656.3590000000113,625.3087297608854,650.4740042576128
656.6560000000027,625.3035214050774,650.4740042576128
656.968000000008,625.2967904904358,650.4740042576128
657.2970000000059,625.2926189718181,650.4740042576128
657.5780000000086,625.2890792421165,650.4740042576128
657.9060000000027,625.2863990416462,650.4740042576128
658.2030000000086,625.302629038979,650.4740042576128
658.5149999999994,625.2899631767204,650.4740042576128
658.8280000000086,625.2885350815684,650.4740042576128
659.1399999999994,625.2901284806527,650.4740042576128
659.4530000000086,625.2859044055286,650.4740042576128
659.75,625.2915527097454,650.4740042576128
660.0620000000054,625.2764631357915,650.4740042576128
660.375,625.2792852453738,650.4740042576128
660.6870000000054,625.2754420777044,650.4740042576128
660.9840000000113,625.281286836671,650.4740042576128
661.3120000000054,625.2854445591698,650.4740042576128
661.6090000000113,625.2829516073481,650.4740042576128
661.9220000000059,625.2738626262254,650.4740042576128
662.218000000008,625.2751287247439,650.4740042576128
662.5310000000027,625.2951260427463,650.4740042576128
662.843000000008,625.2776330567317,650.4740042576128
663.1560000000027,625.2916180140545,650.4740042576128
663.4530000000086,625.271273289712,650.4740042576128
663.7810000000027,625.2738230886076,650.4740042576128
664.0780000000086,625.2958376956954,650.4740042576128
664.3899999999994,625.2939304100877,650.4740042576128
664.6870000000054,625.2862531460319,650.4740042576128
665.0149999999994,625.3305656755795,650.4740042576128
665.3120000000054,625.3577626567696,650.4740042576128
665.6090000000113,625.3537176923027,650.4740042576128
665.9370000000054,625.35334325404,650.4740042576128
666.25,625.3488377057758,650.4740042576128
666.5470000000059,625.3347961455822,650.4740042576128
666.875,625.34330542083,650.4740042576128
667.1870000000054,625.3457223533801,650.4740042576128
667.4840000000113,625.351143897845,650.4740042576128
667.7970000000059,625.3469171955016,650.4740042576128
668.1090000000113,625.350611417619,650.4740042576128
668.4220000000059,625.3433365935051,650.4740042576128
668.718000000008,625.3437766891178,650.4740042576128
669.0310000000027,625.3481603804746,650.4740042576128
669.3280000000086,625.3323071309168,650.4740042576128
669.6399999999994,625.3344562260669,650.4740042576128
669.968000000008,625.3360803126147,650.4740042576128
670.2810000000027,625.3321305412883,650.4740042576128
670.593000000008,625.340897353205,650.4740042576128
670.8899999999994,625.3296500847852,650.4740042576128
671.2030000000086,625.3228460427413,650.4740042576128
671.5149999999994,625.3477616734139,650.4740042576128
671.8280000000086,625.3485857012437,650.4740042576128
672.1399999999994,625.3372740616513,650.4740042576128
672.4370000000054,625.3343706486364,650.4740042576128
672.75,625.345980116897,650.4740042576128
673.0780000000086,625.3351438460556,650.4740042576128
673.375,625.3329706953169,650.4740042576128
673.6870000000054,625.3372497800715,650.4740042576128
674.0,625.3325964282539,650.4740042576128
674.3120000000054,625.3389838700549,650.4740042576128
674.625,625.3294049874136,650.4740042576128
674.9220000000059,625.3329237378713,650.4740042576128
675.25,625.3453577255419,650.4740042576128
675.5470000000059,625.3267025323106,650.4740042576128
675.8590000000113,625.3404499879324,650.4740042576128
676.1720000000059,625.3381101137302,650.4740042576128
676.4840000000113,625.3275384466793,650.4740042576128
676.7810000000027,625.329383860913,650.4740042576128
677.093000000008,625.310637823333,650.4740042576128
677.4060000000027,625.288418901998,650.4740042576128
677.718000000008,625.2976744604991,650.4740042576128
678.0310000000027,625.2993814493049,650.4740042576128
678.3280000000086,625.3153219951822,650.4740042576128
678.6560000000027,625.3143850594569,650.4740042576128
678.9530000000086,625.3121623832907,650.4740042576128
679.2649999999994,625.3075287881608,650.4740042576128
679.5620000000054,625.3046676947108,650.4740042576128
679.875,625.2938658226857,650.4740042576128
680.1720000000059,625.3085456526406,650.4740042576128
680.5,625.3043801210097,650.4740042576128
680.8280000000086,625.2887992791547,650.4740042576128
681.1560000000027,625.3014254433252,650.4740042576128
681.4530000000086,625.2900816397108,650.4740042576128
681.7649999999994,625.3051797256161,650.4740042576128
682.0620000000054,625.2941896551378,650.4740042576128
682.3899999999994,625.3062695663726,650.4740042576128
682.718000000008,625.2964279581222,650.4740042576128
683.0310000000027,625.287943689572,650.4740042576128
683.343000000008,625.2856715498972,650.4740042576128
683.6720000000059,625.2911023912312,650.4740042576128
683.968000000008,625.2902498564321,650.4740042576128
684.2810000000027,625.2943469261843,650.4740042576128
684.593000000008,625.2824526669302,650.4740042576128
684.9060000000027,625.3061995783045,650.4740042576128
685.2030000000086,625.2925502732071,650.4740042576128
685.5310000000027,625.2998251373687,650.4740042576128
685.8280000000086,625.3027344964873,650.4740042576128
686.1399999999994,625.2809760068545,650.4740042576128
686.4370000000054,625.2877634359378,650.4740042576128
686.7649999999994,625.2815899373531,650.4740042576128
687.0620000000054,625.2768465087353,650.4740042576128
687.375,625.2857403079929,650.4740042576128
687.6870000000054,625.2992724458747,650.4740042576128
688.0,625.2844144543666,650.4740042576128
688.3120000000054,625.2704884482715,650.4740042576128
688.6090000000113,625.2846146330716,650.4740042576128
688.9370000000054,625.2885931477593,650.4740042576128
689.2340000000113,625.2807643710825,650.4740042576128
689.5470000000059,625.3100306417219,650.4740042576128
689.843000000008,625.3141640640293,650.4740042576128
690.1870000000054,625.2924709228676,650.4740042576128
690.468000000008,625.3160383965535,650.4740042576128
690.7810000000027,625.3654862516124,650.4740042576128
691.1090000000113,625.3661127564378,650.4740042576128
691.4060000000027,625.351925311528,650.4740042576128
691.7030000000086,625.3661184606223,650.4740042576128
692.0149999999994,625.3503037575219,650.4740042576128
692.3280000000086,625.3575317501338,650.4740042576128
692.6399999999994,625.350092159949,650.4740042576128
692.9530000000086,625.3426040882583,650.4740042576128
693.2649999999994,625.3431712100032,650.4740042576128
693.5620000000054,625.346329899123,650.4740042576128
693.8899999999994,625.3440268387901,650.4740042576128
694.2030000000086,625.3503087725697,650.4740042576128
694.5310000000027,625.346756771894,650.4740042576128
694.843000000008,625.3429763163131,650.4740042576128
695.1560000000027,625.3425558061732,650.4740042576128
695.468000000008,625.3550884286251,650.4740042576128
695.7649999999994,625.3497460291802,650.4740042576128
696.0780000000086,625.3384769812744,650.4740042576128
696.3899999999994,625.3387610706712,650.4740042576128
696.7030000000086,625.310168726567,650.4740042576128
697.0149999999994,625.362947901082,650.4740042576128
697.3280000000086,625.3678901878411,650.4740042576128
697.625,625.3692373041318,650.4740042576128
697.9370000000054,625.3605983101124,650.4740042576128
698.25,625.3628531457581,650.4740042576128
698.5620000000054,625.3555249885846,650.4740042576128
698.875,625.3570153136269,650.4740042576128
699.1870000000054,625.357939522995,650.4740042576128
699.5,625.3729157647908,650.4740042576128
699.7970000000059,625.358754190308,650.4740042576128
700.1090000000113,625.3558896978758,650.4740042576128
700.4220000000059,625.3672017145801,650.4740042576128
700.7340000000113,625.3550857877785,650.4740042576128
701.0310000000027,625.3510036159993,650.4740042576128
701.343000000008,625.3501355469413,650.4740042576128
701.6399999999994,625.3479827797837,650.4740042576128
701.968000000008,625.3529973334707,650.4740042576128
702.2649999999994,625.3555258198895,650.4740042576128
702.5780000000086,625.3401536124849,650.4740042576128
702.9220000000059,625.3510496486948,650.4740042576128
703.25,625.3597214480362,650.4740042576128
703.5780000000086,625.34421848494,650.4740042576128
703.9060000000027,625.3603249194028,650.4740042576128
704.25,625.3495845974355,650.4740042576128
704.5470000000059,625.3585886816066,650.4740042576128
704.8590000000113,625.3497425281369,650.4740042576128
705.1720000000059,625.3463297088177,650.4740042576128
705.5,625.3519231466805,650.4740042576128
705.7970000000059,625.3560053043552,650.4740042576128
706.1090000000113,625.3584882214057,650.4740042576128
706.4220000000059,625.3480229240795,650.4740042576128
706.7340000000113,625.3448809751959,650.4740042576128
707.0470000000059,625.3553941700914,650.4740042576128
707.3590000000113,625.3480598223831,650.4740042576128
707.6560000000027,625.354445003749,650.4740042576128
707.9840000000113,625.3528770763519,650.4740042576128
708.2810000000027,625.3498951451804,650.4740042576128
708.593000000008,625.3400842694696,650.4740042576128
708.9060000000027,625.3545822287567,650.4740042576128
709.218000000008,625.3602976411306,650.4740042576128
709.5149999999994,625.3405576170286,650.4740042576128
709.843000000008,625.3462994958733,650.4740042576128
710.1399999999994,625.3595818814878,650.4740042576128
710.4530000000086,625.3505038250496,650.4740042576128
710.7810000000027,625.3330751986612,650.4740042576128
711.0780000000086,625.3486941370176,650.4740042576128
711.3899999999994,625.3476848709129,650.4740042576128
711.6870000000054,625.3448609686964,650.4740042576128
712.0149999999994,625.337896632342,650.4740042576128
712.3120000000054,625.3357594631603,650.4740042576128
712.625,625.3401528704266,650.4740042576128
712.9370000000054,625.351121657179,650.4740042576128
713.25,625.3512202763307,650.4740042576128
713.5470000000059,625.3447212617804,650.4740042576128
713.8899999999994,625.3525424905054,650.4740042576128
714.1870000000054,625.3360185763576,650.4740042576128
714.4840000000113,625.3460847731958,650.4740042576128
714.7970000000059,625.3283274832032,650.4740042576128
715.1090000000113,625.3555563518437,650.4740042576128
715.4220000000059,625.3504667299941,650.4740042576128
715.7340000000113,625.3347164777517,650.4740042576128
716.0310000000027,625.3415185472998,650.4740042576128
716.343000000008,625.3475997321774,650.4740042576128
716.6560000000027,625.341596161875,650.4740042576128
716.968000000008,625.3558802890698,650.4740042576128
717.2810000000027,625.3419930968006,650.4740042576128
717.593000000008,625.3260492500712,650.4740042576128
717.8899999999994,625.3356683353778,650.4740042576128
718.218000000008,625.3332556943315,650.4740042576128
718.5310000000027,625.3468914624116,650.4740042576128
718.8280000000086,625.3525089177633,650.4740042576128
719.1560000000027,625.3454398003049,650.4740042576128
719.4530000000086,625.3559429989681,650.4740042576128
719.7649999999994,625.3397573690197,650.4740042576128
720.0780000000086,625.3378020214733,650.4740042576128
720.3899999999994,625.3385445255259,650.4740042576128
720.7030000000086,625.3442765374814,650.4740042576128
721.0,625.3518953217406,650.4740042576128
721.3120000000054,625.3555344994763,650.4740042576128
721.625,625.3473838163076,650.4740042576128
721.9530000000086,625.3540317952773,650.4740042576128
722.2649999999994,625.3352373656519,650.4740042576128
722.5780000000086,625.3431702313455,650.4740042576128
722.8899999999994,625.3556934963524,650.4740042576128
723.1870000000054,625.3470780956059,650.4740042576128
723.5,625.3551899949241,650.4740042576128
723.8280000000086,625.3552805252837,650.4740042576128
724.125,625.357728637075,650.4740042576128
724.4370000000054,625.3537666431552,650.4740042576128
724.7649999999994,625.3333665916015,650.4740042576128
725.093000000008,625.3420471584636,650.4740042576128
725.4370000000054,625.3489983454997,650.4740042576128
725.75,625.3383773115257,650.4740042576128
726.0780000000086,625.3389424334938,650.4740042576128
726.4220000000059,625.3488879965432,650.4740042576128
726.75,625.3435237349689,650.4740042576128
727.0470000000059,625.3566053507993,650.4740042576128
727.3899999999994,625.3368809324863,650.4740042576128
727.6870000000054,625.3401162188545,650.4740042576128
728.0,625.3526180895977,650.4740042576128
728.3120000000054,625.348227112409,650.4740042576128
728.625,625.3440097389464,650.4740042576128
728.9220000000059,625.3434188191343,650.4740042576128
729.25,625.3408414313176,650.4740042576128
729.5470000000059,625.340564797117,650.4740042576128
729.8899999999994,625.34836335364,650.4740042576128
730.1870000000054,625.3416453055049,650.4740042576128
730.5,625.3341153199351,650.4740042576128
730.7970000000059,625.3252935503182,650.4740042576128
731.125,625.348736258171,650.4740042576128
731.4220000000059,625.3302632972797,650.4740042576128
731.718000000008,625.3395546097113,650.4740042576128
732.0470000000059,625.3572813739246,650.4740042576128
732.343000000008,625.3463658786717,650.4740042576128
732.6560000000027,625.3429605263166,650.4740042576128
732.968000000008,625.34458430887,650.4740042576128
733.2649999999994,625.35760962622,650.4740042576128
733.593000000008,625.3496944810171,650.4740042576128
733.8899999999994,625.3295785849416,650.4740042576128
734.218000000008,625.3447470220963,650.4740042576128
734.5149999999994,625.3522667707506,650.4740042576128
734.8280000000086,625.3487893969981,650.4740042576128
735.1399999999994,625.3414734296617,650.4740042576128
735.4370000000054,625.3471322403374,650.4740042576128
735.75,625.3446081179927,650.4740042576128
736.0470000000059,625.3408767755482,650.4740042576128
736.375,625.3348641745043,650.4740042576128
736.6720000000059,625.3326094568293,650.4740042576128
736.9840000000113,625.3434612162426,650.4740042576128
737.2810000000027,625.3378845399054,650.4740042576128
737.593000000008,625.3311105447766,650.4740042576128
737.9060000000027,625.3369050999991,650.4740042576128
738.2340000000113,625.3398969802511,650.4740042576128
738.5470000000059,625.3348039118839,650.4740042576128
738.843000000008,625.3331429366917,650.4740042576128
739.1560000000027,625.3406224802953,650.4740042576128
739.468000000008,625.3393429028534,650.4740042576128
739.8280000000086,625.3428778716398,650.4740042576128
740.1720000000059,625.3516561836102,650.4740042576128
740.468000000008,625.3387264167333,650.4740042576128
740.9530000000086,625.3333255155369,650.4740042576128
741.2810000000027,625.346862549989,650.4740042576128
741.5780000000086,625.3399817558737,650.4740042576128
741.8899999999994,625.3490934211303,650.4740042576128
742.1870000000054,625.353778436782,650.4740042576128
742.5,625.3441927194194,650.4740042576128
742.8280000000086,625.3397383188201,650.4740042576128
743.125,625.3383875623475,650.4740042576128
743.4370000000054,625.3534708313074,650.4740042576128
743.75,625.3416400536233,650.4740042576128
744.0780000000086,625.3419984685816,650.4740042576128
744.4060000000027,625.3432143741953,650.4740042576128
744.7030000000086,625.3454369189521,650.4740042576128
745.0470000000059,625.344084902925,650.4740042576128
745.3590000000113,625.338262215944,650.4740042576128
745.6720000000059,625.3406631669646,650.4740042576128
746.0,625.3490466424645,650.4740042576128
746.3120000000054,625.3291115007896,650.4740042576128
746.625,625.3295384930187,650.4740042576128
746.968000000008,625.348340381709,650.4740042576128
747.25,625.3433480911868,650.4740042576128
747.593000000008,625.3441847022955,650.4740042576128
747.9060000000027,625.3361562087155,650.4740042576128
748.218000000008,625.3339636787591,650.4740042576128
748.5470000000059,625.3210858511641,650.4740042576128
748.875,625.3392836227627,650.4740042576128
749.218000000008,625.3340103564109,650.4740042576128
749.5620000000054,625.3465262283927,650.4740042576128
749.875,625.3359248859582,650.4740042576128
750.2030000000086,625.3364048036481,650.4740042576128
750.5470000000059,625.3336019257902,650.4740042576128
750.875,625.3298973592006,650.4740042576128
751.2030000000086,625.3347380662981,650.4740042576128
751.5149999999994,625.3552020491217,650.4740042576128
751.843000000008,625.3346615769083,650.4740042576128
752.1720000000059,625.3409857214156,650.4740042576128
752.4840000000113,625.3239499842291,650.4740042576128
752.7970000000059,625.339334037223,650.4740042576128
753.1090000000113,625.329803998831,650.4740042576128
753.4370000000054,625.3334868267615,650.4740042576128
753.75,625.3447149817054,650.4740042576128
754.0620000000054,625.33941900815,650.4740042576128
754.375,625.3430384176958,650.4740042576128
754.6720000000059,625.337270624048,650.4740042576128
755.0149999999994,625.3423838211111,650.4740042576128
755.3120000000054,625.3434513515789,650.4740042576128
755.6090000000113,625.3285053759458,650.4740042576128
755.9370000000054,625.3405358856692,650.4740042576128
756.2649999999994,625.3296250995078,650.4740042576128
756.5620000000054,625.3403101572897,650.4740042576128
756.875,625.332233703126,650.4740042576128
757.1720000000059,625.3509918422039,650.4740042576128
757.4840000000113,625.3393636077745,650.4740042576128
757.7970000000059,625.3454594482349,650.4740042576128
758.1090000000113,625.3477211361813,650.4740042576128
758.4220000000059,625.338448972335,650.4740042576128
758.7340000000113,625.33574599673,650.4740042576128
759.0470000000059,625.3448660005523,650.4740042576128
759.343000000008,625.3396995076329,650.4740042576128
759.6720000000059,625.3272862737714,650.4740042576128
759.968000000008,625.3432010660003,650.4740042576128
760.2649999999994,625.3395868994237,650.4740042576128
760.5780000000086,625.3459708104393,650.4740042576128
760.875,625.3337808947009,650.4740042576128
761.2030000000086,625.3441195611535,650.4740042576128
761.5,625.3356601070595,650.4740042576128
761.8120000000054,625.3357285404736,650.4740042576128
762.125,625.3501740612475,650.4740042576128
762.4220000000059,625.330132334481,650.4740042576128
762.718000000008,625.3330844733428,650.4740042576128
763.0470000000059,625.3238484224562,650.4740042576128
763.3590000000113,625.3349561879354,650.4740042576128
763.6560000000027,625.3453885388235,650.4740042576128
763.968000000008,625.3422290605386,650.4740042576128
764.2970000000059,625.3369559583526,650.4740042576128
764.593000000008,625.352078235755,650.4740042576128
764.9060000000027,625.3398739287265,650.4740042576128
765.218000000008,625.3437407423625,650.4740042576128
765.5470000000059,625.3274647271998,650.4740042576128
765.843000000008,625.324748697278,650.4740042576128
766.1399999999994,625.3401474957088,650.4740042576128
766.468000000008,625.3439998539226,650.4740042576128
766.7810000000027,625.3334884784235,650.4740042576128
767.093000000008,625.3334144887735,650.4740042576128
767.3899999999994,625.3330867658497,650.4740042576128
767.718000000008,625.3444816807842,650.4740042576128
768.0149999999994,625.3432384746347,650.4740042576128
768.343000000008,625.3366869605125,650.4740042576128
768.6720000000059,625.3337303320804,650.4740042576128
768.9840000000113,625.3326342167883,650.4740042576128
769.2970000000059,625.3368354638271,650.4740042576128
769.6090000000113,625.336543254396,650.4740042576128
769.9060000000027,625.3332675286092,650.4740042576128
770.218000000008,625.3296326236474,650.4740042576128
770.5149999999994,625.3506516985627,650.4740042576128
770.8120000000054,625.3491591389038,650.4740042576128
771.1399999999994,625.3304780056724,650.4740042576128
771.4370000000054,625.3446128002184,650.4740042576128
771.75,625.33037406995,650.4740042576128
772.0620000000054,625.3535544734486,650.4740042576128
772.375,625.339366214442,650.4740042576128
772.6720000000059,625.3336522698831,650.4740042576128
773.0,625.3380902345039,650.4740042576128
773.2970000000059,625.3433744560454,650.4740042576128
773.593000000008,625.3461154678133,650.4740042576128
773.9220000000059,625.3415058206438,650.4740042576128
774.218000000008,625.3358573424509,650.4740042576128
774.5149999999994,625.3408903107113,650.4740042576128
774.843000000008,625.3320568633953,650.4740042576128
775.1399999999994,625.3398398454106,650.4740042576128
775.4370000000054,625.3457908018969,650.4740042576128
775.7649999999994,625.3501392138954,650.4740042576128
776.0620000000054,625.3193451245152,650.4740042576128
776.375,625.3356854678865,650.4740042576128
776.6870000000054,625.3310018515406,650.4740042576128
777.0,625.3424995715454,650.4740042576128
777.2970000000059,625.344001828587,650.4740042576128
777.6090000000113,625.3451989441627,650.4740042576128
777.9220000000059,625.3389191229572,650.4740042576128
778.218000000008,625.3372916104854,650.4740042576128
778.5780000000086,625.3361663875663,650.4740042576128
778.875,625.3274837203244,650.4740042576128
779.1720000000059,625.3368197722066,650.4740042576128
779.5,625.3263643350923,650.4740042576128
779.7970000000059,625.3291542736331,650.4740042576128
780.125,625.3483316340418,650.4740042576128
780.4220000000059,625.3504124812282,650.4740042576128
780.718000000008,625.3284141060132,650.4740042576128
781.0470000000059,625.3504697280557,650.4740042576128
781.3590000000113,625.3393815648401,650.4740042576128
781.6560000000027,625.3418316581805,650.4740042576128
781.968000000008,625.3282947343959,650.4740042576128
782.2810000000027,625.3574341644222,650.4740042576128
782.5780000000086,625.3488585184688,650.4740042576128
782.9060000000027,625.3270649399399,650.4740042576128
783.2030000000086,625.3510094002945,650.4740042576128
783.5,625.3317424204118,650.4740042576128
783.8280000000086,625.3425260005702,650.4740042576128
784.125,625.3463145945476,650.4740042576128
784.4220000000059,625.3300366231745,650.4740042576128
784.7340000000113,625.3242382680553,650.4740042576128
785.0310000000027,625.333832600125,650.4740042576128
785.343000000008,625.3455542171575,650.4740042576128
785.6560000000027,625.3414216447125,650.4740042576128
785.9530000000086,625.3337659236191,650.4740042576128
786.2649999999994,625.3455805975043,650.4740042576128
786.5780000000086,625.3221909720485,650.4740042576128
786.875,625.3297260218064,650.4740042576128
787.218000000008,625.3249458829393,650.4740042576128
787.5310000000027,625.3439240398403,650.4740042576128
787.875,625.3401391413634,650.4740042576128
788.1720000000059,625.3399955625906,650.4740042576128
788.468000000008,625.3355220354496,650.4740042576128
788.7810000000027,625.3458913827772,650.4740042576128
789.093000000008,625.3310576649063,650.4740042576128
789.375,625.3427960287568,650.4740042576128
789.718000000008,625.3416547487177,650.4740042576128
790.0149999999994,625.3388877539132,650.4740042576128
790.3280000000086,625.3330419529052,650.4740042576128
790.6399999999994,625.340778885611,650.4740042576128
790.9370000000054,625.3487619818342,650.4740042576128
791.25,625.3369931462896,650.4740042576128
791.5620000000054,625.3289234888341,650.4740042576128
791.8590000000113,625.3308720430407,650.4740042576128
792.1870000000054,625.331723258924,650.4740042576128
792.4840000000113,625.3257692541299,650.4740042576128
792.7970000000059,625.3386447631925,650.4740042576128
793.1090000000113,625.3424248204323,650.4740042576128
793.4220000000059,625.3529188909096,650.4740042576128
793.7340000000113,625.3350694433925,650.4740042576128
794.0310000000027,625.3291447408484,650.4740042576128
794.343000000008,625.3387822856765,650.4740042576128
794.6560000000027,625.3452377320287,650.4740042576128
794.9530000000086,625.3499572279724,650.4740042576128
795.2810000000027,625.3353823583388,650.4740042576128
795.593000000008,625.3379020217474,650.4740042576128
795.9060000000027,625.3451822089552,650.4740042576128
796.218000000008,625.3366745280268,650.4740042576128
796.5149999999994,625.3447284236985,650.4740042576128
796.8280000000086,625.3276237977741,650.4740042576128
797.1399999999994,625.3394361680557,650.4740042576128
797.4370000000054,625.3458782449931,650.4740042576128
797.7649999999994,625.3292776556727,650.4740042576128
798.0620000000054,625.3315023026897,650.4740042576128
798.375,625.3379156281013,650.4740042576128
798.6870000000054,625.3303688510082,650.4740042576128
799.0,625.3272148807365,650.4740042576128
799.2970000000059,625.3405685094464,650.4740042576128
799.593000000008,625.332560682066,650.4740042576128
799.9220000000059,625.3346845522731,650.4740042576128
800.2340000000113,625.3222032742618,650.4740042576128
800.75,625.3430423057616,650.4740042576128
801.0780000000086,625.3247214257894,650.4740042576128
801.375,625.33230158554,650.4740042576128
801.6870000000054,625.340520677475,650.4740042576128
802.0,625.329549545548,650.4740042576128
802.2970000000059,625.3400134015552,650.4740042576128
802.6090000000113,625.350080343102,650.4740042576128
802.9220000000059,625.3301824088742,650.4740042576128
803.218000000008,625.323658619322,650.4740042576128
803.5470000000059,625.3507643922727,650.4740042576128
803.8899999999994,625.3476009605014,650.4740042576128
804.1870000000054,625.3316623044495,650.4740042576128
804.5149999999994,625.3275567494718,650.4740042576128
804.8120000000054,625.3238374957543,650.4740042576128
805.125,625.3363821062768,650.4740042576128
805.4220000000059,625.3353298431559,650.4740042576128
805.7340000000113,625.3419597671543,650.4740042576128
806.0470000000059,625.3458104140569,650.4740042576128
806.3590000000113,625.324626190468,650.4740042576128
806.6560000000027,625.3310940807695,650.4740042576128
806.9840000000113,625.3316772757261,650.4740042576128
807.2970000000059,625.3304765606498,650.4740042576128
807.6090000000113,625.325392160418,650.4740042576128
807.9220000000059,625.3360591906537,650.4740042576128
808.2340000000113,625.3367215100548,650.4740042576128
808.5470000000059,625.3432598607517,650.4740042576128
808.843000000008,625.3417713639751,650.4740042576128
809.1720000000059,625.325551540725,650.4740042576128
809.468000000008,625.3355614836777,650.4740042576128
809.7810000000027,625.3362430370502,650.4740042576128
810.093000000008,625.3368886723894,650.4740042576128
810.3899999999994,625.3371903462912,650.4740042576128
810.718000000008,625.3248773454535,650.4740042576128
811.0149999999994,625.3358593863761,650.4740042576128
811.3280000000086,625.3363002798583,650.4740042576128
811.625,625.3244171597963,650.4740042576128
811.968000000008,625.3310103638992,650.4740042576128
812.2810000000027,625.3295864739154,650.4740042576128
812.5780000000086,625.3361991279005,650.4740042576128
812.8899999999994,625.3408266376323,650.4740042576128
813.2030000000086,625.3321727066611,650.4740042576128
813.5,625.327430525383,650.4740042576128
813.8120000000054,625.34695804896,650.4740042576128
814.125,625.3388159790791,650.4740042576128
814.4370000000054,625.3370866793457,650.4740042576128
814.7340000000113,625.3316429949971,650.4740042576128
815.0620000000054,625.3342443604404,650.4740042576128
815.3590000000113,625.3288183234125,650.4740042576128
815.6560000000027,625.338532776602,650.4740042576128
815.9840000000113,625.3343877141915,650.4740042576128
816.2810000000027,625.3362692088712,650.4740042576128
816.593000000008,625.3252449980267,650.4740042576128
816.9060000000027,625.33648951888,650.4740042576128
817.218000000008,625.3334921327004,650.4740042576128
817.5149999999994,625.3379443582463,650.4740042576128
817.8280000000086,625.313239654767,650.4740042576128
818.1399999999994,625.339396744403,650.4740042576128
818.4530000000086,625.327874612779,650.4740042576128
818.75,625.3307811001663,650.4740042576128
819.0470000000059,625.3238424770808,650.4740042576128
819.375,625.3443665377185,650.4740042576128
819.6870000000054,625.3410979324169,650.4740042576128
820.0,625.3376246566332,650.4740042576128
820.3120000000054,625.327719890023,650.4740042576128
820.625,625.3452368607857,650.4740042576128
820.9220000000059,625.327588692051,650.4740042576128
821.2340000000113,625.3390213538661,650.4740042576128
821.5470000000059,625.3406523736655,650.4740042576128
821.8590000000113,625.3415630977429,650.4740042576128
822.1720000000059,625.3364439254262,650.4740042576128
822.4840000000113,625.3361354776749,650.4740042576128
822.7970000000059,625.3402605493342,650.4740042576128
823.093000000008,625.3439322282798,650.4740042576128
823.4220000000059,625.3368113258815,650.4740042576128
823.718000000008,625.3361760354164,650.4740042576128
824.0310000000027,625.3335565632053,650.4740042576128
824.343000000008,625.3256095269805,650.4740042576128
824.6399999999994,625.3354098547467,650.4740042576128
824.9530000000086,625.3326846889315,650.4740042576128
825.25,625.3345057488932,650.4740042576128
825.5780000000086,625.3391944242545,650.4740042576128
825.875,625.3348142487737,650.4740042576128
826.1870000000054,625.3309486812376,650.4740042576128
826.5,625.3435267110491,650.4740042576128
826.8120000000054,625.3404638270553,650.4740042576128
827.1090000000113,625.3386929390302,650.4740042576128
827.4220000000059,625.3236324414115,650.4740042576128
827.75,625.3420819634912,650.4740042576128
828.0780000000086,625.3372433750706,650.4740042576128
828.4060000000027,625.3271210312674,650.4740042576128
828.7030000000086,625.3341292121609,650.4740042576128
829.0310000000027,625.3284020651053,650.4740042576128
829.3280000000086,625.3389943081837,650.4740042576128
829.6399999999994,625.3363598787283,650.4740042576128
829.9530000000086,625.3283555729681,650.4740042576128
830.25,625.3231651730221,650.4740042576128
830.5620000000054,625.3416367306153,650.4740042576128
830.875,625.3336449197672,650.4740042576128
831.1870000000054,625.3425018900581,650.4740042576128
831.4840000000113,625.3385073826507,650.4740042576128
831.7810000000027,625.3406944734335,650.4740042576128
832.093000000008,625.3280198531106,650.4740042576128
832.3899999999994,625.3356177940469,650.4740042576128
832.718000000008,625.3322519688616,650.4740042576128
833.0149999999994,625.337263971947,650.4740042576128
833.343000000008,625.330960494935,650.4740042576128
833.6399999999994,625.3336420139628,650.4740042576128
833.9530000000086,625.3422104396478,650.4740042576128
834.2649999999994,625.3375188671458,650.4740042576128
834.593000000008,625.3275837064058,650.4740042576128
834.9060000000027,625.3434962136123,650.4740042576128
835.2340000000113,625.3313486190209,650.4740042576128
835.5310000000027,625.3280013305564,650.4740042576128
835.8590000000113,625.3254833175421,650.4740042576128
836.1560000000027,625.3294928964434,650.4740042576128
836.5,625.3260720653047,650.4740042576128
836.7970000000059,625.3408215350998,650.4740042576128
837.1090000000113,625.3482518151295,650.4740042576128
837.4220000000059,625.3412606294777,650.4740042576128
837.75,625.337277605269,650.4740042576128
838.0780000000086,625.3336963112744,650.4740042576128
838.4370000000054,625.3263295170595,650.4740042576128
838.7340000000113,625.3348819462303,650.4740042576128
839.0470000000059,625.3383144956753,650.4740042576128
839.375,625.3396605195624,650.4740042576128
839.6870000000054,625.3337409293293,650.4740042576128
839.9840000000113,625.328450156567,650.4740042576128
840.2970000000059,625.3470763653487,650.4740042576128
840.6090000000113,625.3456676282105,650.4740042576128
840.9220000000059,625.3271645778913,650.4740042576128
841.2340000000113,625.333792234159,650.4740042576128
841.5470000000059,625.3405243221056,650.4740042576128
841.8590000000113,625.3220670236987,650.4740042576128
842.1560000000027,625.3389698968996,650.4740042576128
842.468000000008,625.3290913993621,650.4740042576128
842.7970000000059,625.3433423335526,650.4740042576128
843.093000000008,625.3182488030243,650.4740042576128
843.4060000000027,625.3338875562863,650.4740042576128
843.75,625.3301714551886,650.4740042576128
844.0470000000059,625.331433953908,650.4740042576128
844.3590000000113,625.3354362364114,650.4740042576128
844.6720000000059,625.3382956286985,650.4740042576128
844.9840000000113,625.3303704552156,650.4740042576128
845.2810000000027,625.3258249582726,650.4740042576128
845.6090000000113,625.3358732068739,650.4740042576128
845.9530000000086,625.3196779647129,650.4740042576128
846.25,625.3415778844865,650.4740042576128
846.5620000000054,625.3409401664339,650.4740042576128
846.8590000000113,625.3290041214161,650.4740042576128
847.2030000000086,625.3348245359891,650.4740042576128
847.5,625.3293668440936,650.4740042576128
847.843000000008,625.3232286065236,650.4740042576128
848.1720000000059,625.3365926803224,650.4740042576128
848.468000000008,625.3367335901886,650.4740042576128
848.7810000000027,625.3400328625131,650.4740042576128
849.093000000008,625.3311504476682,650.4740042576128
849.4060000000027,625.3230886667789,650.4740042576128
849.718000000008,625.327270797131,650.4740042576128
850.0149999999994,625.3345849180134,650.4740042576128
850.343000000008,625.342359125479,650.4740042576128
850.6399999999994,625.3376583488641,650.4740042576128
850.9530000000086,625.334700209837,650.4740042576128
851.25,625.3237229563625,650.4740042576128
851.5780000000086,625.3351134165089,650.4740042576128
851.875,625.3320551306604,650.4740042576128
852.1870000000054,625.3406791647409,650.4740042576128
852.5,625.3536363679706,650.4740042576128
852.8120000000054,625.3379644130006,650.4740042576128
853.1090000000113,625.3379530795321,650.4740042576128
853.4220000000059,625.332441157656,650.4740042576128
853.718000000008,625.3421031020308,650.4740042576128
854.0149999999994,625.3366776303163,650.4740042576128
854.343000000008,625.3410030573003,650.4740042576128
854.6560000000027,625.3319441679248,650.4740042576128
854.968000000008,625.3390529343915,650.4740042576128
855.25,625.3227881977735,650.4740042576128
855.5780000000086,625.334690947432,650.4740042576128
855.875,625.338015335693,650.4740042576128
856.1870000000054,625.3331438819636,650.4740042576128
856.5,625.3330438431589,650.4740042576128
856.7970000000059,625.3372701392583,650.4740042576128
857.1090000000113,625.3212537527133,650.4740042576128
857.4220000000059,625.3283161078649,650.4740042576128
857.7340000000113,625.3416388640701,650.4740042576128
858.0470000000059,625.3213975903606,650.4740042576128
858.343000000008,625.3253250715077,650.4740042576128
858.6560000000027,625.338363562682,650.4740042576128
858.968000000008,625.3371450462683,650.4740042576128
859.2810000000027,625.3232574123982,650.4740042576128
859.593000000008,625.3428883578898,650.4740042576128
859.9060000000027,625.325791815123,650.4740042576128
860.2340000000113,625.3363579650138,650.4740042576128
860.7810000000027,625.3290011469902,650.4740042576128
861.1090000000113,625.3337954807365,650.4740042576128
861.4060000000027,625.3420076711947,650.4740042576128
861.75,625.3263028387345,650.4740042576128
862.0780000000086,625.3307604611448,650.4740042576128
862.3899999999994,625.3400642086026,650.4740042576128
862.6870000000054,625.3337419955194,650.4740042576128
863.0,625.3374522449421,650.4740042576128
863.3280000000086,625.3406309235568,650.4740042576128
863.625,625.3303525615172,650.4740042576128
863.9370000000054,625.3291012725491,650.4740042576128
864.25,625.338093239026,650.4740042576128
864.5470000000059,625.3532803374184,650.4740042576128
864.8590000000113,625.3368367361443,650.4740042576128
865.1720000000059,625.3542090760023,650.4740042576128
865.4840000000113,625.3426618193839,650.4740042576128
865.7810000000027,625.3448728846231,650.4740042576128
866.0780000000086,625.3499490197238,650.4740042576128
866.4060000000027,625.3444501181757,650.4740042576128
866.7030000000086,625.3535170516573,650.4740042576128
867.0,625.3538521064653,650.4740042576128
867.3120000000054,625.3360952021218,650.4740042576128
867.625,625.3600141702134,650.4740042576128
867.9370000000054,625.36126745871,650.4740042576128
868.25,625.349131412663,650.4740042576128
868.5780000000086,625.3483071184123,650.4740042576128
868.875,625.3494845444586,650.4740042576128
869.1870000000054,625.3468592898791,650.4740042576128
869.5,625.3558076407601,650.4740042576128
869.8120000000054,625.3511733042114,650.4740042576128
870.1090000000113,625.3449662420977,650.4740042576128
870.4220000000059,625.3464491740059,650.4740042576128
870.75,625.3623096463793,650.4740042576128
871.093000000008,625.3485892075805,650.4740042576128
871.4060000000027,625.356249878723,650.4740042576128
871.7340000000113,625.3624257330665,650.4740042576128
872.0780000000086,625.3569847421777,650.4740042576128
872.3899999999994,625.363035057322,650.4740042576128
872.718000000008,625.3623475694008,650.4740042576128
873.0149999999994,625.3460926794702,650.4740042576128
873.3280000000086,625.3530744073606,650.4740042576128
873.6399999999994,625.3561669093247,650.4740042576128
873.968000000008,625.3729001370743,650.4740042576128
874.2810000000027,625.3669129323223,650.4740042576128
874.593000000008,625.3550441486203,650.4740042576128
874.9530000000086,625.3601815593602,650.4740042576128
875.2810000000027,625.3510230489519,650.4740042576128
875.5780000000086,625.3638471974438,650.4740042576128
875.9370000000054,625.3632534907563,650.4740042576128
876.2810000000027,625.3921758640381,650.4740042576128
876.593000000008,625.3772351451305,650.4740042576128
876.9370000000054,625.400254273664,650.4740042576128
877.25,625.3892458965452,650.4740042576128
877.5470000000059,625.4032181748587,650.4740042576128
877.8590000000113,625.386284964365,650.4740042576128
878.1720000000059,625.394501516517,650.4740042576128
878.4840000000113,625.3852053737472,650.4740042576128
878.7810000000027,625.4106653511162,650.4740042576128
879.125,625.4031779951227,650.4740042576128
879.4370000000054,625.3843013856266,650.4740042576128
879.75,625.3993719983739,650.4740042576128
880.0620000000054,625.3851993862894,650.4740042576128
880.3590000000113,625.387519219769,650.4740042576128
880.6560000000027,625.3908410894702,650.4740042576128
881.0149999999994,625.3856784372242,650.4740042576128
881.3590000000113,625.3873053431231,650.4740042576128
881.6560000000027,625.3903802860241,650.4740042576128
881.968000000008,625.3643821716623,650.4740042576128
882.2810000000027,625.3761130385788,650.4740042576128
882.6090000000113,625.3912406976641,650.4740042576128
882.9220000000059,625.3728989714068,650.4740042576128
883.218000000008,625.3729882398366,650.4740042576128
883.5310000000027,625.3751151776307,650.4740042576128
883.8280000000086,625.3801246040748,650.4740042576128
884.1399999999994,625.3755750823805,650.4740042576128
884.4370000000054,625.3828006113281,650.4740042576128
884.75,625.3719910385706,650.4740042576128
885.0470000000059,625.3757477045251,650.4740042576128
885.3590000000113,625.3768315620232,650.4740042576128
885.6560000000027,625.3808954030981,650.4740042576128
885.968000000008,625.3709288163778,650.4740042576128
886.2810000000027,625.3698015801172,650.4740042576128
886.5780000000086,625.3777230334746,650.4740042576128
886.8899999999994,625.3727466086426,650.4740042576128
887.2030000000086,625.3756275042764,650.4740042576128
887.5,625.3737106558783,650.4740042576128
887.8280000000086,625.3648478134434,650.4740042576128
888.1399999999994,625.3671064720477,650.4740042576128
888.4370000000054,625.3706554925105,650.4740042576128
888.7649999999994,625.3710422572105,650.4740042576128
889.0780000000086,625.383791979883,650.4740042576128
889.3899999999994,625.3702602972863,650.4740042576128
889.6870000000054,625.3778724715485,650.4740042576128
890.0,625.3784930562983,650.4740042576128
890.3120000000054,625.3894343487594,650.4740042576128
890.6090000000113,625.3929579298251,650.4740042576128
890.9060000000027,625.3013507927183,650.4740042576128
891.2340000000113,625.3257625483642,650.4740042576128
891.5149999999994,625.3309738352036,650.4740042576128
891.843000000008,625.3325854814792,650.4740042576128
892.1399999999994,625.3184206109146,650.4740042576128
892.468000000008,625.3111695026596,650.4740042576128
892.7810000000027,625.3075034550764,650.4740042576128
893.1090000000113,625.3076647614431,650.4740042576128
893.4060000000027,625.293274726911,650.4740042576128
893.718000000008,625.2985301881104,650.4740042576128
894.0149999999994,625.2928622948809,650.4740042576128
894.3280000000086,625.2882083283753,650.4740042576128
894.6399999999994,625.2959085905921,650.4740042576128
894.9530000000086,625.2880711863021,650.4740042576128
895.25,625.2810378837503,650.4740042576128
895.5780000000086,625.2766922635883,650.4740042576128
895.875,625.2885270491417,650.4740042576128
896.1870000000054,625.2778442207211,650.4740042576128
896.5,625.2770709141284,650.4740042576128
896.7970000000059,625.2851135462653,650.4740042576128
897.125,625.2739853522968,650.4740042576128
897.4370000000054,625.277256757824,650.4740042576128
897.7340000000113,625.2734477809773,650.4740042576128
898.0310000000027,625.2747778577865,650.4740042576128
898.343000000008,625.2804365893357,650.4740042576128
898.6560000000027,625.2829199257667,650.4740042576128
898.968000000008,625.2693850239968,650.4740042576128
899.2810000000027,625.2794032516788,650.4740042576128
899.5780000000086,625.2700605291966,650.4740042576128
899.8899999999994,625.2759870805188,650.4740042576128
900.2340000000113,625.2749133244295,650.4740042576128
900.5620000000054,625.2765392137824,650.4740042576128
900.8899999999994,625.265900391365,650.4740042576128
901.2030000000086,625.2786975036188,650.4740042576128
901.5,625.2569339571808,650.4740042576128
901.8120000000054,625.2760019301261,650.4740042576128
902.1399999999994,625.2636961093526,650.4740042576128
902.468000000008,625.2735195337381,650.4740042576128
902.7810000000027,625.2793404694733,650.4740042576128
903.093000000008,625.2969111365636,650.4740042576128
903.4060000000027,625.3107911284418,650.4740042576128
903.718000000008,625.250496856579,650.4740042576128
904.0149999999994,625.3442434418412,650.4740042576128
904.3280000000086,625.357639574529,650.4740042576128
904.625,625.3414564564808,650.4740042576128
904.9370000000054,625.3394067447288,650.4740042576128
905.2649999999994,625.3495386178413,650.4740042576128
905.5780000000086,625.3358077182651,650.4740042576128
905.875,625.3343099251974,650.4740042576128
906.1870000000054,625.3526226333763,650.4740042576128
906.5,625.3447138348274,650.4740042576128
906.8120000000054,625.3137126562054,650.4740042576128
907.1090000000113,625.3447597787074,650.4740042576128
907.4220000000059,625.3329665913285,650.4740042576128
907.7340000000113,625.3326672983336,650.4740042576128
908.0310000000027,625.3274782175159,650.4740042576128
908.343000000008,625.3363097689061,650.4740042576128
908.6399999999994,625.3426810049722,650.4740042576128
908.968000000008,625.3473656952729,650.4740042576128
909.3120000000054,625.3357212608839,650.4740042576128
909.593000000008,625.3315893233913,650.4740042576128
909.9220000000059,625.3248300777417,650.4740042576128
910.2340000000113,625.3368786665367,650.4740042576128
910.5310000000027,625.3142267793169,650.4740042576128
910.843000000008,625.3382687870104,650.4740042576128
911.1560000000027,625.3321778200813,650.4740042576128
911.468000000008,625.3166174167985,650.4740042576128
911.7649999999994,625.3352333535998,650.4740042576128
912.0620000000054,625.3168071842516,650.4740042576128
912.3899999999994,625.335678457294,650.4740042576128
912.6870000000054,625.3402749334437,650.4740042576128
913.0,625.3332758634067,650.4740042576128
913.3120000000054,625.3215448862519,650.4740042576128
913.625,625.3311646602403,650.4740042576128
913.9220000000059,625.3269722027587,650.4740042576128
914.25,625.3199140030084,650.4740042576128
914.5620000000054,625.3279183786946,650.4740042576128
914.875,625.3313041695931,650.4740042576128
915.1720000000059,625.3393946888912,650.4740042576128
915.4840000000113,625.3289155950007,650.4740042576128
915.8120000000054,625.3237299538399,650.4740042576128
916.1399999999994,625.305469410657,650.4740042576128
916.4530000000086,625.2827726165534,650.4740042576128
916.7649999999994,625.2981853528984,650.4740042576128
917.0620000000054,625.3169648503765,650.4740042576128
917.3590000000113,625.3157197464207,650.4740042576128
917.6720000000059,625.3211408754676,650.4740042576128
918.0,625.3071858811302,650.4740042576128
918.3120000000054,625.2994031130486,650.4740042576128
918.625,625.3123491659916,650.4740042576128
918.9220000000059,625.2865023121346,650.4740042576128
919.2340000000113,625.2921452175929,650.4740042576128
919.5310000000027,625.3081864316795,650.4740042576128
919.843000000008,625.2813257169531,650.4740042576128
920.1399999999994,625.294960891207,650.4740042576128
920.468000000008,625.2964053613346,650.4740042576128
920.875,625.2835332581407,650.4740042576128
921.1720000000059,625.3036341234138,650.4740042576128
921.5,625.2927539611421,650.4740042576128
921.7970000000059,625.2895425842621,650.4740042576128
922.1090000000113,625.2785155603241,650.4740042576128
922.4060000000027,625.282552273357,650.4740042576128
922.718000000008,625.282742546533,650.4740042576128
923.0310000000027,625.2834668072953,650.4740042576128
923.3280000000086,625.2976440152983,650.4740042576128
923.6560000000027,625.2920224452486,650.4740042576128
923.968000000008,625.2898513697354,650.4740042576128
924.2810000000027,625.2857135282624,650.4740042576128
924.593000000008,625.2894221461952,650.4740042576128
924.8899999999994,625.2896097998326,650.4740042576128
925.2030000000086,625.2826887769689,650.4740042576128
925.5310000000027,625.2835913020499,650.4740042576128
925.843000000008,625.2917741967351,650.4740042576128
926.1560000000027,625.2676923841566,650.4740042576128
926.468000000008,625.2861816158983,650.4740042576128
926.7649999999994,625.279889713622,650.4740042576128
927.0620000000054,625.2881930342338,650.4740042576128
927.375,625.2864547161402,650.4740042576128
927.7030000000086,625.2807609723591,650.4740042576128
928.0,625.2839613939333,650.4740042576128
928.3120000000054,625.2818805866084,650.4740042576128
928.625,625.3085832831405,650.4740042576128
928.9220000000059,625.3063230617942,650.4740042576128
929.2340000000113,625.2663613448641,650.4740042576128
929.5470000000059,625.350350647495,650.4740042576128
929.843000000008,625.3643744116642,650.4740042576128
930.1560000000027,625.3594422669479,650.4740042576128
930.4530000000086,625.3419772722827,650.4740042576128
930.7649999999994,625.3723515084083,650.4740042576128
931.093000000008,625.3529940147727,650.4740042576128
931.3899999999994,625.3422975176555,650.4740042576128
931.7030000000086,625.338532595858,650.4740042576128
932.0,625.3552618418316,650.4740042576128
932.3280000000086,625.3405909977831,650.4740042576128
932.6399999999994,625.338334871261,650.4740042576128
932.9370000000054,625.3387859879701,650.4740042576128
933.2340000000113,625.3381006278489,650.4740042576128
933.5470000000059,625.3379578544877,650.4740042576128
933.8590000000113,625.34027264109,650.4740042576128
934.1560000000027,625.3361118767739,650.4740042576128
934.4840000000113,625.3335316431253,650.4740042576128
934.7810000000027,625.3491618235058,650.4740042576128
935.093000000008,625.3315948652146,650.4740042576128
935.4060000000027,625.3381676865563,650.4740042576128
935.7030000000086,625.3071451140949,650.4740042576128
936.0149999999994,625.3447738997774,650.4740042576128
936.3280000000086,625.362512613051,650.4740042576128
936.625,625.3676353294279,650.4740042576128
936.9370000000054,625.3678818823709,650.4740042576128
937.2649999999994,625.3753612406,650.4740042576128
937.593000000008,625.3528895341087,650.4740042576128
937.9060000000027,625.3609914465187,650.4740042576128
938.218000000008,625.358068055612,650.4740042576128
938.5149999999994,625.361110119774,650.4740042576128
938.8280000000086,625.3687837581073,650.4740042576128
939.1399999999994,625.3406331199983,650.4740042576128
939.4530000000086,625.345986412651,650.4740042576128
939.7649999999994,625.3528152156515,650.4740042576128
940.0780000000086,625.3382605909834,650.4740042576128
940.375,625.3575323253216,650.4740042576128
940.6870000000054,625.3402242947262,650.4740042576128
941.0,625.354624155961,650.4740042576128
941.3120000000054,625.3612333844986,650.4740042576128
941.6560000000027,625.3401724743444,650.4740042576128
941.968000000008,625.358439854167,650.4740042576128
942.2970000000059,625.3540168831036,650.4740042576128
942.625,625.3394735754879,650.4740042576128
942.9220000000059,625.3461471155183,650.4740042576128
943.2340000000113,625.3625463229142,650.4740042576128
943.5470000000059,625.3447944899661,650.4740042576128
943.875,625.353075833076,650.4740042576128
944.218000000008,625.3461780879176,650.4740042576128
944.5149999999994,625.3495546185404,650.4740042576128
944.8280000000086,625.3512029478545,650.4740042576128
945.1399999999994,625.333521533245,650.4740042576128
945.4370000000054,625.3482026663116,650.4740042576128
945.7340000000113,625.3610593486806,650.4740042576128
946.0620000000054,625.3519399883392,650.4740042576128
946.375,625.348254591244,650.4740042576128
946.6720000000059,625.3449902143793,650.4740042576128
946.9840000000113,625.3441110163027,650.4740042576128
947.2810000000027,625.347536411648,650.4740042576128
947.593000000008,625.3376559037339,650.4740042576128
947.9060000000027,625.3387535246908,650.4740042576128
948.218000000008,625.3411860943664,650.4740042576128
948.5149999999994,625.3444629846181,650.4740042576128
948.8120000000054,625.3583892204861,650.4740042576128
949.1399999999994,625.3423874123964,650.4740042576128
949.468000000008,625.3536711417888,650.4740042576128
949.7970000000059,625.3488358263191,650.4740042576128
950.093000000008,625.3562730229844,650.4740042576128
950.4060000000027,625.3634682903695,650.4740042576128
950.718000000008,625.3728963100675,650.4740042576128
951.0310000000027,625.3691939700439,650.4740042576128
951.343000000008,625.3583731986315,650.4740042576128
951.6399999999994,625.3754826049651,650.4740042576128
951.9530000000086,625.3605933102771,650.4740042576128
952.2649999999994,625.3684073397443,650.4740042576128
952.5620000000054,625.356527608782,650.4740042576128
952.875,625.362508364965,650.4740042576128
953.1870000000054,625.3647318728979,650.4740042576128
953.5,625.3622528000257,650.4740042576128
953.8280000000086,625.3637249084351,650.4740042576128
954.1399999999994,625.3496392964585,650.4740042576128
954.4840000000113,625.376399571384,650.4740042576128
954.7810000000027,625.3544943411337,650.4740042576128
955.1090000000113,625.3765527727945,650.4740042576128
955.4370000000054,625.3617351004938,650.4740042576128
955.75,625.3713029407257,650.4740042576128
956.0470000000059,625.3675330631739,650.4740042576128
956.375,625.3714830149787,650.4740042576128
956.6720000000059,625.3650152757002,650.4740042576128
956.9840000000113,625.3881356069479,650.4740042576128
957.2970000000059,625.3727095163956,650.4740042576128
957.6090000000113,625.3640561696641,650.4740042576128
957.9220000000059,625.3733992819066,650.4740042576128
958.2340000000113,625.3687847050362,650.4740042576128
958.5310000000027,625.3834361877347,650.4740042576128
958.875,625.3739164960828,650.4740042576128
959.2030000000086,625.3948330939616,650.4740042576128
959.5149999999994,625.3738524350634,650.4740042576128
959.8280000000086,625.3823544234756,650.4740042576128
960.125,625.3720448211487,650.4740042576128
960.4370000000054,625.3810504465112,650.4740042576128
960.7649999999994,625.385425675921,650.4740042576128
961.0620000000054,625.3868156929293,650.4740042576128
961.3590000000113,625.3812267289167,650.4740042576128
961.6870000000054,625.3886260040772,650.4740042576128
962.0310000000027,625.3858378604675,650.4740042576128
962.343000000008,625.3761003800291,650.4740042576128
962.6560000000027,625.3709777504463,650.4740042576128
962.9530000000086,625.3816013723202,650.4740042576128
963.2649999999994,625.3877059083845,650.4740042576128
963.5620000000054,625.382446668541,650.4740042576128
963.8590000000113,625.3897575017024,650.4740042576128
964.1870000000054,625.386116202712,650.4740042576128
964.4840000000113,625.3907747693385,650.4740042576128
964.8120000000054,625.388025651822,650.4740042576128
965.1560000000027,625.393931471226,650.4740042576128
965.4840000000113,625.4054317780599,650.4740042576128
965.7970000000059,625.3953849863102,650.4740042576128
966.1090000000113,625.3891950153704,650.4740042576128
966.4060000000027,625.3924361382601,650.4740042576128
966.718000000008,625.4056303334114,650.4740042576128
967.0310000000027,625.3806129216679,650.4740042576128
967.3280000000086,625.3971772292425,650.4740042576128
967.6560000000027,625.3861953231406,650.4740042576128
967.9530000000086,625.3855748473306,650.4740042576128
968.25,625.3904813529073,650.4740042576128
968.593000000008,625.3893976881317,650.4740042576128
968.9370000000054,625.4104367652494,650.4740042576128
969.2340000000113,625.3866219332709,650.4740042576128
969.5470000000059,625.4010479397015,650.4740042576128
969.8590000000113,625.3924096351695,650.4740042576128
970.1870000000054,625.3959792892314,650.4740042576128
970.4840000000113,625.3887856142851,650.4740042576128
970.8120000000054,625.3860945314225,650.4740042576128
971.1090000000113,625.3981429271047,650.4740042576128
971.4060000000027,625.4027090442095,650.4740042576128
971.718000000008,625.3968811070738,650.4740042576128
972.0620000000054,625.4104173358871,650.4740042576128
972.375,625.3919204243791,650.4740042576128
972.6870000000054,625.3911898641221,650.4740042576128
973.0,625.4103247853355,650.4740042576128
973.3120000000054,625.396619695065,650.4740042576128
973.6090000000113,625.3848589319872,650.4740042576128
973.9220000000059,625.3977783261936,650.4740042576128
974.218000000008,625.4074616223588,650.4740042576128
974.5310000000027,625.4003417467644,650.4740042576128
974.843000000008,625.4061931661694,650.4740042576128
975.1399999999994,625.3972898095283,650.4740042576128
975.4530000000086,625.4020177810057,650.4740042576128
975.7649999999994,625.4004090742209,650.4740042576128
976.0470000000059,625.3970163013694,650.4740042576128
976.375,625.410671575945,650.4740042576128
976.6720000000059,625.389450917686,650.4740042576128
976.968000000008,625.3853795194949,650.4740042576128
977.2970000000059,625.4090110727273,650.4740042576128
977.593000000008,625.3999872055304,650.4740042576128
977.9060000000027,625.4165370670598,650.4740042576128
978.2030000000086,625.4016882157318,650.4740042576128
978.5620000000054,625.4156272111005,650.4740042576128
978.8590000000113,625.4020472601007,650.4740042576128
979.1720000000059,625.4151083890881,650.4740042576128
979.468000000008,625.4050701278514,650.4740042576128
979.7810000000027,625.4109445958691,650.4740042576128
980.0780000000086,625.4124378926787,650.4740042576128
980.375,625.3998734582966,650.4740042576128
981.0,625.4151545472581,650.4740042576128
981.3120000000054,625.397557017926,650.4740042576128
981.625,625.4077071563631,650.4740042576128
981.9370000000054,625.4171062411272,650.4740042576128
982.25,625.3962139363113,650.4740042576128
982.5620000000054,625.420798743346,650.4740042576128
982.8899999999994,625.4114346075979,650.4740042576128
983.2030000000086,625.4027154261639,650.4740042576128
983.5149999999994,625.4118845585264,650.4740042576128
983.8280000000086,625.4041331834841,650.4740042576128
984.1399999999994,625.4198186276249,650.4740042576128
984.4530000000086,625.4235686391902,650.4740042576128
984.7810000000027,625.4169814134419,650.4740042576128
985.125,625.4182094414421,650.4740042576128
985.4370000000054,625.4129673612327,650.4740042576128
985.75,625.4128413949672,650.4740042576128
986.0310000000027,625.4167236442846,650.4740042576128
986.3590000000113,625.404274159422,650.4740042576128
986.6720000000059,625.4183729826848,650.4740042576128
986.968000000008,625.4091519306234,650.4740042576128
987.2810000000027,625.4115276645371,650.4740042576128
987.5780000000086,625.4044322595853,650.4740042576128
987.8899999999994,625.4091090978638,650.4740042576128
988.2030000000086,625.4326161079084,650.4740042576128
988.5,625.4190436554682,650.4740042576128
988.8120000000054,625.4155101450573,650.4740042576128
989.1090000000113,625.4209386845166,650.4740042576128
989.4220000000059,625.421957613788,650.4740042576128
989.75,625.4245123523025,650.4740042576128
990.0470000000059,625.4221879715432,650.4740042576128
990.343000000008,625.4181648975498,650.4740042576128
990.6720000000059,625.4210152371306,650.4740042576128
990.968000000008,625.4159685509537,650.4740042576128
991.2970000000059,625.424648295461,650.4740042576128
991.593000000008,625.4301217305725,650.4740042576128
991.9060000000027,625.4232875979098,650.4740042576128
992.218000000008,625.4074082627769,650.4740042576128
992.5149999999994,625.4131906000289,650.4740042576128
992.8280000000086,625.4194814304219,650.4740042576128
993.125,625.4206124580775,650.4740042576128
993.4530000000086,625.4228141996839,650.4740042576128
993.7810000000027,625.4256311890604,650.4740042576128
994.0780000000086,625.4261986216289,650.4740042576128
994.3899999999994,625.4153684283308,650.4740042576128
994.6870000000054,625.4123722602587,650.4740042576128
995.0149999999994,625.421713621682,650.4740042576128
995.3280000000086,625.4257484270732,650.4740042576128
995.625,625.4033318211115,650.4740042576128
995.9370000000054,625.4322229405847,650.4740042576128
996.25,625.4212086472633,650.4740042576128
996.5620000000054,625.4265772910792,650.4740042576128
996.8590000000113,625.4258442617513,650.4740042576128
997.1720000000059,625.4231202642276,650.4740042576128
997.4840000000113,625.4123588464834,650.4740042576128
997.7810000000027,625.424381645741,650.4740042576128
998.1090000000113,625.4284831678308,650.4740042576128
998.4060000000027,625.4195196537114,650.4740042576128
998.7030000000086,625.4272255979479,650.4740042576128
999.0310000000027,625.424383604319,650.4740042576128
999.3590000000113,625.4045872267446,650.4740042576128
999.6870000000054,625.4264500742698,650.4740042576128
999.9840000000113,625.431965940776,650.4740042576128
1000.2970000000059,625.4114978463648,650.4740042576128
1000.593000000008,625.4291060513183,650.4740042576128
1000.9220000000059,625.4185230584824,650.4740042576128
1001.218000000008,625.4217876829196,650.4740042576128
1001.5310000000027,625.4318705487096,650.4740042576128
1001.8590000000113,625.4209476470203,650.4740042576128
1002.1560000000027,625.4148512451002,650.4740042576128
1002.468000000008,625.4330687902461,650.4740042576128
1002.7649999999994,625.4404385216154,650.4740042576128
1003.0780000000086,625.4273749623237,650.4740042576128
1003.3899999999994,625.4351199441438,650.4740042576128
1003.6870000000054,625.4384939804463,650.4740042576128
1004.0,625.4334029634327,650.4740042576128
1004.3120000000054,625.420370524869,650.4740042576128
1004.625,625.4361491927126,650.4740042576128
1004.9220000000059,625.4361226679735,650.4740042576128
1005.2340000000113,625.4415009069494,650.4740042576128
1005.5470000000059,625.4418606469941,650.4740042576128
1005.843000000008,625.4262443740869,650.4740042576128
1006.1560000000027,625.4319485468343,650.4740042576128
1006.468000000008,625.4404560329726,650.4740042576128
1006.7810000000027,625.4292796016343,650.4740042576128
1007.093000000008,625.44070264716,650.4740042576128
1007.3899999999994,625.4296757229152,650.4740042576128
1007.7030000000086,625.4369639090423,650.4740042576128
1008.0,625.4309505239064,650.4740042576128
1008.3120000000054,625.4242427820662,650.4740042576128
1008.6090000000113,625.4294706603182,650.4740042576128
1008.9370000000054,625.4366568154754,650.4740042576128
1009.2340000000113,625.4330496208183,650.4740042576128
1009.5310000000027,625.4483391009845,650.4740042576128
1009.8280000000086,625.447649607411,650.4740042576128
1010.1560000000027,625.4367468553808,650.4740042576128
1010.4530000000086,625.4210862117109,650.4740042576128
1010.7649999999994,625.4370196751689,650.4740042576128
1011.0780000000086,625.4427658508141,650.4740042576128
1011.3899999999994,625.4277069818232,650.4740042576128
1011.6870000000054,625.4316846849555,650.4740042576128
1012.0,625.4509688097367,650.4740042576128
1012.3120000000054,625.4332085184225,650.4740042576128
1012.625,625.4298801548845,650.4740042576128
1012.9220000000059,625.4367089275709,650.4740042576128
1013.2340000000113,625.4359295066591,650.4740042576128
1013.5620000000054,625.4345799186958,650.4740042576128
1013.8590000000113,625.4434293190487,650.4740042576128
1014.1720000000059,625.4267553354524,650.4740042576128
1014.468000000008,625.4519443827395,650.4740042576128
1014.7810000000027,625.4378106293801,650.4740042576128
1015.1090000000113,625.4401886208937,650.4740042576128
1015.4060000000027,625.4244523456058,650.4740042576128
1015.718000000008,625.4291915158697,650.4740042576128
1016.0310000000027,625.4651415293483,650.4740042576128
1016.343000000008,625.4408609707428,650.4740042576128
1016.6560000000027,625.4528294471255,650.4740042576128
1016.968000000008,625.4594528282324,650.4740042576128
1017.2649999999994,625.4762613202466,650.4740042576128
1017.593000000008,625.4698505518256,650.4740042576128
1017.9220000000059,625.4756733729384,650.4740042576128
1018.2340000000113,625.4675280660513,650.4740042576128
1018.5470000000059,625.4715296024141,650.4740042576128
1018.843000000008,625.4683386431616,650.4740042576128
1019.1399999999994,625.4680794599547,650.4740042576128
1019.4530000000086,625.4785926220954,650.4740042576128
1019.75,625.4770151728316,650.4740042576128
1020.0780000000086,625.4641842513823,650.4740042576128
1020.375,625.4691807197465,650.4740042576128
1020.7030000000086,625.4701751802096,650.4740042576128
1021.0,625.4477450397156,650.4740042576128
1021.3120000000054,625.4608256766205,650.4740042576128
1021.625,625.4640199570084,650.4740042576128
1021.9220000000059,625.4599322224813,650.4740042576128
1022.218000000008,625.4610437601564,650.4740042576128
1022.5470000000059,625.4491302703349,650.4740042576128
1022.8590000000113,625.4658315383451,650.4740042576128
1023.1560000000027,625.4531909114442,650.4740042576128
1023.4530000000086,625.4480762523941,650.4740042576128
1023.7649999999994,625.4602980452306,650.4740042576128
1024.0780000000086,625.4488845537473,650.4740042576128
1024.375,625.4475816680583,650.4740042576128
1024.6870000000054,625.4630908664554,650.4740042576128
1025.0,625.4568417975717,650.4740042576128
1025.297000000006,625.451591108085,650.4740042576128
1025.6090000000113,625.4684292456074,650.4740042576128
1025.9370000000054,625.4450142593087,650.4740042576128
1026.2810000000027,625.4564432481558,650.4740042576128
1026.5780000000086,625.4544058277704,650.4740042576128
1026.8899999999994,625.4477062877554,650.4740042576128
1027.2030000000086,625.4519525495733,650.4740042576128
1027.5,625.4600791875911,650.4740042576128
1027.8120000000054,625.4540668223665,650.4740042576128
1028.125,625.4502049861617,650.4740042576128
1028.422000000006,625.4592886803352,650.4740042576128
1028.7340000000113,625.4529227788371,650.4740042576128
1029.0310000000027,625.4660644447533,650.4740042576128
1029.343000000008,625.4550739292072,650.4740042576128
1029.6560000000027,625.4633732656591,650.4740042576128
1029.968000000008,625.4609523346228,650.4740042576128
1030.2649999999994,625.4585034671608,650.4740042576128
1030.6090000000113,625.4570448311244,650.4740042576128
1030.9370000000054,625.4548141537737,650.4740042576128
1031.2649999999994,625.4563048483067,650.4740042576128
1031.593000000008,625.4615738963707,650.4740042576128
1031.922000000006,625.4516479805012,650.4740042576128
1032.25,625.4558770447087,650.4740042576128
1032.5780000000086,625.4595946582133,650.4740042576128
1032.922000000006,625.431602935885,650.4740042576128
1033.25,625.452350738404,650.4740042576128
1033.5780000000086,625.4612141607555,650.4740042576128
1033.9060000000027,625.4440682407883,650.4740042576128
1034.2340000000113,625.464921355506,650.4740042576128
1034.5780000000086,625.4578252592461,650.4740042576128
1034.8899999999994,625.440917515659,650.4740042576128
1035.218000000008,625.4409703459943,650.4740042576128
1035.5620000000054,625.4558652236572,650.4740042576128
1035.8899999999994,625.4654099127279,650.4740042576128
1036.218000000008,625.4502522010092,650.4740042576128
1036.547000000006,625.4583890106381,650.4740042576128
1036.8899999999994,625.4615778310545,650.4740042576128
1037.218000000008,625.4529784293082,650.4740042576128
1037.547000000006,625.4512591985971,650.4740042576128
1037.8899999999994,625.4576814860758,650.4740042576128
1038.2030000000086,625.4540251620409,650.4740042576128
1038.5149999999994,625.4547214455762,650.4740042576128
1038.8590000000113,625.4509228077798,650.4740042576128
1039.1870000000054,625.4542814125991,650.4740042576128
1039.5310000000027,625.4391073627454,650.4740042576128
1039.8590000000113,625.4525216727028,650.4740042576128
1040.1870000000054,625.444866218405,650.4740042576128
1040.8899999999994,625.4464109308489,650.4740042576128
1041.218000000008,625.449821244599,650.4740042576128
1041.5149999999994,625.4566666626025,650.4740042576128
1041.843000000008,625.4377383433788,650.4740042576128
1042.1399999999994,625.4532817173992,650.4740042576128
1042.4530000000086,625.4492841193456,650.4740042576128
1042.7649999999994,625.4419529085598,650.4740042576128
1043.0780000000086,625.4455906147596,650.4740042576128
1043.375,625.4397351540433,650.4740042576128
1043.6870000000054,625.4512504159541,650.4740042576128
1043.9840000000113,625.4630454204369,650.4740042576128
1044.297000000006,625.4421766740213,650.4740042576128
1044.6090000000113,625.4501745398014,650.4740042576128
1044.9060000000027,625.440478095224,650.4740042576128
1045.218000000008,625.441540728137,650.4740042576128
1045.5149999999994,625.4538211356779,650.4740042576128
1045.8280000000086,625.4600636557575,650.4740042576128
1046.1399999999994,625.4622211787467,650.4740042576128
1046.4530000000086,625.4467073046022,650.4740042576128
1046.75,625.4488247477793,650.4740042576128
1047.0620000000054,625.4470612017454,650.4740042576128
1047.375,625.452889302309,650.4740042576128
1047.672000000006,625.4464001279632,650.4740042576128
1047.9840000000113,625.4506717002956,650.4740042576128
1048.2810000000027,625.4373859463989,650.4740042576128
1048.5780000000086,625.441428288666,650.4740042576128
1048.9060000000027,625.4498796267162,650.4740042576128
1049.2030000000086,625.4333181597549,650.4740042576128
1049.5149999999994,625.4404898734917,650.4740042576128
1049.8280000000086,625.4499837616111,650.4740042576128
1050.1399999999994,625.4454972050299,650.4740042576128
1050.468000000008,625.4531864602092,650.4740042576128
1050.7810000000027,625.4525399394493,650.4740042576128
1051.093000000008,625.4715596908795,650.4740042576128
1051.3899999999994,625.4566387767641,650.4740042576128
1051.6870000000054,625.4565289941355,650.4740042576128
1052.0,625.4481660063226,650.4740042576128
1052.3120000000054,625.4438019799551,650.4740042576128
1052.6090000000113,625.4460417101235,650.4740042576128
1052.922000000006,625.455761317873,650.4740042576128
1053.218000000008,625.4527766238233,650.4740042576128
1053.5310000000027,625.4484190687018,650.4740042576128
1053.843000000008,625.4594419686404,650.4740042576128
1054.1399999999994,625.443297203593,650.4740042576128
1054.4530000000086,625.4542898834804,650.4740042576128
1054.7649999999994,625.4609171458649,650.4740042576128
1055.0780000000086,625.4436777807992,650.4740042576128
1055.3899999999994,625.4493022706032,650.4740042576128
1055.6870000000054,625.4426895312258,650.4740042576128
1056.0149999999994,625.4610495673645,650.4740042576128
1056.3120000000054,625.4475603922131,650.4740042576128
1056.6090000000113,625.443310995836,650.4740042576128
1056.9370000000054,625.4500452424627,650.4740042576128
1057.2340000000113,625.4538286426381,650.4740042576128
1057.5620000000054,625.4530277153322,650.4740042576128
1057.8590000000113,625.454914817508,650.4740042576128
1058.1560000000027,625.4436950090508,650.4740042576128
1058.468000000008,625.4500896819337,650.4740042576128
1058.797000000006,625.4399900014943,650.4740042576128
1059.093000000008,625.4356536605818,650.4740042576128
1059.3899999999994,625.4624075821185,650.4740042576128
1059.7030000000086,625.4575358263336,650.4740042576128
1060.0149999999994,625.4432278539589,650.4740042576128
1060.3120000000054,625.4394935118302,650.4740042576128
1060.6399999999994,625.4428885791451,650.4740042576128
1060.9370000000054,625.4504129830913,650.4740042576128
1061.25,625.4443552371993,650.4740042576128
1061.547000000006,625.4578117233896,650.4740042576128
1061.8590000000113,625.4566238290747,650.4740042576128
1062.1560000000027,625.4536888832863,650.4740042576128
1062.468000000008,625.4497115891377,650.4740042576128
1062.7810000000027,625.4430594319637,650.4740042576128
1063.0780000000086,625.4628410031137,650.4740042576128
1063.4060000000027,625.4483865090297,650.4740042576128
1063.7030000000086,625.4372574587859,650.4740042576128
1064.0149999999994,625.4556663268796,650.4740042576128
1064.3280000000086,625.4441693632668,650.4740042576128
1064.625,625.4691269225448,650.4740042576128
1064.9530000000086,625.444335015577,650.4740042576128
1065.2649999999994,625.4405852937573,650.4740042576128
1065.5620000000054,625.4470791274629,650.4740042576128
1065.875,625.4515661551951,650.4740042576128
1066.1870000000054,625.4568930247814,650.4740042576128
1066.4840000000113,625.4400034033242,650.4740042576128
1066.797000000006,625.4407735679534,650.4740042576128
1067.093000000008,625.4508011906357,650.4740042576128
1067.4060000000027,625.4330664233607,650.4740042576128
1067.718000000008,625.4612055326043,650.4740042576128
1068.0310000000027,625.4371450351944,650.4740042576128
1068.343000000008,625.4365617142362,650.4740042576128
1068.6399999999994,625.4604246356299,650.4740042576128
1068.9530000000086,625.4436868605626,650.4740042576128
1069.25,625.4449159090001,650.4740042576128
1069.5780000000086,625.4361810769948,650.4740042576128
1069.875,625.4443409942489,650.4740042576128
1070.1870000000054,625.4542391459138,650.4740042576128
1070.4840000000113,625.4464129165101,650.4740042576128
1070.797000000006,625.4508362839949,650.4740042576128
1071.1090000000113,625.4418285193784,650.4740042576128
1071.422000000006,625.4408468019651,650.4740042576128
1071.7340000000113,625.4370476439641,650.4740042576128
1072.0310000000027,625.4550858439561,650.4740042576128
1072.343000000008,625.4536836607695,650.4740042576128
1072.6399999999994,625.4463290107386,650.4740042576128
1072.968000000008,625.4415153531115,650.4740042576128
1073.2649999999994,625.4464405006541,650.4740042576128
1073.5780000000086,625.4510841965005,650.4740042576128
1073.875,625.4372346262725,650.4740042576128
1074.1870000000054,625.4535664306751,650.4740042576128
1074.5,625.4456337697663,650.4740042576128
1074.797000000006,625.4395704097334,650.4740042576128
1075.1090000000113,625.4546055028337,650.4740042576128
1075.4060000000027,625.457836211073,650.4740042576128
1075.718000000008,625.4506806079463,650.4740042576128
1076.0310000000027,625.4445077158533,650.4740042576128
1076.3280000000086,625.4379277564083,650.4740042576128
1076.6560000000027,625.440056223845,650.4740042576128
1076.9530000000086,625.4460187986258,650.4740042576128
1077.2649999999994,625.445015527339,650.4740042576128
1077.5780000000086,625.451946905258,650.4740042576128
1077.875,625.4397024025698,650.4740042576128
1078.2030000000086,625.4461365254331,650.4740042576128
1078.5,625.4444310089065,650.4740042576128
1078.797000000006,625.452979377514,650.4740042576128
1079.1090000000113,625.4636550786646,650.4740042576128
1079.422000000006,625.4578586637253,650.4740042576128
1079.718000000008,625.3739875182713,650.4740042576128
1080.047000000006,625.3839689583469,650.4740042576128
1080.343000000008,625.368855180853,650.4740042576128
1080.6560000000027,625.3754274961436,650.4740042576128
1080.968000000008,625.3472243895582,650.4740042576128
1081.3120000000054,625.3501045627273,650.4740042576128
1081.625,625.3389915442244,650.4740042576128
1081.922000000006,625.3217789855958,650.4740042576128
1082.25,625.3045068349858,650.4740042576128
1082.547000000006,625.3069532340071,650.4740042576128
1082.8590000000113,625.3087114357102,650.4740042576128
1083.172000000006,625.31089137125,650.4740042576128
1083.4840000000113,625.30214013696,650.4740042576128
1083.7810000000027,625.299634404878,650.4740042576128
1084.1090000000113,625.3061905609378,650.4740042576128
1084.4060000000027,625.2971412332939,650.4740042576128
1084.718000000008,625.2994389543771,650.4740042576128
1085.0310000000027,625.2931798255644,650.4740042576128
1085.343000000008,625.2955838464019,650.4740042576128
1085.6399999999994,625.2896066775843,650.4740042576128
1085.9530000000086,625.2930420102779,650.4740042576128
1086.25,625.2974469979586,650.4740042576128
1086.5620000000054,625.2829921640274,650.4740042576128
1086.875,625.2782309216162,650.4740042576128
1087.1870000000054,625.2805992925382,650.4740042576128
1087.5,625.2793737425042,650.4740042576128
1087.8120000000054,625.2804682185814,650.4740042576128
1088.1090000000113,625.2632781619651,650.4740042576128
1088.4370000000054,625.2846731796083,650.4740042576128
1088.7340000000113,625.2806980118785,650.4740042576128
1089.0310000000027,625.2612990314393,650.4740042576128
1089.343000000008,625.2786925815058,650.4740042576128
1089.6560000000027,625.276920516267,650.4740042576128
1089.9530000000086,625.2849243900588,650.4740042576128
1090.2810000000027,625.2695500197067,650.4740042576128
1090.5780000000086,625.2698599771963,650.4740042576128
1090.875,625.283252745333,650.4740042576128
1091.1870000000054,625.2620096005114,650.4740042576128
1091.5,625.2699887410062,650.4740042576128
1091.8120000000054,625.3001237575899,650.4740042576128
1092.1090000000113,625.2844694724115,650.4740042576128
1092.422000000006,625.2834050689509,650.4740042576128
1092.7340000000113,625.3056902487305,650.4740042576128
1093.0310000000027,625.359683912038,650.4740042576128
1093.343000000008,625.3700149016221,650.4740042576128
1093.6560000000027,625.3568818540228,650.4740042576128
1093.968000000008,625.3617859067305,650.4740042576128
1094.2649999999994,625.3437256161443,650.4740042576128
1094.5780000000086,625.3350253066714,650.4740042576128
1094.8899999999994,625.3407197093063,650.4740042576128
1095.2030000000086,625.355473388903,650.4740042576128
1095.5149999999994,625.3449030328165,650.4740042576128
1095.8120000000054,625.3338906682652,650.4740042576128
1096.125,625.3413887606432,650.4740042576128
1096.422000000006,625.3402508920813,650.4740042576128
1096.75,625.341709544674,650.4740042576128
1097.047000000006,625.3275231325393,650.4740042576128
1097.3590000000113,625.3415516112503,650.4740042576128
1097.672000000006,625.3411297707111,650.4740042576128
1097.9840000000113,625.3360180855075,650.4740042576128
1098.297000000006,625.3333851423895,650.4740042576128
1098.593000000008,625.340631740962,650.4740042576128
1098.922000000006,625.3435269355022,650.4740042576128
1099.218000000008,625.3297265485093,650.4740042576128
1099.5310000000027,625.3200447926698,650.4740042576128
1099.8590000000113,625.3383370922991,650.4740042576128
1100.1560000000027,625.3384861759118,650.4740042576128
1100.468000000008,625.3325933845342,650.4740042576128
1101.047000000006,625.3369816799313,650.4740042576128
1101.3590000000113,625.3484390932051,650.4740042576128
1101.6560000000027,625.3368429885613,650.4740042576128
1101.968000000008,625.3405027336776,650.4740042576128
1102.2810000000027,625.3303896725448,650.4740042576128
1102.593000000008,625.3393314681409,650.4740042576128
1102.9060000000027,625.3368102894965,650.4740042576128
1103.218000000008,625.33694618406,650.4740042576128
1103.5149999999994,625.3337906147353,650.4740042576128
1103.8280000000086,625.3286652435436,650.4740042576128
1104.1399999999994,625.3288461161303,650.4740042576128
1104.4370000000054,625.3315585387516,650.4740042576128
1104.75,625.3257170819323,650.4740042576128
1105.047000000006,625.2995198388463,650.4740042576128
1105.375,625.2907748934961,650.4740042576128
1105.7030000000086,625.3108326277114,650.4740042576128
1106.0,625.3141788242897,650.4740042576128
1106.3280000000086,625.3078195681794,650.4740042576128
1106.625,625.320968563509,650.4740042576128
1106.922000000006,625.3008536213341,650.4740042576128
1107.25,625.3080450512148,650.4740042576128
1107.547000000006,625.3025339173295,650.4740042576128
1107.875,625.2965654706655,650.4740042576128
1108.172000000006,625.2962891887715,650.4740042576128
1108.5,625.3006273569785,650.4740042576128
1108.8120000000054,625.2938693470479,650.4740042576128
1109.1090000000113,625.2806475695819,650.4740042576128
1109.422000000006,625.2871125135459,650.4740042576128
1109.7340000000113,625.2822078329011,650.4740042576128
1110.0310000000027,625.3054484038521,650.4740042576128
1110.343000000008,625.2867651143982,650.4740042576128
1110.6560000000027,625.2961240595962,650.4740042576128
1110.968000000008,625.2907384451922,650.4740042576128
1111.2810000000027,625.2895833083616,650.4740042576128
1111.5780000000086,625.2775665357319,650.4740042576128
1111.8899999999994,625.2836972508674,650.4740042576128
1112.2030000000086,625.282786604915,650.4740042576128
1112.5,625.2773234645997,650.4740042576128
1112.8280000000086,625.2966346399218,650.4740042576128
1113.125,625.2926904872756,650.4740042576128
1113.4370000000054,625.2777920200352,650.4740042576128
1113.75,625.2789023472159,650.4740042576128
1114.0620000000054,625.2903796536064,650.4740042576128
1114.3590000000113,625.2929169812317,650.4740042576128
1114.672000000006,625.290019892358,650.4740042576128
1114.9840000000113,625.2746925384251,650.4740042576128
1115.297000000006,625.2919203702684,650.4740042576128
1115.6090000000113,625.287444155495,650.4740042576128
1115.922000000006,625.2914025465608,650.4740042576128
1116.2340000000113,625.281661376854,650.4740042576128
1116.5310000000027,625.3006060369135,650.4740042576128
1116.843000000008,625.2795866272446,650.4740042576128
1117.172000000006,625.2882752963204,650.4740042576128
1117.468000000008,625.2896883514022,650.4740042576128
1117.7810000000027,625.3034054103346,650.4740042576128
1118.093000000008,625.2654140039149,650.4740042576128
1118.375,625.3556715552239,650.4740042576128
1118.7030000000086,625.3670553793918,650.4740042576128
1119.0149999999994,625.3684132332778,650.4740042576128
1119.3280000000086,625.3513614415509,650.4740042576128
1119.625,625.3454432114942,650.4740042576128
1119.9370000000054,625.3498025343478,650.4740042576128
1120.25,625.3251382161884,650.4740042576128
1120.5620000000054,625.3508137915694,650.4740042576128
1120.8590000000113,625.3345991020753,650.4740042576128
1121.172000000006,625.344805845468,650.4740042576128
1121.4840000000113,625.3287173783384,650.4740042576128
1121.797000000006,625.3479035415736,650.4740042576128
1122.093000000008,625.3370850337272,650.4740042576128
1122.4060000000027,625.3385138279142,650.4740042576128
1122.718000000008,625.342541943565,650.4740042576128
1123.0149999999994,625.3460712291956,650.4740042576128
1123.3280000000086,625.3395410456026,650.4740042576128
1123.625,625.3474649072904,650.4740042576128
1123.9370000000054,625.3285494764334,650.4740042576128
1124.2340000000113,625.3438217046983,650.4740042576128
1124.5310000000027,625.3022566784791,650.4740042576128
1124.843000000008,625.349915787671,650.4740042576128
1125.1560000000027,625.3483585454112,650.4740042576128
1125.468000000008,625.3636853972862,650.4740042576128
1125.7649999999994,625.3564775524907,650.4740042576128
1126.0780000000086,625.3784682849177,650.4740042576128
1126.3899999999994,625.3672631667861,650.4740042576128
1126.6870000000054,625.3506499953556,650.4740042576128
1127.0,625.3714387648299,650.4740042576128
1127.297000000006,625.353173341678,650.4740042576128
1127.625,625.361335611231,650.4740042576128
1127.922000000006,625.3531465565096,650.4740042576128
1128.2340000000113,625.3485268042876,650.4740042576128
1128.5310000000027,625.3451388686832,650.4740042576128
1128.8280000000086,625.3584416931761,650.4740042576128
1129.1560000000027,625.342183883083,650.4740042576128
1129.468000000008,625.3637580114463,650.4740042576128
1129.7649999999994,625.3388467178236,650.4740042576128
1130.0620000000054,625.3453831717533,650.4740042576128
1130.3899999999994,625.3417409336043,650.4740042576128
1130.6870000000054,625.3474303289316,650.4740042576128
1131.0149999999994,625.3443543780842,650.4740042576128
1131.3120000000054,625.3444949196653,650.4740042576128
1131.625,625.3350251730892,650.4740042576128
1131.9060000000027,625.3439799964522,650.4740042576128
1132.2340000000113,625.3537766901219,650.4740042576128
1132.5310000000027,625.3475558567407,650.4740042576128
1132.843000000008,625.3391453918922,650.4740042576128
1133.1399999999994,625.3346271687863,650.4740042576128
1133.4370000000054,625.3336278706457,650.4740042576128
1133.7649999999994,625.3497015374169,650.4740042576128
1134.0620000000054,625.3375179538464,650.4740042576128
1134.375,625.3394136770232,650.4740042576128
1134.672000000006,625.3442068464303,650.4740042576128
1134.9840000000113,625.3472368244671,650.4740042576128
1135.297000000006,625.3492922817536,650.4740042576128
1135.593000000008,625.3293810604961,650.4740042576128
1135.9060000000027,625.3449215373525,650.4740042576128
1136.218000000008,625.3477955353769,650.4740042576128
1136.5310000000027,625.3472129830096,650.4740042576128
1136.8280000000086,625.3504869359118,650.4740042576128
1137.1399999999994,625.3380518305507,650.4740042576128
1137.4370000000054,625.3443775430673,650.4740042576128
1137.75,625.3654993927878,650.4740042576128
1138.047000000006,625.3419169020889,650.4740042576128
1138.343000000008,625.3563879336214,650.4740042576128
1138.672000000006,625.35983397169,650.4740042576128
1138.968000000008,625.3493708046807,650.4740042576128
1139.2649999999994,625.3639277132175,650.4740042576128
1139.593000000008,625.3585816865115,650.4740042576128
1139.8899999999994,625.3693762178902,650.4740042576128
1140.2030000000086,625.3621748243914,650.4740042576128
1140.5149999999994,625.3696002532112,650.4740042576128
1140.8120000000054,625.3546483425298,650.4740042576128
1141.1090000000113,625.3639033744728,650.4740042576128
1141.4370000000054,625.3644197895529,650.4740042576128
1141.7340000000113,625.3447752262659,650.4740042576128
1142.047000000006,625.368618884934,650.4740042576128
1142.343000000008,625.3585310023753,650.4740042576128
1142.672000000006,625.3740658304426,650.4740042576128
1142.968000000008,625.3723793104166,650.4740042576128
1143.2810000000027,625.3681019361798,650.4740042576128
1143.593000000008,625.3617664844824,650.4740042576128
1143.8899999999994,625.3742328390058,650.4740042576128
1144.2030000000086,625.377002992836,650.4740042576128
1144.5,625.3558536550452,650.4740042576128
1144.8280000000086,625.3613913447475,650.4740042576128
1145.125,625.3741682285433,650.4740042576128
1145.422000000006,625.374253164848,650.4740042576128
1145.75,625.3676036338385,650.4740042576128
1146.047000000006,625.3736464736029,650.4740042576128
1146.375,625.363670304535,650.4740042576128
1146.672000000006,625.3866594999308,650.4740042576128
1146.968000000008,625.3722465479244,650.4740042576128
1147.2649999999994,625.37163280811,650.4740042576128
1147.593000000008,625.3735801043149,650.4740042576128
1147.8899999999994,625.3786822030578,650.4740042576128
1148.2030000000086,625.3709134099903,650.4740042576128
1148.5,625.3916873394377,650.4740042576128
1148.843000000008,625.3960746789911,650.4740042576128
1149.1399999999994,625.367627572038,650.4740042576128
1149.4370000000054,625.3747845765655,650.4740042576128
1149.75,625.3679947402264,650.4740042576128
1150.0620000000054,625.3874034764801,650.4740042576128
1150.3590000000113,625.3800678440518,650.4740042576128
1150.6870000000054,625.3905618165181,650.4740042576128
1150.9840000000113,625.3677622506564,650.4740042576128
1151.297000000006,625.3828753866474,650.4740042576128
1151.593000000008,625.3821714612412,650.4740042576128
1151.9060000000027,625.39201889973,650.4740042576128
1152.218000000008,625.3849135012493,650.4740042576128
1152.5149999999994,625.4050570817135,650.4740042576128
1152.8280000000086,625.3733184457326,650.4740042576128
1153.1399999999994,625.4004576320942,650.4740042576128
1153.4530000000086,625.3903946009611,650.4740042576128
1153.75,625.3787363057974,650.4740042576128
1154.0620000000054,625.3947791153539,650.4740042576128
1154.3590000000113,625.3917948278685,650.4740042576128
1154.672000000006,625.3867899841322,650.4740042576128
1154.968000000008,625.3829560436234,650.4740042576128
1155.2810000000027,625.3784709379227,650.4740042576128
1155.593000000008,625.3906162741678,650.4740042576128
1155.9060000000027,625.3935304481228,650.4740042576128
1156.2030000000086,625.3966965738059,650.4740042576128
1156.5149999999994,625.3934681499,650.4740042576128
1156.8120000000054,625.395418519078,650.4740042576128
1157.1399999999994,625.3928647639871,650.4740042576128
1157.4370000000054,625.3935397614487,650.4740042576128
1157.7340000000113,625.3817954112077,650.4740042576128
1158.0620000000054,625.3863844184542,650.4740042576128
1158.3590000000113,625.3806562895403,650.4740042576128
1158.672000000006,625.4172054387299,650.4740042576128
1158.9840000000113,625.396723548882,650.4740042576128
1159.2810000000027,625.3897904602405,650.4740042576128
1159.593000000008,625.3872416871249,650.4740042576128
1159.9060000000027,625.3801488824915,650.4740042576128
1160.218000000008,625.3878680944295,650.4740042576128
1160.5149999999994,625.3895926100889,650.4740042576128
1160.922000000006,625.4077664614797,650.4740042576128
1161.218000000008,625.4047331345206,650.4740042576128
1161.5310000000027,625.4135559822847,650.4740042576128
1161.843000000008,625.4033704705631,650.4740042576128
1162.1399999999994,625.4055827002254,650.4740042576128
1162.4370000000054,625.4004156349669,650.4740042576128
1162.7649999999994,625.3886457668456,650.4740042576128
1163.0620000000054,625.4011337618257,650.4740042576128
1163.3899999999994,625.39861115877,650.4740042576128
1163.6870000000054,625.4111531173695,650.4740042576128
1164.0,625.4021502017343,650.4740042576128
1164.297000000006,625.402123731575,650.4740042576128
1164.625,625.4030920155393,650.4740042576128
1164.922000000006,625.4101476699402,650.4740042576128
1165.25,625.4065762212687,650.4740042576128
1165.547000000006,625.409219709169,650.4740042576128
1165.843000000008,625.4015835158682,650.4740042576128
1166.172000000006,625.4065969699748,650.4740042576128
1166.468000000008,625.4092600877019,650.4740042576128
1166.797000000006,625.3974159439151,650.4740042576128
1167.093000000008,625.4082926060429,650.4740042576128
1167.4060000000027,625.4125790120211,650.4740042576128
1167.718000000008,625.4157940456738,650.4740042576128
1168.0149999999994,625.402327867427,650.4740042576128
1168.3120000000054,625.4094212746473,650.4740042576128
1168.6399999999994,625.3921830274747,650.4740042576128
1168.9530000000086,625.401839512663,650.4740042576128
1169.2649999999994,625.4068425812221,650.4740042576128
1169.5620000000054,625.4033544261267,650.4740042576128
1169.8590000000113,625.4086045277958,650.4740042576128
1170.172000000006,625.4009715245779,650.4740042576128
1170.4840000000113,625.4168685726829,650.4740042576128
1170.7810000000027,625.4025333973218,650.4740042576128
1171.1090000000113,625.4152818688223,650.4740042576128
1171.4060000000027,625.4169314601493,650.4740042576128
1171.718000000008,625.4016597831845,650.4740042576128
1172.0310000000027,625.4199622042393,650.4740042576128
1172.343000000008,625.4110945927042,650.4740042576128
1172.6399999999994,625.4103254412926,650.4740042576128
1172.9530000000086,625.403941413602,650.4740042576128
1173.2810000000027,625.4153422501806,650.4740042576128
1173.593000000008,625.4174653880791,650.4740042576128
1173.9060000000027,625.4020337933322,650.4740042576128
1174.218000000008,625.4082396145657,650.4740042576128
1174.5310000000027,625.4003833900312,650.4740042576128
1174.843000000008,625.4177451984281,650.4740042576128
1175.1399999999994,625.402222566483,650.4740042576128
1175.468000000008,625.4103774027603,650.4740042576128
1175.7649999999994,625.409980227388,650.4740042576128
1176.0780000000086,625.4146480431376,650.4740042576128
1176.4060000000027,625.4230727648562,650.4740042576128
1176.7030000000086,625.4021661393909,650.4740042576128
1177.0310000000027,625.4178339256841,650.4740042576128
1177.3280000000086,625.4089960333769,650.4740042576128
1177.6399999999994,625.4170104780201,650.4740042576128
1177.9530000000086,625.421499119928,650.4740042576128
1178.25,625.407962534817,650.4740042576128
1178.5620000000054,625.4169341812678,650.4740042576128
1178.8899999999994,625.4090331908576,650.4740042576128
1179.1870000000054,625.4229104137581,650.4740042576128
1179.4840000000113,625.4256254564359,650.4740042576128
1179.797000000006,625.4240481610364,650.4740042576128
1180.1090000000113,625.4159445964095,650.4740042576128
1180.4530000000086,625.4360559767254,650.4740042576128
1180.7649999999994,625.4227707900067,650.4740042576128
1181.0620000000054,625.4260349281811,650.4740042576128
1181.375,625.4104000749963,650.4740042576128
1181.6870000000054,625.430188509231,650.4740042576128
1181.9840000000113,625.4231509261637,650.4740042576128
1182.297000000006,625.4326992550272,650.4740042576128
1182.6090000000113,625.413635731971,650.4740042576128
1182.9370000000054,625.4097613700665,650.4740042576128
1183.2340000000113,625.4191191623859,650.4740042576128
1183.5310000000027,625.4275644987827,650.4740042576128
1183.843000000008,625.4252377111525,650.4740042576128
1184.1560000000027,625.4228999032235,650.4740042576128
1184.468000000008,625.4239072135853,650.4740042576128
1184.7810000000027,625.419392051077,650.4740042576128
1185.093000000008,625.4217131980354,650.4740042576128
1185.4060000000027,625.4328409900018,650.4740042576128
1185.718000000008,625.4262359323022,650.4740042576128
1186.0310000000027,625.425583971455,650.4740042576128
1186.3280000000086,625.4180452505914,650.4740042576128
1186.6560000000027,625.4138621123335,650.4740042576128
1186.9530000000086,625.4291380953024,650.4740042576128
1187.2649999999994,625.428133758549,650.4740042576128
1187.5780000000086,625.4194791180089,650.4740042576128
1187.8899999999994,625.4203260827124,650.4740042576128
1188.1870000000054,625.419841787737,650.4740042576128
1188.5,625.4306796400067,650.4740042576128
1188.8280000000086,625.4328566756956,650.4740042576128
1189.125,625.4293888917664,650.4740042576128
1189.4530000000086,625.4316626381088,650.4740042576128
1189.75,625.4365211132817,650.4740042576128
1190.0620000000054,625.4220345214302,650.4740042576128
1190.3899999999994,625.4278438830893,650.4740042576128
1190.6870000000054,625.4334495719098,650.4740042576128
1191.0,625.4322333300357,650.4740042576128
1191.3120000000054,625.4358366883544,650.4740042576128
1191.625,625.4208064355446,650.4740042576128
1191.9370000000054,625.4370935390989,650.4740042576128
1192.2340000000113,625.430257160377,650.4740042576128
1192.5310000000027,625.4215955913483,650.4740042576128
1192.8590000000113,625.4362005338056,650.4740042576128
1193.172000000006,625.4307837428144,650.4740042576128
1193.468000000008,625.4358980903323,650.4740042576128
1193.797000000006,625.4315689317664,650.4740042576128
1194.1090000000113,625.436438637111,650.4740042576128
1194.4060000000027,625.4428628534655,650.4740042576128
1194.7030000000086,625.4182045662909,650.4740042576128
1195.0310000000027,625.44100577103,650.4740042576128
1195.343000000008,625.4349987994698,650.4740042576128
1195.6399999999994,625.4264293133903,650.4740042576128
1195.9370000000054,625.4184154195603,650.4740042576128
1196.2649999999994,625.4315121330444,650.4740042576128
1196.5780000000086,625.4306394207608,650.4740042576128
1196.9060000000027,625.4421352411972,650.4740042576128
1197.218000000008,625.419604935789,650.4740042576128
1197.5149999999994,625.4393675742675,650.4740042576128
1197.8280000000086,625.4370667266345,650.4740042576128
1198.1399999999994,625.4345212558936,650.4740042576128
1198.4530000000086,625.4319622771682,650.4740042576128
1198.7649999999994,625.4305923694224,650.4740042576128
1199.0620000000054,625.4315402971894,650.4740042576128
1199.375,625.4346864400754,650.4740042576128
1199.6870000000054,625.4315292382873,650.4740042576128
1199.9840000000113,625.439162225475,650.4740042576128
1200.297000000006,625.4329381552727,650.4740042576128
1200.625,625.4334346790972,650.4740042576128
1200.922000000006,625.4266907493267,650.4740042576128
1201.2340000000113,625.4339790636949,650.4740042576128
1201.5310000000027,625.4248432979742,650.4740042576128
1201.843000000008,625.4397637449038,650.4740042576128
1202.1560000000027,625.4399212619498,650.4740042576128
1202.4530000000086,625.43784535749,650.4740042576128
1202.7649999999994,625.4321351122302,650.4740042576128
1203.0780000000086,625.4439588303076,650.4740042576128
1203.375,625.4275270429744,650.4740042576128
1203.6870000000054,625.4489448008798,650.4740042576128
1204.0,625.4373593529544,650.4740042576128
1204.3120000000054,625.4499222194529,650.4740042576128
1204.6090000000113,625.4290298532919,650.4740042576128
1204.922000000006,625.4226838382795,650.4740042576128
1205.2340000000113,625.4380399181015,650.4740042576128
1205.547000000006,625.4478055980461,650.4740042576128
1205.8590000000113,625.458120238762,650.4740042576128
1206.1870000000054,625.466216792212,650.4740042576128
1206.4840000000113,625.4702071285892,650.4740042576128
1206.797000000006,625.4732155854352,650.4740042576128
1207.125,625.4809467757236,650.4740042576128
1207.4370000000054,625.4766760201393,650.4740042576128
1207.7340000000113,625.478944016311,650.4740042576128
1208.047000000006,625.4747697758085,650.4740042576128
1208.3899999999994,625.4779033375863,650.4740042576128
1208.6870000000054,625.4767320697231,650.4740042576128
1209.0149999999994,625.4749657762252,650.4740042576128
1209.3120000000054,625.4685492217075,650.4740042576128
1209.625,625.4664693075252,650.4740042576128
1209.9370000000054,625.4575569196616,650.4740042576128
1210.25,625.4705368145802,650.4740042576128
1210.5620000000054,625.4572080331635,650.4740042576128
1210.875,625.4638570208385,650.4740042576128
1211.172000000006,625.4554395217434,650.4740042576128
1211.4840000000113,625.4757687219357,650.4740042576128
1211.7810000000027,625.4630600910263,650.4740042576128
1212.093000000008,625.4574493136994,650.4740042576128
1212.4060000000027,625.4662325547552,650.4740042576128
1212.718000000008,625.4505347530283,650.4740042576128
1213.0310000000027,625.4458793779874,650.4740042576128
1213.343000000008,625.4536217679324,650.4740042576128
1213.6560000000027,625.4612173948826,650.4740042576128
1213.9530000000086,625.458448943597,650.4740042576128
1214.2649999999994,625.4433354820333,650.4740042576128
1214.593000000008,625.446571439569,650.4740042576128
1214.922000000006,625.4607074111891,650.4740042576128
1215.218000000008,625.4467074836235,650.4740042576128
1215.5310000000027,625.4588775160903,650.4740042576128
1215.843000000008,625.4451947039857,650.4740042576128
1216.1560000000027,625.4555139226885,650.4740042576128
1216.468000000008,625.4529554485366,650.4740042576128
1216.7649999999994,625.4561538727373,650.4740042576128
1217.0780000000086,625.4358024873919,650.4740042576128
1217.4060000000027,625.4471069735262,650.4740042576128
1217.7030000000086,625.4677897068972,650.4740042576128
1218.0149999999994,625.4501612179569,650.4740042576128
1218.3120000000054,625.4592856170544,650.4740042576128
1218.625,625.4501964513071,650.4740042576128
1218.9370000000054,625.4384997144496,650.4740042576128
1219.25,625.4475099764234,650.4740042576128
1219.547000000006,625.4472494977866,650.4740042576128
1219.8590000000113,625.457306211232,650.4740042576128
1220.172000000006,625.4561453165946,650.4740042576128
1220.4840000000113,625.452597576178,650.4740042576128
1221.093000000008,625.4484431257448,650.4740042576128
1221.4060000000027,625.4589427377732,650.4740042576128
1221.718000000008,625.4654957371246,650.4740042576128
1222.0310000000027,625.4434490444157,650.4740042576128
1222.3280000000086,625.4681797063815,650.4740042576128
1222.6399999999994,625.4543369021046,650.4740042576128
1222.9370000000054,625.4606887020147,650.4740042576128
1223.2649999999994,625.4445854680298,650.4740042576128
1223.5780000000086,625.451537383042,650.4740042576128
1223.8899999999994,625.4371130374153,650.4740042576128
1224.1870000000054,625.4499454661523,650.4740042576128
1224.5149999999994,625.4512586354618,650.4740042576128
1224.8120000000054,625.4561442735268,650.4740042576128
1225.125,625.4527360638235,650.4740042576128
1225.4370000000054,625.4431261583284,650.4740042576128
1225.75,625.4454734614621,650.4740042576128
1226.0620000000054,625.4408036823007,650.4740042576128
1226.3590000000113,625.4548918567675,650.4740042576128
1226.6870000000054,625.440493521988,650.4740042576128
1226.9840000000113,625.4362757832123,650.4740042576128
1227.297000000006,625.4489495640717,650.4740042576128
1227.6090000000113,625.4562628049666,650.4740042576128
1227.9060000000027,625.4757279458986,650.4740042576128
1228.2030000000086,625.4397188236999,650.4740042576128
1228.5310000000027,625.4393845975648,650.4740042576128
1228.8280000000086,625.471025073785,650.4740042576128
1229.1560000000027,625.4499180305216,650.4740042576128
1229.468000000008,625.4518635310458,650.4740042576128
1229.7649999999994,625.4478240828182,650.4740042576128
1230.0780000000086,625.4431715011752,650.4740042576128
1230.4060000000027,625.4431221134671,650.4740042576128
1230.718000000008,625.4536869413907,650.4740042576128
1231.0310000000027,625.4491615464472,650.4740042576128
1231.343000000008,625.4563510182579,650.4740042576128
1231.6399999999994,625.4558954749135,650.4740042576128
1231.968000000008,625.4500478070804,650.4740042576128
1232.2649999999994,625.4468631750985,650.4740042576128
1232.5780000000086,625.4581122152831,650.4740042576128
1232.875,625.4490678702482,650.4740042576128
1233.2030000000086,625.4412372758234,650.4740042576128
1233.5149999999994,625.4501047915485,650.4740042576128
1233.8120000000054,625.4541642610654,650.4740042576128
1234.125,625.451189703783,650.4740042576128
1234.4370000000054,625.4503658138003,650.4740042576128
1234.75,625.4518438352593,650.4740042576128
1235.047000000006,625.4537337358355,650.4740042576128
1235.375,625.4394766129241,650.4740042576128
1235.672000000006,625.4497044072613,650.4740042576128
1236.0,625.4504361463222,650.4740042576128
1236.297000000006,625.4434982511259,650.4740042576128
1236.6090000000113,625.4593670914307,650.4740042576128
1236.922000000006,625.4534368324889,650.4740042576128
1237.2030000000086,625.4567455439864,650.4740042576128
1237.547000000006,625.435727621672,650.4740042576128
1237.875,625.436391436855,650.4740042576128
1238.2030000000086,625.4493356591219,650.4740042576128
1238.5149999999994,625.4554696897834,650.4740042576128
1238.8120000000054,625.4546573914508,650.4740042576128
1239.125,625.4605415909333,650.4740042576128
1239.422000000006,625.4474292616412,650.4740042576128
1239.7340000000113,625.4506136819949,650.4740042576128
1240.047000000006,625.4551451296361,650.4740042576128
1240.343000000008,625.4671469392601,650.4740042576128
1240.672000000006,625.4479556269372,650.4740042576128
1240.968000000008,625.460731152864,650.4740042576128
1241.2810000000027,625.4455010143107,650.4740042576128
1241.5780000000086,625.4583612386461,650.4740042576128
1241.9060000000027,625.445829381261,650.4740042576128
1242.2030000000086,625.444789419662,650.4740042576128
1242.5149999999994,625.447125834459,650.4740042576128
1242.8280000000086,625.4465466408128,650.4740042576128
1243.125,625.4408747946007,650.4740042576128
1243.4370000000054,625.4403618855112,650.4740042576128
1243.7340000000113,625.4502128549625,650.4740042576128
1244.0620000000054,625.4413584030788,650.4740042576128
1244.3590000000113,625.4508879622058,650.4740042576128
1244.672000000006,625.4423855843901,650.4740042576128
1244.968000000008,625.4510788381904,650.4740042576128
1245.2810000000027,625.4375330729866,650.4740042576128
1245.5780000000086,625.4432128060557,650.4740042576128
1245.9060000000027,625.4450379768497,650.4740042576128
1246.218000000008,625.4411427067361,650.4740042576128
1246.5149999999994,625.4493861721047,650.4740042576128
1246.8280000000086,625.445387926194,650.4740042576128
1247.125,625.4407279191132,650.4740042576128
1247.4370000000054,625.4477595443376,650.4740042576128
1247.75,625.445680115822,650.4740042576128
1248.0620000000054,625.4477838711418,650.4740042576128
1248.375,625.4544160393639,650.4740042576128
1248.6870000000054,625.4535042117839,650.4740042576128
1248.9840000000113,625.4517231139012,650.4740042576128
1249.3120000000054,625.4435890704164,650.4740042576128
1249.6090000000113,625.4421933098728,650.4740042576128
1249.9060000000027,625.450077228235,650.4740042576128
1250.2340000000113,625.4381975716306,650.4740042576128
1250.5310000000027,625.4449540957895,650.4740042576128
1250.843000000008,625.4470479571038,650.4740042576128
1251.1560000000027,625.4366594985569,650.4740042576128
1251.468000000008,625.4497343726374,650.4740042576128
1251.7810000000027,625.4370533273451,650.4740042576128
1252.0780000000086,625.4470480617802,650.4740042576128
1252.3899999999994,625.4432554033167,650.4740042576128
1252.7030000000086,625.4488824826088,650.4740042576128
1253.0,625.4644376956269,650.4740042576128
1253.3120000000054,625.4556983052421,650.4740042576128
1253.625,625.4603176813479,650.4740042576128
1253.9370000000054,625.4442930891223,650.4740042576128
1254.2340000000113,625.450369675656,650.4740042576128
1254.547000000006,625.44402083706,650.4740042576128
1254.8590000000113,625.4554921615263,650.4740042576128
1255.172000000006,625.4436713835457,650.4740042576128
1255.468000000008,625.4443238014493,650.4740042576128
1255.7810000000027,625.425746480338,650.4740042576128
1256.093000000008,625.436510084826,650.4740042576128
1256.3899999999994,625.4434322179607,650.4740042576128
1256.7030000000086,625.4431418382449,650.4740042576128
1257.0149999999994,625.4414552635096,650.4740042576128
1257.3280000000086,625.4468451792277,650.4740042576128
1257.625,625.4362249535677,650.4740042576128
1257.9530000000086,625.4405823891468,650.4740042576128
1258.25,625.4638359620244,650.4740042576128
1258.5620000000054,625.449713853636,650.4740042576128
1258.875,625.4541010905498,650.4740042576128
1259.1870000000054,625.4574735553811,650.4740042576128
1259.5,625.4524805443598,650.4740042576128
1259.8120000000054,625.4497489980369,650.4740042576128
1260.1090000000113,625.454607605995,650.4740042576128
1260.422000000006,625.4427271141822,650.4740042576128
1260.7340000000113,625.4286443898021,650.4740042576128
1261.047000000006,625.4529938930349,650.4740042576128
1261.3590000000113,625.443973354391,650.4740042576128
1261.6560000000027,625.4362209687989,650.4740042576128
1261.968000000008,625.4464463256644,650.4740042576128
1262.2810000000027,625.4421206346736,650.4740042576128
1262.593000000008,625.4441125855699,650.4740042576128
1262.9060000000027,625.4462898954888,650.4740042576128
1263.218000000008,625.4533244983284,650.4740042576128
1263.5310000000027,625.4346668230938,650.4740042576128
1263.843000000008,625.4420934362795,650.4740042576128
1264.1560000000027,625.4298346669517,650.4740042576128
1264.468000000008,625.440765344058,650.4740042576128
1264.7649999999994,625.4460065751114,650.4740042576128
1265.0780000000086,625.452362520666,650.4740042576128
1265.3899999999994,625.4517347784434,650.4740042576128
1265.6870000000054,625.4480433280121,650.4740042576128
1266.0149999999994,625.4528073397626,650.4740042576128
1266.3120000000054,625.4576347051149,650.4740042576128
1266.625,625.447049405862,650.4740042576128
1266.9370000000054,625.4546557228065,650.4740042576128
1267.25,625.4501164610239,650.4740042576128
1267.547000000006,625.4441706297426,650.4740042576128
1267.8590000000113,625.4613666352577,650.4740042576128
1268.3899999999994,625.4654072834692,650.4740042576128
1268.672000000006,625.3758581357284,650.4740042576128
1268.9530000000086,625.3818281117107,650.4740042576128
1269.2340000000113,625.3834804363959,650.4740042576128
1269.5310000000027,625.3573541550427,650.4740042576128
1269.8280000000086,625.3555503658388,650.4740042576128
1270.1090000000113,625.3371226927998,650.4740042576128
1270.3899999999994,625.3390736479157,650.4740042576128
1270.672000000006,625.3282472334639,650.4740042576128
1270.968000000008,625.3140540381631,650.4740042576128
1271.25,625.308479894845,650.4740042576128
1271.5310000000027,625.3082953996301,650.4740042576128
1271.8120000000054,625.3027952413345,650.4740042576128
1272.1090000000113,625.3025519130528,650.4740042576128
1272.3899999999994,625.2953425776051,650.4740042576128
1272.6870000000054,625.3000045528377,650.4740042576128
1272.968000000008,625.2993414700343,650.4740042576128
1273.25,625.310096923504,650.4740042576128
1273.547000000006,625.2992932140319,650.4740042576128
1273.843000000008,625.2937531493865,650.4740042576128
1274.125,625.2955658191821,650.4740042576128
1274.4060000000027,625.2904888666553,650.4740042576128
1274.7030000000086,625.3000475715907,650.4740042576128
1275.0,625.273684571913,650.4740042576128
1275.3280000000086,625.2878985638699,650.4740042576128
1275.6090000000113,625.2884940666406,650.4740042576128
1275.8899999999994,625.288211013555,650.4740042576128
1276.172000000006,625.2844241928606,650.4740042576128
1276.4840000000113,625.2830481531734,650.4740042576128
1276.7649999999994,625.2820323952909,650.4740042576128
1277.0620000000054,625.281270742043,650.4740042576128
1277.343000000008,625.2783523589452,650.4740042576128
1277.6399999999994,625.2842362553965,650.4740042576128
1277.922000000006,625.2884933183733,650.4740042576128
1278.2030000000086,625.2622137891341,650.4740042576128
1278.5,625.2793734191158,650.4740042576128
1278.7810000000027,625.2662507411935,650.4740042576128
1279.0780000000086,625.2831676080147,650.4740042576128
1279.3590000000113,625.2741052023908,650.4740042576128
1279.6560000000027,625.2744371104744,650.4740042576128
1279.9530000000086,625.2788250149742,650.4740042576128
1280.218000000008,625.2741875778399,650.4740042576128
1280.5,625.2887932118219,650.4740042576128
1280.797000000006,625.2852934370985,650.4740042576128
1281.093000000008,625.2817894740662,650.4740042576128
1281.375,625.3006034084317,650.4740042576128
1281.672000000006,625.286404443235,650.4740042576128
1281.9530000000086,625.3513601737718,650.4740042576128
1282.2340000000113,625.3526379916343,650.4740042576128
1282.5310000000027,625.3429045033342,650.4740042576128
1282.8120000000054,625.3425449992199,650.4740042576128
1283.1090000000113,625.3332614718335,650.4740042576128
1283.3899999999994,625.3395654324428,650.4740042576128
1283.672000000006,625.3343916417629,650.4740042576128
1283.968000000008,625.3455309617871,650.4740042576128
1284.25,625.3400894350264,650.4740042576128
1284.547000000006,625.3364832065356,650.4740042576128
1284.8280000000086,625.3299359709675,650.4740042576128
1285.125,625.3219833702746,650.4740042576128
1285.422000000006,625.3305505384119,650.4740042576128
1285.7030000000086,625.3369653214174,650.4740042576128
1285.9840000000113,625.3407541563575,650.4740042576128
1286.2810000000027,625.3352136011141,650.4740042576128
1286.5620000000054,625.3342645123051,650.4740042576128
1286.8590000000113,625.3332031649691,650.4740042576128
1287.1560000000027,625.3231622151133,650.4740042576128
1287.4370000000054,625.3400114065527,650.4740042576128
1287.7340000000113,625.3345127005198,650.4740042576128
1288.0149999999994,625.3396687121025,650.4740042576128
1288.3120000000054,625.3475874371263,650.4740042576128
1288.6090000000113,625.3367689862632,650.4740042576128
1288.8899999999994,625.3250977595884,650.4740042576128
1289.172000000006,625.3353247657502,650.4740042576128
1289.468000000008,625.3298236919338,650.4740042576128
1289.75,625.3374752702365,650.4740042576128
1290.047000000006,625.3401999720004,650.4740042576128
1290.3280000000086,625.3354244990958,650.4740042576128
1290.625,625.3247860060795,650.4740042576128
1290.9060000000027,625.33929983885,650.4740042576128
1291.2030000000086,625.3298073710603,650.4740042576128
1291.4840000000113,625.3270910941349,650.4740042576128
1291.7649999999994,625.3206781067834,650.4740042576128
1292.0620000000054,625.3361705781231,650.4740042576128
1292.3590000000113,625.3471536584422,650.4740042576128
1292.6399999999994,625.3339147552219,650.4740042576128
1292.9370000000054,625.330257722185,650.4740042576128
1293.218000000008,625.3344376125902,650.4740042576128
1293.5,625.3395358386306,650.4740042576128
1293.7810000000027,625.3254992174593,650.4740042576128
1294.0780000000086,625.2730055887187,650.4740042576128
1294.3590000000113,625.2812435287349,650.4740042576128
1294.6560000000027,625.2929234941867,650.4740042576128
1294.9370000000054,625.3103889189832,650.4740042576128
1295.218000000008,625.3068450914135,650.4740042576128
1295.5149999999994,625.3171845572589,650.4740042576128
1295.797000000006,625.2969657591392,650.4740042576128
1296.093000000008,625.2928940440756,650.4740042576128
1296.375,625.3028843708634,650.4740042576128
1296.6560000000027,625.2999236250562,650.4740042576128
1296.9530000000086,625.294367656041,650.4740042576128
1297.2340000000113,625.3021583859329,650.4740042576128
1297.5149999999994,625.2957895427679,650.4740042576128
1297.8120000000054,625.2886934259216,650.4740042576128
1298.1090000000113,625.2880045460056,650.4740042576128
1298.3899999999994,625.278365052385,650.4740042576128
1298.672000000006,625.2941747929331,650.4740042576128
1298.9530000000086,625.277786354657,650.4740042576128
1299.25,625.2876506007321,650.4740042576128
1299.547000000006,625.2799453343852,650.4740042576128
1299.8280000000086,625.2909367383497,650.4740042576128
1300.125,625.2851422967601,650.4740042576128
1300.4060000000027,625.2859918338033,650.4740042576128
1300.7030000000086,625.2892523828151,650.4740042576128
1301.0,625.2812245703593,650.4740042576128
1301.2810000000027,625.2880700449147,650.4740042576128
1301.5620000000054,625.2899070594913,650.4740042576128
1301.8590000000113,625.2776408768116,650.4740042576128
1302.1399999999994,625.2723032137989,650.4740042576128
1302.4370000000054,625.272460125042,650.4740042576128
1302.718000000008,625.2781264699555,650.4740042576128
1303.0,625.2807779462817,650.4740042576128
1303.297000000006,625.2801796615491,650.4740042576128
1303.5780000000086,625.2815497221296,650.4740042576128
1303.875,625.278438754741,650.4740042576128
1304.1560000000027,625.2721342261476,650.4740042576128
1304.4530000000086,625.2773769199684,650.4740042576128
1304.7340000000113,625.2881470032103,650.4740042576128
1305.0310000000027,625.2821471694209,650.4740042576128
1305.3280000000086,625.273451117596,650.4740042576128
1305.625,625.287307978705,650.4740042576128
1305.9060000000027,625.2795581952897,650.4740042576128
1306.2030000000086,625.2864955201592,650.4740042576128
1306.4840000000113,625.2974002173917,650.4740042576128
1306.7649999999994,625.3045517242213,650.4740042576128
1307.0620000000054,625.264336417988,650.4740042576128
1307.343000000008,625.3585973305866,650.4740042576128
1307.6399999999994,625.3698642452325,650.4740042576128
1307.9370000000054,625.3661896375872,650.4740042576128
1308.218000000008,625.3604432883409,650.4740042576128
1308.5,625.3562472593816,650.4740042576128
1308.7810000000027,625.3566403423202,650.4740042576128
1309.093000000008,625.3294139212634,650.4740042576128
1309.375,625.3602192970754,650.4740042576128
1309.6560000000027,625.3446511272593,650.4740042576128
1309.9370000000054,625.3448985013745,650.4740042576128
1310.2340000000113,625.3334327767321,650.4740042576128
1310.5310000000027,625.3386636972323,650.4740042576128
1310.8120000000054,625.343543572103,650.4740042576128
1311.1090000000113,625.3399439647851,650.4740042576128
1311.4060000000027,625.3293820856206,650.4740042576128
1311.6870000000054,625.3277479354198,650.4740042576128
1311.9840000000113,625.3452632564389,650.4740042576128
1312.2649999999994,625.3408534507302,650.4740042576128
1312.5620000000054,625.34453379593,650.4740042576128
1312.843000000008,625.3444797625119,650.4740042576128
1313.125,625.3368135097573,650.4740042576128
1313.422000000006,625.3108423186904,650.4740042576128
1313.718000000008,625.3160165201945,650.4740042576128
1314.0,625.3604853691654,650.4740042576128
1314.297000000006,625.3595531608756,650.4740042576128
1314.5780000000086,625.3689438785317,650.4740042576128
1314.875,625.3531210499195,650.4740042576128
1315.1560000000027,625.3679121998846,650.4740042576128
1315.4530000000086,625.3586838233764,650.4740042576128
1315.7340000000113,625.3550591165989,650.4740042576128
1316.0310000000027,625.3440700046116,650.4740042576128
1316.3120000000054,625.3408729962981,650.4740042576128
1316.6090000000113,625.356044705699,650.4740042576128
1316.9060000000027,625.3386605161523,650.4740042576128
1317.1870000000054,625.3350745607746,650.4740042576128
1317.468000000008,625.3487430346615,650.4740042576128
1317.7649999999994,625.3507521050033,650.4740042576128
1318.0620000000054,625.3435439462489,650.4740042576128
1318.343000000008,625.3514161402102,650.4740042576128
1318.6399999999994,625.3339357096637,650.4740042576128
1318.922000000006,625.3507301524626,650.4740042576128
1319.2030000000086,625.3430147300717,650.4740042576128
1319.5,625.3426847369698,650.4740042576128
1319.7810000000027,625.3479147581239,650.4740042576128
1320.0780000000086,625.3367140095389,650.4740042576128
1320.3590000000113,625.3407030178205,650.4740042576128
1320.6399999999994,625.3360176037706,650.4740042576128
1320.9370000000054,625.3465471429046,650.4740042576128
1321.2340000000113,625.3378134388084,650.4740042576128
1321.5149999999994,625.3349077183626,650.4740042576128
1321.8120000000054,625.3387863392975,650.4740042576128
1322.1090000000113,625.3290325259314,650.4740042576128
1322.3899999999994,625.3389485211788,650.4740042576128
1322.6870000000054,625.3250350431472,650.4740042576128
1322.9530000000086,625.3440755429328,650.4740042576128
1323.25,625.3332227446928,650.4740042576128
1323.5310000000027,625.3543594181499,650.4740042576128
1323.8280000000086,625.3470782617713,650.4740042576128
1324.1090000000113,625.33822162516,650.4740042576128
1324.4060000000027,625.3442725651041,650.4740042576128
1324.7030000000086,625.3482913845776,650.4740042576128
1324.9840000000113,625.3326034556976,650.4740042576128
1325.2810000000027,625.3440674134556,650.4740042576128
1325.547000000006,625.339988877792,650.4740042576128
1325.843000000008,625.3404484037317,650.4740042576128
1326.1399999999994,625.3449885009355,650.4740042576128
1326.4370000000054,625.355403834547,650.4740042576128
1326.718000000008,625.3366686312569,650.4740042576128
1327.0,625.340059544031,650.4740042576128
1327.297000000006,625.3417502286258,650.4740042576128
1327.593000000008,625.3329619242818,650.4740042576128
1327.8590000000113,625.3454686247726,650.4740042576128
1328.172000000006,625.3349141952772,650.4740042576128
1328.4530000000086,625.3352142442315,650.4740042576128
1328.7340000000113,625.3349981699834,650.4740042576128
1329.0310000000027,625.3210193145877,650.4740042576128
1329.3120000000054,625.3493206255775,650.4740042576128
1329.6090000000113,625.3407212471279,650.4740042576128
1329.8899999999994,625.3460291329773,650.4740042576128
1330.1870000000054,625.3319387645776,650.4740042576128
1330.468000000008,625.3395804824954,650.4740042576128
1330.75,625.3356558799982,650.4740042576128
1331.0620000000054,625.3337251258658,650.4740042576128
1331.343000000008,625.339167217376,650.4740042576128
1331.625,625.3433193254417,650.4740042576128
1331.922000000006,625.3552674139223,650.4740042576128
1332.2030000000086,625.3475045091942,650.4740042576128
1332.4840000000113,625.3408794416184,650.4740042576128
1332.7810000000027,625.3400246415276,650.4740042576128
1333.0620000000054,625.3266297004907,650.4740042576128
1333.3590000000113,625.3397656264577,650.4740042576128
1333.6399999999994,625.338381461856,650.4740042576128
1333.922000000006,625.3440582654716,650.4740042576128
1334.218000000008,625.3311043610565,650.4740042576128
1334.5,625.3311643800627,650.4740042576128
1334.797000000006,625.3400423838124,650.4740042576128
1335.093000000008,625.3358807751771,650.4740042576128
1335.3899999999994,625.3204177553276,650.4740042576128
1335.6870000000054,625.3349732772874,650.4740042576128
1335.968000000008,625.3261954156761,650.4740042576128
1336.25,625.3316886645085,650.4740042576128
1336.547000000006,625.346713249133,650.4740042576128
1336.8280000000086,625.3527597476084,650.4740042576128
1337.125,625.3361343515819,650.4740042576128
1337.4060000000027,625.3325688417569,650.4740042576128
1337.7030000000086,625.3157134438238,650.4740042576128
1337.9840000000113,625.3356198560982,650.4740042576128
1338.2649999999994,625.3421311097326,650.4740042576128
1338.5620000000054,625.3440528788079,650.4740042576128
1338.843000000008,625.3334991435295,650.4740042576128
1339.1399999999994,625.3299611872773,650.4740042576128
1339.4370000000054,625.3324305876315,650.4740042576128
1339.718000000008,625.3321380490446,650.4740042576128
1340.0149999999994,625.3301657172412,650.4740042576128
1340.297000000006,625.3387145141318,650.4740042576128
1340.5780000000086,625.3345363339155,650.4740042576128
1340.875,625.3389106957279,650.4740042576128
1341.1560000000027,625.3304634565382,650.4740042576128
1341.4370000000054,625.3468275462219,650.4740042576128
1341.718000000008,625.3454601368062,650.4740042576128
1342.0149999999994,625.3397021910449,650.4740042576128
1342.3120000000054,625.3431370567288,650.4740042576128
1342.593000000008,625.3502519370995,650.4740042576128
1342.8899999999994,625.3435770120817,650.4740042576128
1343.1870000000054,625.3473543836535,650.4740042576128
1343.468000000008,625.345522845821,650.4740042576128
1343.7649999999994,625.3310051313272,650.4740042576128
1344.0620000000054,625.3381376186342,650.4740042576128
1344.3280000000086,625.3363363199874,650.4740042576128
1344.625,625.3471358143192,650.4740042576128
1344.9060000000027,625.3317466208919,650.4740042576128
1345.2030000000086,625.331165082193,650.4740042576128
1345.5,625.3369257748609,650.4740042576128
1345.7810000000027,625.3293046266301,650.4740042576128
1346.0780000000086,625.3364707886235,650.4740042576128
1346.3590000000113,625.3376792769615,650.4740042576128
1346.6399999999994,625.3433833766683,650.4740042576128
1346.9370000000054,625.3409217559995,650.4740042576128
1347.218000000008,625.3266224844242,650.4740042576128
1347.5149999999994,625.3382990332436,650.4740042576128
1347.8120000000054,625.3418848694297,650.4740042576128
1348.125,625.3277699172994,650.4740042576128
1348.4060000000027,625.345156884603,650.4740042576128
1348.7030000000086,625.329787742619,650.4740042576128
1348.9840000000113,625.3484794768879,650.4740042576128
1349.2649999999994,625.3276329737968,650.4740042576128
1349.5620000000054,625.3278124636959,650.4740042576128
1349.843000000008,625.3365157778411,650.4740042576128
1350.125,625.3301730116847,650.4740042576128
1350.422000000006,625.3446875639121,650.4740042576128
1350.7030000000086,625.3384365964887,650.4740042576128
1351.0,625.3372126378821,650.4740042576128
1351.297000000006,625.3388575707537,650.4740042576128
1351.5780000000086,625.33244487863,650.4740042576128
1351.875,625.3357576092757,650.4740042576128
1352.1560000000027,625.3336831525846,650.4740042576128
1352.4370000000054,625.3385348235206,650.4740042576128
1352.7340000000113,625.3331513428163,650.4740042576128
1353.0310000000027,625.334397166147,650.4740042576128
1353.3280000000086,625.341896522191,650.4740042576128
1353.6090000000113,625.3340048035188,650.4740042576128
1353.8899999999994,625.3300411685625,650.4740042576128
1354.1870000000054,625.3501594642727,650.4740042576128
1354.468000000008,625.333712697765,650.4740042576128
1354.7649999999994,625.3375237251548,650.4740042576128
1355.0620000000054,625.3360906101206,650.4740042576128
1355.343000000008,625.3315381719119,650.4740042576128
1355.6399999999994,625.3307803249326,650.4740042576128
1355.922000000006,625.3370927179606,650.4740042576128
1356.2030000000086,625.3349714742872,650.4740042576128
1356.5,625.3363187128175,650.4740042576128
1356.7810000000027,625.3290508518471,650.4740042576128
1357.0780000000086,625.3336845338957,650.4740042576128
1357.3590000000113,625.345284958613,650.4740042576128
1357.6560000000027,625.3522934742481,650.4740042576128
1357.9370000000054,625.3323398623701,650.4740042576128
1358.218000000008,625.327638053899,650.4740042576128
1358.5149999999994,625.3292546022404,650.4740042576128
1358.8120000000054,625.3458863371371,650.4740042576128
1359.0780000000086,625.3247439895649,650.4740042576128
1359.3899999999994,625.3397190591535,650.4740042576128
1359.672000000006,625.3326120961584,650.4740042576128
1359.968000000008,625.3367902612486,650.4740042576128
1360.2649999999994,625.3339044872639,650.4740042576128
1360.547000000006,625.3236206589662,650.4740042576128
1360.843000000008,625.3394311558455,650.4740042576128
1361.125,625.3409867844999,650.4740042576128
1361.422000000006,625.3392368566339,650.4740042576128
1361.7030000000086,625.3466994048223,650.4740042576128
1361.9840000000113,625.3370834110679,650.4740042576128
1362.2810000000027,625.3319591465948,650.4740042576128
1362.5620000000054,625.3522643335087,650.4740042576128
1362.843000000008,625.3347422234052,650.4740042576128
1363.1399999999994,625.3326166722687,650.4740042576128
1363.422000000006,625.3359003903627,650.4740042576128
1363.718000000008,625.329158412992,650.4740042576128
1364.0149999999994,625.3284159570262,650.4740042576128
1364.297000000006,625.3445151344613,650.4740042576128
1364.5780000000086,625.3398288160406,650.4740042576128
1364.875,625.3263249009276,650.4740042576128
1365.1560000000027,625.3267060689284,650.4740042576128
1365.4370000000054,625.3291474175264,650.4740042576128
1365.7340000000113,625.3449162991916,650.4740042576128
1366.0310000000027,625.3314494971136,650.4740042576128
1366.3120000000054,625.3363784200125,650.4740042576128
1366.593000000008,625.3409393287958,650.4740042576128
1366.8899999999994,625.3309823035257,650.4740042576128
1367.172000000006,625.3212301627236,650.4740042576128
1367.468000000008,625.3261720914069,650.4740042576128
1367.75,625.3411815717474,650.4740042576128
1368.0620000000054,625.334569133271,650.4740042576128
1368.3280000000086,625.3194769810641,650.4740042576128
1368.6090000000113,625.3328317708628,650.4740042576128
1368.9060000000027,625.3330494663603,650.4740042576128
1369.1870000000054,625.3385215260948,650.4740042576128
1369.4840000000113,625.3373656143133,650.4740042576128
1369.7810000000027,625.330086073211,650.4740042576128
1370.0620000000054,625.3304656683451,650.4740042576128
1370.3590000000113,625.3403714559169,650.4740042576128
1370.6399999999994,625.3394487325062,650.4740042576128
1370.9370000000054,625.3381561828733,650.4740042576128
1371.218000000008,625.3342160923173,650.4740042576128
1371.5,625.3184984778281,650.4740042576128
1371.797000000006,625.3352013293965,650.4740042576128
1372.093000000008,625.3281690956339,650.4740042576128
1372.3590000000113,625.3431834810792,650.4740042576128
1372.6560000000027,625.3268272076301,650.4740042576128
1372.9370000000054,625.3277864186638,650.4740042576128
1373.2340000000113,625.3310758984653,650.4740042576128
1373.5310000000027,625.3392036781796,650.4740042576128
1373.8120000000054,625.333972561733,650.4740042576128
1374.1090000000113,625.3342474124914,650.4740042576128
1374.4060000000027,625.3362175954026,650.4740042576128
1374.6870000000054,625.3337566489138,650.4740042576128
1374.9840000000113,625.3334379155402,650.4740042576128
1375.2649999999994,625.3259190605502,650.4740042576128
1375.5620000000054,625.3142910944541,650.4740042576128
1375.843000000008,625.331114213549,650.4740042576128
1376.125,625.3349607390805,650.4740042576128
1376.422000000006,625.3321339264262,650.4740042576128
1376.718000000008,625.3192947708335,650.4740042576128
1377.0,625.3285439314291,650.4740042576128
1377.3120000000054,625.3295867144776,650.4740042576128
1377.593000000008,625.32964970499,650.4740042576128
1377.8899999999994,625.3078228953444,650.4740042576128
1378.172000000006,625.349335888194,650.4740042576128
1378.468000000008,625.3388751737966,650.4740042576128
1378.75,625.335642432824,650.4740042576128
1379.0620000000054,625.3316429057975,650.4740042576128
1379.343000000008,625.3326416160041,650.4740042576128
1379.6399999999994,625.340325347898,650.4740042576128
1379.922000000006,625.3360454318032,650.4740042576128
1380.2030000000086,625.3156692107461,650.4740042576128
1380.4840000000113,625.3293683501191,650.4740042576128
1380.7810000000027,625.3370903395936,650.4740042576128
1381.0620000000054,625.3435460861461,650.4740042576128
1381.3590000000113,625.3390576963524,650.4740042576128
1381.6560000000027,625.3262638955943,650.4740042576128
1381.9370000000054,625.331289506381,650.4740042576128
1382.2340000000113,625.337327379826,650.4740042576128
1382.5149999999994,625.3478900140886,650.4740042576128
1382.797000000006,625.3278147231304,650.4740042576128
1383.093000000008,625.3350106067819,650.4740042576128
1383.3899999999994,625.3374887433304,650.4740042576128
1383.672000000006,625.3228292288923,650.4740042576128
1383.9530000000086,625.340661632249,650.4740042576128
1384.2340000000113,625.3299023182378,650.4740042576128
1384.5310000000027,625.3493304307067,650.4740042576128
1384.8280000000086,625.3237242725805,650.4740042576128
1385.1090000000113,625.327479816578,650.4740042576128
1385.4060000000027,625.3274351395378,650.4740042576128
1385.7030000000086,625.3384164336209,650.4740042576128
1385.9840000000113,625.3397616116953,650.4740042576128
1386.25,625.3278554181499,650.4740042576128
1386.547000000006,625.3274287734048,650.4740042576128
1386.843000000008,625.3201039418951,650.4740042576128
1387.1399999999994,625.32474043521,650.4740042576128
1387.422000000006,625.32896924239,650.4740042576128
1387.718000000008,625.3367528042046,650.4740042576128
1387.9840000000113,625.3355424542488,650.4740042576128
1388.2810000000027,625.3369013941364,650.4740042576128
1388.5620000000054,625.332272298669,650.4740042576128
1388.8590000000113,625.3057022042929,650.4740042576128
1389.1560000000027,625.3195809627377,650.4740042576128
1389.4370000000054,625.3328935177769,650.4740042576128
1389.718000000008,625.3370292948592,650.4740042576128
1390.0149999999994,625.3435881763718,650.4740042576128
1390.3120000000054,625.3250125582741,650.4740042576128
1390.593000000008,625.3352069242936,650.4740042576128
1390.8899999999994,625.3405280970642,650.4740042576128
1391.172000000006,625.3229119952952,650.4740042576128
1391.468000000008,625.3477694534708,650.4740042576128
1391.7340000000113,625.3424557360689,650.4740042576128
1392.0310000000027,625.3460501093255,650.4740042576128
1392.3280000000086,625.3248335434229,650.4740042576128
1392.6090000000113,625.3274183684999,650.4740042576128
1392.9060000000027,625.3273843541488,650.4740042576128
1393.1870000000054,625.3258676184834,650.4740042576128
1393.4840000000113,625.3155088467943,650.4740042576128
1393.7810000000027,625.3287312109513,650.4740042576128
1394.0620000000054,625.3239271705936,650.4740042576128
1394.3590000000113,625.3418166847388,650.4740042576128
1394.6399999999994,625.3312667670547,650.4740042576128
1394.922000000006,625.3180899266582,650.4740042576128
1395.2340000000113,625.3380617928547,650.4740042576128
1395.5149999999994,625.3284704774312,650.4740042576128
1395.8120000000054,625.3273177677285,650.4740042576128
1396.093000000008,625.3411327059544,650.4740042576128
1396.375,625.3342258319204,650.4740042576128
1396.6560000000027,625.3247725090879,650.4740042576128
1396.9530000000086,625.3167766986664,650.4740042576128
1397.25,625.3301007400567,650.4740042576128
1397.5310000000027,625.3378269101022,650.4740042576128
1397.8280000000086,625.3220170834242,650.4740042576128
1398.1090000000113,625.3280595859685,650.4740042576128
1398.4060000000027,625.3377034305115,650.4740042576128
1398.6870000000054,625.320892294429,650.4740042576128
1398.9840000000113,625.3288386188764,650.4740042576128
1399.2649999999994,625.3280302345097,650.4740042576128
1399.547000000006,625.331717901243,650.4740042576128
1399.843000000008,625.3343514681006,650.4740042576128
1400.125,625.3364215454577,650.4740042576128
1400.4060000000027,625.3215703687458,650.4740042576128
1400.6870000000054,625.336410409319,650.4740042576128
1400.968000000008,625.337546875602,650.4740042576128
1401.25,625.3337236970008,650.4740042576128
1401.547000000006,625.3214770570881,650.4740042576128
1401.8280000000086,625.3312608221064,650.4740042576128
1402.125,625.3287315195562,650.4740042576128
1402.422000000006,625.3179111877398,650.4740042576128
1402.7030000000086,625.3368899557674,650.4740042576128
1403.0,625.3257904118442,650.4740042576128
1403.2649999999994,625.3183668608012,650.4740042576128
1403.5620000000054,625.3207670118562,650.4740042576128
1403.843000000008,625.3415954623832,650.4740042576128
1404.1399999999994,625.3228677480921,650.4740042576128
1404.4370000000054,625.3347281550116,650.4740042576128
1404.718000000008,625.334373104238,650.4740042576128
1405.0149999999994,625.3306702930797,650.4740042576128
1405.3120000000054,625.325080894171,650.4740042576128
1405.593000000008,625.3223786931445,650.4740042576128
1405.8899999999994,625.329511524223,650.4740042576128
1406.172000000006,625.3381597003793,650.4740042576128
1406.468000000008,625.3400419228145,650.4740042576128
1406.75,625.3331964027487,650.4740042576128
1407.047000000006,625.3395040609967,650.4740042576128
1407.3590000000113,625.3176741579286,650.4740042576128
1407.6399999999994,625.3253702632055,650.4740042576128
1407.9370000000054,625.3345276192927,650.4740042576128
1408.2340000000113,625.3255224187874,650.4740042576128
1408.5149999999994,625.3107399246683,650.4740042576128
1408.797000000006,625.3440906735605,650.4740042576128
1409.093000000008,625.3287887667985,650.4740042576128
1409.375,625.3360916626958,650.4740042576128
1409.6560000000027,625.3242189617056,650.4740042576128
1409.9530000000086,625.3347629065503,650.4740042576128
1410.25,625.3408333673234,650.4740042576128
1410.5310000000027,625.3242542919054,650.4740042576128
1410.8120000000054,625.3380647240384,650.4740042576128
1411.1090000000113,625.330590305872,650.4740042576128
1411.3899999999994,625.331472274828,650.4740042576128
1411.6870000000054,625.3319569040735,650.4740042576128
1411.968000000008,625.3228237678857,650.4740042576128
1412.2649999999994,625.3305801712952,650.4740042576128
1412.547000000006,625.3210424362227,650.4740042576128
1412.843000000008,625.3227176299297,650.4740042576128
1413.125,625.3413766945936,650.4740042576128
1413.422000000006,625.3243702246324,650.4740042576128
1413.718000000008,625.3306090176281,650.4740042576128
1414.0,625.3281347716769,650.4740042576128
1414.2810000000027,625.329412179072,650.4740042576128
1414.5620000000054,625.3317463671792,650.4740042576128
1414.843000000008,625.3198471080265,650.4740042576128
1415.1560000000027,625.331583609244,650.4740042576128
1415.4370000000054,625.3163285273197,650.4740042576128
1415.7340000000113,625.3288087037153,650.4740042576128
1416.0149999999994,625.340414615526,650.4740042576128
1416.3120000000054,625.3320139530434,650.4740042576128
1416.593000000008,625.3211346317611,650.4740042576128
1416.875,625.3397422570938,650.4740042576128
1417.1560000000027,625.3241447176505,650.4740042576128
1417.4370000000054,625.3441553888383,650.4740042576128
1417.7340000000113,625.3216165825135,650.4740042576128
1418.0149999999994,625.333279472455,650.4740042576128
1418.3120000000054,625.3282764653146,650.4740042576128
1418.593000000008,625.3318642225084,650.4740042576128
1418.875,625.3300729388288,650.4740042576128
1419.172000000006,625.3420385631107,650.4740042576128
1419.4530000000086,625.3216038715027,650.4740042576128
1419.7340000000113,625.3259830256569,650.4740042576128
1420.0310000000027,625.3290567018832,650.4740042576128
1420.3120000000054,625.3155770406488,650.4740042576128
1420.6090000000113,625.3421230398044,650.4740042576128
1420.9060000000027,625.319114863703,650.4740042576128
1421.1870000000054,625.3230361902749,650.4740042576128
1421.4840000000113,625.3349466193856,650.4740042576128
1421.7649999999994,625.3253486807964,650.4740042576128
1422.0620000000054,625.3251146940244,650.4740042576128
1422.343000000008,625.3319937532369,650.4740042576128
1422.625,625.3367754088512,650.4740042576128
1422.922000000006,625.3309090710414,650.4740042576128
1423.218000000008,625.3370706904126,650.4740042576128
1423.5,625.3163699480897,650.4740042576128
1423.7810000000027,625.3296717266993,650.4740042576128
1424.0620000000054,625.3200797414837,650.4740042576128
1424.3590000000113,625.3250727821116,650.4740042576128
1424.6560000000027,625.3271651877558,650.4740042576128
1424.9370000000054,625.3312281311054,650.4740042576128
1425.218000000008,625.3203385570657,650.4740042576128
1425.5,625.3288550215901,650.4740042576128
1425.797000000006,625.3357175788896,650.4740042576128
1426.093000000008,625.3375388432813,650.4740042576128
1426.375,625.3177492489416,650.4740042576128
1426.672000000006,625.3339291149907,650.4740042576128
1426.9530000000086,625.317614335124,650.4740042576128
1427.2340000000113,625.3316476052117,650.4740042576128
1427.5310000000027,625.3383218737514,650.4740042576128
1427.8280000000086,625.340145190433,650.4740042576128
1428.1090000000113,625.3218078371426,650.4740042576128
1428.3899999999994,625.3374661972349,650.4740042576128
1428.672000000006,625.3324831246425,650.4740042576128
1428.968000000008,625.324210823202,650.4740042576128
1429.2649999999994,625.3206359232177,650.4740042576128
1429.5620000000054,625.3222544378854,650.4740042576128
1429.843000000008,625.3316492738168,650.4740042576128
1430.125,625.3242924935506,650.4740042576128
1430.4060000000027,625.337903651289,650.4740042576128
1430.7030000000086,625.3414553814048,650.4740042576128
1431.0,625.327107749772,650.4740042576128
1431.3590000000113,625.3255077460836,650.4740042576128
1431.6399999999994,625.3392047167087,650.4740042576128
1431.9370000000054,625.3286421495208,650.4740042576128
1432.218000000008,625.3266184284197,650.4740042576128
1432.5,625.3313136696219,650.4740042576128
1432.797000000006,625.32833094362,650.4740042576128
1433.093000000008,625.3370819123229,650.4740042576128
1433.3590000000113,625.3457998613595,650.4740042576128
1433.6560000000027,625.3402782273929,650.4740042576128
1433.9370000000054,625.3324919671122,650.4740042576128
1434.2340000000113,625.3373715143803,650.4740042576128
1434.5310000000027,625.3205653498217,650.4740042576128
1434.8120000000054,625.3228594482217,650.4740042576128
1435.1090000000113,625.3107553092661,650.4740042576128
1435.375,625.3373187552988,650.4740042576128
1435.672000000006,625.3210002182814,650.4740042576128
1435.968000000008,625.32596707944,650.4740042576128
1436.25,625.3408133314916,650.4740042576128
1436.5310000000027,625.3258694456929,650.4740042576128
1436.8120000000054,625.3435011009137,650.4740042576128
1437.1090000000113,625.3331604643237,650.4740042576128
1437.3899999999994,625.3237620295985,650.4740042576128
1437.672000000006,625.3264953434256,650.4740042576128
1437.9530000000086,625.3248270926855,650.4740042576128
1438.25,625.3307481659969,650.4740042576128
1438.5149999999994,625.3278992310707,650.4740042576128
1438.8120000000054,625.3341135941347,650.4740042576128
1439.093000000008,625.33699741156,650.4740042576128
1439.3590000000113,625.3371226110305,650.4740042576128
1439.6560000000027,625.331467445642,650.4740042576128
1439.9370000000054,625.3389658958954,650.4740042576128
1440.2340000000113,625.3453889127283,650.4740042576128
1440.5149999999994,625.335837922787,650.4740042576128
1440.7810000000027,625.3357847556588,650.4740042576128
1441.093000000008,625.3206667474038,650.4740042576128
1441.375,625.3312533496166,650.4740042576128
1441.6560000000027,625.3299662937361,650.4740042576128
1441.9370000000054,625.3263358267864,650.4740042576128
1442.2340000000113,625.3353016869885,650.4740042576128
1442.5,625.3261989199016,650.4740042576128
1442.7810000000027,625.3309723391877,650.4740042576128
1443.0780000000086,625.3304139455958,650.4740042576128
1443.375,625.3358954610885,650.4740042576128
1443.6560000000027,625.3224416343747,650.4740042576128
1443.9530000000086,625.3184580289318,650.4740042576128
1444.2340000000113,625.3291673081029,650.4740042576128
1444.5,625.3255780935818,650.4740042576128
1444.797000000006,625.3340395030586,650.4740042576128
1445.0780000000086,625.3360541787438,650.4740042576128
1445.3590000000113,625.3369771716527,650.4740042576128
1445.6399999999994,625.3247122380093,650.4740042576128
1445.922000000006,625.3283275119087,650.4740042576128
1446.218000000008,625.3331182545518,650.4740042576128
1446.5,625.3268909727657,650.4740042576128
1446.797000000006,625.318450055787,650.4740042576128
1447.0780000000086,625.3376687759534,650.4740042576128
1447.3590000000113,625.323488100989,650.4740042576128
1447.6560000000027,625.3376556430453,650.4740042576128
1447.9370000000054,625.3368244742015,650.4740042576128
1448.218000000008,625.3271484989501,650.4740042576128
1448.5149999999994,625.3213969150778,650.4740042576128
1448.797000000006,625.3307696394734,650.4740042576128
1449.093000000008,625.3212512747434,650.4740042576128
1449.375,625.3347681872633,650.4740042576128
1449.6560000000027,625.3310214404253,650.4740042576128
1449.9530000000086,625.3307702147465,650.4740042576128
1450.2340000000113,625.3322822214984,650.4740042576128
1450.5310000000027,625.32440721455,650.4740042576128
1450.8120000000054,625.3195653983956,650.4740042576128
1451.093000000008,625.3231916806081,650.4740042576128
1451.3899999999994,625.3236354502867,650.4740042576128
1451.6870000000054,625.3366049940437,650.4740042576128
1451.968000000008,625.3338165509377,650.4740042576128
1452.2649999999994,625.3216665738504,650.4740042576128
1452.5620000000054,625.3341518505309,650.4740042576128
1452.843000000008,625.3290886985499,650.4740042576128
1453.1399999999994,625.3189832042021,650.4740042576128
1453.422000000006,625.3312178946371,650.4740042576128
1453.718000000008,625.3276376781383,650.4740042576128
1454.0149999999994,625.3328355461825,650.4740042576128
1454.297000000006,625.3197884615037,650.4740042576128
1454.593000000008,625.3356314323257,650.4740042576128
1454.875,625.3167738139936,650.4740042576128
1455.172000000006,625.3338277830527,650.4740042576128
1455.4530000000086,625.3346608754368,650.4740042576128
1455.7340000000113,625.3196812155496,650.4740042576128
1456.0149999999994,625.3346156526705,650.4740042576128
1456.3120000000054,625.3214560143573,650.4740042576128
1456.593000000008,625.3106350677477,650.4740042576128
1456.8899999999994,625.3312096943249,650.4740042576128
1457.1870000000054,625.3283573842305,650.4740042576128
1457.468000000008,625.3342740340653,650.4740042576128
1457.7649999999994,625.3356327077353,650.4740042576128
1458.0620000000054,625.3309722072178,650.4740042576128
1458.343000000008,625.3276922096442,650.4740042576128
1458.625,625.3395937539461,650.4740042576128
1458.922000000006,625.3324279005778,650.4740042576128
1459.2030000000086,625.3206962644798,650.4740042576128
1459.4840000000113,625.3282104208093,650.4740042576128
1459.7810000000027,625.3344058277725,650.4740042576128
1460.0620000000054,625.322630133852,650.4740042576128
1460.3590000000113,625.3285198558324,650.4740042576128
1460.6560000000027,625.3289629332385,650.4740042576128
1460.922000000006,625.3347011546373,650.4740042576128
1461.218000000008,625.3300884387243,650.4740042576128
1461.5149999999994,625.3413897623907,650.4740042576128
1461.797000000006,625.3277937578222,650.4740042576128
1462.093000000008,625.3315921776648,650.4740042576128
1462.375,625.3345775794733,650.4740042576128
1462.672000000006,625.3368521046808,650.4740042576128
1462.9530000000086,625.3309791890003,650.4740042576128
1463.25,625.3363212457335,650.4740042576128
1463.547000000006,625.3207778477749,650.4740042576128
1463.8120000000054,625.3370958043834,650.4740042576128
1464.1090000000113,625.3306535311126,650.4740042576128
1464.3899999999994,625.3258102908549,650.4740042576128
1464.6870000000054,625.3373237182386,650.4740042576128
1464.9840000000113,625.3245349551029,650.4740042576128
1465.2649999999994,625.3200103325021,650.4740042576128
1465.5620000000054,625.320574971439,650.4740042576128
1465.843000000008,625.3022526750224,650.4740042576128
1466.125,625.3128236431279,650.4740042576128
1466.422000000006,625.3176332241454,650.4740042576128
1466.7030000000086,625.3184122694249,650.4740042576128
1467.0,625.3309977603791,650.4740042576128
1467.3590000000113,625.3412208740967,650.4740042576128
1467.6399999999994,625.3282728729915,650.4740042576128
1467.9370000000054,625.3294563485764,650.4740042576128
1468.218000000008,625.328717715234,650.4740042576128
1468.5149999999994,625.312926059744,650.4740042576128
1468.8120000000054,625.3298110298681,650.4740042576128
1469.0780000000086,625.3262638656622,650.4740042576128
1469.375,625.3111443644173,650.4740042576128
1469.672000000006,625.32504248727,650.4740042576128
1469.9530000000086,625.3184009422257,650.4740042576128
1470.2340000000113,625.3264235450324,650.4740042576128
1470.5310000000027,625.3306014758887,650.4740042576128
1470.8120000000054,625.3360945937118,650.4740042576128
1471.1090000000113,625.3206895538166,650.4740042576128
1471.4060000000027,625.3408980390855,650.4740042576128
1471.6870000000054,625.3216523981945,650.4740042576128
1471.9840000000113,625.3296959832219,650.4740042576128
1472.2649999999994,625.3265521327125,650.4740042576128
1472.5620000000054,625.3280804921532,650.4740042576128
1472.8590000000113,625.3307513127555,650.4740042576128
1473.1399999999994,625.3240617420252,650.4740042576128
1473.4370000000054,625.3179718863663,650.4740042576128
1473.718000000008,625.3175450546132,650.4740042576128
1474.0149999999994,625.3336110200657,650.4740042576128
1474.2810000000027,625.3229981471479,650.4740042576128
1474.5780000000086,625.3417524439269,650.4740042576128
1474.875,625.3303426361412,650.4740042576128
1475.1560000000027,625.3242917618787,650.4740042576128
1475.4530000000086,625.314670340714,650.4740042576128
1475.7340000000113,625.3221170336229,650.4740042576128
1476.0310000000027,625.3360242273242,650.4740042576128
1476.3280000000086,625.3317601539048,650.4740042576128
1476.6090000000113,625.3352114404545,650.4740042576128
1476.9060000000027,625.3274645864286,650.4740042576128
1477.1870000000054,625.3246039297646,650.4740042576128
1477.468000000008,625.3320082704353,650.4740042576128
1477.7649999999994,625.3473244377063,650.4740042576128
1478.0780000000086,625.3597727185687,650.4740042576128
1478.3590000000113,625.3510585321568,650.4740042576128
1478.6399999999994,625.3633013963804,650.4740042576128
1478.9370000000054,625.3661539346941,650.4740042576128
1479.218000000008,625.3597694423013,650.4740042576128
1479.5,625.3666218668893,650.4740042576128
1479.797000000006,625.38283635213,650.4740042576128
1480.0620000000054,625.3768486956158,650.4740042576128
1480.3590000000113,625.3833342358689,650.4740042576128
1480.6560000000027,625.3754821545498,650.4740042576128
1480.9370000000054,625.391481696259,650.4740042576128
1481.2340000000113,625.3967610337378,650.4740042576128
1481.5149999999994,625.3897466797782,650.4740042576128
1481.8120000000054,625.3955518352266,650.4740042576128
1482.0780000000086,625.4034846306848,650.4740042576128
1482.375,625.4054288993188,650.4740042576128
1482.672000000006,625.4028551724747,650.4740042576128
1482.9530000000086,625.4335824046892,650.4740042576128
1483.2340000000113,625.4207175712509,650.4740042576128
1483.5310000000027,625.425658284282,650.4740042576128
1483.8120000000054,625.4167322374896,650.4740042576128
1484.093000000008,625.423548362732,650.4740042576128
1484.3899999999994,625.428038200257,650.4740042576128
1484.672000000006,625.4266557051159,650.4740042576128
1484.968000000008,625.432045170185,650.4740042576128
1485.2649999999994,625.4344371532424,650.4740042576128
1485.547000000006,625.4456688794659,650.4740042576128
1485.8280000000086,625.4380927115205,650.4740042576128
1486.1090000000113,625.4356155333351,650.4740042576128
1486.3899999999994,625.4533105058157,650.4740042576128
1486.672000000006,625.436794173135,650.4740042576128
1486.968000000008,625.4458634325525,650.4740042576128
1487.25,625.4493523412573,650.4740042576128
1487.547000000006,625.4489037643079,650.4740042576128
1487.8280000000086,625.4615311807524,650.4740042576128
1488.125,625.4531509020543,650.4740042576128
1488.422000000006,625.4647440025468,650.4740042576128
1488.6870000000054,625.4751072560874,650.4740042576128
1488.9840000000113,625.4741538802973,650.4740042576128
1489.2810000000027,625.4593666194173,650.4740042576128
1489.5620000000054,625.4744007047436,650.4740042576128
1489.843000000008,625.4976191293737,650.4740042576128
1490.1399999999994,625.5041047614501,650.4740042576128
1490.422000000006,625.5138988736518,650.4740042576128
1490.718000000008,625.5102364812208,650.4740042576128
1491.0,625.5211757689266,650.4740042576128
1491.375,625.5207127598914,650.4740042576128
1491.6560000000027,625.5215733667484,650.4740042576128
1491.9370000000054,625.5199960542254,650.4740042576128
1492.2340000000113,625.5108426624029,650.4740042576128
1492.5310000000027,625.5148765093255,650.4740042576128
1492.8120000000054,625.5021226963155,650.4740042576128
1493.093000000008,625.4983578426028,650.4740042576128
1493.375,625.5039233412441,650.4740042576128
1493.6560000000027,625.4958807859954,650.4740042576128
1493.9530000000086,625.4907861372478,650.4740042576128
1494.2340000000113,625.5035697854619,650.4740042576128
1494.5310000000027,625.4995334027469,650.4740042576128
1494.8120000000054,625.489829709603,650.4740042576128
1495.1090000000113,625.4979848144852,650.4740042576128
1495.3899999999994,625.4878618056139,650.4740042576128
1495.6560000000027,625.5006576713932,650.4740042576128
1495.9530000000086,625.5073056428078,650.4740042576128
1496.2340000000113,625.505516153246,650.4740042576128
1496.5310000000027,625.4909803070043,650.4740042576128
1496.8280000000086,625.4913001291162,650.4740042576128
1497.1090000000113,625.4811295878521,650.4740042576128
1497.4060000000027,625.4898157979749,650.4740042576128
1497.6870000000054,625.4973550158657,650.4740042576128
1497.9840000000113,625.4832752180871,650.4740042576128
1498.2810000000027,625.495394944418,650.4740042576128
1498.5780000000086,625.4908903205014,650.4740042576128
1498.8590000000113,625.4990662019777,650.4740042576128
1499.1560000000027,625.4988730019792,650.4740042576128
1499.4370000000054,625.4793054754228,650.4740042576128
1499.7340000000113,625.4781464623388,650.4740042576128
1500.0,625.4868735013076,650.4740042576128
1500.297000000006,625.4868800566118,650.4740042576128
1500.593000000008,625.4882619513256,650.4740042576128
1500.875,625.5004694777396,650.4740042576128
1501.172000000006,625.5031333850071,650.4740042576128
1501.4530000000086,625.495117594968,650.4740042576128
1501.75,625.4823577472476,650.4740042576128
1502.047000000006,625.4984451316299,650.4740042576128
1502.3280000000086,625.4959108590255,650.4740042576128
1502.625,625.4874976483147,650.4740042576128
1502.922000000006,625.4964906132545,650.4740042576128
1503.1870000000054,625.4844131738922,650.4740042576128
1503.4840000000113,625.4985458350052,650.4740042576128
1503.7649999999994,625.4754214343857,650.4740042576128
1504.0780000000086,625.4174349014545,650.4740042576128
1504.375,625.3956596508004,650.4740042576128
1504.6560000000027,625.368819037838,650.4740042576128
1504.9530000000086,625.3556859267985,650.4740042576128
1505.218000000008,625.3342467529857,650.4740042576128
1505.5149999999994,625.3466520940489,650.4740042576128
1505.8120000000054,625.3430404897085,650.4740042576128
1506.093000000008,625.3297678933867,650.4740042576128
1506.375,625.3068430257939,650.4740042576128
1506.672000000006,625.328623992342,650.4740042576128
1506.9530000000086,625.3062507784733,650.4740042576128
1507.25,625.3095046157815,650.4740042576128
1507.5310000000027,625.2899290447099,650.4740042576128
1507.8120000000054,625.299006729421,650.4740042576128
1508.1090000000113,625.3063093996234,650.4740042576128
1508.3899999999994,625.2910463675648,650.4740042576128
1508.7030000000086,625.2871330026371,650.4740042576128
1508.9840000000113,625.2955218403524,650.4740042576128
1509.2649999999994,625.2967182664551,650.4740042576128
1509.5620000000054,625.303180158351,650.4740042576128
1509.843000000008,625.2889418284216,650.4740042576128
1510.1399999999994,625.2838313401159,650.4740042576128
1510.4370000000054,625.2828345795449,650.4740042576128
1510.718000000008,625.2869089399148,650.4740042576128
1511.0,625.2796091607764,650.4740042576128
1511.297000000006,625.2897439914497,650.4740042576128
1511.5620000000054,625.2750565787359,650.4740042576128
1511.8590000000113,625.2771904523103,650.4740042576128
1512.1560000000027,625.2868242802914,650.4740042576128
1512.4370000000054,625.2719745157984,650.4740042576128
1512.7340000000113,625.2800655299274,650.4740042576128
1513.0149999999994,625.2674494186506,650.4740042576128
1513.297000000006,625.2703264586055,650.4740042576128
1513.5780000000086,625.2774549177366,650.4740042576128
1513.875,625.2641279930233,650.4740042576128
1514.172000000006,625.2767027024859,650.4740042576128
1514.4530000000086,625.2651680997755,650.4740042576128
1514.75,625.2807120491766,650.4740042576128
1515.047000000006,625.2844366897758,650.4740042576128
1515.375,625.2544049272511,650.4740042576128
1515.6560000000027,625.2843119253594,650.4740042576128
1515.9370000000054,625.2697380227063,650.4740042576128
1516.218000000008,625.2899201784493,650.4740042576128
1516.5149999999994,625.2916440877252,650.4740042576128
1516.8120000000054,625.2582519254207,650.4740042576128
1517.093000000008,625.3506750604956,650.4740042576128
1517.375,625.364078366151,650.4740042576128
1517.6560000000027,625.3548618715292,650.4740042576128
1517.9530000000086,625.3389037331923,650.4740042576128
1518.25,625.356299469136,650.4740042576128
1518.5310000000027,625.3410504767719,650.4740042576128
1518.8120000000054,625.3362168458823,650.4740042576128
1519.125,625.3333707739533,650.4740042576128
1519.4060000000027,625.3423088452085,650.4740042576128
1519.7030000000086,625.3347670510263,650.4740042576128
1519.9840000000113,625.3357906529191,650.4740042576128
1520.2810000000027,625.3296228298722,650.4740042576128
1520.5620000000054,625.3328348415392,650.4740042576128
1520.843000000008,625.3342985457269,650.4740042576128
1521.125,625.3497911990432,650.4740042576128
1521.422000000006,625.32175668407,650.4740042576128
1521.7030000000086,625.3302260782134,650.4740042576128
1522.0,625.3156491801847,650.4740042576128
1522.2810000000027,625.3327239195659,650.4740042576128
1522.5780000000086,625.3268739458956,650.4740042576128
1522.875,625.3412185159376,650.4740042576128
1523.1560000000027,625.3336476023957,650.4740042576128
1523.4370000000054,625.3313916833704,650.4740042576128
1523.718000000008,625.3249894946828,650.4740042576128
1524.0149999999994,625.3295182029835,650.4740042576128
1524.3120000000054,625.3332583066021,650.4740042576128
1524.593000000008,625.3349579246512,650.4740042576128
1524.875,625.3243211457512,650.4740042576128
1525.172000000006,625.3334870956444,650.4740042576128
1525.468000000008,625.3470656932136,650.4740042576128
1525.75,625.3132504273883,650.4740042576128
1526.0310000000027,625.3425425323751,650.4740042576128
1526.3280000000086,625.340556253165,650.4740042576128
1526.6090000000113,625.3307324997663,650.4740042576128
1526.9060000000027,625.34061884632,650.4740042576128
1527.1870000000054,625.3334576346299,650.4740042576128
1527.5,625.3360128324629,650.4740042576128
1527.7649999999994,625.31858087964,650.4740042576128
1528.0780000000086,625.3218467286073,650.4740042576128
1528.3590000000113,625.3267907433828,650.4740042576128
1528.6399999999994,625.3259145379467,650.4740042576128
1528.9370000000054,625.32861347722,650.4740042576128
1529.218000000008,625.3033929537428,650.4740042576128
1529.5149999999994,625.2798711926603,650.4740042576128
1529.797000000006,625.2775798110941,650.4740042576128
1530.1090000000113,625.3013585172455,650.4740042576128
1530.3899999999994,625.3227300903283,650.4740042576128
1530.672000000006,625.3016530483765,650.4740042576128
1530.9530000000086,625.3131992110259,650.4740042576128
1531.25,625.301312684377,650.4740042576128
1531.5310000000027,625.3100361638019,650.4740042576128
1531.8280000000086,625.2990129864738,650.4740042576128
1532.125,625.3115127268334,650.4740042576128
1532.4060000000027,625.2911619727732,650.4740042576128
1532.7030000000086,625.304025194064,650.4740042576128
1532.9840000000113,625.2845481221763,650.4740042576128
1533.2810000000027,625.2939292412436,650.4740042576128
1533.5620000000054,625.2824244571084,650.4740042576128
1533.8590000000113,625.3048567147698,650.4740042576128
1534.1560000000027,625.2821884010284,650.4740042576128
1534.4370000000054,625.2715895985292,650.4740042576128
1534.7340000000113,625.2822737493457,650.4740042576128
1535.0,625.2827144282855,650.4740042576128
1535.297000000006,625.2923810567177,650.4740042576128
1535.593000000008,625.2606555694528,650.4740042576128
1535.875,625.2712517891975,650.4740042576128
1536.172000000006,625.2779992354109,650.4740042576128
1536.468000000008,625.2669423439784,650.4740042576128
1536.75,625.2726474805436,650.4740042576128
1537.0620000000054,625.2796575652092,650.4740042576128
1537.343000000008,625.2778327420331,650.4740042576128
1537.625,625.2747302233391,650.4740042576128
1537.9060000000027,625.2658447489024,650.4740042576128
1538.1870000000054,625.2823750100612,650.4740042576128
1538.4840000000113,625.2812016319215,650.4740042576128
1538.7810000000027,625.2844675495203,650.4740042576128
1539.0620000000054,625.2689537290324,650.4740042576128
1539.3590000000113,625.287810026938,650.4740042576128
1539.6560000000027,625.2676265615387,650.4740042576128
1539.9370000000054,625.281571513445,650.4740042576128
1540.25,625.2724522644485,650.4740042576128
1540.5310000000027,625.2612187528881,650.4740042576128
1540.8120000000054,625.2808767684216,650.4740042576128
1541.093000000008,625.2827249937784,650.4740042576128
1541.3899999999994,625.2928379459162,650.4740042576128
1541.672000000006,625.3074014527067,650.4740042576128
1541.968000000008,625.2663123869182,650.4740042576128
1542.2649999999994,625.3536775762292,650.4740042576128
1542.547000000006,625.3649721407634,650.4740042576128
1542.843000000008,625.3481262423844,650.4740042576128
1543.125,625.3555609161535,650.4740042576128
1543.4060000000027,625.3537262903072,650.4740042576128
1543.7030000000086,625.3359901306312,650.4740042576128
1544.0,625.3565659677998,650.4740042576128
1544.2810000000027,625.3426165653091,650.4740042576128
1544.5780000000086,625.3504197584466,650.4740042576128
1544.8590000000113,625.3359438065252,650.4740042576128
1545.1399999999994,625.3511658899297,650.4740042576128
1545.4370000000054,625.3349809754699,650.4740042576128
1545.718000000008,625.3403305540456,650.4740042576128
1546.0149999999994,625.3416500777669,650.4740042576128
1546.297000000006,625.3443695981409,650.4740042576128
1546.593000000008,625.3398240454725,650.4740042576128
1546.875,625.338023464371,650.4740042576128
1547.1560000000027,625.3263396048386,650.4740042576128
1547.4530000000086,625.3342053953153,650.4740042576128
1547.7340000000113,625.3475470473244,650.4740042576128
1548.0310000000027,625.3463412258774,650.4740042576128
1548.3280000000086,625.3099955486673,650.4740042576128
1548.6090000000113,625.3135748923162,650.4740042576128
1548.8899999999994,625.3600573858404,650.4740042576128
1549.172000000006,625.3494228431496,650.4740042576128
1549.468000000008,625.3636617855084,650.4740042576128
1549.7340000000113,625.3691351729201,650.4740042576128
1550.0310000000027,625.363936097048,650.4740042576128
1550.3120000000054,625.3440626332864,650.4740042576128
1550.593000000008,625.356633875029,650.4740042576128
1550.875,625.3317951490955,650.4740042576128
1551.172000000006,625.3504667641048,650.4740042576128
1551.4530000000086,625.3373915072414,650.4740042576128
1551.7340000000113,625.344446297362,650.4740042576128
1552.0310000000027,625.348053079254,650.4740042576128
1552.3280000000086,625.343091660327,650.4740042576128
1552.6090000000113,625.3357598285688,650.4740042576128
1552.9060000000027,625.3518440942785,650.4740042576128
1553.1870000000054,625.3440739990084,650.4740042576128
1553.4840000000113,625.3442948332815,650.4740042576128
1553.7649999999994,625.3541683501712,650.4740042576128
1554.0620000000054,625.3554194205739,650.4740042576128
1554.3590000000113,625.3422605317568,650.4740042576128
1554.6399999999994,625.3445255041084,650.4740042576128
1554.922000000006,625.3379172082756,650.4740042576128
1555.2030000000086,625.3336983329623,650.4740042576128
1555.5,625.3431359209038,650.4740042576128
1555.797000000006,625.3315375857845,650.4740042576128
1556.0780000000086,625.3419259703513,650.4740042576128
1556.375,625.3432050246569,650.4740042576128
1556.6560000000027,625.3435367489043,650.4740042576128
1556.9530000000086,625.3478400955341,650.4740042576128
1557.218000000008,625.3389399972721,650.4740042576128
1557.5149999999994,625.3453155668697,650.4740042576128
1557.8120000000054,625.329782944584,650.4740042576128
1558.1090000000113,625.3461126107807,650.4740042576128
1558.3899999999994,625.3551341503604,650.4740042576128
1558.6870000000054,625.3519581346351,650.4740042576128
1558.968000000008,625.3368723746821,650.4740042576128
1559.25,625.3311951946629,650.4740042576128
1559.547000000006,625.3500827624724,650.4740042576128
1559.8280000000086,625.3376073018658,650.4740042576128
1560.125,625.3330180245542,650.4740042576128
1560.4060000000027,625.3421372783422,650.4740042576128
1560.7030000000086,625.3410708655753,650.4740042576128
1560.9840000000113,625.3367956314918,650.4740042576128
1561.2810000000027,625.3445457568176,650.4740042576128
1561.5620000000054,625.3390825499882,650.4740042576128
1561.8590000000113,625.3326189938678,650.4740042576128
1562.1399999999994,625.3446098878849,650.4740042576128
1562.422000000006,625.3668646051304,650.4740042576128
1562.718000000008,625.3535069804361,650.4740042576128
1563.0149999999994,625.3823041220825,650.4740042576128
1563.343000000008,625.387106301679,650.4740042576128
1563.625,625.4029091207642,650.4740042576128
1563.922000000006,625.4073675926107,650.4740042576128
1564.2030000000086,625.3966871243407,650.4740042576128
1564.5,625.4068498421542,650.4740042576128
1564.7810000000027,625.4174404548727,650.4740042576128
1565.0780000000086,625.4183526844605,650.4740042576128
1565.3590000000113,625.422444253016,650.4740042576128
1565.6560000000027,625.4383628275768,650.4740042576128
1565.9370000000054,625.4419590312201,650.4740042576128
1566.2340000000113,625.4411972626472,650.4740042576128
1566.5310000000027,625.4449643810433,650.4740042576128
1566.8120000000054,625.4431413006859,650.4740042576128
1567.1090000000113,625.4534454185883,650.4740042576128
1567.3899999999994,625.458368840316,650.4740042576128
1567.672000000006,625.4755891204238,650.4740042576128
1567.968000000008,625.4567377489427,650.4740042576128
1568.2649999999994,625.4683494922435,650.4740042576128
1568.547000000006,625.4690913006527,650.4740042576128
1568.8280000000086,625.4715475217105,650.4740042576128
1569.125,625.4688090429565,650.4740042576128
1569.4060000000027,625.4771846067506,650.4740042576128
1569.7030000000086,625.4689384425924,650.4740042576128
1569.9840000000113,625.4772551139329,650.4740042576128
1570.2810000000027,625.484598688237,650.4740042576128
1570.5620000000054,625.4886393062001,650.4740042576128
1570.8590000000113,625.4904023480742,650.4740042576128
1571.1399999999994,625.485774343902,650.4740042576128
1571.4370000000054,625.4881955843305,650.4740042576128
1571.718000000008,625.5060092273909,650.4740042576128
1572.0149999999994,625.4928632425775,650.4740042576128
1572.3120000000054,625.5147076354476,650.4740042576128
1572.5780000000086,625.500405508596,650.4740042576128
1572.875,625.5074526269137,650.4740042576128
1573.172000000006,625.5128375288467,650.4740042576128
1573.4530000000086,625.5078899247843,650.4740042576128
1573.75,625.5140167351555,650.4740042576128
1574.0310000000027,625.510534756618,650.4740042576128
1574.3280000000086,625.5233586242994,650.4740042576128
1574.6090000000113,625.522641272425,650.4740042576128
1574.9060000000027,625.5266938873314,650.4740042576128
1575.1870000000054,625.5326424233108,650.4740042576128
1575.4840000000113,625.5342384409978,650.4740042576128
1575.7649999999994,625.5337875929556,650.4740042576128
1576.0620000000054,625.5332920984865,650.4740042576128
1576.3590000000113,625.5248501245375,650.4740042576128
1576.6399999999994,625.5331822027549,650.4740042576128
1576.9370000000054,625.5358218602456,650.4740042576128
1577.2340000000113,625.5415149066382,650.4740042576128
1577.5149999999994,625.5399920211541,650.4740042576128
1577.8120000000054,625.5606704508451,650.4740042576128
1578.093000000008,625.5543709133362,650.4740042576128
1578.3899999999994,625.5684663825775,650.4740042576128
1578.672000000006,625.5594970389902,650.4740042576128
1578.9530000000086,625.5593435788144,650.4740042576128
1579.25,625.5549492019044,650.4740042576128
1579.5310000000027,625.5600763043818,650.4740042576128
1579.8280000000086,625.5629690167601,650.4740042576128
1580.125,625.5612353967887,650.4740042576128
1580.4060000000027,625.5595562159054,650.4740042576128
1580.7030000000086,625.5730285214017,650.4740042576128
1580.968000000008,625.570693462865,650.4740042576128
1581.2649999999994,625.569556800039,650.4740042576128
1581.5620000000054,625.5627916798178,650.4740042576128
1581.843000000008,625.5720436999405,650.4740042576128
1582.1399999999994,625.5700796465213,650.4740042576128
1582.4370000000054,625.5826092251766,650.4740042576128
1582.718000000008,625.5759461176598,650.4740042576128
1583.0149999999994,625.5759057837586,650.4740042576128
1583.297000000006,625.5772839516321,650.4740042576128
1583.593000000008,625.5915254486683,650.4740042576128
1583.8590000000113,625.5796447298201,650.4740042576128
1584.1560000000027,625.602829461888,650.4740042576128
1584.4530000000086,625.5965530940548,650.4740042576128
1584.7340000000113,625.5955369292931,650.4740042576128
1585.0310000000027,625.6105424706379,650.4740042576128
1585.3120000000054,625.5963831168891,650.4740042576128
1585.6090000000113,625.5906569786466,650.4740042576128
1585.8899999999994,625.600893525374,650.4740042576128
1586.1870000000054,625.6055964173156,650.4740042576128
1586.4840000000113,625.6138054005315,650.4740042576128
1586.7649999999994,625.6051301358799,650.4740042576128
1587.0780000000086,625.6111114738077,650.4740042576128
1587.375,625.6049878387241,650.4740042576128
1587.6560000000027,625.6054520530834,650.4740042576128
1587.9370000000054,625.6006143996747,650.4740042576128
1588.2340000000113,625.597636758902,650.4740042576128
1588.5310000000027,625.6167185645737,650.4740042576128
1588.8120000000054,625.6161983469574,650.4740042576128
1589.093000000008,625.621425436687,650.4740042576128
1589.375,625.6156718540734,650.4740042576128
1589.672000000006,625.6176850356799,650.4740042576128
1589.9530000000086,625.6205577107186,650.4740042576128
1590.25,625.6211622272274,650.4740042576128
1590.5310000000027,625.6187837100517,650.4740042576128
1590.8280000000086,625.6079830536075,650.4740042576128
1591.1090000000113,625.6165000072504,650.4740042576128
1591.4060000000027,625.6181051124872,650.4740042576128
1591.7030000000086,625.6405525182865,650.4740042576128
1591.9840000000113,625.6404183092261,650.4740042576128
1592.2649999999994,625.6240184049032,650.4740042576128
1592.547000000006,625.6276244789874,650.4740042576128
1592.843000000008,625.6357429533282,650.4740042576128
1593.125,625.6386246382224,650.4740042576128
1593.422000000006,625.6376328084586,650.4740042576128
1593.7030000000086,625.6504338401098,650.4740042576128
1594.0,625.635961037397,650.4740042576128
1594.2810000000027,625.6438286614032,650.4740042576128
1594.5780000000086,625.6382716630071,650.4740042576128
1594.8590000000113,625.6408320781751,650.4740042576128
1595.1560000000027,625.6468282438834,650.4740042576128
1595.4370000000054,625.6437710842738,650.4740042576128
1595.7340000000113,625.6552804993769,650.4740042576128
1596.0149999999994,625.644853336953,650.4740042576128
1596.3120000000054,625.6599911637799,650.4740042576128
1596.6090000000113,625.6500755838674,650.4740042576128
1596.8899999999994,625.6523634336983,650.4740042576128
1597.1870000000054,625.6600032105438,650.4740042576128
1597.4840000000113,625.6592115202656,650.4740042576128
1597.7649999999994,625.6657014685109,650.4740042576128
1598.0620000000054,625.6688154738674,650.4740042576128
1598.343000000008,625.6628159968338,650.4740042576128
1598.6399999999994,625.6582930250362,650.4740042576128
1598.922000000006,625.6554858333458,650.4740042576128
1599.218000000008,625.6792784588091,650.4740042576128
1599.5,625.6747812587001,650.4740042576128
1599.797000000006,625.6671428544057,650.4740042576128
1600.0780000000086,625.6744689861432,650.4740042576128
1600.375,625.665772816411,650.4740042576128
1600.6560000000027,625.6824772837292,650.4740042576128
1600.9530000000086,625.6653366277886,650.4740042576128
1601.25,625.6857723679763,650.4740042576128
1601.5149999999994,625.6710662392956,650.4740042576128
1601.8120000000054,625.6730226522686,650.4740042576128
1602.093000000008,625.6855313729046,650.4740042576128
1602.3899999999994,625.6713386192581,650.4740042576128
1602.672000000006,625.6810971780533,650.4740042576128
1602.968000000008,625.6843848384474,650.4740042576128
1603.25,625.6722317333277,650.4740042576128
1603.5310000000027,625.6904200361804,650.4740042576128
1603.8280000000086,625.6788362907382,650.4740042576128
1604.1090000000113,625.6844005098735,650.4740042576128
1604.4060000000027,625.6876302658072,650.4740042576128
1604.7030000000086,625.6810588534371,650.4740042576128
1605.0,625.6972970458764,650.4740042576128
1605.2810000000027,625.7009570887643,650.4740042576128
1605.5620000000054,625.6886851043922,650.4740042576128
1605.8590000000113,625.6874847136959,650.4740042576128
1606.1399999999994,625.6891886592191,650.4740042576128
1606.4370000000054,625.6998032834715,650.4740042576128
1606.718000000008,625.6897305228767,650.4740042576128
1607.0149999999994,625.7031506165698,650.4740042576128
1607.297000000006,625.6944630258469,650.4740042576128
1607.5780000000086,625.7069520898118,650.4740042576128
1607.875,625.6951111709574,650.4740042576128
1608.172000000006,625.701673642037,650.4740042576128
1608.4530000000086,625.6913002134277,650.4740042576128
1608.75,625.6772142007268,650.4740042576128
1609.0310000000027,625.7203820778861,650.4740042576128
1609.3280000000086,625.7023895105166,650.4740042576128
1609.625,625.7016793934447,650.4740042576128
1609.922000000006,625.7111475587246,650.4740042576128
1610.2030000000086,625.7140471036449,650.4740042576128
1610.5,625.7094315089197,650.4740042576128
1610.7810000000027,625.7182422177234,650.4740042576128
1611.0620000000054,625.7132361580477,650.4740042576128
1611.375,625.7283557466061,650.4740042576128
1611.6560000000027,625.7110678070987,650.4740042576128
1611.9370000000054,625.725594016987,650.4740042576128
1612.2340000000113,625.7215233642668,650.4740042576128
1612.5149999999994,625.7195044155114,650.4740042576128
1612.8120000000054,625.7300681935174,650.4740042576128
1613.1090000000113,625.733497649021,650.4740042576128
1613.3899999999994,625.7150394010599,650.4740042576128
1613.6870000000054,625.7260452058067,650.4740042576128
1613.9840000000113,625.7181011484321,650.4740042576128
1614.2649999999994,625.7318648597997,650.4740042576128
1614.5620000000054,625.7344365520504,650.4740042576128
1614.843000000008,625.7126462578349,650.4740042576128
1615.1399999999994,625.7248105063677,650.4740042576128
1615.422000000006,625.7380661169491,650.4740042576128
1615.718000000008,625.7430593572718,650.4740042576128
1616.0,625.7304711812192,650.4740042576128
1616.297000000006,625.7406350029299,650.4740042576128
1616.5780000000086,625.7372464064167,650.4740042576128
1616.875,625.7276935709675,650.4740042576128
1617.1560000000027,625.7287989102172,650.4740042576128
1617.4370000000054,625.7422738811343,650.4740042576128
1617.7340000000113,625.7475516705997,650.4740042576128
1618.047000000006,625.7369315544519,650.4740042576128
1618.343000000008,625.7465671312748,650.4740042576128
1618.625,625.7365059230982,650.4740042576128
1618.922000000006,625.7513053420126,650.4740042576128
1619.1870000000054,625.7537427228107,650.4740042576128
1619.4840000000113,625.7405616669653,650.4740042576128
1619.7810000000027,625.7324827662997,650.4740042576128
1620.0620000000054,625.7469618482157,650.4740042576128
1620.3590000000113,625.7520632946107,650.4740042576128
1620.6399999999994,625.7372639887928,650.4740042576128
1620.9370000000054,625.7557491861047,650.4740042576128
1621.2030000000086,625.7603729061269,650.4740042576128
1621.5,625.7512812257911,650.4740042576128
1621.797000000006,625.748813502192,650.4740042576128
1622.0780000000086,625.7453914920643,650.4740042576128
1622.375,625.750177999206,650.4740042576128
1622.6560000000027,625.7434079043104,650.4740042576128
1622.9370000000054,625.7494538607303,650.4740042576128
1623.25,625.7703026615042,650.4740042576128
1623.5310000000027,625.75371126478,650.4740042576128
1623.8120000000054,625.7570134722483,650.4740042576128
1624.1090000000113,625.7476787832102,650.4740042576128
1624.3899999999994,625.7564598563897,650.4740042576128
1624.6870000000054,625.7819420794343,650.4740042576128
1624.9530000000086,625.7616913539828,650.4740042576128
1625.25,625.7743994227899,650.4740042576128
1625.547000000006,625.7660752185845,650.4740042576128
1625.843000000008,625.7748830127982,650.4740042576128
1626.125,625.7615031243877,650.4740042576128
1626.4060000000027,625.7815510061793,650.4740042576128
1626.7030000000086,625.7660942050178,650.4740042576128
1626.968000000008,625.7756811752089,650.4740042576128
1627.2649999999994,625.7725749852743,650.4740042576128
1627.5620000000054,625.7798119078201,650.4740042576128
1627.843000000008,625.7733521861235,650.4740042576128
1628.1399999999994,625.7836119998291,650.4740042576128
1628.422000000006,625.7783810194435,650.4740042576128
1628.718000000008,625.7741137485956,650.4740042576128
1629.0,625.7810671051644,650.4740042576128
1629.297000000006,625.7908410726471,650.4740042576128
1629.593000000008,625.7874817323482,650.4740042576128
1629.875,625.8034127415211,650.4740042576128
1630.1560000000027,625.7933485356133,650.4740042576128
1630.4530000000086,625.8208626057243,650.4740042576128
1630.75,625.8284270663487,650.4740042576128
1631.0149999999994,625.8184847481031,650.4740042576128
1631.3120000000054,625.8296198472112,650.4740042576128
1631.593000000008,625.8397341246856,650.4740042576128
1631.875,625.8157071945749,650.4740042576128
1632.172000000006,625.8279472248109,650.4740042576128
1632.468000000008,625.8220527581233,650.4740042576128
1632.75,625.8213537048615,650.4740042576128
1633.047000000006,625.8008504428074,650.4740042576128
1633.3280000000086,625.8147754849675,650.4740042576128
1633.625,625.8044647206307,650.4740042576128
1633.9060000000027,625.8001544966141,650.4740042576128
1634.2030000000086,625.8028280518276,650.4740042576128
1634.4840000000113,625.8109698238069,650.4740042576128
1634.7649999999994,625.8047815845337,650.4740042576128
1635.0620000000054,625.8110153861254,650.4740042576128
1635.343000000008,625.8181965829472,650.4740042576128
1635.6399999999994,625.793524865231,650.4740042576128
1635.922000000006,625.8019454092505,650.4740042576128
1636.218000000008,625.8046551915729,650.4740042576128
1636.5149999999994,625.8183654795818,650.4740042576128
1636.7810000000027,625.8001558621393,650.4740042576128
1637.0780000000086,625.8159228119255,650.4740042576128
1637.375,625.8017514268653,650.4740042576128
1637.6560000000027,625.8148763688165,650.4740042576128
1637.9530000000086,625.7993710185825,650.4740042576128
1638.2340000000113,625.8122246978182,650.4740042576128
1638.5310000000027,625.8083795662701,650.4740042576128
1638.8120000000054,625.8077196932229,650.4740042576128
1639.1090000000113,625.813526480094,650.4740042576128
1639.3899999999994,625.8073225815965,650.4740042576128
1639.6870000000054,625.7962033621029,650.4740042576128
1639.968000000008,625.8060959129731,650.4740042576128
1640.25,625.7831635428412,650.4740042576128
1640.547000000006,625.8018821160124,650.4740042576128
1640.8280000000086,625.801927849721,650.4740042576128
1641.1090000000113,625.7979878146882,650.4740042576128
1641.3899999999994,625.8028989305466,650.4740042576128
1641.6870000000054,625.7927236151122,650.4740042576128
1641.9840000000113,625.7800869332373,650.4740042576128
1642.2649999999994,625.8060616641883,650.4740042576128
1642.547000000006,625.8058042456379,650.4740042576128
1642.843000000008,625.8016745784591,650.4740042576128
1643.1399999999994,625.7987108687192,650.4740042576128
1643.422000000006,625.8140770199694,650.4740042576128
1643.718000000008,625.8082950628037,650.4740042576128
1644.0,625.808602496801,650.4740042576128
1644.297000000006,625.8096754705554,650.4740042576128
1644.593000000008,625.8075725799915,650.4740042576128
1644.8590000000113,625.7960409707201,650.4740042576128
1645.172000000006,625.7925913899023,650.4740042576128
1645.4530000000086,625.7977388217756,650.4740042576128
1645.75,625.7996640965159,650.4740042576128
1646.0310000000027,625.8015948112276,650.4740042576128
1646.3280000000086,625.8060260558268,650.4740042576128
1646.6090000000113,625.8129874082257,650.4740042576128
1646.9060000000027,625.7895640666395,650.4740042576128
1647.1870000000054,625.791800191998,650.4740042576128
1647.4840000000113,625.8112177155382,650.4740042576128
1647.7649999999994,625.8007736736155,650.4740042576128
1648.047000000006,625.8022555730419,650.4740042576128
1648.343000000008,625.8113025957389,650.4740042576128
1648.625,625.8015080497543,650.4740042576128
1648.922000000006,625.8037791235464,650.4740042576128
1649.2030000000086,625.7973522358111,650.4740042576128
1649.4840000000113,625.7981637117449,650.4740042576128
1649.7810000000027,625.7964847116441,650.4740042576128
1650.0620000000054,625.7907630809567,650.4740042576128
1650.3590000000113,625.8035691332938,650.4740042576128
1650.6399999999994,625.7964091858553,650.4740042576128
1650.922000000006,625.8007764755216,650.4740042576128
1651.218000000008,625.7953991356502,650.4740042576128
1651.5,625.8063347053752,650.4740042576128
1651.7810000000027,625.7896908162754,650.4740042576128
1652.0780000000086,625.7917084373173,650.4740042576128
1652.375,625.7941041238388,650.4740042576128
1652.6560000000027,625.7990859870675,650.4740042576128
1652.9370000000054,625.7846285874076,650.4740042576128
1653.2340000000113,625.7954527590641,650.4740042576128
1653.5149999999994,625.8037826542766,650.4740042576128
1653.8120000000054,625.789416235459,650.4740042576128
1654.1090000000113,625.7923714303726,650.4740042576128
1654.3899999999994,625.8045154166722,650.4740042576128
1654.672000000006,625.7971713305155,650.4740042576128
1654.9530000000086,625.7946902985569,650.4740042576128
1655.2340000000113,625.7992047713936,650.4740042576128
1655.5310000000027,625.7856015968005,650.4740042576128
1655.8280000000086,625.8182836233792,650.4740042576128
1656.1090000000113,625.8005760599601,650.4740042576128
1656.4060000000027,625.8029292324467,650.4740042576128
1656.6870000000054,625.8049371597799,650.4740042576128
1656.9840000000113,625.803800062441,650.4740042576128
1657.2649999999994,625.8019353016825,650.4740042576128
1657.5620000000054,625.8075454928768,650.4740042576128
1657.8590000000113,625.8109429509566,650.4740042576128
1658.125,625.8050675940584,650.4740042576128
1658.422000000006,625.7926233798535,650.4740042576128
1658.7030000000086,625.7924618047222,650.4740042576128
1659.0,625.797027946052,650.4740042576128
1659.3590000000113,625.7897023731549,650.4740042576128
1659.6399999999994,625.8022141617619,650.4740042576128
1659.9370000000054,625.8017791490552,650.4740042576128
1660.218000000008,625.7987077561257,650.4740042576128
1660.5149999999994,625.7900392812105,650.4740042576128
1660.797000000006,625.7955889692505,650.4740042576128
1661.093000000008,625.7993409375331,650.4740042576128
1661.375,625.8103375179554,650.4740042576128
1661.6560000000027,625.7969502483664,650.4740042576128
1661.9370000000054,625.7989049205579,650.4740042576128
1662.2340000000113,625.7895215255618,650.4740042576128
1662.5310000000027,625.7961610583178,650.4740042576128
1662.8120000000054,625.7965274088834,650.4740042576128
1663.1090000000113,625.8041476585191,650.4740042576128
1663.3899999999994,625.807462783633,650.4740042576128
1663.6870000000054,625.7926683027059,650.4740042576128
1663.9530000000086,625.8057876983903,650.4740042576128
1664.25,625.7946089600922,650.4740042576128
1664.547000000006,625.7957519878709,650.4740042576128
1664.8280000000086,625.7921370836189,650.4740042576128
1665.125,625.7932340282722,650.4740042576128
1665.4060000000027,625.7960512603845,650.4740042576128
1665.7030000000086,625.7956500752194,650.4740042576128
1665.9840000000113,625.8075906088317,650.4740042576128
1666.2649999999994,625.7913606301796,650.4740042576128
1666.547000000006,625.7963655085833,650.4740042576128
1666.843000000008,625.7905581522937,650.4740042576128
1667.1399999999994,625.8038270809874,650.4740042576128
1667.422000000006,625.814160660509,650.4740042576128
1667.7030000000086,625.8045912390415,650.4740042576128
1668.0,625.7797188722158,650.4740042576128
1668.2810000000027,625.7987659999195,650.4740042576128
1668.5780000000086,625.7912844292691,650.4740042576128
1668.8590000000113,625.8022818545915,650.4740042576128
1669.1399999999994,625.8068223480698,650.4740042576128
1669.4370000000054,625.8026272791652,650.4740042576128
1669.718000000008,625.7932050774357,650.4740042576128
1670.0149999999994,625.7968203641069,650.4740042576128
1670.297000000006,625.7867248104553,650.4740042576128
1670.593000000008,625.8160318651605,650.4740042576128
1670.875,625.8079663183178,650.4740042576128
1671.1560000000027,625.7957904591444,650.4740042576128
1671.4530000000086,625.7931407688574,650.4740042576128
1671.75,625.787319730869,650.4740042576128
1672.047000000006,625.8081009845758,650.4740042576128
1672.343000000008,625.8026541203737,650.4740042576128
1672.6090000000113,625.8070393248692,650.4740042576128
1672.9060000000027,625.815551408155,650.4740042576128
1673.2030000000086,625.7987016356708,650.4740042576128
1673.468000000008,625.8044256195197,650.4740042576128
1673.7810000000027,625.7931544201628,650.4740042576128
1674.0620000000054,625.7791225524699,650.4740042576128
1674.3590000000113,625.7900937337785,650.4740042576128
1674.6399999999994,625.7942187972905,650.4740042576128
1674.922000000006,625.7942476423301,650.4740042576128
1675.2340000000113,625.8093361659534,650.4740042576128
1675.5149999999994,625.8034042298775,650.4740042576128
1675.797000000006,625.7943753136067,650.4740042576128
1676.093000000008,625.8040129517492,650.4740042576128
1676.375,625.8018155919585,650.4740042576128
1676.6560000000027,625.8049011404316,650.4740042576128
1676.9530000000086,625.7896207486436,650.4740042576128
1677.2340000000113,625.8041888530427,650.4740042576128
1677.5149999999994,625.8043554938951,650.4740042576128
1677.8120000000054,625.7966904313928,650.4740042576128
1678.093000000008,625.8077805211069,650.4740042576128
1678.3899999999994,625.8053843862649,650.4740042576128
1678.6870000000054,625.7896091949409,650.4740042576128
1678.9530000000086,625.800103612508,650.4740042576128
1679.25,625.8002183243887,650.4740042576128
1679.547000000006,625.8033361748064,650.4740042576128
1679.8280000000086,625.7969187594766,650.4740042576128
1680.1090000000113,625.7980310177006,650.4740042576128
1680.4060000000027,625.7939872176747,650.4740042576128
1680.6870000000054,625.7934111919586,650.4740042576128
1680.968000000008,625.803632322164,650.4740042576128
1681.2649999999994,625.7932592669047,650.4740042576128
1681.5620000000054,625.8053056274923,650.4740042576128
1681.843000000008,625.8063226100552,650.4740042576128
1682.1399999999994,625.8073091473433,650.4740042576128
1682.422000000006,625.7902318556976,650.4740042576128
1682.718000000008,625.8100010670429,650.4740042576128
1683.0,625.7920937272561,650.4740042576128
1683.343000000008,625.7934583407199,650.4740042576128
1683.6399999999994,625.7952813246108,650.4740042576128
1683.922000000006,625.8120557748689,650.4740042576128
1684.218000000008,625.7973107782062,650.4740042576128
1684.5,625.7965312438097,650.4740042576128
1684.7810000000027,625.7883757343154,650.4740042576128
1685.0780000000086,625.8064514294492,650.4740042576128
1685.3590000000113,625.7910260092696,650.4740042576128
1685.6560000000027,625.8047160392049,650.4740042576128
1685.9530000000086,625.7878992756706,650.4740042576128
1686.2340000000113,625.7937694003728,650.4740042576128
1686.5149999999994,625.8074223183488,650.4740042576128
1686.797000000006,625.7917564865106,650.4740042576128
1687.093000000008,625.7937070961692,650.4740042576128
1687.375,625.7945359044862,650.4740042576128
1687.6560000000027,625.8101668408755,650.4740042576128
1687.9530000000086,625.7938663851551,650.4740042576128
1688.25,625.7924613832321,650.4740042576128
1688.5310000000027,625.8104917966252,650.4740042576128
1688.8120000000054,625.7956636200587,650.4740042576128
1689.1090000000113,625.795894608849,650.4740042576128
1689.3899999999994,625.8049157448716,650.4740042576128
1689.6870000000054,625.789554946817,650.4740042576128
1689.968000000008,625.8072454551832,650.4740042576128
1690.25,625.7976575174259,650.4740042576128
1690.547000000006,625.8122685906619,650.4740042576128
1690.8280000000086,625.7992361701447,650.4740042576128
1691.125,625.8074859280972,650.4740042576128
1691.4060000000027,625.7972648117245,650.4740042576128
1691.7030000000086,625.8105019925969,650.4740042576128
1691.9840000000113,625.8106568787283,650.4740042576128
1692.2810000000027,625.8085160126923,650.4740042576128
1692.5620000000054,625.7059612506082,650.4740042576128
1692.8590000000113,625.6309960865912,650.4740042576128
1693.125,625.5375949966119,650.4740042576128
1693.422000000006,625.4942766281744,650.4740042576128
1693.718000000008,625.4689163411047,650.4740042576128
1694.0,625.454485111469,650.4740042576128
1694.297000000006,625.411428986055,650.4740042576128
1694.5780000000086,625.401473842397,650.4740042576128
1694.8590000000113,625.3814535614495,650.4740042576128
1695.1560000000027,625.3731285663612,650.4740042576128
1695.4370000000054,625.3596324807304,650.4740042576128
1695.7340000000113,625.363517256459,650.4740042576128
1696.0149999999994,625.349964774207,650.4740042576128
1696.297000000006,625.347084160446,650.4740042576128
1696.593000000008,625.3439923219923,650.4740042576128
1696.8899999999994,625.336454681217,650.4740042576128
1697.172000000006,625.3267211908368,650.4740042576128
1697.468000000008,625.3358679406961,650.4740042576128
1697.7649999999994,625.319126362005,650.4740042576128
1698.047000000006,625.3165333196526,650.4740042576128
1698.343000000008,625.3108693620982,650.4740042576128
1698.6090000000113,625.320097567354,650.4740042576128
1698.9060000000027,625.3074535005665,650.4740042576128
1699.1870000000054,625.3113740422631,650.4740042576128
1699.4840000000113,625.3029299731575,650.4740042576128
1699.7810000000027,625.3171118736038,650.4740042576128
1700.0620000000054,625.3126558176235,650.4740042576128
1700.343000000008,625.3070395964087,650.4740042576128
1700.6399999999994,625.3074996519049,650.4740042576128
1700.922000000006,625.2999355564665,650.4740042576128
1701.2030000000086,625.2943439046481,650.4740042576128
1701.5,625.3004096935235,650.4740042576128
1701.7810000000027,625.2928025858446,650.4740042576128
1702.0780000000086,625.3083492020194,650.4740042576128
1702.3590000000113,625.2935618006755,650.4740042576128
1702.6560000000027,625.2846671612805,650.4740042576128
1702.9370000000054,625.2783608327081,650.4740042576128
1703.2340000000113,625.288637209142,650.4740042576128
1703.5310000000027,625.2877568035922,650.4740042576128
1703.8120000000054,625.2744939626003,650.4740042576128
1704.1090000000113,625.2799330782325,650.4740042576128
1704.3899999999994,625.3000662795188,650.4740042576128
1704.6870000000054,625.3029998756335,650.4740042576128
1704.968000000008,625.3197225653264,650.4740042576128
1705.25,625.2786356837111,650.4740042576128
1705.5310000000027,625.3641648558215,650.4740042576128
1705.8280000000086,625.3719672376518,650.4740042576128
1706.125,625.3656870240584,650.4740042576128
1706.4060000000027,625.3620166696368,650.4740042576128
1706.6870000000054,625.3684246453098,650.4740042576128
1706.9840000000113,625.3651409501629,650.4740042576128
1707.343000000008,625.353472709447,650.4740042576128
1707.6399999999994,625.3638410584232,650.4740042576128
1707.922000000006,625.3479382935565,650.4740042576128
1708.218000000008,625.3407720851152,650.4740042576128
1708.5,625.3427536385924,650.4740042576128
1708.797000000006,625.3457737229083,650.4740042576128
1709.0780000000086,625.3494963793797,650.4740042576128
1709.3590000000113,625.3534188621378,650.4740042576128
1709.6560000000027,625.3499085147106,650.4740042576128
1709.9370000000054,625.3280576370621,650.4740042576128
1710.2340000000113,625.3456134007502,650.4740042576128
1710.5149999999994,625.3533659231715,650.4740042576128
1710.797000000006,625.3459631137155,650.4740042576128
1711.093000000008,625.330247201349,650.4740042576128
1711.375,625.351182147415,650.4740042576128
1711.672000000006,625.3500765540874,650.4740042576128
1711.968000000008,625.3383326621439,650.4740042576128
1712.25,625.356624385733,650.4740042576128
1712.5310000000027,625.3445541552829,650.4740042576128
1712.8120000000054,625.3449303218105,650.4740042576128
1713.1090000000113,625.342276822594,650.4740042576128
1713.3899999999994,625.3521237926424,650.4740042576128
1713.6870000000054,625.3516598936765,650.4740042576128
1713.968000000008,625.3435226762496,650.4740042576128
1714.2649999999994,625.3496575540721,650.4740042576128
1714.5620000000054,625.3361781353007,650.4740042576128
1714.843000000008,625.3515268313087,650.4740042576128
1715.125,625.332871949068,650.4740042576128
1715.422000000006,625.3428493014119,650.4740042576128
1715.718000000008,625.3441592161773,650.4740042576128
1716.0,625.3490717602663,650.4740042576128
1716.2810000000027,625.3490574064722,650.4740042576128
1716.5780000000086,625.3412179234892,650.4740042576128
1716.875,625.3434192554372,650.4740042576128
1717.1399999999994,625.3430979156833,650.4740042576128
1717.4370000000054,625.3181619602268,650.4740042576128
1717.718000000008,625.3172998837327,650.4740042576128
1718.0310000000027,625.2836469004501,650.4740042576128
1718.3120000000054,625.3035587849998,650.4740042576128
1718.6090000000113,625.314582871338,650.4740042576128
1718.8899999999994,625.3300513221205,650.4740042576128
1719.172000000006,625.3221769593055,650.4740042576128
1719.4530000000086,625.3109888475726,650.4740042576128
1719.7340000000113,625.3121637280927,650.4740042576128
1720.0310000000027,625.2946068712292,650.4740042576128
1720.3280000000086,625.2955675623984,650.4740042576128
1720.625,625.3090364419968,650.4740042576128
1720.9060000000027,625.3032319033408,650.4740042576128
1721.2030000000086,625.3028104239364,650.4740042576128
1721.4840000000113,625.3176066794027,650.4740042576128
1721.7810000000027,625.3081056747759,650.4740042576128
1722.0780000000086,625.2935055381535,650.4740042576128
1722.343000000008,625.2994283183581,650.4740042576128
1722.6399999999994,625.2912037950473,650.4740042576128
1722.922000000006,625.3016089553715,650.4740042576128
1723.218000000008,625.2943212583705,650.4740042576128
1723.5149999999994,625.2930794327268,650.4740042576128
1723.797000000006,625.2904530048897,650.4740042576128
1724.093000000008,625.2788685679106,650.4740042576128
1724.375,625.2931070835381,650.4740042576128
1724.672000000006,625.2957201658548,650.4740042576128
1724.9370000000054,625.2851931572321,650.4740042576128
1725.2340000000113,625.2855784128843,650.4740042576128
1725.5149999999994,625.2784756897864,650.4740042576128
1725.8120000000054,625.2902876180573,650.4740042576128
1726.093000000008,625.2950751393017,650.4740042576128
1726.3899999999994,625.291715464766,650.4740042576128
1726.672000000006,625.2945213612205,650.4740042576128
1726.968000000008,625.273102526853,650.4740042576128
1727.25,625.2834602117358,650.4740042576128
1727.547000000006,625.2802671259512,650.4740042576128
1727.843000000008,625.2906576001651,650.4740042576128
1728.125,625.2793116037783,650.4740042576128
1728.4060000000027,625.2746418290237,650.4740042576128
1728.6870000000054,625.2799456505886,650.4740042576128
1728.9840000000113,625.2908794343464,650.4740042576128
1729.2810000000027,625.2824106036971,650.4740042576128
1729.5620000000054,625.2960925789927,650.4740042576128
1729.8590000000113,625.2945517276644,650.4740042576128
1730.1399999999994,625.3005288327489,650.4740042576128
1730.422000000006,625.3091897471439,650.4740042576128
1730.718000000008,625.2822826595814,650.4740042576128
1731.0,625.3541984248105,650.4740042576128
1731.3590000000113,625.3775166600024,650.4740042576128
1731.6399999999994,625.3697863823173,650.4740042576128
1731.9370000000054,625.3541322077751,650.4740042576128
1732.2340000000113,625.3486969176396,650.4740042576128
1732.5149999999994,625.340719023792,650.4740042576128
1732.8120000000054,625.3524001180846,650.4740042576128
1733.093000000008,625.3456172081301,650.4740042576128
1733.375,625.3520971507445,650.4740042576128
1733.672000000006,625.34915562998,650.4740042576128
1733.968000000008,625.3473757620338,650.4740042576128
1734.25,625.3512269509478,650.4740042576128
1734.547000000006,625.3475012702412,650.4740042576128
1734.8120000000054,625.3417870494904,650.4740042576128
1735.1090000000113,625.3363931773429,650.4740042576128
1735.4060000000027,625.3469075338126,650.4740042576128
1735.6870000000054,625.3311380398151,650.4740042576128
1735.9840000000113,625.3478308865265,650.4740042576128
1736.2649999999994,625.3483106526327,650.4740042576128
1736.5620000000054,625.3457124805963,650.4740042576128
1736.843000000008,625.3395332502496,650.4740042576128
1737.125,625.3104556604425,650.4740042576128
1737.422000000006,625.3599074294219,650.4740042576128
1737.7030000000086,625.3575546600846,650.4740042576128
1738.0,625.3610044000835,650.4740042576128
1738.2810000000027,625.365079683382,650.4740042576128
1738.5620000000054,625.3602206533244,650.4740042576128
1738.8590000000113,625.3580657423312,650.4740042576128
1739.1399999999994,625.3541138537719,650.4740042576128
1739.4370000000054,625.3671056534797,650.4740042576128
1739.7340000000113,625.3646444977257,650.4740042576128
1740.0149999999994,625.349296446284,650.4740042576128
1740.297000000006,625.3519558520194,650.4740042576128
1740.5780000000086,625.3377283231036,650.4740042576128
1740.875,625.346910462834,650.4740042576128
1741.172000000006,625.3436612265233,650.4740042576128
1741.4530000000086,625.3601515877859,650.4740042576128
1741.7340000000113,625.3415298425738,650.4740042576128
1742.0149999999994,625.3504074925773,650.4740042576128
1742.3120000000054,625.3513796679069,650.4740042576128
1742.593000000008,625.3461863298014,650.4740042576128
1742.9060000000027,625.3612472850905,650.4740042576128
1743.1870000000054,625.3495771245766,650.4740042576128
1743.4840000000113,625.3580808013917,650.4740042576128
1743.7649999999994,625.3295477882899,650.4740042576128
1744.0620000000054,625.3477687546614,650.4740042576128
1744.3590000000113,625.3485852944706,650.4740042576128
1744.625,625.3442900279823,650.4740042576128
1744.922000000006,625.354404296277,650.4740042576128
1745.218000000008,625.3552686368278,650.4740042576128
1745.5,625.3571916266742,650.4740042576128
1745.797000000006,625.3521331286199,650.4740042576128
1746.093000000008,625.3488560500024,650.4740042576128
1746.375,625.3445487308579,650.4740042576128
1746.6560000000027,625.3454570502934,650.4740042576128
1746.9370000000054,625.344997400973,650.4740042576128
1747.2340000000113,625.3502023109629,650.4740042576128
1747.5310000000027,625.3430082778107,650.4740042576128
1747.8120000000054,625.3389493646756,650.4740042576128
1748.093000000008,625.3428336272078,650.4740042576128
1748.375,625.3383587395864,650.4740042576128
1748.672000000006,625.3403897173665,650.4740042576128
1748.9530000000086,625.3419590173058,650.4740042576128
1749.25,625.3485222890827,650.4740042576128
1749.5310000000027,625.3363566577876,650.4740042576128
1749.8280000000086,625.3463313588542,650.4740042576128
1750.1090000000113,625.3417297033686,650.4740042576128
1750.3899999999994,625.34452506957,650.4740042576128
1750.672000000006,625.3462987184045,650.4740042576128
1750.968000000008,625.3639737685967,650.4740042576128
1751.25,625.3820366675496,650.4740042576128
1751.547000000006,625.3647546064323,650.4740042576128
1751.843000000008,625.4015808676153,650.4740042576128
1752.125,625.3955352432644,650.4740042576128
1752.4060000000027,625.4136866520932,650.4740042576128
1752.7030000000086,625.4165009936572,650.4740042576128
1753.0,625.4010123755307,650.4740042576128
1753.2649999999994,625.4100666011498,650.4740042576128
1753.5620000000054,625.4256158353778,650.4740042576128
1753.8590000000113,625.4400925851266,650.4740042576128
1754.1560000000027,625.4326245372391,650.4740042576128
1754.4370000000054,625.4308184301141,650.4740042576128
1754.718000000008,625.4470915534616,650.4740042576128
1755.0149999999994,625.4429371654873,650.4740042576128
1755.375,625.4541610069958,650.4740042576128
1755.6560000000027,625.4639382928036,650.4740042576128
1755.9370000000054,625.4581503969117,650.4740042576128
1756.218000000008,625.4625720984883,650.4740042576128
1756.5149999999994,625.4651525100916,650.4740042576128
1756.797000000006,625.470674832129,650.4740042576128
1757.093000000008,625.4750013030703,650.4740042576128
1757.3899999999994,625.4756743748973,650.4740042576128
1757.672000000006,625.4641545211507,650.4740042576128
1757.968000000008,625.480291614689,650.4740042576128
1758.25,625.4669866791443,650.4740042576128
1758.547000000006,625.4718407129783,650.4740042576128
1758.8280000000086,625.4856097844728,650.4740042576128
1759.125,625.4887032334733,650.4740042576128
1759.4060000000027,625.5037542428385,650.4740042576128
1759.7030000000086,625.4880680792809,650.4740042576128
1759.9840000000113,625.5161432196886,650.4740042576128
1760.2810000000027,625.4901187107351,650.4740042576128
1760.5780000000086,625.5048269668623,650.4740042576128
1760.8590000000113,625.5265622578183,650.4740042576128
1761.1399999999994,625.511924116327,650.4740042576128
1761.422000000006,625.5070628769903,650.4740042576128
1761.718000000008,625.5062438561506,650.4740042576128
1762.0,625.5234877621886,650.4740042576128
1762.297000000006,625.5170409150294,650.4740042576128
1762.5780000000086,625.5209621363672,650.4740042576128
1762.875,625.5341754829412,650.4740042576128
1763.172000000006,625.510847429531,650.4740042576128
1763.4530000000086,625.534712738748,650.4740042576128
1763.75,625.5236845093033,650.4740042576128
1764.0780000000086,625.5236440016624,650.4740042576128
1764.3590000000113,625.5267801660318,650.4740042576128
1764.6399999999994,625.5361388563259,650.4740042576128
1764.9370000000054,625.5294223825583,650.4740042576128
1765.218000000008,625.5445021973053,650.4740042576128
1765.5149999999994,625.526899597669,650.4740042576128
1765.797000000006,625.5544708089834,650.4740042576128
1766.0780000000086,625.5508314473143,650.4740042576128
1766.375,625.557928680165,650.4740042576128
1766.6560000000027,625.5552497328692,650.4740042576128
1766.9530000000086,625.5606236983335,650.4740042576128
1767.25,625.560630498839,650.4740042576128
1767.5149999999994,625.5593725915548,650.4740042576128
1767.8120000000054,625.5631963936615,650.4740042576128
1768.093000000008,625.5636352477085,650.4740042576128
1768.3899999999994,625.5581343101583,650.4740042576128
1768.672000000006,625.568957844788,650.4740042576128
1768.968000000008,625.5616208310869,650.4740042576128
1769.25,625.5766228483463,650.4740042576128
1769.547000000006,625.5707039491932,650.4740042576128
1769.8280000000086,625.5762646685517,650.4740042576128
1770.125,625.5714072306213,650.4740042576128
1770.422000000006,625.5792251087628,650.4740042576128
1770.7030000000086,625.5760930708788,650.4740042576128
1771.0,625.5839785974599,650.4740042576128
1771.2810000000027,625.5831233742417,650.4740042576128
1771.5780000000086,625.5911532062872,650.4740042576128
1771.843000000008,625.5879911725514,650.4740042576128
1772.1399999999994,625.5914749263237,650.4740042576128
1772.4370000000054,625.6035359579736,650.4740042576128
1772.718000000008,625.5829977345212,650.4740042576128
1773.0149999999994,625.5902348257011,650.4740042576128
1773.297000000006,625.5933621912536,650.4740042576128
1773.593000000008,625.5969625500317,650.4740042576128
1773.875,625.600662249529,650.4740042576128
1774.1870000000054,625.6125979604568,650.4740042576128
1774.468000000008,625.5968032434091,650.4740042576128
1774.7649999999994,625.6061525952891,650.4740042576128
1775.047000000006,625.5979544857432,650.4740042576128
1775.3280000000086,625.5886052047232,650.4740042576128
1775.6090000000113,625.593713329464,650.4740042576128
1775.9060000000027,625.6008885293732,650.4740042576128
1776.2030000000086,625.6096764819813,650.4740042576128
1776.4840000000113,625.6014566682531,650.4740042576128
1776.7810000000027,625.6185760574567,650.4740042576128
1777.0620000000054,625.6232662502948,650.4740042576128
1777.3590000000113,625.6015568464036,650.4740042576128
1777.6560000000027,625.6254315218229,650.4740042576128
1777.9370000000054,625.6177140426912,650.4740042576128
1778.2340000000113,625.6258671054997,650.4740042576128
1778.5149999999994,625.619182613315,650.4740042576128
1778.8120000000054,625.6163275166,650.4740042576128
1779.093000000008,625.6474170743455,650.4740042576128
1779.3899999999994,625.6398714897174,650.4740042576128
1779.672000000006,625.6296263401466,650.4740042576128
1779.968000000008,625.6349526368416,650.4740042576128
1780.25,625.6378983216841,650.4740042576128
1780.547000000006,625.6285989563698,650.4740042576128
1780.843000000008,625.6439063800004,650.4740042576128
1781.125,625.6366182016094,650.4740042576128
1781.422000000006,625.6358529394746,650.4740042576128
1781.7030000000086,625.6561993506331,650.4740042576128
1782.0,625.6363868997734,650.4740042576128
1782.2810000000027,625.6532159854345,650.4740042576128
1782.5780000000086,625.6437510719853,650.4740042576128
1782.8590000000113,625.6422388260362,650.4740042576128
1783.1399999999994,625.646142235686,650.4740042576128
1783.4370000000054,625.6509985358642,650.4740042576128
1783.718000000008,625.6572090240555,650.4740042576128
1784.0149999999994,625.6577681361418,650.4740042576128
1784.297000000006,625.6632475658304,650.4740042576128
1784.593000000008,625.6438475071365,650.4740042576128
1784.875,625.6534774343794,650.4740042576128
1785.172000000006,625.6538129883131,650.4740042576128
1785.468000000008,625.6539513413809,650.4740042576128
1785.75,625.6750308413091,650.4740042576128
1786.047000000006,625.6645558300872,650.4740042576128
1786.3280000000086,625.664335250413,650.4740042576128
1786.625,625.6556416244906,650.4740042576128
1786.9060000000027,625.6711219085231,650.4740042576128
1787.2030000000086,625.6627338088463,650.4740042576128
1787.468000000008,625.6611328987519,650.4740042576128
1787.7649999999994,625.6590091498857,650.4740042576128
1788.0620000000054,625.6744505959938,650.4740042576128
1788.343000000008,625.6782966266743,650.4740042576128
1788.6399999999994,625.6854495732925,650.4740042576128
1788.922000000006,625.6775559183474,650.4740042576128
1789.218000000008,625.682221182757,650.4740042576128
1789.5,625.6814845022568,650.4740042576128
1789.797000000006,625.6772684215241,650.4740042576128
1790.093000000008,625.6778491076744,650.4740042576128
1790.3899999999994,625.6656202821671,650.4740042576128
1790.672000000006,625.6780416076251,650.4740042576128
1790.968000000008,625.6783172455974,650.4740042576128
1791.25,625.6910359635474,650.4740042576128
1791.547000000006,625.6705572491253,650.4740042576128
1791.8280000000086,625.6796397097335,650.4740042576128
1792.125,625.6848192392243,650.4740042576128
1792.4060000000027,625.689425266935,650.4740042576128
1792.6870000000054,625.7110317797175,650.4740042576128
1792.9840000000113,625.6988920861963,650.4740042576128
1793.2649999999994,625.6974613657553,650.4740042576128
1793.5620000000054,625.7051788717339,650.4740042576128
1793.843000000008,625.6987328057501,650.4740042576128
1794.1399999999994,625.7045869283994,650.4740042576128
1794.4370000000054,625.7057497394605,650.4740042576128
1794.718000000008,625.7091287475386,650.4740042576128
1795.0149999999994,625.7011353598278,650.4740042576128
1795.3120000000054,625.7029286505366,650.4740042576128
1795.593000000008,625.6966945353856,650.4740042576128
1795.875,625.6920667253153,650.4740042576128
1796.172000000006,625.7097023844419,650.4740042576128
1796.4530000000086,625.7131556526779,650.4740042576128
1796.75,625.7144042857449,650.4740042576128
1797.0310000000027,625.6975963203643,650.4740042576128
1797.3280000000086,625.7022821282535,650.4740042576128
1797.6090000000113,625.711290505746,650.4740042576128
1797.9060000000027,625.7088371315137,650.4740042576128
1798.1870000000054,625.7246813296915,650.4740042576128
1798.4840000000113,625.7129796938439,650.4740042576128
1798.7649999999994,625.7292798817556,650.4740042576128
1799.0620000000054,625.7052635644666,650.4740042576128
1799.343000000008,625.7230229478866,650.4740042576128
1799.6399999999994,625.7216282717343,650.4740042576128
1799.922000000006,625.7291602647645,650.4740042576128
1800.218000000008,625.7184265310249,650.4740042576128
1800.5149999999994,625.7191722299139,650.4740042576128
1800.797000000006,625.7285570505593,650.4740042576128
1801.093000000008,625.7289072061075,650.4740042576128
1801.375,625.7174044323117,650.4740042576128
1801.672000000006,625.7230990524989,650.4740042576128
1801.9530000000086,625.7320048998075,650.4740042576128
1802.2340000000113,625.7263091851986,650.4740042576128
1802.5310000000027,625.7352892154286,650.4740042576128
1802.8120000000054,625.7383818262723,650.4740042576128
1803.1090000000113,625.7323509686275,650.4740042576128
1803.3899999999994,625.7339688199901,650.4740042576128
1803.6870000000054,625.7358012706312,650.4740042576128
1803.968000000008,625.7489912555134,650.4740042576128
1804.2649999999994,625.7421777295801,650.4740042576128
1804.547000000006,625.7292632253427,650.4740042576128
1804.843000000008,625.7534978685864,650.4740042576128
1805.1399999999994,625.7324809333455,650.4740042576128
1805.422000000006,625.7472708607049,650.4740042576128
1805.718000000008,625.7409114333523,650.4740042576128
1806.0,625.7492987785765,650.4740042576128
1806.2810000000027,625.7510914054366,650.4740042576128
1806.5780000000086,625.7523677550657,650.4740042576128
1806.8590000000113,625.7485763825991,650.4740042576128
1807.1560000000027,625.7416150371272,650.4740042576128
1807.4370000000054,625.7517846371162,650.4740042576128
1807.7340000000113,625.7655011712224,650.4740042576128
1808.0310000000027,625.7538838303204,650.4740042576128
1808.3120000000054,625.761901106706,650.4740042576128
1808.6090000000113,625.7623399454187,650.4740042576128
1808.8899999999994,625.7358073136886,650.4740042576128
1809.172000000006,625.7450841072356,650.4740042576128
1809.468000000008,625.7581265219185,650.4740042576128
1809.75,625.7461010284975,650.4740042576128
1810.047000000006,625.7491870433075,650.4740042576128
1810.3280000000086,625.7764737516766,650.4740042576128
1810.625,625.7506551182844,650.4740042576128
1810.9060000000027,625.7598962891225,650.4740042576128
1811.2030000000086,625.7523314553817,650.4740042576128
1811.4840000000113,625.763347526126,650.4740042576128
1811.7649999999994,625.7632189904477,650.4740042576128
1812.0620000000054,625.7599132753319,650.4740042576128
1812.343000000008,625.7542909366842,650.4740042576128
1812.6399999999994,625.774879301374,650.4740042576128
1812.9060000000027,625.7758045398716,650.4740042576128
1813.218000000008,625.7675951131781,650.4740042576128
1813.5,625.7506920765226,650.4740042576128
1813.7810000000027,625.771617321709,650.4740042576128
1814.0780000000086,625.7707881146018,650.4740042576128
1814.3590000000113,625.7653796854206,650.4740042576128
1814.6560000000027,625.7618625841285,650.4740042576128
1814.9370000000054,625.7646952307466,650.4740042576128
1815.218000000008,625.7809942293193,650.4740042576128
1815.5,625.7925632405025,650.4740042576128
1815.797000000006,625.7789065471623,650.4740042576128
1816.093000000008,625.7983691773599,650.4740042576128
1816.375,625.7661588022784,650.4740042576128
1816.6560000000027,625.7671868120085,650.4740042576128
1816.9530000000086,625.7761818966262,650.4740042576128
1817.2340000000113,625.787427276956,650.4740042576128
1817.5310000000027,625.78298241848,650.4740042576128
1817.797000000006,625.7862450336942,650.4740042576128
1818.093000000008,625.7865037582225,650.4740042576128
1818.3899999999994,625.8171267140486,650.4740042576128
1818.672000000006,625.818389057342,650.4740042576128
1818.968000000008,625.8278145011735,650.4740042576128
1819.2649999999994,625.8253359385238,650.4740042576128
1819.5310000000027,625.826759401337,650.4740042576128
1819.8280000000086,625.8216995417637,650.4740042576128
1820.125,625.8401583426796,650.4740042576128
1820.4060000000027,625.8300992338156,650.4740042576128
1820.7030000000086,625.8349740892814,650.4740042576128
1820.9840000000113,625.835281628824,650.4740042576128
1821.297000000006,625.8194435955243,650.4740042576128
1821.5620000000054,625.8242718509019,650.4740042576128
1821.8590000000113,625.8156832686516,650.4740042576128
1822.1560000000027,625.8207011934887,650.4740042576128
1822.4370000000054,625.810036956832,650.4740042576128
1822.7340000000113,625.8218835987336,650.4740042576128
1823.0,625.8076658888465,650.4740042576128
1823.297000000006,625.8069992417994,650.4740042576128
1823.593000000008,625.812776151061,650.4740042576128
1823.875,625.8115442158855,650.4740042576128
1824.172000000006,625.8069043232151,650.4740042576128
1824.4530000000086,625.7985248965717,650.4740042576128
1824.75,625.8158978189623,650.4740042576128
1825.0310000000027,625.8214624752829,650.4740042576128
1825.3280000000086,625.8089190518883,650.4740042576128
1825.6090000000113,625.8007900499222,650.4740042576128
1825.8899999999994,625.8041339767383,650.4740042576128
1826.1870000000054,625.8116162257409,650.4740042576128
1826.4840000000113,625.8006256092626,650.4740042576128
1826.7649999999994,625.804660501932,650.4740042576128
1827.0620000000054,625.7940471553868,650.4740042576128
1827.3590000000113,625.8240752089068,650.4740042576128
1827.6560000000027,625.8164279140784,650.4740042576128
1827.9530000000086,625.8121224921916,650.4740042576128
1828.2340000000113,625.8148655602629,650.4740042576128
1828.5310000000027,625.8233044894504,650.4740042576128
1828.797000000006,625.8024850469391,650.4740042576128
1829.093000000008,625.7873487394368,650.4740042576128
1829.375,625.8058150844362,650.4740042576128
1829.672000000006,625.8098932083311,650.4740042576128
1829.968000000008,625.7927727922015,650.4740042576128
1830.25,625.8196963326926,650.4740042576128
1830.547000000006,625.7952726649139,650.4740042576128
1830.8280000000086,625.8067181027865,650.4740042576128
1831.1090000000113,625.8205765623376,650.4740042576128
1831.3899999999994,625.7951238397211,650.4740042576128
1831.6870000000054,625.8035141334025,650.4740042576128
1831.9840000000113,625.7927557584226,650.4740042576128
1832.2649999999994,625.8150553066052,650.4740042576128
1832.5620000000054,625.8122546459509,650.4740042576128
1832.8590000000113,625.7921077636872,650.4740042576128
1833.1399999999994,625.8076125228262,650.4740042576128
1833.422000000006,625.7995542235373,650.4740042576128
1833.718000000008,625.7968633421292,650.4740042576128
1834.0,625.7971477788928,650.4740042576128
1834.2810000000027,625.8052008841399,650.4740042576128
1834.5780000000086,625.8069977646472,650.4740042576128
1834.8590000000113,625.8056423867832,650.4740042576128
1835.1560000000027,625.796909573636,650.4740042576128
1835.4370000000054,625.8005128183964,650.4740042576128
1835.7340000000113,625.8029273091003,650.4740042576128
1836.0149999999994,625.8073249509197,650.4740042576128
1836.3120000000054,625.8090898287846,650.4740042576128
1836.6090000000113,625.8064742593311,650.4740042576128
1836.8899999999994,625.8093628129291,650.4740042576128
1837.1560000000027,625.8032729467774,650.4740042576128
1837.4530000000086,625.795508042017,650.4740042576128
1837.75,625.8025451615093,650.4740042576128
1838.0310000000027,625.7893502471126,650.4740042576128
1838.3280000000086,625.8045759132968,650.4740042576128
1838.6090000000113,625.805486418869,650.4740042576128
1838.8899999999994,625.8028778101244,650.4740042576128
1839.1870000000054,625.8006360705646,650.4740042576128
1839.468000000008,625.8104440722816,650.4740042576128
1839.7649999999994,625.8069074203256,650.4740042576128
1840.0620000000054,625.8101760932474,650.4740042576128
1840.343000000008,625.8086524120888,650.4740042576128
1840.625,625.8020483880379,650.4740042576128
1840.9060000000027,625.8072384593052,650.4740042576128
1841.2030000000086,625.8138354120548,650.4740042576128
1841.4840000000113,625.7875705115754,650.4740042576128
1841.7810000000027,625.8008130417807,650.4740042576128
1842.093000000008,625.7993483188699,650.4740042576128
1842.3590000000113,625.8039432623294,650.4740042576128
1842.6560000000027,625.8065963497346,650.4740042576128
1842.9530000000086,625.7921039535952,650.4740042576128
1843.2340000000113,625.7923181806857,650.4740042576128
1843.5310000000027,625.7990731286197,650.4740042576128
1843.8120000000054,625.817508221706,650.4740042576128
1844.1090000000113,625.796109440163,650.4740042576128
1844.375,625.7946891737181,650.4740042576128
1844.672000000006,625.8024919372941,650.4740042576128
1844.968000000008,625.7993348215124,650.4740042576128
1845.25,625.808051327186,650.4740042576128
1845.547000000006,625.8076776765975,650.4740042576128
1845.8280000000086,625.8036630252197,650.4740042576128
1846.1090000000113,625.8085323672396,650.4740042576128
1846.3899999999994,625.802222931059,650.4740042576128
1846.6870000000054,625.8139853177469,650.4740042576128
1846.9840000000113,625.8032168490047,650.4740042576128
1847.2810000000027,625.801484665638,650.4740042576128
1847.5620000000054,625.8107204452865,650.4740042576128
1847.8590000000113,625.80449722104,650.4740042576128
1848.1399999999994,625.8104633235739,650.4740042576128
1848.4370000000054,625.8012297667136,650.4740042576128
1848.7340000000113,625.802871692353,650.4740042576128
1849.0,625.8011766098537,650.4740042576128
1849.297000000006,625.8005580566027,650.4740042576128
1849.5780000000086,625.797233899409,650.4740042576128
1849.875,625.796952722401,650.4740042576128
1850.172000000006,625.8050377390913,650.4740042576128
1850.4530000000086,625.8038772371397,650.4740042576128
1850.75,625.81142329354,650.4740042576128
1851.0310000000027,625.7969406963792,650.4740042576128
1851.3590000000113,625.799620851502,650.4740042576128
1851.6399999999994,625.8141675170978,650.4740042576128
1851.9370000000054,625.810865519418,650.4740042576128
1852.2340000000113,625.8099938127842,650.4740042576128
1852.5149999999994,625.8028452907823,650.4740042576128
1852.797000000006,625.8037760477279,650.4740042576128
1853.1090000000113,625.794879136321,650.4740042576128
1853.3899999999994,625.8010208730569,650.4740042576128
1853.672000000006,625.8021453807164,650.4740042576128
1853.968000000008,625.7946000999681,650.4740042576128
1854.25,625.8131970921993,650.4740042576128
1854.547000000006,625.8072338523626,650.4740042576128
1854.8280000000086,625.8011091069956,650.4740042576128
1855.125,625.7917535247003,650.4740042576128
1855.4060000000027,625.8194148389861,650.4740042576128
1855.7030000000086,625.8080660359469,650.4740042576128
1855.9840000000113,625.8104443434968,650.4740042576128
1856.2810000000027,625.8013304066459,650.4740042576128
1856.5620000000054,625.8033829087466,650.4740042576128
1856.843000000008,625.8050038082862,650.4740042576128
1857.1399999999994,625.8076132072924,650.4740042576128
1857.4370000000054,625.8014074885548,650.4740042576128
1857.718000000008,625.7900200489064,650.4740042576128
1858.0149999999994,625.8025608307239,650.4740042576128
1858.297000000006,625.8108626935277,650.4740042576128
1858.593000000008,625.8047682795927,650.4740042576128
1858.875,625.81060860034,650.4740042576128
1859.172000000006,625.805423970065,650.4740042576128
1859.4530000000086,625.8000203281797,650.4740042576128
1859.75,625.805349284477,650.4740042576128
1860.047000000006,625.7951381206836,650.4740042576128
1860.3280000000086,625.8076990863376,650.4740042576128
1860.625,625.7998118653826,650.4740042576128
1860.9060000000027,625.7963568098826,650.4740042576128
1861.1870000000054,625.8054220357111,650.4740042576128
1861.4840000000113,625.8162277532361,650.4740042576128
1861.7810000000027,625.8027905804247,650.4740042576128
1862.047000000006,625.807878277087,650.4740042576128
1862.343000000008,625.8093549181621,650.4740042576128
1862.6399999999994,625.8000169630825,650.4740042576128
1862.922000000006,625.8054824732229,650.4740042576128
1863.218000000008,625.8015469886514,650.4740042576128
1863.5,625.7961987352992,650.4740042576128
1863.797000000006,625.8117070130385,650.4740042576128
1864.093000000008,625.8030360562742,650.4740042576128
1864.375,625.799024404294,650.4740042576128
1864.6560000000027,625.8079742331759,650.4740042576128
1864.9530000000086,625.7994314647946,650.4740042576128
1865.2340000000113,625.8095366281755,650.4740042576128
1865.5310000000027,625.8030368646238,650.4740042576128
1865.8280000000086,625.8028625901387,650.4740042576128
1866.1090000000113,625.8146793048008,650.4740042576128
1866.4060000000027,625.809649510902,650.4740042576128
1866.6870000000054,625.8105952765015,650.4740042576128
1866.9840000000113,625.7966654627858,650.4740042576128
1867.2649999999994,625.7982424391028,650.4740042576128
1867.5620000000054,625.7961724741681,650.4740042576128
1867.843000000008,625.8130808380937,650.4740042576128
1868.125,625.8071750535702,650.4740042576128
1868.4060000000027,625.8092320167677,650.4740042576128
1868.7030000000086,625.7951161938508,650.4740042576128
1869.0,625.8054390496882,650.4740042576128
1869.2810000000027,625.806792074054,650.4740042576128
1869.5780000000086,625.810766671163,650.4740042576128
1869.8590000000113,625.8208046655626,650.4740042576128
1870.1560000000027,625.8160289135533,650.4740042576128
1870.4370000000054,625.7962368583677,650.4740042576128
1870.718000000008,625.8150241894265,650.4740042576128
1871.0149999999994,625.8044794694786,650.4740042576128
1871.297000000006,625.7934054012204,650.4740042576128
1871.593000000008,625.8039403528832,650.4740042576128
1871.875,625.8201331951738,650.4740042576128
1872.172000000006,625.8112782236523,650.4740042576128
1872.4530000000086,625.8077758058816,650.4740042576128
1872.75,625.8134189344919,650.4740042576128
1873.0780000000086,625.8071726251274,650.4740042576128
1873.3590000000113,625.7998194077024,650.4740042576128
1873.6399999999994,625.8006385827816,650.4740042576128
1873.9370000000054,625.8058271510687,650.4740042576128
1874.218000000008,625.7918255972015,650.4740042576128
1874.5149999999994,625.8013493009292,650.4740042576128
1874.797000000006,625.8063419884307,650.4740042576128
1875.0780000000086,625.8033342142068,650.4740042576128
1875.375,625.8132322048514,650.4740042576128
1875.672000000006,625.8047103786092,650.4740042576128
1875.9530000000086,625.7994550406307,650.4740042576128
1876.2340000000113,625.8040032393232,650.4740042576128
1876.5310000000027,625.8006535909453,650.4740042576128
1876.8120000000054,625.8141714074208,650.4740042576128
1877.1090000000113,625.797145033853,650.4740042576128
1877.3899999999994,625.8092317415782,650.4740042576128
1877.672000000006,625.7976873179969,650.4740042576128
1877.968000000008,625.7922076157897,650.4740042576128
1878.2649999999994,625.8052787990828,650.4740042576128
1878.547000000006,625.8073423352484,650.4740042576128
1878.8280000000086,625.8172461878556,650.4740042576128
1879.1090000000113,625.8046316175322,650.4740042576128
1879.4060000000027,625.8061700210858,650.4740042576128
1879.6870000000054,625.8163364719496,650.4740042576128
1879.9840000000113,625.8081390225609,650.4740042576128
1880.2649999999994,625.8041841920891,650.4740042576128
1880.5620000000054,625.798728192895,650.4740042576128
1880.843000000008,625.819241439299,650.4740042576128
1881.125,625.8269344959435,650.4740042576128
1881.422000000006,625.7306712016291,650.4740042576128
1881.718000000008,625.6710479017947,650.4740042576128
1882.0,625.5595838401401,650.4740042576128
1882.2810000000027,625.5186516891425,650.4740042576128
1882.5780000000086,625.4735730752587,650.4740042576128
1882.8590000000113,625.4527115615356,650.4740042576128
1883.1560000000027,625.4340336157138,650.4740042576128
1883.4370000000054,625.3987534559701,650.4740042576128
1883.7340000000113,625.387109163846,650.4740042576128
1884.047000000006,625.3855019351029,650.4740042576128
1884.343000000008,625.3737783431785,650.4740042576128
1884.625,625.3760866135832,650.4740042576128
1884.922000000006,625.3630925848809,650.4740042576128
1885.2030000000086,625.3494876881075,650.4740042576128
1885.4840000000113,625.3533722368248,650.4740042576128
1885.7810000000027,625.3524543438255,650.4740042576128
1886.0780000000086,625.3356033783058,650.4740042576128
1886.375,625.3331599052137,650.4740042576128
1886.6560000000027,625.3334729712338,650.4740042576128
1886.9530000000086,625.334082295042,650.4740042576128
1887.2340000000113,625.3209123764734,650.4740042576128
1887.5310000000027,625.3262027541476,650.4740042576128
1887.8280000000086,625.3227658254658,650.4740042576128
1888.125,625.3085767259965,650.4740042576128
1888.4060000000027,625.3131422970639,650.4740042576128
1888.7030000000086,625.312967707247,650.4740042576128
1888.968000000008,625.2968959870112,650.4740042576128
1889.2649999999994,625.3027155279327,650.4740042576128
1889.5620000000054,625.2958955718123,650.4740042576128
1889.8590000000113,625.2995804743219,650.4740042576128
1890.125,625.3028605835325,650.4740042576128
1890.422000000006,625.3063912633838,650.4740042576128
1890.7030000000086,625.3096069146253,650.4740042576128
1891.0,625.2990013421166,650.4740042576128
1891.297000000006,625.2921964160266,650.4740042576128
1891.5780000000086,625.3037344106468,650.4740042576128
1891.875,625.2959916874237,650.4740042576128
1892.1560000000027,625.2963067259427,650.4740042576128
1892.4530000000086,625.2916738484089,650.4740042576128
1892.7340000000113,625.2892039605189,650.4740042576128
1893.0310000000027,625.2911991282372,650.4740042576128
1893.3280000000086,625.2901775928777,650.4740042576128
1893.6090000000113,625.2990477581297,650.4740042576128
1893.8899999999994,625.3107611030604,650.4740042576128
1894.2030000000086,625.2893207043081,650.4740042576128
1894.4840000000113,625.3307874006391,650.4740042576128
1894.7649999999994,625.3670756848433,650.4740042576128
1895.0620000000054,625.3803324809932,650.4740042576128
1895.3590000000113,625.3653326660129,650.4740042576128
1895.6399999999994,625.3682064964038,650.4740042576128
1895.922000000006,625.3631943221538,650.4740042576128
1896.218000000008,625.3668681852577,650.4740042576128
1896.5149999999994,625.3643745839205,650.4740042576128
1896.797000000006,625.352824558645,650.4740042576128
1897.093000000008,625.347939302864,650.4740042576128
1897.375,625.3661448751452,650.4740042576128
1897.672000000006,625.3563760454429,650.4740042576128
1897.9530000000086,625.3594438847365,650.4740042576128
1898.25,625.3527234625782,650.4740042576128
1898.547000000006,625.3490428402658,650.4740042576128
1898.8280000000086,625.3490580605487,650.4740042576128
1899.1090000000113,625.3559315201996,650.4740042576128
1899.4060000000027,625.3450046581369,650.4740042576128
1899.6870000000054,625.3505885377102,650.4740042576128
1899.9840000000113,625.3428282951566,650.4740042576128
1900.2810000000027,625.3514209347879,650.4740042576128
1900.5620000000054,625.3373283173377,650.4740042576128
1900.8590000000113,625.3660932334486,650.4740042576128
1901.1399999999994,625.3483564308957,650.4740042576128
1901.422000000006,625.3482518850637,650.4740042576128
1901.718000000008,625.3556171156822,650.4740042576128
1902.0,625.3465513645898,650.4740042576128
1902.297000000006,625.3488918235033,650.4740042576128
1902.593000000008,625.3518480563811,650.4740042576128
1902.875,625.3512457679626,650.4740042576128
1903.172000000006,625.3499232810066,650.4740042576128
1903.4530000000086,625.3536982180223,650.4740042576128
1903.75,625.3323609231495,650.4740042576128
1904.0310000000027,625.3575837189089,650.4740042576128
1904.3280000000086,625.347838276821,650.4740042576128
1904.625,625.3571724789142,650.4740042576128
1904.9060000000027,625.345605247283,650.4740042576128
1905.1870000000054,625.3471064451157,650.4740042576128
1905.4840000000113,625.3420365332922,650.4740042576128
1905.7649999999994,625.3621780724204,650.4740042576128
1906.0620000000054,625.3472590657743,650.4740042576128
1906.343000000008,625.3655520216041,650.4740042576128
1906.6399999999994,625.3398615677229,650.4740042576128
1906.922000000006,625.2695513476546,650.4740042576128
1907.218000000008,625.3081555734058,650.4740042576128
1907.5,625.329797681264,650.4740042576128
1907.797000000006,625.3327055839682,650.4740042576128
1908.093000000008,625.3205589966547,650.4740042576128
1908.375,625.3127230606797,650.4740042576128
1908.6560000000027,625.3235643649003,650.4740042576128
1908.9370000000054,625.3060021260746,650.4740042576128
1909.25,625.3092076164547,650.4740042576128
1909.5310000000027,625.2950860300421,650.4740042576128
1909.8280000000086,625.3058701623802,650.4740042576128
1910.1090000000113,625.2938754797249,650.4740042576128
1910.3899999999994,625.2961438714423,650.4740042576128
1910.6870000000054,625.2960168488182,650.4740042576128
1910.968000000008,625.2905006876782,650.4740042576128
1911.2649999999994,625.2971745926404,650.4740042576128
1911.5310000000027,625.2943893428317,650.4740042576128
1911.8280000000086,625.2994498637632,650.4740042576128
1912.1090000000113,625.2864080042248,650.4740042576128
1912.4060000000027,625.2913057513539,650.4740042576128
1912.6870000000054,625.2919985553362,650.4740042576128
1912.9840000000113,625.2918597303567,650.4740042576128
1913.2649999999994,625.286266434599,650.4740042576128
1913.5620000000054,625.294086586898,650.4740042576128
1913.843000000008,625.2854386750134,650.4740042576128
1914.1399999999994,625.2991142712399,650.4740042576128
1914.422000000006,625.2929843647067,650.4740042576128
1914.718000000008,625.2878317005814,650.4740042576128
1915.0149999999994,625.2874752748471,650.4740042576128
1915.3120000000054,625.2985360286444,650.4740042576128
1915.593000000008,625.2839924510575,650.4740042576128
1915.8899999999994,625.286535477322,650.4740042576128
1916.172000000006,625.2936346240072,650.4740042576128
1916.468000000008,625.2858101983348,650.4740042576128
1916.7340000000113,625.2892253986954,650.4740042576128
1917.0310000000027,625.2872823860033,650.4740042576128
1917.3280000000086,625.2935409394812,650.4740042576128
1917.6090000000113,625.2906737589682,650.4740042576128
1917.9060000000027,625.2899590610265,650.4740042576128
1918.2030000000086,625.2939255078043,650.4740042576128
1918.4840000000113,625.2706387589382,650.4740042576128
1918.7810000000027,625.2938218730376,650.4740042576128
1919.0620000000054,625.3090698129336,650.4740042576128
1919.3590000000113,625.3093987799816,650.4740042576128
1919.6399999999994,625.267605506697,650.4740042576128
1919.922000000006,625.3595753101631,650.4740042576128
1920.218000000008,625.3672765234213,650.4740042576128
1920.5,625.367751306767,650.4740042576128
1920.797000000006,625.3577019909175,650.4740042576128
1921.093000000008,625.3551784782347,650.4740042576128
1921.375,625.3523740079983,650.4740042576128
1921.672000000006,625.3598930929076,650.4740042576128
1921.9530000000086,625.3483687499318,650.4740042576128
1922.2340000000113,625.3523305128773,650.4740042576128
1922.5310000000027,625.3506492773054,650.4740042576128
1922.8120000000054,625.3444225883567,650.4740042576128
1923.1090000000113,625.3308751238625,650.4740042576128
1923.3899999999994,625.3420670838173,650.4740042576128
1923.6870000000054,625.3613751686523,650.4740042576128
1923.968000000008,625.3413176422483,650.4740042576128
1924.2649999999994,625.3363026628048,650.4740042576128
1924.5310000000027,625.3440154642593,650.4740042576128
1924.8280000000086,625.3445603864973,650.4740042576128
1925.125,625.3533795510117,650.4740042576128
1925.422000000006,625.3384639644637,650.4740042576128
1925.7030000000086,625.346509156233,650.4740042576128
1926.0,625.2939012005538,650.4740042576128
1926.2810000000027,625.3438210936871,650.4740042576128
1926.5620000000054,625.376062734733,650.4740042576128
1926.8590000000113,625.3727179726,650.4740042576128
1927.1399999999994,625.3727462795692,650.4740042576128
1927.4370000000054,625.3844406479088,650.4740042576128
1927.718000000008,625.3808759639305,650.4740042576128
1928.0149999999994,625.3666123182896,650.4740042576128
1928.297000000006,625.3733801036449,650.4740042576128
1928.5780000000086,625.3545966487621,650.4740042576128
1928.875,625.355263876525,650.4740042576128
1929.172000000006,625.349418695095,650.4740042576128
1929.4530000000086,625.3573686194414,650.4740042576128
1929.75,625.3459235929766,650.4740042576128
1930.047000000006,625.356006037405,650.4740042576128
1930.3280000000086,625.3462306094456,650.4740042576128
1930.625,625.348077199834,650.4740042576128
1930.9060000000027,625.348800385432,650.4740042576128
1931.2030000000086,625.3488842382422,650.4740042576128
1931.4840000000113,625.3442287001554,650.4740042576128
1931.7810000000027,625.3452339054465,650.4740042576128
1932.0620000000054,625.3568496139532,650.4740042576128
1932.3590000000113,625.353035950296,650.4740042576128
1932.6399999999994,625.3445752743361,650.4740042576128
1932.9370000000054,625.3505785625194,650.4740042576128
1933.218000000008,625.3464530361238,650.4740042576128
1933.5149999999994,625.358703061374,650.4740042576128
1933.797000000006,625.3514421944637,650.4740042576128
1934.0780000000086,625.3299878437215,650.4740042576128
1934.375,625.3512071725313,650.4740042576128
1934.6560000000027,625.3539497723254,650.4740042576128
1934.9530000000086,625.3543059647875,650.4740042576128
1935.2340000000113,625.3497198036355,650.4740042576128
1935.547000000006,625.3593613605183,650.4740042576128
1935.8120000000054,625.3463423620683,650.4740042576128
1936.125,625.359849257145,650.4740042576128
1936.422000000006,625.3544879723901,650.4740042576128
1936.7030000000086,625.3395075449365,650.4740042576128
1937.0,625.3349542998525,650.4740042576128
1937.2810000000027,625.3400433445271,650.4740042576128
1937.5620000000054,625.353993120869,650.4740042576128
1937.843000000008,625.343839760531,650.4740042576128
1938.1399999999994,625.3407795074448,650.4740042576128
1938.422000000006,625.3344060959157,650.4740042576128
1938.718000000008,625.3459801268533,650.4740042576128
1939.0,625.3454760997719,650.4740042576128
1939.297000000006,625.3457581052835,650.4740042576128
1939.5780000000086,625.349990158104,650.4740042576128
1939.875,625.3573118101774,650.4740042576128
1940.1560000000027,625.3551405359409,650.4740042576128
1940.4370000000054,625.3584933269389,650.4740042576128
1940.75,625.3628257408229,650.4740042576128
1941.0149999999994,625.3424347345755,650.4740042576128
1941.3120000000054,625.3506684310262,650.4740042576128
1941.593000000008,625.3420094321368,650.4740042576128
1941.8899999999994,625.3641012495048,650.4740042576128
1942.172000000006,625.3501897553618,650.4740042576128
1942.468000000008,625.3361976823243,650.4740042576128
1942.7649999999994,625.3415297390447,650.4740042576128
1943.047000000006,625.3522713035119,650.4740042576128
1943.343000000008,625.344467308379,650.4740042576128
1943.6090000000113,625.336921785795,650.4740042576128
1943.9060000000027,625.3421533362076,650.4740042576128
1944.1870000000054,625.3469721925062,650.4740042576128
1944.4840000000113,625.354902911013,650.4740042576128
1944.7810000000027,625.3523064090019,650.4740042576128
1945.0780000000086,625.342686330032,650.4740042576128
1945.3590000000113,625.3437718879738,650.4740042576128
1945.6560000000027,625.3492855638235,650.4740042576128
1945.9370000000054,625.3583985110139,650.4740042576128
1946.2340000000113,625.3471738063278,650.4740042576128
1946.5149999999994,625.334624888559,650.4740042576128
1946.8120000000054,625.3436114481568,650.4740042576128
1947.1090000000113,625.3431433706324,650.4740042576128
1947.3899999999994,625.3485697669287,650.4740042576128
1947.672000000006,625.3539769775215,650.4740042576128
1947.968000000008,625.3392179693125,650.4740042576128
1948.25,625.3458525213424,650.4740042576128
1948.547000000006,625.332290247366,650.4740042576128
1948.8280000000086,625.3458369040461,650.4740042576128
1949.125,625.3402836548404,650.4740042576128
1949.422000000006,625.329612530793,650.4740042576128
1949.7030000000086,625.3535848430603,650.4740042576128
1950.0,625.3392912469419,650.4740042576128
1950.2810000000027,625.3349872612179,650.4740042576128
1950.5780000000086,625.3445405261896,650.4740042576128
1950.8590000000113,625.3527864956027,650.4740042576128
1951.1399999999994,625.3387061016697,650.4740042576128
1951.4370000000054,625.3578691690037,650.4740042576128
1951.718000000008,625.3382852088968,650.4740042576128
1952.0149999999994,625.3241302682125,650.4740042576128
1952.297000000006,625.3478791216868,650.4740042576128
1952.593000000008,625.3501127877936,650.4740042576128
1952.8899999999994,625.3422635481287,650.4740042576128
1953.172000000006,625.345213019034,650.4740042576128
1953.4530000000086,625.3418281747972,650.4740042576128
1953.7340000000113,625.3378165094225,650.4740042576128
1954.047000000006,625.3571862096804,650.4740042576128
1954.3280000000086,625.3536309642141,650.4740042576128
1954.6090000000113,625.3474472892882,650.4740042576128
1954.9060000000027,625.3413348957769,650.4740042576128
1955.2030000000086,625.343840891503,650.4740042576128
1955.4840000000113,625.3450776395379,650.4740042576128
1955.7649999999994,625.3500701769784,650.4740042576128
1956.0620000000054,625.3409864888346,650.4740042576128
1956.343000000008,625.3558469606708,650.4740042576128
1956.6399999999994,625.3554326654433,650.4740042576128
1956.922000000006,625.3415183688082,650.4740042576128
1957.218000000008,625.3243529382174,650.4740042576128
1957.5149999999994,625.3441597804948,650.4740042576128
1957.797000000006,625.3432615156595,650.4740042576128
1958.093000000008,625.3370863274409,650.4740042576128
1958.375,625.3452834532898,650.4740042576128
1958.6560000000027,625.345233005264,650.4740042576128
1958.9530000000086,625.3425447736022,650.4740042576128
1959.25,625.337606780305,650.4740042576128
1959.5310000000027,625.3491994780894,650.4740042576128
1959.8120000000054,625.3464271525,650.4740042576128
1960.1090000000113,625.3405036000127,650.4740042576128
1960.4060000000027,625.3564619211851,650.4740042576128
1960.6870000000054,625.32071694143,650.4740042576128
1960.968000000008,625.3349111444252,650.4740042576128
1961.2649999999994,625.3374396292744,650.4740042576128
1961.547000000006,625.3412293964753,650.4740042576128
1961.843000000008,625.3529182233315,650.4740042576128
1962.125,625.3342666601689,650.4740042576128
1962.422000000006,625.3407865462591,650.4740042576128
1962.7030000000086,625.3395276683244,650.4740042576128
1962.9840000000113,625.3496545832031,650.4740042576128
1963.2810000000027,625.3504281051356,650.4740042576128
1963.5620000000054,625.3449070358071,650.4740042576128
1963.8590000000113,625.358658603296,650.4740042576128
1964.1560000000027,625.3464960280961,650.4740042576128
1964.4370000000054,625.3536459638764,650.4740042576128
1964.7340000000113,625.3485371503033,650.4740042576128
1965.0149999999994,625.3381437138802,650.4740042576128
1965.297000000006,625.3435044050357,650.4740042576128
1965.593000000008,625.3439780432298,650.4740042576128
1965.875,625.3396702366736,650.4740042576128
1966.172000000006,625.342251813024,650.4740042576128
1966.4530000000086,625.3418089829416,650.4740042576128
1966.75,625.3340663729583,650.4740042576128
1967.0780000000086,625.337016819067,650.4740042576128
1967.343000000008,625.3291830403468,650.4740042576128
1967.6399999999994,625.3383901891344,650.4740042576128
1967.922000000006,625.3413083397298,650.4740042576128
1968.218000000008,625.3509890287255,650.4740042576128
1968.5149999999994,625.3325689238333,650.4740042576128
1968.797000000006,625.3430270516754,650.4740042576128
1969.093000000008,625.3349190157038,650.4740042576128
1969.375,625.3522236041429,650.4740042576128
1969.672000000006,625.3446523196883,650.4740042576128
1969.9530000000086,625.3478377993372,650.4740042576128
1970.25,625.3417227626895,650.4740042576128
1970.547000000006,625.3571229455472,650.4740042576128
1970.8280000000086,625.3402661398401,650.4740042576128
1971.125,625.3562812286455,650.4740042576128
1971.422000000006,625.3436768995929,650.4740042576128
1971.7030000000086,625.3521264761963,650.4740042576128
1972.0,625.3596790034892,650.4740042576128
1972.297000000006,625.3240891810615,650.4740042576128
1972.5780000000086,625.3432723101237,650.4740042576128
1972.875,625.3431533943692,650.4740042576128
1973.1560000000027,625.3463813061569,650.4740042576128
1973.4530000000086,625.3405023663448,650.4740042576128
1973.75,625.3350929297277,650.4740042576128
1974.047000000006,625.3423823139004,650.4740042576128
1974.3280000000086,625.3402327060187,650.4740042576128
1974.625,625.3439368423064,650.4740042576128
1974.9060000000027,625.3322581170028,650.4740042576128
1975.1870000000054,625.3356660097947,650.4740042576128
1975.468000000008,625.3263822774015,650.4740042576128
1975.7649999999994,625.3374600397459,650.4740042576128
1976.0620000000054,625.3414440852684,650.4740042576128
1976.343000000008,625.3285099924274,650.4740042576128
1976.6399999999994,625.3209734323533,650.4740042576128
1976.922000000006,625.3356986086419,650.4740042576128
1977.2030000000086,625.3465627999567,650.4740042576128
1977.5,625.3495955292618,650.4740042576128
1977.7810000000027,625.3315947778538,650.4740042576128
1978.0620000000054,625.339468768602,650.4740042576128
1978.3590000000113,625.3560422041191,650.4740042576128
1978.6399999999994,625.35009673174,650.4740042576128
1978.9370000000054,625.3325926308429,650.4740042576128
1979.2340000000113,625.3453434882452,650.4740042576128
1979.5149999999994,625.3344263209202,650.4740042576128
1979.8120000000054,625.3421353375866,650.4740042576128
1980.093000000008,625.342210830996,650.4740042576128
1980.3899999999994,625.3405593346913,650.4740042576128
1980.672000000006,625.3311419257333,650.4740042576128
1980.968000000008,625.3413244496713,650.4740042576128
1981.25,625.3423933204764,650.4740042576128
1981.547000000006,625.3480351549242,650.4740042576128
1981.8280000000086,625.3407375613097,650.4740042576128
1982.125,625.33756407262,650.4740042576128
1982.4060000000027,625.3474060798837,650.4740042576128
1982.7030000000086,625.3431653420863,650.4740042576128
1982.9840000000113,625.3433052018235,650.4740042576128
1983.343000000008,625.3457124082414,650.4740042576128
1983.625,625.3385323523038,650.4740042576128
1983.9060000000027,625.3468755585905,650.4740042576128
1984.2030000000086,625.3323355558157,650.4740042576128
1984.4840000000113,625.3323656043666,650.4740042576128
1984.7810000000027,625.3410312032063,650.4740042576128
1985.0780000000086,625.3387099809512,650.4740042576128
1985.343000000008,625.3525751261199,650.4740042576128
1985.6399999999994,625.3466738162817,650.4740042576128
1985.9370000000054,625.3363085772825,650.4740042576128
1986.218000000008,625.3385646839517,650.4740042576128
1986.5149999999994,625.3486773204139,650.4740042576128
1986.797000000006,625.3341626841866,650.4740042576128
1987.093000000008,625.3454094304547,650.4740042576128
1987.375,625.3399131965278,650.4740042576128
1987.672000000006,625.336645195654,650.4740042576128
1987.9530000000086,625.3409016435005,650.4740042576128
1988.25,625.3342235866563,650.4740042576128
1988.547000000006,625.3364797201734,650.4740042576128
1988.8280000000086,625.3450237168428,650.4740042576128
1989.1090000000113,625.3447349604965,650.4740042576128
1989.4060000000027,625.3380435346752,650.4740042576128
1989.6870000000054,625.342600327954,650.4740042576128
1989.9840000000113,625.33232344699,650.4740042576128
1990.2810000000027,625.3402995991025,650.4740042576128
1990.547000000006,625.3410845748599,650.4740042576128
1990.8590000000113,625.3444231287502,650.4740042576128
1991.125,625.3245525930853,650.4740042576128
1991.422000000006,625.349254218182,650.4740042576128
1991.7030000000086,625.3368297160557,650.4740042576128
1992.0,625.3325086469893,650.4740042576128
1992.2810000000027,625.3484029808251,650.4740042576128
1992.5620000000054,625.3462902933186,650.4740042576128
1992.8590000000113,625.3355372813895,650.4740042576128
1993.1399999999994,625.3458753984175,650.4740042576128
1993.422000000006,625.3454905476638,650.4740042576128
1993.7030000000086,625.3334955788707,650.4740042576128
1994.0,625.3420258685175,650.4740042576128
1994.2810000000027,625.3414345533607,650.4740042576128
1994.5620000000054,625.3354855634309,650.4740042576128
1994.8590000000113,625.3314620153952,650.4740042576128
1995.1399999999994,625.3399965633545,650.4740042576128
1995.4370000000054,625.3484332079533,650.4740042576128
1995.718000000008,625.3347478229689,650.4740042576128
1996.0149999999994,625.3584335252871,650.4740042576128
1996.297000000006,625.3416932451566,650.4740042576128
1996.5780000000086,625.3460234242832,650.4740042576128
1996.8590000000113,625.345026152343,650.4740042576128
1997.1560000000027,625.331325987197,650.4740042576128
1997.4370000000054,625.3464017718992,650.4740042576128
1997.718000000008,625.3389277143356,650.4740042576128
1998.0149999999994,625.3382747380791,650.4740042576128
1998.297000000006,625.3337404966777,650.4740042576128
1998.593000000008,625.3360146951254,650.4740042576128
1998.875,625.3386425906621,650.4740042576128
1999.1560000000027,625.3460787460683,650.4740042576128
1999.4370000000054,625.3332007188226,650.4740042576128
1999.718000000008,625.3273484395954,650.4740042576128
2000.0149999999994,625.3368764387061,650.4740042576128
2000.297000000006,625.346762688575,650.4740042576128
2000.5780000000086,625.3330320316151,650.4740042576128
2000.8590000000113,625.3431718025472,650.4740042576128
2001.1399999999994,625.3318242820421,650.4740042576128
2001.4370000000054,625.3401937635807,650.4740042576128
2001.718000000008,625.3413481981588,650.4740042576128
2002.0149999999994,625.3531207936994,650.4740042576128
2002.297000000006,625.339757028481,650.4740042576128
2002.593000000008,625.3350899233479,650.4740042576128
2002.875,625.3306825385727,650.4740042576128
2003.1560000000027,625.3320257664143,650.4740042576128
2003.4530000000086,625.3332585875235,650.4740042576128
2003.7340000000113,625.3331896911213,650.4740042576128
2004.0149999999994,625.3468130182009,650.4740042576128
2004.3120000000054,625.344903552529,650.4740042576128
2004.593000000008,625.3498646082664,650.4740042576128
2004.875,625.3349537241656,650.4740042576128
2005.1560000000027,625.3353291895544,650.4740042576128
2005.4370000000054,625.3379283208344,650.4740042576128
2005.718000000008,625.3341931994661,650.4740042576128
2006.0,625.3456737708735,650.4740042576128
2006.2810000000027,625.3429703741181,650.4740042576128
2006.5620000000054,625.3410023531765,650.4740042576128
2006.843000000008,625.3430587935012,650.4740042576128
2007.1399999999994,625.333648379567,650.4740042576128
2007.4370000000054,625.3465345901587,650.4740042576128
2007.718000000008,625.3434178102482,650.4740042576128
2008.0,625.3626911124384,650.4740042576128
2008.2810000000027,625.3288587440688,650.4740042576128
2008.5780000000086,625.3365790996729,650.4740042576128
2008.875,625.3404447084737,650.4740042576128
2009.1560000000027,625.3452273776946,650.4740042576128
2009.4370000000054,625.3451795673975,650.4740042576128
2009.718000000008,625.332119172063,650.4740042576128
2010.0,625.3339410500992,650.4740042576128
2010.297000000006,625.3416827493768,650.4740042576128
2010.593000000008,625.3460853124745,650.4740042576128
2010.8590000000113,625.3307365650085,650.4740042576128
2011.1560000000027,625.3478891869927,650.4740042576128
2011.4370000000054,625.3358961335923,650.4740042576128
2011.718000000008,625.3438559349239,650.4740042576128
2012.0,625.3451394393915,650.4740042576128
2012.2810000000027,625.3464514557002,650.4740042576128
2012.5620000000054,625.3466983037112,650.4740042576128
2012.843000000008,625.3491894245011,650.4740042576128
2013.125,625.3428425454175,650.4740042576128
2013.422000000006,625.3429339343428,650.4740042576128
2013.7030000000086,625.3395351764004,650.4740042576128
2013.9840000000113,625.3468800915706,650.4740042576128
2014.2810000000027,625.332404478967,650.4740042576128
2014.5620000000054,625.3454034697502,650.4740042576128
2014.843000000008,625.3442843395173,650.4740042576128
2015.1399999999994,625.3443907181799,650.4740042576128
2015.4060000000027,625.3418069335273,650.4740042576128
2015.6870000000054,625.3344636062595,650.4740042576128
2015.9840000000113,625.335821474377,650.4740042576128
2016.2810000000027,625.3494210381793,650.4740042576128
2016.5620000000054,625.347651633771,650.4740042576128
2016.843000000008,625.3358812182556,650.4740042576128
2017.1399999999994,625.3446659601706,650.4740042576128
2017.422000000006,625.341184380573,650.4740042576128
2017.7030000000086,625.3457045488216,650.4740042576128
2018.0,625.339930018466,650.4740042576128
2018.2810000000027,625.3444172909984,650.4740042576128
2018.5620000000054,625.3439790592706,650.4740042576128
2018.843000000008,625.3430942328392,650.4740042576128
2019.1399999999994,625.3381830937451,650.4740042576128
2019.422000000006,625.3296647654035,650.4740042576128
2019.718000000008,625.3368146293502,650.4740042576128
2020.0,625.3365401475146,650.4740042576128
2020.2810000000027,625.3508442270648,650.4740042576128
2020.5780000000086,625.3477248090873,650.4740042576128
2020.875,625.3572672841843,650.4740042576128
2021.1560000000027,625.3360479340811,650.4740042576128
2021.4530000000086,625.3497681025889,650.4740042576128
2021.7340000000113,625.3449975360078,650.4740042576128
2022.0310000000027,625.335752465008,650.4740042576128
2022.297000000006,625.3509801565671,650.4740042576128
2022.593000000008,625.3261981898492,650.4740042576128
2022.875,625.338466943097,650.4740042576128
2023.1870000000054,625.3217535300927,650.4740042576128
2023.468000000008,625.3586572388522,650.4740042576128
2023.7340000000113,625.3323736392763,650.4740042576128
2024.047000000006,625.3374427466457,650.4740042576128
2024.3280000000086,625.3342482338195,650.4740042576128
2024.6090000000113,625.3436720975446,650.4740042576128
2024.8899999999994,625.3373943014662,650.4740042576128
2025.1870000000054,625.3315182777018,650.4740042576128
2025.468000000008,625.3405598842053,650.4740042576128
2025.7649999999994,625.3427120073244,650.4740042576128
2026.0620000000054,625.3369811945527,650.4740042576128
2026.343000000008,625.3574857103996,650.4740042576128
2026.625,625.3307734180196,650.4740042576128
2026.9060000000027,625.3380199500783,650.4740042576128
2027.2030000000086,625.3287197194763,650.4740042576128
2027.4840000000113,625.3370180829538,650.4740042576128
2027.7810000000027,625.3377282361927,650.4740042576128
2028.0620000000054,625.3535466247101,650.4740042576128
2028.3590000000113,625.3415253304798,650.4740042576128
2028.6399999999994,625.3650858785296,650.4740042576128
2028.922000000006,625.3771090468774,650.4740042576128
2029.218000000008,625.3655987741938,650.4740042576128
2029.5,625.389617022048,650.4740042576128
2029.797000000006,625.3830493710623,650.4740042576128
2030.093000000008,625.4297144164956,650.4740042576128
2030.375,625.4373998064792,650.4740042576128
2030.6560000000027,625.4311249681723,650.4740042576128
2030.968000000008,625.4403782977756,650.4740042576128
2031.25,625.4449162470811,650.4740042576128
2031.5310000000027,625.4597931546884,650.4740042576128
2031.8120000000054,625.4789337104205,650.4740042576128
2032.1090000000113,625.462130564201,650.4740042576128
2032.3899999999994,625.4844823389756,650.4740042576128
2032.6870000000054,625.5150249256361,650.4740042576128
2032.9840000000113,625.4982618977643,650.4740042576128
2033.2649999999994,625.5135625350724,650.4740042576128
2033.547000000006,625.515323423407,650.4740042576128
2033.8280000000086,625.5268301305497,650.4740042576128
2034.125,625.5188908903177,650.4740042576128
2034.422000000006,625.5287347689875,650.4740042576128
2034.7030000000086,625.533097973314,650.4740042576128
2034.9840000000113,625.5341412557033,650.4740042576128
2035.2810000000027,625.5346873495324,650.4740042576128
2035.5780000000086,625.5435701839997,650.4740042576128
2035.8590000000113,625.553191160087,650.4740042576128
2036.1399999999994,625.5589438571611,650.4740042576128
2036.4370000000054,625.5672992881381,650.4740042576128
2036.718000000008,625.5679932272135,650.4740042576128
2037.0,625.5771498098737,650.4740042576128
2037.297000000006,625.6019782541994,650.4740042576128
2037.593000000008,625.5764027257816,650.4740042576128
2037.875,625.5832093802619,650.4740042576128
2038.1560000000027,625.5869343143614,650.4740042576128
2038.4530000000086,625.6014567432114,650.4740042576128
2038.7340000000113,625.5886396709755,650.4740042576128
2039.0310000000027,625.6023484846995,650.4740042576128
2039.3120000000054,625.5969830227885,650.4740042576128
2039.6090000000113,625.630210901806,650.4740042576128
2039.875,625.6203090937204,650.4740042576128
2040.172000000006,625.6259212852133,650.4740042576128
2040.468000000008,625.6424774813233,650.4740042576128
2040.75,625.6435953832181,650.4740042576128
2041.047000000006,625.6775305968275,650.4740042576128
2041.3280000000086,625.6814360861858,650.4740042576128
2041.6090000000113,625.6749107077258,650.4740042576128
2041.9060000000027,625.690840946133,650.4740042576128
2042.1870000000054,625.6863049149056,650.4740042576128
2042.468000000008,625.6782837523989,650.4740042576128
2042.7649999999994,625.6590761950588,650.4740042576128
2043.0620000000054,625.6881037138213,650.4740042576128
2043.3590000000113,625.6641443436886,650.4740042576128
2043.6560000000027,625.6786268268502,650.4740042576128
2043.922000000006,625.6710379131885,650.4740042576128
2044.218000000008,625.6666090208473,650.4740042576128
2044.5,625.6838794169608,650.4740042576128
2044.797000000006,625.6744893418569,650.4740042576128
2045.0780000000086,625.6705463213825,650.4740042576128
2045.375,625.6629041463424,650.4740042576128
2045.672000000006,625.6618501841601,650.4740042576128
2045.9530000000086,625.6601241791343,650.4740042576128
2046.25,625.662210496263,650.4740042576128
2046.5310000000027,625.6568773532078,650.4740042576128
2046.8280000000086,625.6673250135949,650.4740042576128
2047.1090000000113,625.6632388971168,650.4740042576128
2047.4060000000027,625.6580720852171,650.4740042576128
2047.7030000000086,625.6649421925301,650.4740042576128
2047.9840000000113,625.6515691656306,650.4740042576128
2048.2649999999994,625.6498472320827,650.4740042576128
2048.547000000006,625.6627859521174,650.4740042576128
2048.843000000008,625.6603348107391,650.4740042576128
2049.125,625.6674973834866,650.4740042576128
2049.422000000006,625.657433585706,650.4740042576128
2049.718000000008,625.6762018994618,650.4740042576128
2050.0,625.6424222640597,650.4740042576128
2050.2810000000027,625.6602107202286,650.4740042576128
2050.5780000000086,625.6614064910118,650.4740042576128
2050.875,625.6687875666544,650.4740042576128
2051.1560000000027,625.6528805047609,650.4740042576128
2051.4530000000086,625.6479931483221,650.4740042576128
2051.7340000000113,625.665222010424,650.4740042576128
2052.0310000000027,625.6589164380905,650.4740042576128
2052.3120000000054,625.6601910748328,650.4740042576128
2052.6090000000113,625.6557150613029,650.4740042576128
2052.9060000000027,625.6605844410572,650.4740042576128
2053.1870000000054,625.6517607655745,650.4740042576128
2053.468000000008,625.6634616276206,650.4740042576128
2053.7810000000027,625.6621251178275,650.4740042576128
2054.047000000006,625.6639964639573,650.4740042576128
2054.343000000008,625.6625199506086,650.4740042576128
2054.6399999999994,625.6719747078552,650.4740042576128
2054.922000000006,625.5989203674707,650.4740042576128
2055.218000000008,625.5189662059669,650.4740042576128
2055.5,625.4642551615195,650.4740042576128
2055.797000000006,625.4276488842798,650.4740042576128
2056.093000000008,625.4172505128925,650.4740042576128
2056.375,625.401540999111,650.4740042576128
2056.672000000006,625.3909834776954,650.4740042576128
2056.9530000000086,625.369981567664,650.4740042576128
2057.25,625.3768660984695,650.4740042576128
2057.547000000006,625.353008609788,650.4740042576128
2057.8280000000086,625.3326901602358,650.4740042576128
2058.125,625.3437289932065,650.4740042576128
2058.4060000000027,625.3372773348534,650.4740042576128
2058.6870000000054,625.3424055844367,650.4740042576128
2058.9840000000113,625.3317516678316,650.4740042576128
2059.2649999999994,625.3210976219017,650.4740042576128
2059.5620000000054,625.3133651259386,650.4740042576128
2059.843000000008,625.3098427983862,650.4740042576128
2060.1399999999994,625.3133864652558,650.4740042576128
2060.4370000000054,625.3072108936915,650.4740042576128
2060.7340000000113,625.3092870129949,650.4740042576128
2061.0149999999994,625.3010909896676,650.4740042576128
2061.3120000000054,625.3153310208206,650.4740042576128
2061.593000000008,625.3087931499863,650.4740042576128
2061.8899999999994,625.2950634156023,650.4740042576128
2062.172000000006,625.2888024310199,650.4740042576128
2062.468000000008,625.2941219393454,650.4740042576128
2062.75,625.3014379811923,650.4740042576128
2063.0310000000027,625.2967013494149,650.4740042576128
2063.3280000000086,625.2932294010901,650.4740042576128
2063.625,625.2860633556182,650.4740042576128
2063.9060000000027,625.2926295470454,650.4740042576128
2064.2030000000086,625.2878946839257,650.4740042576128
2064.4840000000113,625.2972089246721,650.4740042576128
2064.7649999999994,625.3022074561454,650.4740042576128
2065.0620000000054,625.2965337952918,650.4740042576128
2065.343000000008,625.2890208171017,650.4740042576128
2065.6399999999994,625.2963767562987,650.4740042576128
2065.922000000006,625.2792445317612,650.4740042576128
2066.218000000008,625.2743910204864,650.4740042576128
2066.5149999999994,625.2827152168095,650.4740042576128
2066.797000000006,625.2806188493129,650.4740042576128
2067.0780000000086,625.303156985736,650.4740042576128
2067.375,625.3149620556441,650.4740042576128
2067.6560000000027,625.2771175465718,650.4740042576128
2067.9530000000086,625.3573472868471,650.4740042576128
2068.2340000000113,625.383647198053,650.4740042576128
2068.5310000000027,625.3691240328226,650.4740042576128
2068.8280000000086,625.3734011720023,650.4740042576128
2069.1090000000113,625.357457924279,650.4740042576128
2069.3899999999994,625.3651622263043,650.4740042576128
2069.6870000000054,625.3674908340566,650.4740042576128
2069.9840000000113,625.3557198591653,650.4740042576128
2070.2649999999994,625.3503589130281,650.4740042576128
2070.5780000000086,625.3481839943466,650.4740042576128
2070.8590000000113,625.3451073415763,650.4740042576128
2071.1560000000027,625.3510113781045,650.4740042576128
2071.422000000006,625.3459982612582,650.4740042576128
2071.718000000008,625.336678456764,650.4740042576128
2072.0,625.3479415959641,650.4740042576128
2072.3120000000054,625.3493478316797,650.4740042576128
2072.5780000000086,625.338814581068,650.4740042576128
2072.875,625.3421246035251,650.4740042576128
2073.1560000000027,625.3344603342177,650.4740042576128
2073.4530000000086,625.3538473073784,650.4740042576128
2073.7340000000113,625.3370369907688,650.4740042576128
2074.0310000000027,625.34474710592,650.4740042576128
2074.3280000000086,625.350322882407,650.4740042576128
2074.6090000000113,625.3425440282692,650.4740042576128
2074.8899999999994,625.3462834715064,650.4740042576128
2075.1870000000054,625.3482001089753,650.4740042576128
2075.4840000000113,625.3414067618824,650.4740042576128
2075.7649999999994,625.3436115311516,650.4740042576128
2076.0620000000054,625.3463484997742,650.4740042576128
2076.3590000000113,625.3368643314394,650.4740042576128
2076.6399999999994,625.3613959456707,650.4740042576128
2076.922000000006,625.3481417444739,650.4740042576128
2077.218000000008,625.3284659041584,650.4740042576128
2077.5,625.3407203490901,650.4740042576128
2077.797000000006,625.346617937915,650.4740042576128
2078.0780000000086,625.3616229627618,650.4740042576128
2078.375,625.3461631234925,650.4740042576128
2078.6560000000027,625.3388888393725,650.4740042576128
2078.9530000000086,625.357608513367,650.4740042576128
2079.2340000000113,625.3525723277164,650.4740042576128
2079.5149999999994,625.3360913096918,650.4740042576128
2079.8120000000054,625.336419381763,650.4740042576128
2080.093000000008,625.3219567688147,650.4740042576128
2080.3899999999994,625.2974432496453,650.4740042576128
2080.672000000006,625.3027827313622,650.4740042576128
2080.968000000008,625.3355775254525,650.4740042576128
2081.25,625.3352904930953,650.4740042576128
2081.5780000000086,625.3202965183328,650.4740042576128
2081.8590000000113,625.3322555544647,650.4740042576128
2082.1560000000027,625.316391757011,650.4740042576128
2082.4370000000054,625.3159419404145,650.4740042576128
2082.718000000008,625.3102893895253,650.4740042576128
2083.0149999999994,625.3000464806361,650.4740042576128
2083.297000000006,625.3026293883759,650.4740042576128
2083.593000000008,625.3040523019248,650.4740042576128
2083.875,625.2967462969245,650.4740042576128
2084.172000000006,625.2955084108434,650.4740042576128
2084.4530000000086,625.2948639578897,650.4740042576128
2084.75,625.3028997754826,650.4740042576128
2085.0310000000027,625.3037706076382,650.4740042576128
2085.3280000000086,625.2948098479161,650.4740042576128
2085.6090000000113,625.2997062017137,650.4740042576128
2085.8899999999994,625.3028884850576,650.4740042576128
2086.1870000000054,625.301113662358,650.4740042576128
2086.468000000008,625.291139498555,650.4740042576128
2086.7649999999994,625.2831686273965,650.4740042576128
2087.0620000000054,625.2799446722249,650.4740042576128
2087.3590000000113,625.2915375612602,650.4740042576128
2087.6399999999994,625.2871049632005,650.4740042576128
2087.9370000000054,625.3033018469242,650.4740042576128
2088.218000000008,625.2919549385284,650.4740042576128
2088.5149999999994,625.2812932013312,650.4740042576128
2088.797000000006,625.2973010947619,650.4740042576128
2089.0780000000086,625.2875102151658,650.4740042576128
2089.375,625.2855654452151,650.4740042576128
2089.6560000000027,625.2907907694265,650.4740042576128
2089.9530000000086,625.2909664143268,650.4740042576128
2090.25,625.2903837217568,650.4740042576128
2090.5310000000027,625.2835129814091,650.4740042576128
2090.8280000000086,625.28046068146,650.4740042576128
2091.1090000000113,625.2881704051537,650.4740042576128
2091.4060000000027,625.2968209155179,650.4740042576128
2091.7030000000086,625.2921492183823,650.4740042576128
2091.9840000000113,625.2780199191105,650.4740042576128
2092.2649999999994,625.2925765538566,650.4740042576128
2092.5620000000054,625.3119100243638,650.4740042576128
2092.843000000008,625.3097000442143,650.4740042576128
2093.1399999999994,625.2863342125959,650.4740042576128
2093.422000000006,625.3621832969203,650.4740042576128
2093.7030000000086,625.3627090971536,650.4740042576128
2093.9840000000113,625.3724260641567,650.4740042576128
2094.2810000000027,625.3690922791743,650.4740042576128
2094.5780000000086,625.3513775252254,650.4740042576128
2094.8590000000113,625.3489124228961,650.4740042576128
2095.1560000000027,625.3515035022103,650.4740042576128
2095.422000000006,625.3575909012148,650.4740042576128
2095.7340000000113,625.3524901847809,650.4740042576128
2096.0149999999994,625.3577081347635,650.4740042576128
2096.297000000006,625.3476435929944,650.4740042576128
2096.6090000000113,625.3512326100114,650.4740042576128
2096.8899999999994,625.3486203542352,650.4740042576128
2097.172000000006,625.3363685589394,650.4740042576128
2097.468000000008,625.3467376001144,650.4740042576128
2097.75,625.3488344246106,650.4740042576128
2098.047000000006,625.3468146998399,650.4740042576128
2098.3280000000086,625.3454323015915,650.4740042576128
2098.6090000000113,625.3469481482279,650.4740042576128
2098.9060000000027,625.3462039747038,650.4740042576128
2099.2030000000086,625.3413749558324,650.4740042576128
2099.4840000000113,625.3010784053928,650.4740042576128
2099.7649999999994,625.3560162366801,650.4740042576128
2100.047000000006,625.365757678569,650.4740042576128
2100.343000000008,625.3820069170922,650.4740042576128
2100.6399999999994,625.3823328432123,650.4740042576128
2100.922000000006,625.3742440861979,650.4740042576128
2101.218000000008,625.3559511855084,650.4740042576128
2101.5,625.3490401463696,650.4740042576128
2101.797000000006,625.3676782858331,650.4740042576128
2102.093000000008,625.3557622951759,650.4740042576128
2102.375,625.355836931586,650.4740042576128
2102.672000000006,625.3556070299484,650.4740042576128
2102.9530000000086,625.3601157326715,650.4740042576128
2103.25,625.3520578361753,650.4740042576128
2103.5310000000027,625.356301136459,650.4740042576128
2103.8280000000086,625.3496045067828,650.4740042576128
2104.1090000000113,625.3653059025412,650.4740042576128
2104.3899999999994,625.3439237959763,650.4740042576128
2104.6870000000054,625.3574378285243,650.4740042576128
2104.968000000008,625.343938588165,650.4740042576128
2105.2649999999994,625.3553029921017,650.4740042576128
2105.5620000000054,625.3396025996364,650.4740042576128
2105.843000000008,625.3376550220622,650.4740042576128
2106.1399999999994,625.3586963137707,650.4740042576128
2106.422000000006,625.3489974899928,650.4740042576128
2106.718000000008,625.3595155632195,650.4740042576128
2107.0,625.3498745171781,650.4740042576128
2107.297000000006,625.3511345574233,650.4740042576128
2107.593000000008,625.356161277946,650.4740042576128
2107.875,625.3428708106231,650.4740042576128
2108.172000000006,625.3593056320392,650.4740042576128
2108.4530000000086,625.345170317995,650.4740042576128
2108.75,625.3392066863718,650.4740042576128
2109.0310000000027,625.36223840863,650.4740042576128
2109.3280000000086,625.3499739601273,650.4740042576128
2109.6090000000113,625.3420334622947,650.4740042576128
2109.9060000000027,625.3389706142804,650.4740042576128
2110.1870000000054,625.3594849806882,650.4740042576128
2110.468000000008,625.350275923273,650.4740042576128
2110.7649999999994,625.339246171395,650.4740042576128
2111.047000000006,625.3528169304549,650.4740042576128
2111.343000000008,625.3342560293378,650.4740042576128
2111.625,625.3711775786793,650.4740042576128
2111.9060000000027,625.3527855209086,650.4740042576128
2112.2030000000086,625.3504482801801,650.4740042576128
2112.5,625.3519289624348,650.4740042576128
2112.7649999999994,625.3682610829017,650.4740042576128
2113.0620000000054,625.3624485971911,650.4740042576128
2113.3590000000113,625.3665082120572,650.4740042576128
2113.6399999999994,625.4021452547681,650.4740042576128
2113.9370000000054,625.4291668542417,650.4740042576128
2114.2340000000113,625.4274097884402,650.4740042576128
2114.5149999999994,625.4518490077256,650.4740042576128
2114.8120000000054,625.4619866519467,650.4740042576128
2115.093000000008,625.4820596682978,650.4740042576128
2115.4060000000027,625.4869792478994,650.4740042576128
2115.6870000000054,625.5149431428521,650.4740042576128
2115.9840000000113,625.5124051152789,650.4740042576128
2116.2649999999994,625.5227317589125,650.4740042576128
2116.547000000006,625.5274848090722,650.4740042576128
2116.8280000000086,625.5418481120405,650.4740042576128
2117.125,625.5436383771851,650.4740042576128
2117.422000000006,625.5440374302548,650.4740042576128
2117.718000000008,625.5749334736574,650.4740042576128
2118.0,625.5658418213619,650.4740042576128
2118.297000000006,625.5850634790352,650.4740042576128
2118.5780000000086,625.5801641429432,650.4740042576128
2118.875,625.5853055653076,650.4740042576128
2119.172000000006,625.6139903407013,650.4740042576128
2119.4530000000086,625.6024755941064,650.4740042576128
2119.75,625.6217077740324,650.4740042576128
2120.0310000000027,625.6138452103053,650.4740042576128
2120.3120000000054,625.6200918565823,650.4740042576128
2120.593000000008,625.6282855301641,650.4740042576128
2120.8899999999994,625.6432225276404,650.4740042576128
2121.172000000006,625.6514401370902,650.4740042576128
2121.468000000008,625.6522481968442,650.4740042576128
2121.7649999999994,625.6532002411878,650.4740042576128
2122.047000000006,625.6616242408226,650.4740042576128
2122.3280000000086,625.6639591758184,650.4740042576128
2122.625,625.6843000292324,650.4740042576128
2122.922000000006,625.6822156974976,650.4740042576128
2123.2030000000086,625.683670801135,650.4740042576128
2123.5,625.689458082107,650.4740042576128
2123.7810000000027,625.6929364094922,650.4740042576128
2124.0780000000086,625.6958719237037,650.4740042576128
2124.375,625.7002979497848,650.4740042576128
2124.6560000000027,625.7059811657882,650.4740042576128
2124.9530000000086,625.7050440347352,650.4740042576128
2125.2340000000113,625.7157893280611,650.4740042576128
2125.5310000000027,625.7227958816646,650.4740042576128
2125.8120000000054,625.7134582572728,650.4740042576128
2126.1090000000113,625.7386222382061,650.4740042576128
2126.4060000000027,625.7276368971101,650.4740042576128
2126.672000000006,625.7435178846538,650.4740042576128
2126.968000000008,625.7279801058601,650.4740042576128
2127.2649999999994,625.7343773993136,650.4740042576128
2127.5310000000027,625.7587457620768,650.4740042576128
2127.8280000000086,625.7332524053407,650.4740042576128
2128.1090000000113,625.7510974666009,650.4740042576128
2128.4060000000027,625.7520115574563,650.4740042576128
2128.7030000000086,625.7526787539933,650.4740042576128
2129.0,625.7745332056772,650.4740042576128
2129.2810000000027,625.781231581028,650.4740042576128
2129.5780000000086,625.7679271752852,650.4740042576128
2129.8590000000113,625.7818838398757,650.4740042576128
2130.1399999999994,625.784186489698,650.4740042576128
2130.422000000006,625.7938624330482,650.4740042576128
2130.718000000008,625.7976795394472,650.4740042576128
2131.0149999999994,625.8069385932064,650.4740042576128
2131.297000000006,625.7812635910843,650.4740042576128
2131.593000000008,625.8057383728922,650.4740042576128
2131.875,625.7955333417865,650.4740042576128
2132.172000000006,625.7989321589992,650.4740042576128
2132.468000000008,625.8180244616283,650.4740042576128
2132.7340000000113,625.8143069123801,650.4740042576128
2133.0310000000027,625.8050996573194,650.4740042576128
2133.3120000000054,625.8158974816043,650.4740042576128
2133.6090000000113,625.8279542862275,650.4740042576128
2133.9060000000027,625.828789818175,650.4740042576128
2134.172000000006,625.8263384228796,650.4740042576128
2134.468000000008,625.83136784222,650.4740042576128
2134.7649999999994,625.84626423517,650.4740042576128
2135.047000000006,625.8461468955562,650.4740042576128
2135.343000000008,625.8321548565935,650.4740042576128
2135.625,625.846519987529,650.4740042576128
2135.922000000006,625.8547851891781,650.4740042576128
2136.218000000008,625.8475756524592,650.4740042576128
2136.5,625.8540275639566,650.4740042576128
2136.797000000006,625.8562084042729,650.4740042576128
2137.0780000000086,625.860603626181,650.4740042576128
2137.3590000000113,625.8741793972102,650.4740042576128
2137.6560000000027,625.8670118013994,650.4740042576128
2137.9370000000054,625.86171641926,650.4740042576128
2138.218000000008,625.8717270779063,650.4740042576128
2138.547000000006,625.8798878121781,650.4740042576128
2138.8280000000086,625.8804816463136,650.4740042576128
2139.125,625.8809887070928,650.4740042576128
2139.3899999999994,625.8812651885281,650.4740042576128
2139.6870000000054,625.895232374221,650.4740042576128
2139.968000000008,625.8974945338899,650.4740042576128
2140.2649999999994,625.8902995859823,650.4740042576128
2140.547000000006,625.896678833685,650.4740042576128
2140.843000000008,625.8857189812596,650.4740042576128
2141.1399999999994,625.8888469688502,650.4740042576128
2141.422000000006,625.8953533138754,650.4740042576128
2141.718000000008,625.8941036193036,650.4740042576128
2142.0,625.9122474069982,650.4740042576128
2142.297000000006,625.9042550061408,650.4740042576128
2142.593000000008,625.9068977270255,650.4740042576128
2142.875,625.9180249405069,650.4740042576128
2143.172000000006,625.9209586702679,650.4740042576128
2143.4530000000086,625.9107674183116,650.4740042576128
2143.75,625.9125490006164,650.4740042576128
2144.0310000000027,625.9411670719767,650.4740042576128
2144.3120000000054,625.929131959461,650.4740042576128
2144.6090000000113,625.9297056919321,650.4740042576128
2144.8899999999994,625.9162897235148,650.4740042576128
2145.1870000000054,625.9358360096909,650.4740042576128
2145.4840000000113,625.9430405505417,650.4740042576128
2145.7649999999994,625.9340898204842,650.4740042576128
2146.0620000000054,625.9487912561417,650.4740042576128
2146.343000000008,625.9461385458187,650.4740042576128
2146.6399999999994,625.9433456238161,650.4740042576128
2146.922000000006,625.9415584391978,650.4740042576128
2147.218000000008,625.9481460249606,650.4740042576128
2147.5,625.9557247349364,650.4740042576128
2147.797000000006,625.9687201054846,650.4740042576128
2148.093000000008,625.9606123610249,650.4740042576128
2148.375,625.9543078782925,650.4740042576128
2148.6870000000054,625.9744702215366,650.4740042576128
2148.968000000008,625.9597380437688,650.4740042576128
2149.25,625.9741194089889,650.4740042576128
2149.547000000006,625.9665128584077,650.4740042576128
2149.843000000008,625.974770992559,650.4740042576128
2150.1090000000113,625.9741388098292,650.4740042576128
2150.4060000000027,625.9752905604187,650.4740042576128
2150.6870000000054,625.9776969259661,650.4740042576128
2150.9840000000113,625.9678835716777,650.4740042576128
2151.3120000000054,625.9778395213913,650.4740042576128
2151.593000000008,626.0044658565689,650.4740042576128
2151.8899999999994,625.9735887203617,650.4740042576128
2152.172000000006,625.9850285573708,650.4740042576128
2152.468000000008,626.0036177576211,650.4740042576128
2152.7649999999994,625.9725705342601,650.4740042576128
2153.0310000000027,626.0156850495098,650.4740042576128
2153.3280000000086,626.0147798153167,650.4740042576128
2153.625,626.0032160600055,650.4740042576128
2153.9060000000027,625.9951801996114,650.4740042576128
2154.1870000000054,626.0027930194501,650.4740042576128
2154.4840000000113,625.9945576452769,650.4740042576128
2154.7649999999994,626.0189704459286,650.4740042576128
2155.0620000000054,626.0060083881008,650.4740042576128
2155.343000000008,626.0138560512611,650.4740042576128
2155.6399999999994,626.0167582180723,650.4740042576128
2155.922000000006,626.0140853355745,650.4740042576128
2156.218000000008,626.0143035235272,650.4740042576128
2156.5,626.0091944943279,650.4740042576128
2156.797000000006,626.0233230621146,650.4740042576128
2157.0780000000086,626.0426408368849,650.4740042576128
2157.375,626.0134807740354,650.4740042576128
2157.672000000006,626.038014847853,650.4740042576128
2157.9530000000086,626.0115308487354,650.4740042576128
2158.25,626.0260278113392,650.4740042576128
2158.5310000000027,626.0424024996667,650.4740042576128
2158.8280000000086,626.0453249803056,650.4740042576128
2159.1090000000113,626.0344384544363,650.4740042576128
2159.4060000000027,626.0464949997819,650.4740042576128
2159.6870000000054,626.024325851696,650.4740042576128
2159.9840000000113,626.0427895157922,650.4740042576128
2160.2649999999994,626.0405934227142,650.4740042576128
2160.5620000000054,626.0440671208048,650.4740042576128
2160.843000000008,626.0509519968898,650.4740042576128
2161.125,626.0471024504036,650.4740042576128
2161.422000000006,626.0575782323173,650.4740042576128
2161.7030000000086,626.055079142169,650.4740042576128
2162.0,626.0560320924551,650.4740042576128
2162.297000000006,626.0671611190703,650.4740042576128
2162.5780000000086,626.0556431059555,650.4740042576128
2162.875,626.0723940573902,650.4740042576128
2163.1560000000027,626.058207461087,650.4740042576128
2163.4530000000086,626.0610788158823,650.4740042576128
2163.7340000000113,626.0657901060804,650.4740042576128
2164.0310000000027,626.068724705891,650.4740042576128
2164.3120000000054,626.0703007883334,650.4740042576128
2164.6090000000113,626.0692303626333,650.4740042576128
2164.8899999999994,626.0802109388342,650.4740042576128
2165.1870000000054,626.0722469999693,650.4740042576128
2165.4840000000113,626.0712961838259,650.4740042576128
2165.7649999999994,626.0651563474145,650.4740042576128
2166.0620000000054,626.0716403145095,650.4740042576128
2166.343000000008,626.0766742389806,650.4740042576128
2166.6399999999994,626.073127764511,650.4740042576128
2166.922000000006,626.0786380546342,650.4740042576128
2167.2030000000086,626.0923155594553,650.4740042576128
2167.5,626.0915011853017,650.4740042576128
2167.7810000000027,626.087203281544,650.4740042576128
2168.0780000000086,626.0914919233012,650.4740042576128
2168.3590000000113,626.0966723497254,650.4740042576128
2168.6560000000027,626.0960760716362,650.4740042576128
2168.9370000000054,626.1038988675575,650.4740042576128
2169.2340000000113,626.0835090440963,650.4740042576128
2169.5310000000027,626.0951283609733,650.4740042576128
2169.843000000008,626.0905679017349,650.4740042576128
2170.1090000000113,626.0900245027195,650.4740042576128
2170.4060000000027,626.1027395282796,650.4740042576128
2170.6870000000054,626.1137823740092,650.4740042576128
2170.9840000000113,626.105332056203,650.4740042576128
2171.2810000000027,626.0954371906929,650.4740042576128
2171.5620000000054,626.1070258455351,650.4740042576128
2171.843000000008,626.1177456828798,650.4740042576128
2172.125,626.1189399344441,650.4740042576128
2172.422000000006,626.124605053086,650.4740042576128
2172.7030000000086,626.1117105962142,650.4740042576128
2172.9840000000113,626.1310923531388,650.4740042576128
2173.2810000000027,626.1264220380274,650.4740042576128
2173.5620000000054,626.1228706578078,650.4740042576128
2173.8590000000113,626.113021969864,650.4740042576128
2174.1399999999994,626.1072253432495,650.4740042576128
2174.4370000000054,626.1224248910161,650.4740042576128
2174.7340000000113,626.122634032876,650.4740042576128
2175.0149999999994,626.1298835896008,650.4740042576128
2175.3590000000113,626.1093920818669,650.4740042576128
2175.6399999999994,626.1215095118079,650.4740042576128
2175.922000000006,626.1132316889345,650.4740042576128
2176.218000000008,626.132408071613,650.4740042576128
2176.5149999999994,626.1202310903287,650.4740042576128
2176.797000000006,626.1352235964076,650.4740042576128
2177.0780000000086,626.132840650817,650.4740042576128
2177.3590000000113,626.124781727821,650.4740042576128
2177.6560000000027,626.1376751601723,650.4740042576128
2177.9370000000054,626.1406429157599,650.4740042576128
2178.2340000000113,626.1437489066806,650.4740042576128
2178.5310000000027,626.1353602361818,650.4740042576128
2178.797000000006,626.1374664632737,650.4740042576128
2179.093000000008,626.13243806918,650.4740042576128
2179.375,626.1407367605084,650.4740042576128
2179.672000000006,626.1347767720076,650.4740042576128
2179.9530000000086,626.1472136842904,650.4740042576128
2180.25,626.144602434703,650.4740042576128
2180.5780000000086,626.1801978186962,650.4740042576128
2180.8590000000113,626.1757923289631,650.4740042576128
2181.1399999999994,626.1837079748198,650.4740042576128
2181.422000000006,626.1798223258278,650.4740042576128
2181.718000000008,626.1903676945981,650.4740042576128
2182.0,626.1828228353755,650.4740042576128
2182.297000000006,626.185088103763,650.4740042576128
2182.5780000000086,626.1909581205651,650.4740042576128
2182.875,626.1848772510936,650.4740042576128
2183.172000000006,626.1880053831895,650.4740042576128
2183.4530000000086,626.1857719407823,650.4740042576128
2183.7340000000113,626.1706918350837,650.4740042576128
2184.0149999999994,626.1735639009124,650.4740042576128
2184.3120000000054,626.1743740960898,650.4740042576128
2184.593000000008,626.1719328686985,650.4740042576128
2184.8899999999994,626.1793514784246,650.4740042576128
2185.172000000006,626.168484429774,650.4740042576128
2185.468000000008,626.1639882611987,650.4740042576128
2185.7340000000113,626.1752313573742,650.4740042576128
2186.0310000000027,626.1641857398913,650.4740042576128
2186.3280000000086,626.1667112367835,650.4740042576128
2186.6090000000113,626.1766219055346,650.4740042576128
2186.9060000000027,626.181223672295,650.4740042576128
2187.1870000000054,626.1816661929086,650.4740042576128
2187.468000000008,626.1871835490125,650.4740042576128
2187.75,626.172119016049,650.4740042576128
2188.047000000006,626.168615435041,650.4740042576128
2188.3280000000086,626.1436789563566,650.4740042576128
2188.625,626.1671189907851,650.4740042576128
2188.922000000006,626.1689537351273,650.4740042576128
2189.2030000000086,626.1692607210542,650.4740042576128
2189.4840000000113,626.1765487381559,650.4740042576128
2189.7649999999994,626.1631000133618,650.4740042576128
2190.0620000000054,626.1617995565981,650.4740042576128
2190.3590000000113,626.1640931446435,650.4740042576128
2190.6560000000027,626.1762925401533,650.4740042576128
2190.9370000000054,626.1649444605576,650.4740042576128
2191.2340000000113,626.1595047872567,650.4740042576128
2191.5149999999994,626.1718968656693,650.4740042576128
2191.8120000000054,626.1678290900649,650.4740042576128
2192.1090000000113,626.1630078701312,650.4740042576128
2192.375,626.1754749615126,650.4740042576128
2192.672000000006,626.167780158829,650.4740042576128
2192.9530000000086,626.1640817149607,650.4740042576128
2193.25,626.159244611659,650.4740042576128
2193.5310000000027,626.165609954897,650.4740042576128
2193.8280000000086,626.1516294037682,650.4740042576128
2194.125,626.1645767090042,650.4740042576128
2194.4060000000027,626.1623588689524,650.4740042576128
2194.7030000000086,626.1807211364808,650.4740042576128
2194.9840000000113,626.1674566233238,650.4740042576128
2195.2810000000027,626.1685721780443,650.4740042576128
2195.5780000000086,626.1610539432119,650.4740042576128
2195.8590000000113,626.1564367704223,650.4740042576128
2196.1399999999994,626.175421889631,650.4740042576128
2196.422000000006,626.1699658589015,650.4740042576128
2196.718000000008,626.1607105243035,650.4740042576128
2197.0149999999994,626.1669937983348,650.4740042576128
2197.297000000006,626.1705319646295,650.4740042576128
2197.5780000000086,626.144082656951,650.4740042576128
2197.875,626.1660792619897,650.4740042576128
2198.1560000000027,626.1716109067264,650.4740042576128
2198.4530000000086,626.1561422993068,650.4740042576128
2198.7340000000113,626.1659571734117,650.4740042576128
2199.0310000000027,626.1675927521777,650.4740042576128
2199.3590000000113,626.1653282539962,650.4740042576128
2199.6399999999994,626.1789336965237,650.4740042576128
2199.9370000000054,626.1461569854355,650.4740042576128
2200.218000000008,626.1548627828466,650.4740042576128
2200.5149999999994,626.1557814612702,650.4740042576128
2200.797000000006,626.1380931091176,650.4740042576128
2201.093000000008,626.1660392870751,650.4740042576128
2201.375,626.1552263082282,650.4740042576128
2201.672000000006,626.1562883116297,650.4740042576128
2201.968000000008,626.1632262876564,650.4740042576128
2202.25,626.1613091247453,650.4740042576128
2202.547000000006,626.1429939533529,650.4740042576128
2202.8280000000086,626.1593334627407,650.4740042576128
2203.125,626.1502304998619,650.4740042576128
2203.4060000000027,626.1494180601366,650.4740042576128
2203.7030000000086,626.1576929033943,650.4740042576128
2203.9840000000113,626.1612174950072,650.4740042576128
2204.2649999999994,626.1608711474538,650.4740042576128
2204.547000000006,626.1580356821738,650.4740042576128
2204.843000000008,626.1827097638484,650.4740042576128
2205.1399999999994,626.1602293500893,650.4740042576128
2205.422000000006,626.1572328899904,650.4740042576128
2205.718000000008,626.1669731013768,650.4740042576128
2206.0,626.163050918202,650.4740042576128
2206.297000000006,626.1555834229531,650.4740042576128
2206.5780000000086,626.1583773314036,650.4740042576128
2206.8590000000113,626.1767674362296,650.4740042576128
2207.1560000000027,626.1726223858092,650.4740042576128
2207.4370000000054,626.151895175739,650.4740042576128
2207.7340000000113,626.1694481984555,650.4740042576128
2208.0149999999994,626.154696526719,650.4740042576128
2208.3120000000054,626.1558366236407,650.4740042576128
2208.593000000008,626.1638851742806,650.4740042576128
2208.875,626.1566018476663,650.4740042576128
2209.1560000000027,626.1559216964655,650.4740042576128
2209.4530000000086,626.1720281724542,650.4740042576128
2209.75,626.1564685779769,650.4740042576128
2210.0310000000027,626.1595770266943,650.4740042576128
2210.3280000000086,626.1638374417414,650.4740042576128
2210.593000000008,626.1522774108573,650.4740042576128
2210.8899999999994,626.1677305008641,650.4740042576128
2211.172000000006,626.1556003372912,650.4740042576128
2211.4840000000113,626.1544698153439,650.4740042576128
2211.7649999999994,626.1591016637708,650.4740042576128
2212.0620000000054,626.1632123008235,650.4740042576128
2212.343000000008,626.1599898328354,650.4740042576128
2212.6399999999994,626.1650712731732,650.4740042576128
2212.922000000006,626.15957613335,650.4740042576128
2213.2030000000086,626.1570297529659,650.4740042576128
2213.5,626.1671678729225,650.4740042576128
2213.7810000000027,626.1641832905336,650.4740042576128
2214.0780000000086,626.1520991388614,650.4740042576128
2214.3590000000113,626.1651488435172,650.4740042576128
2214.6560000000027,626.1484886908696,650.4740042576128
2214.9370000000054,626.1634803842294,650.4740042576128
2215.218000000008,626.1549268960696,650.4740042576128
2215.5149999999994,626.1682729342438,650.4740042576128
2215.797000000006,626.1559133143428,650.4740042576128
2216.093000000008,626.165415610025,650.4740042576128
2216.3899999999994,626.154313830503,650.4740042576128
2216.6870000000054,626.156642761088,650.4740042576128
2216.968000000008,626.1500819853144,650.4740042576128
2217.2649999999994,626.1638430249172,650.4740042576128
2217.547000000006,626.1702833034735,650.4740042576128
2217.843000000008,626.1548375217619,650.4740042576128
2218.1399999999994,626.171282844586,650.4740042576128
2218.422000000006,626.1655700697944,650.4740042576128
2218.718000000008,626.1562816346312,650.4740042576128
2218.9840000000113,626.159879683876,650.4740042576128
2219.2810000000027,626.1545037601647,650.4740042576128
2219.5620000000054,626.1628470693348,650.4740042576128
2219.8590000000113,626.1689126286138,650.4740042576128
2220.1560000000027,626.1572851582551,650.4740042576128
2220.4370000000054,626.1626449636817,650.4740042576128
2220.7340000000113,626.1596351207355,650.4740042576128
2221.0149999999994,626.1505089202385,650.4740042576128
2221.3120000000054,626.1477158043614,650.4740042576128
2221.6090000000113,626.1544894797255,650.4740042576128
2221.8899999999994,626.161882084027,650.4740042576128
2222.172000000006,626.1513660512959,650.4740042576128
2222.468000000008,626.16284216362,650.4740042576128
2222.7649999999994,626.1493038740871,650.4740042576128
2223.047000000006,626.1500729234665,650.4740042576128
2223.375,626.1507947265526,650.4740042576128
2223.672000000006,626.1484942020711,650.4740042576128
2223.9370000000054,626.1506188503342,650.4740042576128
2224.2340000000113,626.1652555742627,650.4740042576128
2224.5310000000027,626.1540236675402,650.4740042576128
2224.8120000000054,626.1651505104433,650.4740042576128
2225.1090000000113,626.1606647894849,650.4740042576128
2225.3899999999994,626.1605118763523,650.4740042576128
2225.6870000000054,626.1727102391416,650.4740042576128
2225.968000000008,626.1602368074128,650.4740042576128
2226.2649999999994,626.1643611219738,650.4740042576128
2226.547000000006,626.1614149863025,650.4740042576128
2226.8280000000086,626.1597239496465,650.4740042576128
2227.125,626.1550949156319,650.4740042576128
2227.4060000000027,626.1599714019443,650.4740042576128
2227.7030000000086,626.1642973700676,650.4740042576128
2227.9840000000113,626.1622998869378,650.4740042576128
2228.2810000000027,626.179800786807,650.4740042576128
2228.5620000000054,626.1607872126835,650.4740042576128
2228.8590000000113,626.1554481241176,650.4740042576128
2229.125,626.1741201553671,650.4740042576128
2229.422000000006,626.1649851902392,650.4740042576128
2229.718000000008,626.1640230175265,650.4740042576128
2230.0,626.1578147258522,650.4740042576128
2230.297000000006,626.1565314788038,650.4740042576128
2230.5780000000086,626.1594116005431,650.4740042576128
2230.8590000000113,626.1684974469257,650.4740042576128
2231.1560000000027,626.1447519564379,650.4740042576128
2231.4370000000054,626.1592802595337,650.4740042576128
2231.7340000000113,626.1575580875387,650.4740042576128
2232.0310000000027,626.1606978601598,650.4740042576128
2232.3120000000054,626.1612753950203,650.4740042576128
2232.593000000008,626.1442145887689,650.4740042576128
2232.875,626.1671218700826,650.4740042576128
2233.1560000000027,626.1616866356828,650.4740042576128
2233.4530000000086,626.1571146339652,650.4740042576128
2233.75,626.1722951405359,650.4740042576128
2234.0310000000027,626.1507989880184,650.4740042576128
2234.3120000000054,626.1619023943617,650.4740042576128
2234.593000000008,626.1647937210208,650.4740042576128
2234.8899999999994,626.1661312536861,650.4740042576128
2235.172000000006,626.1415761561802,650.4740042576128
2235.468000000008,626.1513122893897,650.4740042576128
2235.75,626.1655246350062,650.4740042576128
2236.047000000006,626.1696665007382,650.4740042576128
2236.3280000000086,626.1602061176384,650.4740042576128
2236.625,626.1643091544369,650.4740042576128
2236.922000000006,626.1624391921159,650.4740042576128
2237.2030000000086,626.167478730094,650.4740042576128
2237.4840000000113,626.1713289415268,650.4740042576128
2237.7810000000027,626.1628271926369,650.4740042576128
2238.0780000000086,626.1665891776369,650.4740042576128
2238.3590000000113,626.157945251991,650.4740042576128
2238.6399999999994,626.1505009866789,650.4740042576128
2238.922000000006,626.161665536308,650.4740042576128
2239.218000000008,626.158528485307,650.4740042576128
2239.5,626.1546939862446,650.4740042576128
2239.7810000000027,626.1609568258701,650.4740042576128
2240.0620000000054,626.1553400777656,650.4740042576128
2240.343000000008,626.1610148300674,650.4740042576128
2240.6399999999994,626.17260097193,650.4740042576128
2240.922000000006,626.1696495750526,650.4740042576128
2241.218000000008,626.1653729313911,650.4740042576128
2241.5,626.1513158744822,650.4740042576128
2241.797000000006,626.1611177481066,650.4740042576128
2242.0780000000086,626.1665379807004,650.4740042576128
2242.375,626.1628396521676,650.4740042576128
2242.6399999999994,626.1601712925883,650.4740042576128
2242.9370000000054,626.1607476861911,650.4740042576128
2243.2340000000113,626.1719452202863,650.4740042576128
2243.5310000000027,626.087820057072,650.4740042576128
2243.8120000000054,625.9010255482845,650.4740042576128
2244.093000000008,625.7384572621786,650.4740042576128
2244.3899999999994,625.6311736331122,650.4740042576128
2244.6870000000054,625.5629700111582,650.4740042576128
2244.968000000008,625.5207307365719,650.4740042576128
2245.2649999999994,625.486729760113,650.4740042576128
2245.5620000000054,625.4671717177195,650.4740042576128
2245.8280000000086,625.4537294537195,650.4740042576128
2246.125,625.4317508730692,650.4740042576128
2246.422000000006,625.427638379668,650.4740042576128
2246.7030000000086,625.4149715577031,650.4740042576128
2247.0,625.4003501123182,650.4740042576128
2247.297000000006,625.3893496819741,650.4740042576128
2247.6090000000113,625.3808244457933,650.4740042576128
2247.8899999999994,625.3657200784015,650.4740042576128
2248.172000000006,625.3724333200369,650.4740042576128
2248.468000000008,625.3681227300941,650.4740042576128
2248.75,625.3528729841668,650.4740042576128
2249.047000000006,625.3565111127564,650.4740042576128
2249.3280000000086,625.3511677877289,650.4740042576128
2249.625,625.3421304728472,650.4740042576128
2249.922000000006,625.328839303871,650.4740042576128
2250.2030000000086,625.337917171876,650.4740042576128
2250.5,625.3286632145856,650.4740042576128
2250.7810000000027,625.3365877727766,650.4740042576128
2251.0780000000086,625.3320952846705,650.4740042576128
2251.3590000000113,625.338690715429,650.4740042576128
2251.6560000000027,625.3306809147285,650.4740042576128
2251.9370000000054,625.3180580488097,650.4740042576128
2252.2340000000113,625.3328743805599,650.4740042576128
2252.5149999999994,625.3320295527254,650.4740042576128
2252.8120000000054,625.3210857887001,650.4740042576128
2253.1090000000113,625.3073000780485,650.4740042576128
2253.3899999999994,625.3161152794381,650.4740042576128
2253.6870000000054,625.319879269191,650.4740042576128
2253.968000000008,625.3185104681704,650.4740042576128
2254.2649999999994,625.2958696411731,650.4740042576128
2254.5620000000054,625.3153490873785,650.4740042576128
2254.843000000008,625.3236153268199,650.4740042576128
2255.1399999999994,625.3039095879775,650.4740042576128
2255.422000000006,625.3006322603609,650.4740042576128
2255.7030000000086,625.3215357862122,650.4740042576128
2256.0,625.317194582946,650.4740042576128
2256.2810000000027,625.3226835649087,650.4740042576128
2256.5780000000086,625.3064925625322,650.4740042576128
2256.8590000000113,625.3830517618862,650.4740042576128
2257.1560000000027,625.3808881529196,650.4740042576128
2257.4530000000086,625.3808765872814,650.4740042576128
2257.7340000000113,625.3786080336944,650.4740042576128
2258.0310000000027,625.362554988937,650.4740042576128
2258.3120000000054,625.3854008941867,650.4740042576128
2258.593000000008,625.3668078439413,650.4740042576128
2258.875,625.3791874202623,650.4740042576128
2259.1560000000027,625.3662259027926,650.4740042576128
2259.4530000000086,625.3676939634748,650.4740042576128
2259.7340000000113,625.3795828505716,650.4740042576128
2260.047000000006,625.3653484543057,650.4740042576128
2260.3120000000054,625.37539770362,650.4740042576128
2260.6090000000113,625.3683014783757,650.4740042576128
2260.9060000000027,625.3748950874782,650.4740042576128
2261.1870000000054,625.3663938918443,650.4740042576128
2261.4840000000113,625.3635347970475,650.4740042576128
2261.7649999999994,625.3615949637193,650.4740042576128
2262.0620000000054,625.3529785462589,650.4740042576128
2262.3590000000113,625.3587411750545,650.4740042576128
2262.6560000000027,625.3710013806003,650.4740042576128
2262.922000000006,625.3580966233811,650.4740042576128
2263.218000000008,625.3657389243257,650.4740042576128
2263.5,625.3696655906335,650.4740042576128
2263.797000000006,625.3710811093323,650.4740042576128
2264.093000000008,625.3773760363694,650.4740042576128
2264.375,625.3479781597466,650.4740042576128
2264.672000000006,625.3730246266749,650.4740042576128
2264.9530000000086,625.3634614229596,650.4740042576128
2265.25,625.3581291312605,650.4740042576128
2265.547000000006,625.359432366582,650.4740042576128
2265.8280000000086,625.3643736418321,650.4740042576128
2266.1090000000113,625.3627772501701,650.4740042576128
2266.4060000000027,625.3508615480271,650.4740042576128
2266.7030000000086,625.3756008772482,650.4740042576128
2266.9840000000113,625.3530581380169,650.4740042576128
2267.2810000000027,625.3715415059431,650.4740042576128
2267.5620000000054,625.3667564050413,650.4740042576128
2267.843000000008,625.3662749821438,650.4740042576128
2268.1399999999994,625.3674139181454,650.4740042576128
2268.422000000006,625.3794429505188,650.4740042576128
2268.7340000000113,625.3362305530992,650.4740042576128
2269.0149999999994,625.2992268706143,650.4740042576128
2269.297000000006,625.3275964568184,650.4740042576128
2269.593000000008,625.3375967611967,650.4740042576128
2269.875,625.3390292260822,650.4740042576128
2270.172000000006,625.3388372416644,650.4740042576128
2270.4530000000086,625.3391890717895,650.4740042576128
2270.75,625.325553731497,650.4740042576128
2271.0310000000027,625.3215244866013,650.4740042576128
2271.343000000008,625.3169191797017,650.4740042576128
2271.6399999999994,625.3127380590937,650.4740042576128
2271.922000000006,625.3144499582079,650.4740042576128
2272.218000000008,625.3040752628226,650.4740042576128
2272.5,625.3198295403203,650.4740042576128
2272.7810000000027,625.3107929506763,650.4740042576128
2273.0780000000086,625.3052358309955,650.4740042576128
2273.3590000000113,625.3167353136992,650.4740042576128
2273.6560000000027,625.3042838603387,650.4740042576128
2273.9530000000086,625.30269311449,650.4740042576128
2274.2340000000113,625.3028031864819,650.4740042576128
2274.5310000000027,625.3023615244333,650.4740042576128
2274.8120000000054,625.30576939652,650.4740042576128
2275.1090000000113,625.2987322352344,650.4740042576128
2275.3899999999994,625.2912887447893,650.4740042576128
2275.6870000000054,625.2976763683981,650.4740042576128
2275.968000000008,625.3035120707975,650.4740042576128
2276.2649999999994,625.292483206322,650.4740042576128
2276.5620000000054,625.290998275614,650.4740042576128
2276.843000000008,625.2931614776069,650.4740042576128
2277.1399999999994,625.3009303994677,650.4740042576128
2277.4060000000027,625.2907654809626,650.4740042576128
2277.718000000008,625.2912101151325,650.4740042576128
2278.0,625.2952818314279,650.4740042576128
2278.2810000000027,625.3005098735449,650.4740042576128
2278.5780000000086,625.2841881280582,650.4740042576128
2278.875,625.296313953832,650.4740042576128
2279.1560000000027,625.3003127603914,650.4740042576128
2279.4530000000086,625.2928426499248,650.4740042576128
2279.75,625.2903748122857,650.4740042576128
2280.0310000000027,625.3078154924982,650.4740042576128
2280.3280000000086,625.2905661503992,650.4740042576128
2280.6090000000113,625.2943054227461,650.4740042576128
2280.8899999999994,625.2904391910871,650.4740042576128
2281.1870000000054,625.3096609474549,650.4740042576128
2281.468000000008,625.3227574333591,650.4740042576128
2281.7649999999994,625.2781179653679,650.4740042576128
2282.0620000000054,625.3553637397314,650.4740042576128
2282.343000000008,625.3708914459851,650.4740042576128
2282.6399999999994,625.3744914026043,650.4740042576128
2282.922000000006,625.3672298369856,650.4740042576128
2283.218000000008,625.3424091543066,650.4740042576128
2283.5149999999994,625.3644594939683,650.4740042576128
2283.8120000000054,625.3630288219937,650.4740042576128
2284.093000000008,625.3559500715329,650.4740042576128
2284.375,625.3559972452069,650.4740042576128
2284.672000000006,625.3579128935111,650.4740042576128
2284.968000000008,625.3490230607689,650.4740042576128
2285.2649999999994,625.3654889229515,650.4740042576128
2285.547000000006,625.3610929384492,650.4740042576128
2285.843000000008,625.3587219793554,650.4740042576128
2286.125,625.3529924322569,650.4740042576128
2286.422000000006,625.3521444703882,650.4740042576128
2286.7030000000086,625.3557313078277,650.4740042576128
2287.0,625.3641277783325,650.4740042576128
2287.2810000000027,625.3586436080177,650.4740042576128
2287.5620000000054,625.3400600092284,650.4740042576128
2287.8590000000113,625.3598211669805,650.4740042576128
2288.1399999999994,625.333977170109,650.4740042576128
2288.4370000000054,625.3299201906527,650.4740042576128
2288.7340000000113,625.3663631220985,650.4740042576128
2289.0149999999994,625.3748037477383,650.4740042576128
2289.3120000000054,625.3834270161184,650.4740042576128
2289.6090000000113,625.3738938007294,650.4740042576128
2289.8899999999994,625.3789116670181,650.4740042576128
2290.172000000006,625.3636799632345,650.4740042576128
2290.4530000000086,625.3753681760297,650.4740042576128
2290.7340000000113,625.3621292653447,650.4740042576128
2291.0149999999994,625.3540100226351,650.4740042576128
2291.3120000000054,625.3787120973044,650.4740042576128
2291.593000000008,625.3636586505619,650.4740042576128
2291.875,625.355069774066,650.4740042576128
2292.1560000000027,625.357944739673,650.4740042576128
2292.4530000000086,625.3600949461663,650.4740042576128
2292.718000000008,625.3574336388817,650.4740042576128
2293.0149999999994,625.3466843785579,650.4740042576128
2293.297000000006,625.3582570402923,650.4740042576128
2293.593000000008,625.3599052542651,650.4740042576128
2293.875,625.3507747520093,650.4740042576128
2294.172000000006,625.3481088811657,650.4740042576128
2294.4530000000086,625.3767636758273,650.4740042576128
2294.7649999999994,625.3546934013251,650.4740042576128
2295.0310000000027,625.3558289566639,650.4740042576128
2295.375,625.3520574215371,650.4740042576128
2295.6560000000027,625.3488207083701,650.4740042576128
2295.9370000000054,625.3556548646757,650.4740042576128
2296.218000000008,625.3537546685577,650.4740042576128
2296.5310000000027,625.3560651737331,650.4740042576128
2296.8120000000054,625.3639692720903,650.4740042576128
2297.093000000008,625.3516217242365,650.4740042576128
2297.375,625.347270213561,650.4740042576128
2297.672000000006,625.3523909672474,650.4740042576128
2297.9370000000054,625.3466935426856,650.4740042576128
2298.218000000008,625.345616386501,650.4740042576128
2298.5,625.3482411854742,650.4740042576128
2298.797000000006,625.352537561863,650.4740042576128
2299.0780000000086,625.3565545504449,650.4740042576128
2299.3590000000113,625.3571353986217,650.4740042576128
2299.6399999999994,625.3587851376459,650.4740042576128
2299.922000000006,625.36301521341,650.4740042576128
2300.218000000008,625.3541134121357,650.4740042576128
2300.5,625.3537566907091,650.4740042576128
2300.7810000000027,625.357068032052,650.4740042576128
2301.0620000000054,625.3567813438065,650.4740042576128
2301.3590000000113,625.3460887384506,650.4740042576128
2301.625,625.3724771363494,650.4740042576128
2301.9060000000027,625.3858655833523,650.4740042576128
2302.2030000000086,625.3832750859484,650.4740042576128
2302.4840000000113,625.3992088780903,650.4740042576128
2302.7649999999994,625.4166004641743,650.4740042576128
2303.0620000000054,625.4396537099952,650.4740042576128
2303.343000000008,625.4391224699211,650.4740042576128
2303.625,625.4589931256401,650.4740042576128
2303.922000000006,625.4810065848283,650.4740042576128
2304.2030000000086,625.492794958814,650.4740042576128
2304.4840000000113,625.4909606056567,650.4740042576128
2304.797000000006,625.5183658201962,650.4740042576128
2305.0780000000086,625.5197006709382,650.4740042576128
2305.375,625.525631116061,650.4740042576128
2305.6560000000027,625.54698495012,650.4740042576128
2305.9530000000086,625.5422717647162,650.4740042576128
2306.2340000000113,625.5639580959321,650.4740042576128
2306.5310000000027,625.5722928958181,650.4740042576128
2306.8280000000086,625.5751494552123,650.4740042576128
2307.1090000000113,625.5762005037404,650.4740042576128
2307.422000000006,625.5918338688213,650.4740042576128
2307.7030000000086,625.5825107122532,650.4740042576128
2308.0,625.5988087466864,650.4740042576128
2308.2810000000027,625.6111531616651,650.4740042576128
2308.5620000000054,625.6294288998474,650.4740042576128
2308.8590000000113,625.6104684189555,650.4740042576128
2309.1399999999994,625.6191182775681,650.4740042576128
2309.4370000000054,625.6277222004493,650.4740042576128
2309.718000000008,625.6209373627581,650.4740042576128
2310.0149999999994,625.6401106622565,650.4740042576128
2310.297000000006,625.656340964307,650.4740042576128
2310.6090000000113,625.6580547306723,650.4740042576128
2310.8899999999994,625.6666659244576,650.4740042576128
2311.172000000006,625.6585125867863,650.4740042576128
2311.468000000008,625.6724896926813,650.4740042576128
2311.75,625.6796418500377,650.4740042576128
2312.047000000006,625.662497863885,650.4740042576128
2312.343000000008,625.69199366645,650.4740042576128
2312.625,625.6759973702035,650.4740042576128
2312.922000000006,625.6954478588974,650.4740042576128
2313.1870000000054,625.6907565065691,650.4740042576128
2313.4840000000113,625.6940855644517,650.4740042576128
2313.7810000000027,625.7118220137522,650.4740042576128
2314.0620000000054,625.7222479436234,650.4740042576128
2314.3590000000113,625.7093018460937,650.4740042576128
2314.6399999999994,625.7134240926505,650.4740042576128
2314.9370000000054,625.7265908410849,650.4740042576128
2315.218000000008,625.7295515647965,650.4740042576128
2315.547000000006,625.736867282857,650.4740042576128
2315.8280000000086,625.7328801976053,650.4740042576128
2316.125,625.739852215584,650.4740042576128
2316.3899999999994,625.7493939147125,650.4740042576128
2316.6870000000054,625.7502411471472,650.4740042576128
2316.968000000008,625.7562814999263,650.4740042576128
2317.2649999999994,625.7607895266264,650.4740042576128
2317.547000000006,625.7533450177176,650.4740042576128
2317.843000000008,625.7735091386173,650.4740042576128
2318.1399999999994,625.7673734366622,650.4740042576128
2318.422000000006,625.7690857981381,650.4740042576128
2318.718000000008,625.7743879414392,650.4740042576128
2318.9840000000113,625.7731479120597,650.4740042576128
2319.343000000008,625.7789910107791,650.4740042576128
2319.625,625.790923029489,650.4740042576128
2319.922000000006,625.7984772258184,650.4740042576128
2320.2030000000086,625.7870556167817,650.4740042576128
2320.5,625.7999974429279,650.4740042576128
2320.7810000000027,625.801813223811,650.4740042576128
2321.0780000000086,625.8129923436235,650.4740042576128
2321.375,625.8002049203736,650.4740042576128
2321.6560000000027,625.8108230561744,650.4740042576128
2321.9530000000086,625.8214769322899,650.4740042576128
2322.2340000000113,625.8176097872378,650.4740042576128
2322.5310000000027,625.8031714565715,650.4740042576128
2322.8120000000054,625.8121042163258,650.4740042576128
2323.1090000000113,625.8243380239268,650.4740042576128
2323.3899999999994,625.827292946848,650.4740042576128
2323.6870000000054,625.8418780409118,650.4740042576128
2323.968000000008,625.8307738146766,650.4740042576128
2324.2649999999994,625.8436549184661,650.4740042576128
2324.547000000006,625.836589502668,650.4740042576128
2324.843000000008,625.8484778500381,650.4740042576128
2325.1399999999994,625.8605279300439,650.4740042576128
2325.422000000006,625.8509983859083,650.4740042576128
2325.7340000000113,625.867592521061,650.4740042576128
2326.0149999999994,625.8511079992536,650.4740042576128
2326.3120000000054,625.8622759879541,650.4740042576128
2326.593000000008,625.854226851235,650.4740042576128
2326.8899999999994,625.8563469119769,650.4740042576128
2327.172000000006,625.864172474033,650.4740042576128
2327.468000000008,625.8723730260662,650.4740042576128
2327.75,625.8679921532262,650.4740042576128
2328.047000000006,625.8795233933358,650.4740042576128
2328.3280000000086,625.8805981056038,650.4740042576128
2328.625,625.8855575285489,650.4740042576128
2328.9060000000027,625.882298233279,650.4740042576128
2329.2030000000086,625.8867596069568,650.4740042576128
2329.4840000000113,625.9074089436567,650.4740042576128
2329.7810000000027,625.8862700065725,650.4740042576128
2330.0620000000054,625.8952415610277,650.4740042576128
2330.343000000008,625.8918309875683,650.4740042576128
2330.625,625.9091719754168,650.4740042576128
2330.922000000006,625.8867088354735,650.4740042576128
2331.218000000008,625.9158284298411,650.4740042576128
2331.5310000000027,625.9047873331738,650.4740042576128
2331.8280000000086,625.9103588657209,650.4740042576128
2332.1090000000113,625.9189079089484,650.4740042576128
2332.4060000000027,625.9132086041549,650.4740042576128
2332.7030000000086,625.9306212990476,650.4740042576128
2332.9840000000113,625.9184800939632,650.4740042576128
2333.2810000000027,625.9217280936778,650.4740042576128
2333.5620000000054,625.9389542614141,650.4740042576128
2333.8590000000113,625.9449633244179,650.4740042576128
2334.1399999999994,625.9237707598744,650.4740042576128
2334.4370000000054,625.9494023744896,650.4740042576128
2334.718000000008,625.9283459420685,650.4740042576128
2335.0149999999994,625.9278346965128,650.4740042576128
2335.297000000006,625.9363925745454,650.4740042576128
2335.5780000000086,625.9474738230646,650.4740042576128
2335.875,625.9336385157735,650.4740042576128
2336.172000000006,625.9575557487573,650.4740042576128
2336.4530000000086,625.9401394384074,650.4740042576128
2336.7340000000113,625.949006852377,650.4740042576128
2337.0310000000027,625.9703271073506,650.4740042576128
2337.3120000000054,625.942759568228,650.4740042576128
2337.6090000000113,625.9635304696026,650.4740042576128
2337.8899999999994,625.957981556521,650.4740042576128
2338.172000000006,625.9631570194898,650.4740042576128
2338.468000000008,625.9638888824015,650.4740042576128
2338.75,625.9626858417494,650.4740042576128
2339.047000000006,625.9668528438252,650.4740042576128
2339.343000000008,625.9727221176647,650.4740042576128
2339.625,625.9796544256662,650.4740042576128
2339.922000000006,625.9817892922187,650.4740042576128
2340.2030000000086,625.9806043857363,650.4740042576128
2340.5,626.0030921702859,650.4740042576128
2340.7810000000027,625.9830773977035,650.4740042576128
2341.0620000000054,625.9799078850031,650.4740042576128
2341.3590000000113,625.9900082276032,650.4740042576128
2341.6560000000027,625.9939325000112,650.4740042576128
2341.9370000000054,625.9987824465716,650.4740042576128
2342.218000000008,625.9994839392291,650.4740042576128
2342.5149999999994,626.0088256858561,650.4740042576128
2342.797000000006,626.01120667611,650.4740042576128
2343.093000000008,625.9996812621649,650.4740042576128
2343.375,625.9971806265482,650.4740042576128
2343.672000000006,626.0068866653094,650.4740042576128
2343.9530000000086,626.0085142398099,650.4740042576128
2344.25,626.0096966408503,650.4740042576128
2344.5310000000027,626.0139411906779,650.4740042576128
2344.8280000000086,626.0207468034315,650.4740042576128
2345.125,626.0217249832442,650.4740042576128
2345.4060000000027,626.0197321358032,650.4740042576128
2345.7030000000086,626.0127268280783,650.4740042576128
2345.9840000000113,626.0199289938276,650.4740042576128
2346.2649999999994,626.0174535213788,650.4740042576128
2346.5780000000086,626.0208377868695,650.4740042576128
2346.875,626.0411659797362,650.4740042576128
2347.1560000000027,626.0263244369446,650.4740042576128
2347.4530000000086,626.0325250522112,650.4740042576128
2347.718000000008,626.0213848772286,650.4740042576128
2348.0149999999994,626.0468999133484,650.4740042576128
2348.297000000006,626.0353445625578,650.4740042576128
2348.593000000008,626.0379040966968,650.4740042576128
2348.8899999999994,626.0378263871388,650.4740042576128
2349.172000000006,626.0408376488492,650.4740042576128
2349.4530000000086,626.0375990889024,650.4740042576128
2349.75,626.0493149449533,650.4740042576128
2350.0310000000027,626.05245661732,650.4740042576128
2350.3280000000086,626.0584831559903,650.4740042576128
2350.6090000000113,626.0533594575833,650.4740042576128
2350.8899999999994,626.0597832384376,650.4740042576128
2351.172000000006,626.0589794384631,650.4740042576128
2351.468000000008,626.0490375291387,650.4740042576128
2351.7649999999994,626.0604141219646,650.4740042576128
2352.0620000000054,626.0651451594738,650.4740042576128
2352.343000000008,626.0613609750276,650.4740042576128
2352.6399999999994,626.0648723108566,650.4740042576128
2352.922000000006,626.0635039305469,650.4740042576128
2353.218000000008,626.0706177169378,650.4740042576128
2353.5,626.079718905085,650.4740042576128
2353.7810000000027,626.0702821060078,650.4740042576128
2354.0780000000086,626.0717965141292,650.4740042576128
2354.3590000000113,626.0672814039851,650.4740042576128
2354.6399999999994,626.0806033755617,650.4740042576128
2354.922000000006,626.0705453868042,650.4740042576128
2355.218000000008,626.0828678266454,650.4740042576128
2355.5,626.0696721343552,650.4740042576128
2355.797000000006,626.083245169958,650.4740042576128
2356.093000000008,626.0864098320917,650.4740042576128
2356.375,626.0956976870085,650.4740042576128
2356.6560000000027,626.0878944187015,650.4740042576128
2356.9370000000054,626.0833479494077,650.4740042576128
2357.2340000000113,626.0946748078414,650.4740042576128
2357.5620000000054,626.1007150603529,650.4740042576128
2357.843000000008,626.0877600702215,650.4740042576128
2358.1090000000113,626.1054602769066,650.4740042576128
2358.4060000000027,626.0883347418076,650.4740042576128
2358.7030000000086,626.1004830641416,650.4740042576128
2358.9840000000113,626.0975230004724,650.4740042576128
2359.2810000000027,626.096591718512,650.4740042576128
2359.547000000006,626.1039417197596,650.4740042576128
2359.843000000008,626.1107525707357,650.4740042576128
2360.1399999999994,626.108124256294,650.4740042576128
2360.422000000006,626.0990890519411,650.4740042576128
2360.718000000008,626.1037896721881,650.4740042576128
2361.0,626.1164857884213,650.4740042576128
2361.297000000006,626.1142308493137,650.4740042576128
2361.5620000000054,626.1103335980998,650.4740042576128
2361.8590000000113,626.1084154085975,650.4740042576128
2362.1560000000027,626.1185076056504,650.4740042576128
2362.4370000000054,626.1231165403899,650.4740042576128
2362.718000000008,626.1097335870465,650.4740042576128
2363.0149999999994,626.1174895277121,650.4740042576128
2363.297000000006,626.1183437035318,650.4740042576128
2363.593000000008,626.106575032841,650.4740042576128
2363.875,626.130568648474,650.4740042576128
2364.172000000006,626.1355782557732,650.4740042576128
2364.4530000000086,626.1209670560941,650.4740042576128
2364.7340000000113,626.1276827222633,650.4740042576128
2365.0310000000027,626.1257454938876,650.4740042576128
2365.3280000000086,626.135160490679,650.4740042576128
2365.6090000000113,626.1410427127381,650.4740042576128
2365.9060000000027,626.1429530513228,650.4740042576128
2366.1870000000054,626.1327635310158,650.4740042576128
2366.4840000000113,626.1435751592761,650.4740042576128
2366.75,626.1322075104805,650.4740042576128
2367.047000000006,626.132104574463,650.4740042576128
2367.3899999999994,626.1379153841062,650.4740042576128
2367.718000000008,626.134332410257,650.4740042576128
2368.0,626.1361173651192,650.4740042576128
2368.2810000000027,626.1470759239809,650.4740042576128
2368.5620000000054,626.146406511081,650.4740042576128
2368.8590000000113,626.1499866986632,650.4740042576128
2369.1560000000027,626.1388847771361,650.4740042576128
2369.4370000000054,626.1715427496792,650.4740042576128
2369.718000000008,626.1755358011725,650.4740042576128
2370.0,626.1757680204116,650.4740042576128
2370.297000000006,626.1896552244449,650.4740042576128
2370.593000000008,626.1999412201806,650.4740042576128
2370.875,626.2117164216852,650.4740042576128
2371.172000000006,626.2010864589976,650.4740042576128
2371.4530000000086,626.1833218034981,650.4740042576128
2371.7340000000113,626.1881814813618,650.4740042576128
2372.0149999999994,626.1795569149538,650.4740042576128
2372.3120000000054,626.1820539581736,650.4740042576128
2372.6090000000113,626.1731158370089,650.4740042576128
2372.8899999999994,626.1862348867631,650.4740042576128
2373.172000000006,626.1781695517313,650.4740042576128
2373.468000000008,626.1842220671865,650.4740042576128
2373.75,626.1728070972608,650.4740042576128
2374.0310000000027,626.1720165995326,650.4740042576128
2374.3280000000086,626.1846574300213,650.4740042576128
2374.6090000000113,626.1561246988555,650.4740042576128
2374.9060000000027,626.1655134025718,650.4740042576128
2375.1870000000054,626.1703623367835,650.4740042576128
2375.468000000008,626.1677100408303,650.4740042576128
2375.7649999999994,626.1705098348115,650.4740042576128
2376.047000000006,626.1575776365971,650.4740042576128
2376.343000000008,626.1718005260419,650.4740042576128
2376.625,626.1692321673985,650.4740042576128
2376.9060000000027,626.1671582888372,650.4740042576128
2377.218000000008,626.1632482365412,650.4740042576128
2377.5,626.1688993177754,650.4740042576128
2377.797000000006,626.1736341638759,650.4740042576128
2378.093000000008,626.1565820917624,650.4740042576128
2378.3590000000113,626.1677052797853,650.4740042576128
2378.6560000000027,626.16260928483,650.4740042576128
2378.9530000000086,626.1551345253359,650.4740042576128
2379.2340000000113,626.1722708372457,650.4740042576128
2379.5310000000027,626.1542875801944,650.4740042576128
2379.8120000000054,626.172574558761,650.4740042576128
2380.1090000000113,626.1530726961987,650.4740042576128
2380.4060000000027,626.1642961926628,650.4740042576128
2380.6870000000054,626.1537857394343,650.4740042576128
2380.9840000000113,626.1598966973615,650.4740042576128
2381.25,626.1671207281481,650.4740042576128
2381.547000000006,626.1523588237021,650.4740042576128
2381.843000000008,626.1652413578806,650.4740042576128
2382.125,626.1720512940718,650.4740042576128
2382.4060000000027,626.1647735541131,650.4740042576128
2382.7030000000086,626.1796000946204,650.4740042576128
2382.9840000000113,626.1569419773332,650.4740042576128
2383.2810000000027,626.1467994670148,650.4740042576128
2383.5780000000086,626.1625692999739,650.4740042576128
2383.8590000000113,626.185883590741,650.4740042576128
2384.1560000000027,626.1562129126048,650.4740042576128
2384.4370000000054,626.1659382854135,650.4740042576128
2384.718000000008,626.1631509135648,650.4740042576128
2385.0149999999994,626.1547039185394,650.4740042576128
2385.3120000000054,626.152604399918,650.4740042576128
2385.593000000008,626.1691402450315,650.4740042576128
2385.875,626.1613759028169,650.4740042576128
2386.172000000006,626.1591653068197,650.4740042576128
2386.4530000000086,626.1678674229285,650.4740042576128
2386.75,626.1659396222432,650.4740042576128
2387.0310000000027,626.1542631678608,650.4740042576128
2387.3120000000054,626.1601218988251,650.4740042576128
2387.6090000000113,626.1600270055319,650.4740042576128
2387.8899999999994,626.1683832394133,650.4740042576128
2388.1870000000054,626.1539404590825,650.4740042576128
2388.4840000000113,626.1637188847425,650.4740042576128
2388.75,626.1813602446001,650.4740042576128
2389.047000000006,626.1600235394972,650.4740042576128
2389.3280000000086,626.1599040237136,650.4740042576128
2389.625,626.1643877666311,650.4740042576128
2389.9060000000027,626.1589623589888,650.4740042576128
2390.2030000000086,626.1654565101247,650.4740042576128
2390.4840000000113,626.1580957745857,650.4740042576128
2390.7649999999994,626.1602538872447,650.4740042576128
2391.047000000006,626.161480905567,650.4740042576128
2391.3590000000113,626.1549463713626,650.4740042576128
2391.6399999999994,626.1619102284596,650.4740042576128
2391.9370000000054,626.1539915405239,650.4740042576128
2392.2340000000113,626.1612232504834,650.4740042576128
2392.5149999999994,626.154983704724,650.4740042576128
2392.8120000000054,626.1469114101678,650.4740042576128
2393.0780000000086,626.1673733616124,650.4740042576128
2393.375,626.1513605945578,650.4740042576128
2393.672000000006,626.1604770950671,650.4740042576128
2393.9530000000086,626.164835147595,650.4740042576128
2394.25,626.171104124267,650.4740042576128
2394.547000000006,626.1704428046926,650.4740042576128
2394.8280000000086,626.1707642766196,650.4740042576128
2395.1090000000113,626.1565641249623,650.4740042576128
2395.4060000000027,626.1580298724076,650.4740042576128
2395.6870000000054,626.1652246829469,650.4740042576128
2395.9840000000113,626.1628124733941,650.4740042576128
2396.2810000000027,626.1610374757297,650.4740042576128
2396.5620000000054,626.1732363892155,650.4740042576128
2396.843000000008,626.1577124055271,650.4740042576128
2397.125,626.1608070011691,650.4740042576128
2397.422000000006,626.1549332995047,650.4740042576128
2397.7030000000086,626.1533320903344,650.4740042576128
2398.0,626.1538493107953,650.4740042576128
2398.2649999999994,626.1654434998723,650.4740042576128
2398.5780000000086,626.1482581551908,650.4740042576128
2398.8590000000113,626.1587770193717,650.4740042576128
2399.1560000000027,626.1534165578078,650.4740042576128
2399.4370000000054,626.1526828175583,650.4740042576128
2399.718000000008,626.1501871904351,650.4740042576128
2400.0149999999994,626.1631091050974,650.4740042576128
2400.297000000006,626.1611905067839,650.4740042576128
2400.593000000008,626.1612186516817,650.4740042576128
2400.8590000000113,626.1581944194602,650.4740042576128
2401.1560000000027,626.1562939836509,650.4740042576128
2401.4530000000086,626.1749650391624,650.4740042576128
2401.7340000000113,626.1508237187406,650.4740042576128
2402.0310000000027,626.1576534978861,650.4740042576128
2402.3120000000054,626.1721549318399,650.4740042576128
2402.593000000008,626.1711051238298,650.4740042576128
2402.8899999999994,626.1594683320882,650.4740042576128
2403.172000000006,626.1588594389517,650.4740042576128
2403.468000000008,626.1701524282956,650.4740042576128
2403.75,626.1548960928857,650.4740042576128
2404.047000000006,626.1582274852542,650.4740042576128
2404.3280000000086,626.1676854981336,650.4740042576128
2404.6090000000113,626.1675797382707,650.4740042576128
2404.9060000000027,626.1561662308799,650.4740042576128
2405.2030000000086,626.1485122406259,650.4740042576128
2405.4840000000113,626.1609584507992,650.4740042576128
2405.7649999999994,626.1615815043281,650.4740042576128
2406.0620000000054,626.1481781933088,650.4740042576128
2406.3590000000113,626.1584296804873,650.4740042576128
2406.6399999999994,626.1717167612649,650.4740042576128
2406.9370000000054,626.1731748572039,650.4740042576128
2407.218000000008,626.1457943999372,650.4740042576128
2407.5149999999994,626.1633252960161,650.4740042576128
2407.8120000000054,626.1686102799055,650.4740042576128
2408.093000000008,626.1606566149908,650.4740042576128
2408.3899999999994,626.1448069357203,650.4740042576128
2408.672000000006,626.1620412528025,650.4740042576128
2408.968000000008,626.161419986766,650.4740042576128
2409.25,626.1658114500025,650.4740042576128
2409.5620000000054,626.1656285347359,650.4740042576128
2409.8590000000113,626.1630454825107,650.4740042576128
2410.1399999999994,626.166158973427,650.4740042576128
2410.4370000000054,626.1633494211839,650.4740042576128
2410.718000000008,626.1708039294807,650.4740042576128
2411.0,626.1562521371748,650.4740042576128
2411.2810000000027,626.1508023284144,650.4740042576128
2411.5780000000086,626.154092337213,650.4740042576128
2411.875,626.169758499048,650.4740042576128
2412.1560000000027,626.1584153352862,650.4740042576128
2412.4530000000086,626.1566927162646,650.4740042576128
2412.7340000000113,626.1516643443069,650.4740042576128
2413.0310000000027,626.1569097192428,650.4740042576128
2413.3120000000054,626.1503199613816,650.4740042576128
2413.593000000008,626.1689602599649,650.4740042576128
2413.8899999999994,626.1678827052717,650.4740042576128
2414.172000000006,623.7343531642085,650.4740042576128
2414.468000000008,626.1583991154586,650.4740042576128
2414.75,626.1584897118906,650.4740042576128
2415.047000000006,626.1793114050419,650.4740042576128
2415.343000000008,626.1668794489752,650.4740042576128
2415.6399999999994,626.1565366659521,650.4740042576128
2415.9370000000054,626.1557590804165,650.4740042576128
2416.218000000008,626.166574916116,650.4740042576128
2416.5149999999994,626.152144135644,650.4740042576128
2416.797000000006,626.1641389737403,650.4740042576128
2417.0780000000086,626.1654116865636,650.4740042576128
2417.375,626.1612601040002,650.4740042576128
2417.6560000000027,626.1637883617793,650.4740042576128
2417.9530000000086,626.1705916668276,650.4740042576128
2418.2340000000113,626.162211870406,650.4740042576128
2418.5149999999994,626.1442678272756,650.4740042576128
2418.8120000000054,626.1663534942162,650.4740042576128
2419.1090000000113,626.1558181083049,650.4740042576128
2419.3899999999994,626.1521695643247,650.4740042576128
2419.6870000000054,626.1713884208012,650.4740042576128
2419.968000000008,626.1616805163677,650.4740042576128
2420.25,626.1579299705216,650.4740042576128
2420.547000000006,626.1552650214393,650.4740042576128
2420.8280000000086,626.1653465175849,650.4740042576128
2421.125,626.1646485178828,650.4740042576128
2421.422000000006,626.1584309482281,650.4740042576128
2421.7030000000086,626.1591816084491,650.4740042576128
2421.9840000000113,626.1590296882697,650.4740042576128
2422.2810000000027,626.1562155916596,650.4740042576128
2422.5620000000054,626.1591175118552,650.4740042576128
2422.843000000008,626.1524200330897,650.4740042576128
2423.1399999999994,626.1653938875861,650.4740042576128
2423.4370000000054,626.1643011582622,650.4740042576128
2423.718000000008,626.1616109808585,650.4740042576128
2424.0149999999994,626.1618870141023,650.4740042576128
2424.2810000000027,626.1680712387289,650.4740042576128
2424.593000000008,626.164037020307,650.4740042576128
2424.875,626.1509531074664,650.4740042576128
2425.172000000006,626.1617705938157,650.4740042576128
2425.4530000000086,626.1646760195933,650.4740042576128
2425.75,626.161912809207,650.4740042576128
2426.0310000000027,626.1748917071817,650.4740042576128
2426.3280000000086,626.1448239728765,650.4740042576128
2426.6090000000113,626.1535650778072,650.4740042576128
2426.8899999999994,626.162873353683,650.4740042576128
2427.1870000000054,626.1613592941083,650.4740042576128
2427.4840000000113,626.1630901769188,650.4740042576128
2427.7649999999994,626.1610677594907,650.4740042576128
2428.0620000000054,626.1710329801199,650.4740042576128
2428.343000000008,626.1779157000733,650.4740042576128
2428.6399999999994,626.1594347109431,650.4740042576128
2428.922000000006,626.1582421644855,650.4740042576128
2429.218000000008,626.1509043148301,650.4740042576128
2429.5,626.1739402561965,650.4740042576128
2429.797000000006,626.1743104198222,650.4740042576128
2430.0780000000086,626.1676931216655,650.4740042576128
2430.375,626.1642756127778,650.4740042576128
2430.6560000000027,626.1681008421084,650.4740042576128
2430.9530000000086,626.1661045042007,650.4740042576128
2431.2340000000113,626.1624210862062,650.4740042576128
2431.5310000000027,626.1540499356913,650.4740042576128
2431.8280000000086,626.1675997606054,650.4740042576128
2432.093000000008,626.1725625892316,650.4740042576128
2432.3899999999994,626.0434276425435,650.4740042576128
2432.6870000000054,625.845633556104,650.4740042576128
2432.968000000008,625.6935001576322,650.4740042576128
2433.25,625.6224400432369,650.4740042576128
2433.547000000006,625.5602145572428,650.4740042576128
2433.843000000008,625.5150436213431,650.4740042576128
2434.1090000000113,625.4861975233415,650.4740042576128
2434.4060000000027,625.475902308964,650.4740042576128
2434.7030000000086,625.442222196084,650.4740042576128
2434.9840000000113,625.4284603241831,650.4740042576128
2435.2810000000027,625.40749270087,650.4740042576128
2435.5780000000086,625.4116093399186,650.4740042576128
2435.875,625.4090272830954,650.4740042576128
2436.1560000000027,625.372902481229,650.4740042576128
2436.4530000000086,625.3827793110875,650.4740042576128
2436.7340000000113,625.3665124738188,650.4740042576128
2437.0310000000027,625.3673162838425,650.4740042576128
2437.3120000000054,625.3613522306614,650.4740042576128
2437.6090000000113,625.3722005681976,650.4740042576128
2437.8899999999994,625.3531053771238,650.4740042576128
2438.1870000000054,625.3646276201224,650.4740042576128
2438.4530000000086,625.3544821210113,650.4740042576128
2438.75,625.3307768105126,650.4740042576128
2439.047000000006,625.3351043840147,650.4740042576128
2439.375,625.3435257399178,650.4740042576128
2439.6560000000027,625.3298890221604,650.4740042576128
2439.9370000000054,625.335524147692,650.4740042576128
2440.2340000000113,625.3262142144745,650.4740042576128
2440.5620000000054,625.3124720410533,650.4740042576128
2440.843000000008,625.3282340409447,650.4740042576128
2441.125,625.31941099646,650.4740042576128
2441.422000000006,625.3217489062658,650.4740042576128
2441.718000000008,625.3194759870698,650.4740042576128
2442.0,625.322086205471,650.4740042576128
2442.2810000000027,625.306876425144,650.4740042576128
2442.5780000000086,625.3127019852436,650.4740042576128
2442.8590000000113,625.3161118372492,650.4740042576128
2443.1560000000027,625.3042153501141,650.4740042576128
2443.4370000000054,625.3061131247892,650.4740042576128
2443.718000000008,625.3185773514818,650.4740042576128
2444.0149999999994,625.3051430619918,650.4740042576128
2444.297000000006,625.3295275790865,650.4740042576128
2444.593000000008,625.3168183248073,650.4740042576128
2444.875,625.3261569213628,650.4740042576128
2445.172000000006,625.3225252794202,650.4740042576128
2445.4530000000086,625.3923918608516,650.4740042576128
2445.7340000000113,625.3962940034993,650.4740042576128
2446.0310000000027,625.3777749014077,650.4740042576128
2446.3120000000054,625.3790212961131,650.4740042576128
2446.6090000000113,625.3822325123441,650.4740042576128
2446.9060000000027,625.363689182067,650.4740042576128
2447.1870000000054,625.3886786715999,650.4740042576128
2447.4840000000113,625.3683027024011,650.4740042576128
2447.75,625.3752792929259,650.4740042576128
2448.0620000000054,625.3659416342817,650.4740042576128
2448.343000000008,625.3622536006905,650.4740042576128
2448.625,625.3691179891433,650.4740042576128
2448.922000000006,625.366445826377,650.4740042576128
2449.2030000000086,625.366011161173,650.4740042576128
2449.5,625.3612724035441,650.4740042576128
2449.797000000006,625.3606172093411,650.4740042576128
2450.0780000000086,625.3546128655464,650.4740042576128
2450.375,625.3571203008446,650.4740042576128
2450.672000000006,625.3608438198556,650.4740042576128
2450.9530000000086,625.355868519367,650.4740042576128
2451.25,625.3696958117563,650.4740042576128
2451.5310000000027,625.3467804278905,650.4740042576128
2451.8120000000054,625.3565251978406,650.4740042576128
2452.093000000008,625.372715399556,650.4740042576128
2452.3899999999994,625.3606116679421,650.4740042576128
2452.672000000006,625.3743186081634,650.4740042576128
2452.9530000000086,625.3631796197415,650.4740042576128
2453.2340000000113,625.3711006311373,650.4740042576128
2453.5310000000027,625.3598599642453,650.4740042576128
2453.8120000000054,625.3592507047172,650.4740042576128
2454.1090000000113,625.3702687594406,650.4740042576128
2454.375,625.3632010027245,650.4740042576128
2454.6560000000027,625.353051153012,650.4740042576128
2454.9530000000086,625.3692181647563,650.4740042576128
2455.2340000000113,625.3565431254618,650.4740042576128
2455.5149999999994,625.3658952883147,650.4740042576128
2455.797000000006,625.3669906296577,650.4740042576128
2456.093000000008,625.3604430081886,650.4740042576128
2456.375,625.368886046584,650.4740042576128
2456.6560000000027,625.3668780787035,650.4740042576128
2456.9530000000086,625.3689755186535,650.4740042576128
2457.2340000000113,625.3212507797659,650.4740042576128
2457.5310000000027,625.2902988322312,650.4740042576128
2457.8120000000054,625.3229020444998,650.4740042576128
2458.1090000000113,625.3363160787643,650.4740042576128
2458.4060000000027,625.3414753805306,650.4740042576128
2458.6870000000054,625.3419517744445,650.4740042576128
2458.9840000000113,625.3330252789884,650.4740042576128
2459.2810000000027,625.3350015296662,650.4740042576128
2459.5780000000086,625.3204286644064,650.4740042576128
2459.8590000000113,625.3328555356411,650.4740042576128
2460.1560000000027,625.3240414334607,650.4740042576128
2460.4370000000054,625.3257698913001,650.4740042576128
2460.7340000000113,625.3147367734856,650.4740042576128
2461.0149999999994,625.3171421837324,650.4740042576128
2461.3120000000054,625.3235026508537,650.4740042576128
2461.6090000000113,625.3203867229992,650.4740042576128
2461.9060000000027,625.3203223518973,650.4740042576128
2462.1870000000054,625.2998575593126,650.4740042576128
2462.4840000000113,625.3034110340622,650.4740042576128
2462.75,625.304219850501,650.4740042576128
2463.047000000006,625.3069063917138,650.4740042576128
2463.3590000000113,625.302902977034,650.4740042576128
2463.6399999999994,625.2985404343749,650.4740042576128
2463.9370000000054,625.292481711223,650.4740042576128
2464.218000000008,625.2950546197253,650.4740042576128
2464.5149999999994,625.2970794962791,650.4740042576128
2464.797000000006,625.2973080875712,650.4740042576128
2465.093000000008,625.2978652074881,650.4740042576128
2465.375,625.2910758809634,650.4740042576128
2465.672000000006,625.3095047884856,650.4740042576128
2465.968000000008,625.297137426881,650.4740042576128
2466.25,625.2925474876173,650.4740042576128
2466.5780000000086,625.2943538786685,650.4740042576128
2466.8590000000113,625.2821378509185,650.4740042576128
2467.1399999999994,625.2906816021895,650.4740042576128
2467.4370000000054,625.2976728751063,650.4740042576128
2467.718000000008,625.2797012756912,650.4740042576128
2468.0149999999994,625.2870801817072,650.4740042576128
2468.297000000006,625.2991845608665,650.4740042576128
2468.593000000008,625.2995757224462,650.4740042576128
2468.875,625.2938452844686,650.4740042576128
2469.172000000006,625.2889146639246,650.4740042576128
2469.4530000000086,625.298708046611,650.4740042576128
2469.75,625.3067140984804,650.4740042576128
2470.0310000000027,625.3167106099947,650.4740042576128
2470.3280000000086,625.2838105416557,650.4740042576128
2470.625,625.3777382846316,650.4740042576128
2470.9060000000027,625.3639869612425,650.4740042576128
2471.1870000000054,625.3914331033595,650.4740042576128
2471.4840000000113,625.3791286687363,650.4740042576128
2471.7649999999994,625.3685154880371,650.4740042576128
2472.0620000000054,625.3691047219814,650.4740042576128
2472.343000000008,625.3685723507117,650.4740042576128
2472.6560000000027,625.3704279861869,650.4740042576128
2472.9370000000054,625.3696397763562,650.4740042576128
2473.218000000008,625.3588068792484,650.4740042576128
2473.5149999999994,625.3573330252134,650.4740042576128
2473.8120000000054,625.3518126373209,650.4740042576128
2474.093000000008,625.3634277026088,650.4740042576128
2474.3899999999994,625.3479020107859,650.4740042576128
2474.672000000006,625.3534663414256,650.4740042576128
2474.9530000000086,625.3500012688305,650.4740042576128
2475.2340000000113,625.3511571480558,650.4740042576128
2475.547000000006,625.348543705353,650.4740042576128
2475.8280000000086,625.3594397385954,650.4740042576128
2476.1090000000113,625.3541264509158,650.4740042576128
2476.4060000000027,625.3549286197349,650.4740042576128
2476.718000000008,625.3209995383405,650.4740042576128
2477.0,625.3517725875761,650.4740042576128
2477.297000000006,625.3705675544796,650.4740042576128
2477.5780000000086,625.3867569799182,650.4740042576128
2477.875,625.3733044058141,650.4740042576128
2478.1560000000027,625.3858315745844,650.4740042576128
2478.4530000000086,625.3751782831366,650.4740042576128
2478.7340000000113,625.3673857957269,650.4740042576128
2479.0149999999994,625.3691573775259,650.4740042576128
2479.3120000000054,625.3652896264227,650.4740042576128
2479.6090000000113,625.3663978201354,650.4740042576128
2479.8899999999994,625.3760867857459,650.4740042576128
2480.172000000006,625.3628455565331,650.4740042576128
2480.4530000000086,625.3602261981633,650.4740042576128
2480.75,625.3724990133821,650.4740042576128
2481.047000000006,625.3562753092239,650.4740042576128
2481.3280000000086,625.3695984634415,650.4740042576128
2481.625,625.3664896826742,650.4740042576128
2481.9060000000027,625.3669896376116,650.4740042576128
2482.2030000000086,625.364218702061,650.4740042576128
2482.4840000000113,625.3509367304621,650.4740042576128
2482.7649999999994,625.3605693516379,650.4740042576128
2483.047000000006,625.355544929162,650.4740042576128
2483.343000000008,625.3642879899702,650.4740042576128
2483.6090000000113,625.3679043125586,650.4740042576128
2483.9060000000027,625.3549941204074,650.4740042576128
2484.1870000000054,625.3646552050417,650.4740042576128
2484.4840000000113,625.3625341754622,650.4740042576128
2484.7810000000027,625.3516158027712,650.4740042576128
2485.0620000000054,625.3644015482382,650.4740042576128
2485.343000000008,625.3711819476165,650.4740042576128
2485.6399999999994,625.3461806406383,650.4740042576128
2485.9370000000054,625.3661423621826,650.4740042576128
2486.218000000008,625.3599313774076,650.4740042576128
2486.5,625.3610267794893,650.4740042576128
2486.7810000000027,625.3527754288706,650.4740042576128
2487.0780000000086,625.3557183035778,650.4740042576128
2487.375,625.3619759890295,650.4740042576128
2487.6870000000054,625.3563569735202,650.4740042576128
2487.968000000008,625.3578882519254,650.4740042576128
2488.2649999999994,625.3612662218483,650.4740042576128
2488.5620000000054,625.3581764472938,650.4740042576128
2488.843000000008,625.3499399770762,650.4740042576128
2489.1399999999994,625.3506244904743,650.4740042576128
2489.422000000006,625.361320982635,650.4740042576128
2489.7030000000086,625.3622969858516,650.4740042576128
2489.9840000000113,625.3493925330594,650.4740042576128
2490.2810000000027,625.3431939346762,650.4740042576128
2490.5780000000086,625.3573065914319,650.4740042576128
2490.8590000000113,625.3546840460497,650.4740042576128
2491.1560000000027,625.3505064998682,650.4740042576128
2491.4370000000054,625.3706476894491,650.4740042576128
2491.7340000000113,625.3635656006583,650.4740042576128
2492.0149999999994,625.3568230523296,650.4740042576128
2492.297000000006,625.3451247051379,650.4740042576128
2492.6090000000113,625.3649065162382,650.4740042576128
2492.8899999999994,625.3588472581012,650.4740042576128
2493.172000000006,625.363741943201,650.4740042576128
2493.468000000008,625.3582480051857,650.4740042576128
2493.75,625.3541267696868,650.4740042576128
2494.047000000006,625.3612040547772,650.4740042576128
2494.3280000000086,625.3595558917418,650.4740042576128
2494.6090000000113,625.3639083933356,650.4740042576128
2494.9060000000027,625.360241853798,650.4740042576128
2495.1870000000054,625.3578773154325,650.4740042576128
2495.4840000000113,625.3589262251342,650.4740042576128
2495.7649999999994,625.3624965117608,650.4740042576128
2496.047000000006,625.3583224925198,650.4740042576128
2496.343000000008,625.3593939322645,650.4740042576128
2496.6399999999994,625.3581001352613,650.4740042576128
2496.922000000006,625.3569484534189,650.4740042576128
2497.218000000008,625.3683136026426,650.4740042576128
2497.5149999999994,625.3671699911,650.4740042576128
2497.797000000006,625.3500100869237,650.4740042576128
2498.093000000008,625.356123113312,650.4740042576128
2498.375,625.3550989261483,650.4740042576128
2498.672000000006,625.3560231226612,650.4740042576128
2498.9530000000086,625.34090911998,650.4740042576128
2499.25,625.3520490042358,650.4740042576128
2499.547000000006,625.3535594418862,650.4740042576128
2499.8280000000086,625.3430847362046,650.4740042576128
2500.1090000000113,625.3489589570328,650.4740042576128
2500.4060000000027,625.3545500167429,650.4740042576128
2500.6870000000054,625.3672188243225,650.4740042576128
2500.9840000000113,625.3628456079076,650.4740042576128
2501.2649999999994,625.365471672848,650.4740042576128
2501.5620000000054,625.3556675496781,650.4740042576128
2501.8590000000113,625.3495955944131,650.4740042576128
2502.1399999999994,625.3449886678919,650.4740042576128
2502.4370000000054,625.3573596586415,650.4740042576128
2502.7340000000113,625.3557706041087,650.4740042576128
2503.0149999999994,625.3551033092144,650.4740042576128
2503.3120000000054,625.3357517839385,650.4740042576128
2503.593000000008,625.339269036463,650.4740042576128
2503.8899999999994,625.3596478712765,650.4740042576128
2504.1870000000054,625.3566082041035,650.4740042576128
2504.468000000008,625.3525782700791,650.4740042576128
2504.75,625.3681775004271,650.4740042576128
2505.0310000000027,625.3546380753434,650.4740042576128
2505.3280000000086,625.3597327361686,650.4740042576128
2505.625,625.3542810214759,650.4740042576128
2505.9060000000027,625.3629678267039,650.4740042576128
2506.2030000000086,625.354059379986,650.4740042576128
2506.4840000000113,625.3428673867755,650.4740042576128
2506.7810000000027,625.3626568628265,650.4740042576128
2507.0620000000054,625.3487689909662,650.4740042576128
2507.343000000008,625.3485037189178,650.4740042576128
2507.6399999999994,625.3521484926772,650.4740042576128
2507.922000000006,625.3458973260945,650.4740042576128
2508.218000000008,625.353504284251,650.4740042576128
2508.5149999999994,625.3525953384411,650.4740042576128
2508.797000000006,625.3594151849164,650.4740042576128
2509.093000000008,625.3599849083803,650.4740042576128
2509.3899999999994,625.3466141662832,650.4740042576128
2509.6870000000054,625.3580673896982,650.4740042576128
2509.968000000008,625.3567145514763,650.4740042576128
2510.2649999999994,625.3469158973821,650.4740042576128
2510.5620000000054,625.354805687655,650.4740042576128
2510.843000000008,625.3650107200604,650.4740042576128
2511.125,625.3638631166664,650.4740042576128
2511.4370000000054,625.3627176054176,650.4740042576128
2511.718000000008,625.356603402335,650.4740042576128
2512.0,625.3512646747135,650.4740042576128
2512.297000000006,625.3515835246402,650.4740042576128
2512.5780000000086,625.3390732992248,650.4740042576128
2512.875,625.3544311543866,650.4740042576128
2513.172000000006,625.3581273125112,650.4740042576128
2513.4530000000086,625.3532458967027,650.4740042576128
2513.75,625.3425240750432,650.4740042576128
2514.0310000000027,625.3629460650619,650.4740042576128
2514.3280000000086,625.3485098339312,650.4740042576128
2514.625,625.3543814864119,650.4740042576128
2514.9060000000027,625.3632869213221,650.4740042576128
2515.2030000000086,625.3692884325746,650.4740042576128
2515.4840000000113,625.3528048670124,650.4740042576128
2515.7810000000027,625.3488221725422,650.4740042576128
2516.047000000006,625.3569286492029,650.4740042576128
2516.343000000008,625.3567573161906,650.4740042576128
2516.625,625.3475656682562,650.4740042576128
2516.9060000000027,625.3527838380799,650.4740042576128
2517.218000000008,625.3550550200785,650.4740042576128
2517.5,625.3456397104561,650.4740042576128
2517.7810000000027,625.359570309527,650.4740042576128
2518.0780000000086,625.3520799953433,650.4740042576128
2518.3590000000113,625.3451549847637,650.4740042576128
2518.6560000000027,625.3611249133481,650.4740042576128
2518.9530000000086,625.354373779259,650.4740042576128
2519.2340000000113,625.3712190989437,650.4740042576128
2519.5310000000027,625.353678594823,650.4740042576128
2519.8280000000086,625.3520435019717,650.4740042576128
2520.1090000000113,625.3535989329073,650.4740042576128
2520.4060000000027,625.3491711918119,650.4740042576128
2520.7030000000086,625.3465233755757,650.4740042576128
2520.9840000000113,625.348952637196,650.4740042576128
2521.2810000000027,625.3559514594675,650.4740042576128
2521.5620000000054,625.3480730863942,650.4740042576128
2521.8590000000113,625.3455352581843,650.4740042576128
2522.1399999999994,625.3520504248761,650.4740042576128
2522.4370000000054,625.3596999564942,650.4740042576128
2522.718000000008,625.348876903989,650.4740042576128
2523.0,625.359709366174,650.4740042576128
2523.3590000000113,625.3446192168996,650.4740042576128
2523.6560000000027,625.3385176148923,650.4740042576128
2523.9370000000054,625.3467175601771,650.4740042576128
2524.2340000000113,625.3491622799227,650.4740042576128
2524.5149999999994,625.3491458883988,650.4740042576128
2524.797000000006,625.3511829216216,650.4740042576128
2525.093000000008,625.3459318390505,650.4740042576128
2525.375,625.3510395582357,650.4740042576128
2525.672000000006,625.344400923733,650.4740042576128
2525.968000000008,625.3462994289099,650.4740042576128
2526.25,625.3491867174517,650.4740042576128
2526.5310000000027,625.359163393594,650.4740042576128
2526.8280000000086,625.3469423500712,650.4740042576128
2527.125,625.3441575547544,650.4740042576128
2527.4060000000027,625.3557275557393,650.4740042576128
2527.7030000000086,625.3409706662178,650.4740042576128
2527.9840000000113,625.3443892856125,650.4740042576128
2528.2649999999994,625.3504052186612,650.4740042576128
2528.5620000000054,625.357027779861,650.4740042576128
2528.8590000000113,625.3544927642076,650.4740042576128
2529.1399999999994,625.3573498564563,650.4740042576128
2529.4370000000054,625.3486736133109,650.4740042576128
2529.718000000008,625.3506351114956,650.4740042576128
2530.0149999999994,625.3554500934503,650.4740042576128
2530.3120000000054,625.3444174291891,650.4740042576128
2530.6090000000113,625.348453295013,650.4740042576128
2530.8899999999994,625.3487103878888,650.4740042576128
2531.172000000006,625.3514782355751,650.4740042576128
2531.468000000008,625.3563969199315,650.4740042576128
2531.75,625.3511390595357,650.4740042576128
2532.0310000000027,625.3504657224231,650.4740042576128
2532.3280000000086,625.335665574753,650.4740042576128
2532.6090000000113,625.3522610973077,650.4740042576128
2532.8899999999994,625.3526747438765,650.4740042576128
2533.1870000000054,625.3569078580881,650.4740042576128
2533.468000000008,625.3397777637018,650.4740042576128
2533.7649999999994,625.3591703911023,650.4740042576128
2534.047000000006,625.3526521105687,650.4740042576128
2534.343000000008,625.3649851562878,650.4740042576128
2534.6560000000027,625.3578677549353,650.4740042576128
2534.9370000000054,625.353085556653,650.4740042576128
2535.218000000008,625.3589532623093,650.4740042576128
2535.5149999999994,625.3664561555262,650.4740042576128
2535.7810000000027,625.3417474410002,650.4740042576128
2536.0780000000086,625.3579623060984,650.4740042576128
2536.375,625.3609486882141,650.4740042576128
2536.6560000000027,625.3477676192119,650.4740042576128
2536.9530000000086,625.3437737206118,650.4740042576128
2537.25,625.3654910909962,650.4740042576128
2537.5310000000027,625.3374716964342,650.4740042576128
2537.8280000000086,625.3486023861172,650.4740042576128
2538.1090000000113,625.3609191288454,650.4740042576128
2538.3899999999994,625.3540266548913,650.4740042576128
2538.6870000000054,625.3396228470627,650.4740042576128
2538.9840000000113,625.3566489533401,650.4740042576128
2539.2810000000027,625.3551629931078,650.4740042576128
2539.5780000000086,625.3498255779178,650.4740042576128
2539.8590000000113,625.3455562808209,650.4740042576128
2540.1399999999994,625.3567668596017,650.4740042576128
2540.4370000000054,625.3578411956461,650.4740042576128
2540.718000000008,625.3511703214848,650.4740042576128
2541.0149999999994,625.350500122602,650.4740042576128
2541.297000000006,625.3434574253904,650.4740042576128
2541.593000000008,625.3509616256539,650.4740042576128
2541.875,625.3641827416901,650.4740042576128
2542.172000000006,625.3334621285621,650.4740042576128
2542.4530000000086,625.3492436387119,650.4740042576128
2542.75,625.3398389764889,650.4740042576128
2543.047000000006,625.3435795743416,650.4740042576128
2543.3280000000086,625.3530449353765,650.4740042576128
2543.625,625.3441741619536,650.4740042576128
2543.9060000000027,625.3722690873924,650.4740042576128
2544.2030000000086,625.3624516202392,650.4740042576128
2544.4840000000113,625.3522705642018,650.4740042576128
2544.7810000000027,625.3623570822873,650.4740042576128
2545.0780000000086,625.3403098448676,650.4740042576128
2545.375,625.3508282354003,650.4740042576128
2545.6560000000027,625.3613942468127,650.4740042576128
2545.9530000000086,625.3373516697994,650.4740042576128
2546.2340000000113,625.3565843278707,650.4740042576128
2546.5310000000027,625.342073649287,650.4740042576128
2546.8120000000054,625.3423614320069,650.4740042576128
2547.1090000000113,625.3475249316181,650.4740042576128
2547.4060000000027,625.3482030940951,650.4740042576128
2547.7030000000086,625.3623612213721,650.4740042576128
2547.9840000000113,625.3488222441582,650.4740042576128
2548.2649999999994,625.3535466505613,650.4740042576128
2548.5620000000054,625.3580330532811,650.4740042576128
2548.843000000008,625.3500834071209,650.4740042576128
2549.1399999999994,625.3538029097112,650.4740042576128
2549.4370000000054,625.3527469274493,650.4740042576128
2549.718000000008,625.3451754383997,650.4740042576128
2550.0,625.374192607491,650.4740042576128
2550.297000000006,625.3425149690172,650.4740042576128
2550.593000000008,625.3501526604443,650.4740042576128
2550.875,625.3550087630231,650.4740042576128
2551.1560000000027,625.3435842684001,650.4740042576128
2551.4530000000086,625.3585339338289,650.4740042576128
2551.75,625.3456762927881,650.4740042576128
2552.0310000000027,625.3543123172719,650.4740042576128
2552.3280000000086,625.3514343053142,650.4740042576128
2552.6090000000113,625.3599369734828,650.4740042576128
2552.8899999999994,625.3610624531295,650.4740042576128
2553.1870000000054,625.3467827706726,650.4740042576128
2553.468000000008,625.34124544894,650.4740042576128
2553.7649999999994,625.353022691869,650.4740042576128
2554.0620000000054,625.3515823435001,650.4740042576128
2554.343000000008,625.3551159710622,650.4740042576128
2554.6399999999994,625.3379866170844,650.4740042576128
2554.922000000006,625.3362154726353,650.4740042576128
2555.218000000008,625.3484525036345,650.4740042576128
2555.5,625.3483945696069,650.4740042576128
2555.8120000000054,625.3582826429781,650.4740042576128
2556.093000000008,625.3398101514942,650.4740042576128
2556.3899999999994,625.3511241581864,650.4740042576128
2556.672000000006,625.3402668857785,650.4740042576128
2556.968000000008,625.3525457496745,650.4740042576128
2557.2649999999994,625.3496089991983,650.4740042576128
2557.547000000006,625.3567361954839,650.4740042576128
2557.843000000008,625.3685753402999,650.4740042576128
2558.125,625.3576413843934,650.4740042576128
2558.422000000006,625.3414610591934,650.4740042576128
2558.7030000000086,625.355607941833,650.4740042576128
2559.0,625.352571263258,650.4740042576128
2559.3590000000113,625.3502917979763,650.4740042576128
2559.6560000000027,625.3531682834157,650.4740042576128
2559.9370000000054,625.3411116827797,650.4740042576128
2560.2340000000113,625.3465157283289,650.4740042576128
2560.547000000006,625.3547249981898,650.4740042576128
2560.8280000000086,625.3549486461795,650.4740042576128
2561.125,625.3401963425598,650.4740042576128
2561.4060000000027,625.3535556989259,650.4740042576128
2561.7030000000086,625.3523448080091,650.4740042576128
2561.9840000000113,625.3553391034936,650.4740042576128
2562.2810000000027,625.3401064141227,650.4740042576128
2562.5780000000086,625.3445448593818,650.4740042576128
2562.8590000000113,625.3561832352689,650.4740042576128
2563.1560000000027,625.335429104773,650.4740042576128
2563.4370000000054,625.3441339224944,650.4740042576128
2563.718000000008,625.3512153225507,650.4740042576128
2564.0149999999994,625.3436861513667,650.4740042576128
2564.297000000006,625.3415492030883,650.4740042576128
2564.593000000008,625.3435086448217,650.4740042576128
2564.875,625.3414503741282,650.4740042576128
2565.172000000006,625.3441991392235,650.4740042576128
2565.468000000008,625.3511673864466,650.4740042576128
2565.7649999999994,625.339538740286,650.4740042576128
2566.047000000006,625.351274918205,650.4740042576128
2566.343000000008,625.3438026455746,650.4740042576128
2566.6090000000113,625.3464755376291,650.4740042576128
2566.9060000000027,625.3532912664316,650.4740042576128
2567.2030000000086,625.3414702785917,650.4740042576128
2567.4840000000113,625.346534481538,650.4740042576128
2567.7810000000027,625.3540640602878,650.4740042576128
2568.0780000000086,625.3618967309748,650.4740042576128
2568.3590000000113,625.337553833737,650.4740042576128
2568.6560000000027,625.3461986367523,650.4740042576128
2568.9370000000054,625.3512854940499,650.4740042576128
2569.2340000000113,625.3408752784568,650.4740042576128
2569.5149999999994,625.347225613845,650.4740042576128
2569.797000000006,625.3431751569294,650.4740042576128
2570.093000000008,625.3512794344472,650.4740042576128
2570.375,625.3550133790874,650.4740042576128
2570.6870000000054,625.3341453291005,650.4740042576128
2570.968000000008,625.3695764853935,650.4740042576128
2571.25,625.346044671647,650.4740042576128
2571.5620000000054,625.3537660772672,650.4740042576128
2571.843000000008,625.3482567280851,650.4740042576128
2572.1399999999994,625.3482854659662,650.4740042576128
2572.422000000006,625.3546144856915,650.4740042576128
2572.7030000000086,625.3600428576706,650.4740042576128
2573.0,625.343701677604,650.4740042576128
2573.297000000006,625.3498743172403,650.4740042576128
2573.5780000000086,625.3447262909186,650.4740042576128
2573.8590000000113,625.3481805455901,650.4740042576128
2574.1560000000027,625.3363786102301,650.4740042576128
2574.4530000000086,625.3521508495553,650.4740042576128
2574.7340000000113,625.3498022211384,650.4740042576128
2575.0310000000027,625.3349399481696,650.4740042576128
2575.3120000000054,625.3447813491705,650.4740042576128
2575.6090000000113,625.3488624187877,650.4740042576128
2575.9060000000027,625.3491554981536,650.4740042576128
2576.1870000000054,625.3447876333762,650.4740042576128
2576.468000000008,625.347167795697,650.4740042576128
2576.7649999999994,625.3423517580152,650.4740042576128
2577.047000000006,625.3542610526206,650.4740042576128
2577.343000000008,625.3514566854899,650.4740042576128
2577.625,625.3510159833234,650.4740042576128
2577.922000000006,625.345669524098,650.4740042576128
2578.218000000008,625.3504349684488,650.4740042576128
2578.5,625.3710925846993,650.4740042576128
2578.7810000000027,625.3650047354412,650.4740042576128
2579.0780000000086,625.3924854533954,650.4740042576128
2579.3590000000113,625.4243742950001,650.4740042576128
2579.6560000000027,625.4331045942728,650.4740042576128
2579.9370000000054,625.4708982052069,650.4740042576128
2580.2340000000113,625.4858575437563,650.4740042576128
2580.5149999999994,625.5215039082941,650.4740042576128
2580.8280000000086,625.5277808651497,650.4740042576128
2581.1090000000113,625.5465790082391,650.4740042576128
2581.3899999999994,625.556446302402,650.4740042576128
2581.672000000006,625.5860711723232,650.4740042576128
2581.968000000008,625.596998157607,650.4740042576128
2582.2649999999994,625.621456508257,650.4740042576128
2582.547000000006,625.625350011889,650.4740042576128
2582.843000000008,625.6464647585531,650.4740042576128
2583.125,625.6467243471636,650.4740042576128
2583.4060000000027,625.6634362035712,650.4740042576128
2583.7030000000086,625.674546345494,650.4740042576128
2583.9840000000113,625.7013383113675,650.4740042576128
2584.2649999999994,625.7136052007932,650.4740042576128
2584.5620000000054,625.7227142845803,650.4740042576128
2584.843000000008,625.7272003105359,650.4740042576128
2585.1399999999994,625.7463119338604,650.4740042576128
2585.422000000006,625.7379677191259,650.4740042576128
2585.718000000008,625.7627399102884,650.4740042576128
2586.0,625.7586378787464,650.4740042576128
2586.297000000006,625.7840239697737,650.4740042576128
2586.593000000008,625.7823060235411,650.4740042576128
2586.875,625.7897183340482,650.4740042576128
2587.172000000006,625.8095541048584,650.4740042576128
2587.4530000000086,625.8260244415278,650.4740042576128
2587.7340000000113,625.8156550622731,650.4740042576128
2588.0310000000027,625.8350871054804,650.4740042576128
2588.3120000000054,625.8357171869638,650.4740042576128
2588.6090000000113,625.8395836091026,650.4740042576128
2588.8899999999994,625.858881006043,650.4740042576128
2589.1870000000054,625.8618138962119,650.4740042576128
2589.468000000008,625.8526245212275,650.4740042576128
2589.7649999999994,625.8817529803537,650.4740042576128
2590.047000000006,625.8863167304602,650.4740042576128
2590.3280000000086,625.898747318541,650.4740042576128
2590.625,625.9134257103144,650.4740042576128
2590.922000000006,625.9249816818757,650.4740042576128
2591.2030000000086,625.9585389584546,650.4740042576128
2591.5,625.957518693972,650.4740042576128
2591.797000000006,625.9655630525505,650.4740042576128
2592.0780000000086,625.9702332074737,650.4740042576128
2592.375,625.9591889688262,650.4740042576128
2592.6560000000027,625.9505758216517,650.4740042576128
2592.9530000000086,625.9678983171641,650.4740042576128
2593.25,625.9772565500796,650.4740042576128
2593.5310000000027,625.962435466226,650.4740042576128
2593.8280000000086,625.9546741230469,650.4740042576128
2594.1090000000113,625.9644017642693,650.4740042576128
2594.4060000000027,625.9486180144751,650.4740042576128
2594.6870000000054,625.9542973555679,650.4740042576128
2594.968000000008,625.9565722588591,650.4740042576128
2595.3120000000054,625.9524174107806,650.4740042576128
2595.5780000000086,625.9389671719014,650.4740042576128
2595.875,625.9345204020393,650.4740042576128
2596.172000000006,625.949620948454,650.4740042576128
2596.4530000000086,625.9409694242468,650.4740042576128
2596.75,625.9523198906227,650.4740042576128
2597.047000000006,625.9450870428224,650.4740042576128
2597.3280000000086,625.9363454698472,650.4740042576128
2597.625,625.9494268961652,650.4740042576128
2597.8899999999994,625.9682002020162,650.4740042576128
2598.1870000000054,625.9435964657661,650.4740042576128
2598.4840000000113,625.9392984215991,650.4740042576128
2598.7649999999994,625.9391541229203,650.4740042576128
2599.0620000000054,625.9421807640808,650.4740042576128
2599.343000000008,625.9462407686244,650.4740042576128
2599.6399999999994,625.9335366171166,650.4740042576128
2599.922000000006,625.9584322528118,650.4740042576128
2600.2030000000086,625.9446066494174,650.4740042576128
2600.5,625.951592783548,650.4740042576128
2600.7810000000027,625.9446510036338,650.4740042576128
2601.093000000008,625.9405250310256,650.4740042576128
2601.375,625.9247610056537,650.4740042576128
2601.6560000000027,625.9375944974568,650.4740042576128
2601.9530000000086,625.9441446103473,650.4740042576128
2602.25,625.9511414180233,650.4740042576128
2602.5310000000027,625.9423477214197,650.4740042576128
2602.8280000000086,625.9494413734524,650.4740042576128
2603.1090000000113,625.9361562145339,650.4740042576128
2603.4060000000027,625.9414570269987,650.4740042576128
2603.7030000000086,625.954757317537,650.4740042576128
2603.9840000000113,625.9417334806168,650.4740042576128
2604.2649999999994,625.9472526169734,650.4740042576128
2604.5620000000054,625.9710578045041,650.4740042576128
2604.843000000008,625.9594792644695,650.4740042576128
2605.1399999999994,625.8387164443551,650.4740042576128
2605.422000000006,625.7025449122456,650.4740042576128
2605.718000000008,625.5867613324382,650.4740042576128
2606.0,625.5330833950316,650.4740042576128
2606.297000000006,625.4778535567518,650.4740042576128
2606.5780000000086,625.4611148409829,650.4740042576128
2606.875,625.4396137904423,650.4740042576128
2607.1560000000027,625.4198680837487,650.4740042576128
2607.4530000000086,625.408807414648,650.4740042576128
2607.75,625.3903201672215,650.4740042576128
2608.047000000006,625.3722813252774,650.4740042576128
2608.3280000000086,625.3811182315014,650.4740042576128
2608.625,625.3787714669559,650.4740042576128
2608.922000000006,625.3605349884366,650.4740042576128
2609.2030000000086,625.3600446798046,650.4740042576128
2609.5,625.3584348163643,650.4740042576128
2609.7649999999994,625.3567505401147,650.4740042576128
2610.0620000000054,625.3443417009944,650.4740042576128
2610.3590000000113,625.3495938534255,650.4740042576128
2610.6399999999994,625.3501511311565,650.4740042576128
2610.9370000000054,625.3434173754866,650.4740042576128
2611.218000000008,625.3252249087391,650.4740042576128
2611.5149999999994,625.3242773851383,650.4740042576128
2611.797000000006,625.3239874751621,650.4740042576128
2612.093000000008,625.3196810285323,650.4740042576128
2612.375,625.3229225465999,650.4740042576128
2612.6870000000054,625.3360690804701,650.4740042576128
2612.968000000008,625.3233535319861,650.4740042576128
2613.2649999999994,625.3135035645463,650.4740042576128
2613.5620000000054,625.3124155437692,650.4740042576128
2613.843000000008,625.314632462345,650.4740042576128
2614.125,625.3202184893257,650.4740042576128
2614.4060000000027,625.3138236880296,650.4740042576128
2614.7030000000086,625.3135465110748,650.4740042576128
2614.9840000000113,625.3063436932915,650.4740042576128
2615.2810000000027,625.2987957807651,650.4740042576128
2615.5620000000054,625.3094823988213,650.4740042576128
2615.8590000000113,625.2936432139177,650.4740042576128
2616.1560000000027,625.3034138220064,650.4740042576128
2616.4370000000054,625.304433580298,650.4740042576128
2616.718000000008,625.3019651808348,650.4740042576128
2617.0149999999994,625.3142460837149,650.4740042576128
2617.297000000006,625.3178310040418,650.4740042576128
2617.6090000000113,625.3180285816084,650.4740042576128
2617.9060000000027,625.2897753593305,650.4740042576128
2618.1870000000054,625.3909082791604,650.4740042576128
2618.468000000008,625.3933805781652,650.4740042576128
2618.75,625.3957588720691,650.4740042576128
2619.047000000006,625.3818434351688,650.4740042576128
2619.3590000000113,625.3723875756025,650.4740042576128
2619.6399999999994,625.3677415832165,650.4740042576128
2619.9370000000054,625.3527510627897,650.4740042576128
2620.218000000008,625.3565872262699,650.4740042576128
2620.5149999999994,625.3715523931854,650.4740042576128
2620.8120000000054,625.3671112264884,650.4740042576128
2621.093000000008,625.3617518483902,650.4740042576128
2621.3899999999994,625.3523202190703,650.4740042576128
2621.672000000006,625.3598289749115,650.4740042576128
2621.968000000008,625.374810838704,650.4740042576128
2622.25,625.3679351533729,650.4740042576128
2622.5780000000086,625.3578383205975,650.4740042576128
2622.8590000000113,625.3526911840643,650.4740042576128
2623.1399999999994,625.3651667417157,650.4740042576128
2623.4370000000054,625.3573730046224,650.4740042576128
2623.718000000008,625.3639134791512,650.4740042576128
2624.0149999999994,625.3619549224516,650.4740042576128
2624.297000000006,625.3509434292782,650.4740042576128
2624.593000000008,625.3728159179963,650.4740042576128
2624.875,625.3572555437702,650.4740042576128
2625.172000000006,625.3698059901471,650.4740042576128
2625.468000000008,625.3510606512866,650.4740042576128
2625.75,625.3532316992154,650.4740042576128
2626.0310000000027,625.3548041711429,650.4740042576128
2626.3280000000086,625.3694979226007,650.4740042576128
2626.6090000000113,625.3673032781787,650.4740042576128
2626.9060000000027,625.365497230143,650.4740042576128
2627.1870000000054,625.3610222053888,650.4740042576128
2627.4840000000113,625.3499845963175,650.4740042576128
2627.7810000000027,625.3693457769057,650.4740042576128
2628.0620000000054,625.3601717893324,650.4740042576128
2628.3590000000113,625.3581929266685,650.4740042576128
2628.6399999999994,625.3692426427034,650.4740042576128
2628.9370000000054,625.3653926807546,650.4740042576128
2629.218000000008,625.3646371713422,650.4740042576128
2629.5310000000027,625.3735322446075,650.4740042576128
2629.8120000000054,625.3623880738521,650.4740042576128
2630.1090000000113,625.3312994452651,650.4740042576128
2630.4060000000027,625.3059125309187,650.4740042576128
2630.6870000000054,625.3102095384687,650.4740042576128
2630.968000000008,625.3369602904228,650.4740042576128
2631.2649999999994,625.3357876981105,650.4740042576128
2631.547000000006,625.3431521197394,650.4740042576128
2631.843000000008,625.3401998123746,650.4740042576128
2632.125,625.3344491875871,650.4740042576128
2632.4060000000027,625.3101985137401,650.4740042576128
2632.7030000000086,625.3159325756636,650.4740042576128
2632.9840000000113,625.322160616232,650.4740042576128
2633.2810000000027,625.315990752623,650.4740042576128
2633.593000000008,625.3119714354807,650.4740042576128
2633.875,625.3227851759829,650.4740042576128
2634.172000000006,625.3161484049828,650.4740042576128
2634.4530000000086,625.30544862285,650.4740042576128
2634.75,625.3019199263016,650.4740042576128
2635.0310000000027,625.2936906700739,650.4740042576128
2635.3280000000086,625.3077659769111,650.4740042576128
2635.6090000000113,625.3067997611014,650.4740042576128
2635.9060000000027,625.2976527568605,650.4740042576128
2636.1870000000054,625.295377393622,650.4740042576128
2636.4840000000113,625.2944388863186,650.4740042576128
2636.7649999999994,625.2957746421581,650.4740042576128
2637.0620000000054,625.2898259181025,650.4740042576128
2637.3590000000113,625.3113556301031,650.4740042576128
2637.6399999999994,625.3038216817876,650.4740042576128
2637.9370000000054,625.3016735254273,650.4740042576128
2638.218000000008,625.3083156222957,650.4740042576128
2638.5149999999994,625.3055275537534,650.4740042576128
2638.8120000000054,625.2987966943505,650.4740042576128
2639.093000000008,625.2958740930335,650.4740042576128
2639.3899999999994,625.2995524877176,650.4740042576128
2639.6870000000054,625.2947448337201,650.4740042576128
2639.968000000008,625.2899694317305,650.4740042576128
2640.2649999999994,625.2960172393886,650.4740042576128
2640.547000000006,625.2887518641046,650.4740042576128
2640.8280000000086,625.2953613066352,650.4740042576128
2641.125,625.2921351448828,650.4740042576128
2641.4060000000027,625.2988274180838,650.4740042576128
2641.7030000000086,625.293475212719,650.4740042576128
2642.0,625.2915013195341,650.4740042576128
2642.2810000000027,625.2825190676058,650.4740042576128
2642.5780000000086,625.3026112174707,650.4740042576128
2642.8590000000113,625.3124490638774,650.4740042576128
2643.1560000000027,625.3013008409933,650.4740042576128
2643.4530000000086,625.3317632905889,650.4740042576128
2643.7340000000113,625.378180364208,650.4740042576128
2644.0310000000027,625.389195616725,650.4740042576128
2644.3120000000054,625.3703885235883,650.4740042576128
2644.6090000000113,625.3671164016927,650.4740042576128
2644.8899999999994,625.3697075505797,650.4740042576128
2645.172000000006,625.3586006330859,650.4740042576128
2645.468000000008,625.3696769825328,650.4740042576128
2645.75,625.3590892732142,650.4740042576128
2646.047000000006,625.3563222503684,650.4740042576128
2646.343000000008,625.3605102259883,650.4740042576128
2646.625,625.3595172485723,650.4740042576128
2646.922000000006,625.3469905990761,650.4740042576128
2647.1870000000054,625.3530493999308,650.4740042576128
2647.4840000000113,625.3615692268431,650.4740042576128
2647.7810000000027,625.3615035184406,650.4740042576128
2648.0620000000054,625.357198277155,650.4740042576128
2648.343000000008,625.3559985596503,650.4740042576128
2648.6560000000027,625.3540303036256,650.4740042576128
2648.9530000000086,625.3594205587045,650.4740042576128
2649.2340000000113,625.3608558228253,650.4740042576128
2649.5310000000027,625.3315856732032,650.4740042576128
2649.8120000000054,625.3433351400706,650.4740042576128
2650.1090000000113,625.3701816755982,650.4740042576128
2650.3899999999994,625.3832343786795,650.4740042576128
2650.6870000000054,625.3783993400319,650.4740042576128
2650.968000000008,625.3823415641597,650.4740042576128
2651.2649999999994,625.3698301372864,650.4740042576128
2651.5620000000054,625.3724379837876,650.4740042576128
2651.843000000008,625.3640203498923,650.4740042576128
2652.1399999999994,625.3692031657545,650.4740042576128
2652.4060000000027,625.3643582397033,650.4740042576128
2652.7030000000086,625.3622637013391,650.4740042576128
2653.0,625.3636081584849,650.4740042576128
2653.2810000000027,625.3717488808192,650.4740042576128
2653.5780000000086,625.3607776668773,650.4740042576128
2653.875,625.3608143608409,650.4740042576128
2654.1560000000027,625.3601541488399,650.4740042576128
2654.4370000000054,625.354095504516,650.4740042576128
2654.75,625.3582944880033,650.4740042576128
2655.0310000000027,625.3697231445057,650.4740042576128
2655.375,625.3727683353153,650.4740042576128
2655.6560000000027,625.3596947965777,650.4740042576128
2655.9530000000086,625.3569378692748,650.4740042576128
2656.25,625.3613505746333,650.4740042576128
2656.5310000000027,625.360863697702,650.4740042576128
2656.8280000000086,625.3584940162459,650.4740042576128
2657.1090000000113,625.3492442578599,650.4740042576128
2657.4060000000027,625.3574008552139,650.4740042576128
2657.6870000000054,625.3713891406929,650.4740042576128
2657.968000000008,625.3626355914348,650.4740042576128
2658.2649999999994,625.3684759347391,650.4740042576128
2658.547000000006,625.3603094816534,650.4740042576128
2658.843000000008,625.3484020629664,650.4740042576128
2659.125,625.3642730384331,650.4740042576128
2659.422000000006,625.3682549248119,650.4740042576128
2659.718000000008,625.3493760783746,650.4740042576128
2660.0149999999994,625.3535819400197,650.4740042576128
2660.297000000006,625.3679824712436,650.4740042576128
2660.593000000008,625.3633352192593,650.4740042576128
2660.875,625.3521259963653,650.4740042576128
2661.172000000006,625.3617278829032,650.4740042576128
2661.4530000000086,625.3545359180541,650.4740042576128
2661.7340000000113,625.3682360114577,650.4740042576128
2662.0310000000027,625.3690955859246,650.4740042576128
2662.3280000000086,625.3643133591191,650.4740042576128
2662.6090000000113,625.3616442342163,650.4740042576128
2662.9060000000027,625.3809275454636,650.4740042576128
2663.1870000000054,625.3607277470735,650.4740042576128
2663.4840000000113,625.3771196636982,650.4740042576128
2663.7649999999994,625.4016868316569,650.4740042576128
2664.0620000000054,625.4488148856594,650.4740042576128
2664.343000000008,625.495376614391,650.4740042576128
2664.625,625.5343178680421,650.4740042576128
2664.922000000006,625.568060463943,650.4740042576128
2665.2030000000086,625.5970922594228,650.4740042576128
2665.4840000000113,625.638105329316,650.4740042576128
2665.7810000000027,625.640024430009,650.4740042576128
2666.0620000000054,625.6588780243889,650.4740042576128
2666.3590000000113,625.6739235919758,650.4740042576128
2666.6560000000027,625.6964825586431,650.4740042576128
2666.9370000000054,625.7083837972056,650.4740042576128
2667.2340000000113,625.7417246140069,650.4740042576128
2667.5,625.7411709415031,650.4740042576128
2667.797000000006,625.7679636279112,650.4740042576128
2668.0780000000086,625.7799006689571,650.4740042576128
2668.375,625.7824977374856,650.4740042576128
2668.6560000000027,625.8023525178311,650.4740042576128
2668.9530000000086,625.8017201582858,650.4740042576128
2669.2340000000113,625.8197042263308,650.4740042576128
2669.5620000000054,625.8541419991845,650.4740042576128
2669.843000000008,625.8502822055851,650.4740042576128
2670.1399999999994,625.8529621520762,650.4740042576128
2670.4370000000054,625.880317848352,650.4740042576128
2670.718000000008,625.8820232742892,650.4740042576128
2671.0149999999994,625.8946662005786,650.4740042576128
2671.297000000006,625.9000788481125,650.4740042576128
2671.593000000008,625.9028327997743,650.4740042576128
2671.875,625.9181154323811,650.4740042576128
2672.172000000006,625.932643167931,650.4740042576128
2672.4530000000086,625.929229345963,650.4740042576128
2672.75,625.9282101119021,650.4740042576128
2673.0310000000027,625.9474048635799,650.4740042576128
2673.3280000000086,625.9555901812909,650.4740042576128
2673.6090000000113,625.967706153946,650.4740042576128
2673.9060000000027,625.9747088234816,650.4740042576128
2674.1870000000054,625.9878644743479,650.4740042576128
2674.4840000000113,625.9788403587423,650.4740042576128
2674.7649999999994,625.9810999190632,650.4740042576128
2675.047000000006,625.9975612022841,650.4740042576128
2675.343000000008,626.0117326423444,650.4740042576128
2675.625,625.9978457566036,650.4740042576128
2675.922000000006,626.0159307801953,650.4740042576128
2676.2030000000086,626.0113130080842,650.4740042576128
2676.5,626.020353997367,650.4740042576128
2676.7810000000027,626.0488416661625,650.4740042576128
2677.0620000000054,626.042226291306,650.4740042576128
2677.3590000000113,626.0430175340927,650.4740042576128
2677.6399999999994,626.0462771465046,650.4740042576128
2677.9370000000054,626.0499000257805,650.4740042576128
2678.2340000000113,626.0617407583334,650.4740042576128
2678.5,626.0648058431052,650.4740042576128
2678.797000000006,626.0801162341111,650.4740042576128
2679.093000000008,626.0681175283004,650.4740042576128
2679.375,626.0855725192237,650.4740042576128
2679.672000000006,626.0925661075185,650.4740042576128
2679.9530000000086,626.0841343619613,650.4740042576128
2680.25,626.0855092070975,650.4740042576128
2680.5620000000054,626.1049431769854,650.4740042576128
2680.8590000000113,626.0976417673569,650.4740042576128
2681.1399999999994,626.1110956103188,650.4740042576128
2681.4370000000054,626.1092961910733,650.4740042576128
2681.718000000008,626.1021582780928,650.4740042576128
2682.0149999999994,626.1138345421847,650.4740042576128
2682.297000000006,626.1215050385935,650.4740042576128
2682.593000000008,626.1377268009558,650.4740042576128
2682.875,626.1490700798552,650.4740042576128
2683.1560000000027,626.1280119996163,650.4740042576128
2683.4530000000086,626.1489618926624,650.4740042576128
2683.75,626.1607534077449,650.4740042576128
2684.0310000000027,626.1424512661339,650.4740042576128
2684.3280000000086,626.1559697463284,650.4740042576128
2684.6090000000113,626.1556285874441,650.4740042576128
2684.8899999999994,626.1508663703625,650.4740042576128
2685.1870000000054,626.1699572188737,650.4740042576128
2685.468000000008,626.1675212351645,650.4740042576128
2685.7649999999994,626.1591383033265,650.4740042576128
2686.0620000000054,626.1643891111593,650.4740042576128
2686.343000000008,626.1741636731521,650.4740042576128
2686.6399999999994,626.1718801316512,650.4740042576128
2686.922000000006,626.1768810439576,650.4740042576128
2687.2030000000086,626.1799878355441,650.4740042576128
2687.4840000000113,626.1913392768657,650.4740042576128
2687.7810000000027,626.1855403992439,650.4740042576128
2688.0620000000054,626.2002506751078,650.4740042576128
2688.3590000000113,626.2036420762414,650.4740042576128
2688.6560000000027,626.2065871637824,650.4740042576128
2688.9370000000054,626.2183636148634,650.4740042576128
2689.2340000000113,626.2062448211788,650.4740042576128
2689.5149999999994,626.2042936432454,650.4740042576128
2689.8120000000054,626.2294643726862,650.4740042576128
2690.093000000008,626.2154841911158,650.4740042576128
2690.3899999999994,626.2185863830824,650.4740042576128
2690.672000000006,626.2358311791623,650.4740042576128
2690.968000000008,626.2261706969483,650.4740042576128
2691.25,626.2298324542678,650.4740042576128
2691.5620000000054,626.2442200387602,650.4740042576128
2691.843000000008,626.2293037591444,650.4740042576128
2692.1399999999994,626.2392928661119,650.4740042576128
2692.4370000000054,626.2357863456529,650.4740042576128
2692.718000000008,626.2407097211195,650.4740042576128
2693.0149999999994,626.2334125395068,650.4740042576128
2693.297000000006,626.2500480272903,650.4740042576128
2693.593000000008,626.2552539398921,650.4740042576128
2693.8590000000113,626.2463274487466,650.4740042576128
2694.172000000006,626.2485353247423,650.4740042576128
2694.4530000000086,626.2567714283707,650.4740042576128
2694.7340000000113,626.2490732876488,650.4740042576128
2695.0310000000027,626.2528316831841,650.4740042576128
2695.3120000000054,626.2658804578662,650.4740042576128
2695.625,626.2552998752454,650.4740042576128
2695.8899999999994,626.2832417349108,650.4740042576128
2696.1870000000054,626.2727475460912,650.4740042576128
2696.468000000008,626.2804727634924,650.4740042576128
2696.7649999999994,626.2760463309698,650.4740042576128
2697.047000000006,626.2865441057077,650.4740042576128
2697.343000000008,626.2656432948319,650.4740042576128
2697.625,626.2847524360309,650.4740042576128
2697.922000000006,626.2856415555271,650.4740042576128
2698.2030000000086,626.3000622981874,650.4740042576128
2698.4840000000113,626.2750399594893,650.4740042576128
2698.7810000000027,626.2844399395553,650.4740042576128
2699.0620000000054,626.289501364733,650.4740042576128
2699.3590000000113,626.3056916472216,650.4740042576128
2699.6399999999994,626.2909406625354,650.4740042576128
2699.922000000006,626.3075802317762,650.4740042576128
2700.218000000008,626.3007371215011,650.4740042576128
2700.5,626.2974992243791,650.4740042576128
2700.8120000000054,626.2931143915882,650.4740042576128
2701.093000000008,626.3037633803162,650.4740042576128
2701.375,626.3136795226977,650.4740042576128
2701.6560000000027,626.3015259692557,650.4740042576128
2701.9530000000086,626.3119488274909,650.4740042576128
2702.2340000000113,626.3178004961829,650.4740042576128
2702.5310000000027,626.315104211665,650.4740042576128
2702.8120000000054,626.3189744025781,650.4740042576128
2703.1090000000113,626.3059185366121,650.4740042576128
2703.4060000000027,626.317676582898,650.4740042576128
2703.6870000000054,626.3126132255163,650.4740042576128
2703.9840000000113,626.3205347719892,650.4740042576128
2704.2649999999994,626.3246115778985,650.4740042576128
2704.547000000006,626.3310938929125,650.4740042576128
2704.8280000000086,626.3459564131738,650.4740042576128
2705.125,626.3400106396736,650.4740042576128
2705.422000000006,626.3240848054511,650.4740042576128
2705.7030000000086,626.3260491787682,650.4740042576128
2706.0,626.3278834814913,650.4740042576128
2706.2810000000027,626.3388998481286,650.4740042576128
2706.593000000008,626.3399810702443,650.4740042576128
2706.875,626.3352788544404,650.4740042576128
2707.1560000000027,626.3467763710561,650.4740042576128
2707.4530000000086,626.3285820043641,650.4740042576128
2707.7340000000113,626.3325213000311,650.4740042576128
2708.0310000000027,626.3489358993901,650.4740042576128
2708.3120000000054,626.3483637535056,650.4740042576128
2708.6090000000113,626.3507716870877,650.4740042576128
2708.8899999999994,626.3445249435758,650.4740042576128
2709.1870000000054,626.363519948829,650.4740042576128
2709.4840000000113,626.3563945246041,650.4740042576128
2709.7649999999994,626.361651247937,650.4740042576128
2710.047000000006,626.3583139087326,650.4740042576128
2710.3280000000086,626.3557518000504,650.4740042576128
2710.625,626.3612838305119,650.4740042576128
2710.9060000000027,626.3690266421446,650.4740042576128
2711.2030000000086,626.3651815108517,650.4740042576128
2711.4840000000113,626.3586524950599,650.4740042576128
2711.797000000006,626.3831691052018,650.4740042576128
2712.0780000000086,626.3658712028002,650.4740042576128
2712.3590000000113,626.3725157242222,650.4740042576128
2712.6560000000027,626.3748913133566,650.4740042576128
2712.9370000000054,626.3746833720149,650.4740042576128
2713.2340000000113,626.3804573973993,650.4740042576128
2713.5310000000027,626.3764964171088,650.4740042576128
2713.8120000000054,626.3661785168201,650.4740042576128
2714.1090000000113,626.3792862381634,650.4740042576128
2714.3899999999994,626.367322313536,650.4740042576128
2714.6870000000054,626.3725842644883,650.4740042576128
2714.9530000000086,626.3868301669216,650.4740042576128
2715.25,626.3891231489016,650.4740042576128
2715.5310000000027,626.3967841185607,650.4740042576128
2715.8280000000086,626.3874770158831,650.4740042576128
2716.1090000000113,626.3907329092707,650.4740042576128
2716.4060000000027,626.3954375111315,650.4740042576128
2716.7030000000086,626.3944170260617,650.4740042576128
2717.0,626.3886615361071,650.4740042576128
2717.2810000000027,626.3995806821137,650.4740042576128
2717.5780000000086,626.3884377245396,650.4740042576128
2717.8590000000113,626.3911886898852,650.4740042576128
2718.1560000000027,626.3965125250389,650.4740042576128
2718.4530000000086,626.392581138383,650.4740042576128
2718.7340000000113,626.3989105798513,650.4740042576128
2719.0310000000027,626.3925493692706,650.4740042576128
2719.3120000000054,626.40288332554,650.4740042576128
2719.6090000000113,626.3992974637583,650.4740042576128
2719.8899999999994,626.4111689946086,650.4740042576128
2720.1870000000054,626.3991150304494,650.4740042576128
2720.468000000008,626.4133071205874,650.4740042576128
2720.7649999999994,626.4014052552886,650.4740042576128
2721.0620000000054,626.4137901018628,650.4740042576128
2721.343000000008,626.4139648145774,650.4740042576128
2721.625,626.4191629510042,650.4740042576128
2721.922000000006,626.408477043647,650.4740042576128
2722.2030000000086,626.4005643171386,650.4740042576128
2722.5,626.4259015143856,650.4740042576128
2722.7810000000027,626.397911083821,650.4740042576128
2723.0780000000086,626.4197401857047,650.4740042576128
2723.3590000000113,626.4188506591946,650.4740042576128
2723.6560000000027,626.4223368278178,650.4740042576128
2723.9370000000054,626.403745021995,650.4740042576128
2724.2340000000113,626.431486364226,650.4740042576128
2724.5149999999994,626.4193665415296,650.4740042576128
2724.8120000000054,626.4196718379875,650.4740042576128
2725.093000000008,626.4181869750502,650.4740042576128
2725.3899999999994,626.4140523471988,650.4740042576128
2725.6870000000054,626.4149086787024,650.4740042576128
2725.968000000008,626.4232544458811,650.4740042576128
2726.2649999999994,626.4238364342345,650.4740042576128
2726.547000000006,626.4290163367173,650.4740042576128
2726.843000000008,626.4394678514614,650.4740042576128
2727.125,626.4326852636528,650.4740042576128
2727.422000000006,626.4364853985444,650.4740042576128
2727.718000000008,626.439679976866,650.4740042576128
2728.0,626.4404386742937,650.4740042576128
2728.297000000006,626.4252825953841,650.4740042576128
2728.5780000000086,626.4376405964442,650.4740042576128
2728.875,626.4307573737029,650.4740042576128
2729.1560000000027,626.4432728036847,650.4740042576128
2729.4530000000086,626.4337997728957,650.4740042576128
2729.7340000000113,626.4380090364966,650.4740042576128
2730.0149999999994,626.4409701810848,650.4740042576128
2730.3120000000054,626.4437375652142,650.4740042576128
2730.6090000000113,626.4477523381131,650.4740042576128
2730.8899999999994,626.4658560215278,650.4740042576128
2731.1870000000054,626.4660768237251,650.4740042576128
2731.468000000008,626.4855400106829,650.4740042576128
2731.75,626.4880384093376,650.4740042576128
2732.047000000006,626.4680395227715,650.4740042576128
2732.3280000000086,626.4643567177164,650.4740042576128
2732.625,626.4811193571779,650.4740042576128
2732.922000000006,626.4823296694987,650.4740042576128
2733.2030000000086,626.4561953653944,650.4740042576128
2733.5,626.480863290492,650.4740042576128
2733.7810000000027,626.4577385830396,650.4740042576128
2734.0780000000086,626.4611801458225,650.4740042576128
2734.3590000000113,626.4573713674829,650.4740042576128
2734.6399999999994,626.4517342417367,650.4740042576128
2734.9370000000054,626.4577080386833,650.4740042576128
2735.218000000008,626.4664110383716,650.4740042576128
2735.5149999999994,626.4620494934305,650.4740042576128
2735.797000000006,626.4522124773785,650.4740042576128
2736.0780000000086,626.4538835897259,650.4740042576128
2736.375,626.4559527904025,650.4740042576128
2736.6560000000027,626.4523792989186,650.4740042576128
2736.9370000000054,626.4539851579652,650.4740042576128
2737.218000000008,626.4519203099262,650.4740042576128
2737.5620000000054,626.4341769168482,650.4740042576128
2737.8280000000086,626.4493321115407,650.4740042576128
2738.125,626.4527981180514,650.4740042576128
2738.422000000006,626.4575464009314,650.4740042576128
2738.7030000000086,626.4509165054808,650.4740042576128
2738.9840000000113,626.4441773402436,650.4740042576128
2739.297000000006,626.4516084561328,650.4740042576128
2739.593000000008,626.4458330267556,650.4740042576128
2739.8899999999994,626.4425315714418,650.4740042576128
2740.1870000000054,626.447727760271,650.4740042576128
2740.468000000008,626.4519077210576,650.4740042576128
2740.75,626.4406491150927,650.4740042576128
2741.047000000006,626.4515136866277,650.4740042576128
2741.3280000000086,626.448577040066,650.4740042576128
2741.6090000000113,626.453682621822,650.4740042576128
2741.9060000000027,626.4534912946492,650.4740042576128
2742.1870000000054,626.4452156509179,650.4740042576128
2742.468000000008,626.4468321228786,650.4740042576128
2742.75,626.4345701618709,650.4740042576128
2743.047000000006,626.4488858052331,650.4740042576128
2743.343000000008,626.4401443606665,650.4740042576128
2743.625,626.4374533783654,650.4740042576128
2743.9060000000027,626.4480869982087,650.4740042576128
2744.2030000000086,626.4355385662691,650.4740042576128
2744.4840000000113,626.4448886470901,650.4740042576128
2744.7810000000027,626.4451370864634,650.4740042576128
2745.0620000000054,626.4413382065137,650.4740042576128
2745.3590000000113,626.447984586638,650.4740042576128
2745.6560000000027,626.4512056624683,650.4740042576128
2745.9370000000054,626.4386544211637,650.4740042576128
2746.218000000008,626.4341443865911,650.4740042576128
2746.5,626.4419760606327,650.4740042576128
2746.797000000006,626.4402111672897,650.4740042576128
2747.093000000008,626.4421572045796,650.4740042576128
2747.375,626.4443552768115,650.4740042576128
2747.672000000006,626.4475777497524,650.4740042576128
2747.9530000000086,626.4250405738925,650.4740042576128
2748.2340000000113,626.4435682515284,650.4740042576128
2748.5310000000027,626.4394702784253,650.4740042576128
2748.8280000000086,626.4341914325969,650.4740042576128
2749.1090000000113,626.4587278125767,650.4740042576128
2749.4060000000027,626.440557208416,650.4740042576128
2749.7030000000086,626.4259873359422,650.4740042576128
2749.9840000000113,626.4444970189984,650.4740042576128
2750.2649999999994,626.4350232967029,650.4740042576128
2750.547000000006,626.4450003189929,650.4740042576128
2750.843000000008,626.4441983617664,650.4740042576128
2751.125,626.4490569250385,650.4740042576128
2751.4370000000054,626.4369321856816,650.4740042576128
2751.718000000008,626.4438281920054,650.4740042576128
2752.0149999999994,626.4325376382318,650.4740042576128
2752.297000000006,626.4407327934923,650.4740042576128
2752.5780000000086,626.4391720335935,650.4740042576128
2752.875,626.4405981793286,650.4740042576128
2753.172000000006,626.4464240069567,650.4740042576128
2753.4530000000086,626.4331299280567,650.4740042576128
2753.7649999999994,626.4320087384743,650.4740042576128
2754.047000000006,626.4379886279894,650.4740042576128
2754.343000000008,626.4403704054259,650.4740042576128
2754.625,626.4353574800796,650.4740042576128
2754.922000000006,626.4429126745406,650.4740042576128
2755.2030000000086,626.4277195069186,650.4740042576128
2755.5,626.4356380754431,650.4740042576128
2755.7810000000027,626.4419338362818,650.4740042576128
2756.0780000000086,626.4284252027533,650.4740042576128
2756.375,626.436924833818,650.4740042576128
2756.6560000000027,626.4381015440741,650.4740042576128
2756.9530000000086,626.4516780720957,650.4740042576128
2757.2340000000113,626.4442936243246,650.4740042576128
2757.5149999999994,626.4359040998698,650.4740042576128
2757.797000000006,626.4357766795405,650.4740042576128
2758.093000000008,626.434788628518,650.4740042576128
2758.3899999999994,626.436658080349,650.4740042576128
2758.672000000006,626.4306170550882,650.4740042576128
2758.9530000000086,626.4317147117457,650.4740042576128
2759.25,626.4259512588246,650.4740042576128
2759.547000000006,626.44614940291,650.4740042576128
2759.8280000000086,626.4341609793134,650.4740042576128
2760.125,626.4434327598761,650.4740042576128
2760.4060000000027,626.4488684523756,650.4740042576128
2760.7030000000086,626.4426545216629,650.4740042576128
2760.9840000000113,626.4389154744358,650.4740042576128
2761.2810000000027,626.4385194493457,650.4740042576128
2761.5780000000086,626.4362818085484,650.4740042576128
2761.8590000000113,626.4290188989265,650.4740042576128
2762.1560000000027,626.4410702248771,650.4740042576128
2762.4370000000054,626.4325983564221,650.4740042576128
2762.7340000000113,626.4416100701231,650.4740042576128
2763.0149999999994,626.430968150893,650.4740042576128
2763.3590000000113,626.4312072484812,650.4740042576128
2763.6399999999994,626.4340502753087,650.4740042576128
2763.9370000000054,626.438460981824,650.4740042576128
2764.2340000000113,626.4465717159947,650.4740042576128
2764.5149999999994,626.437181342242,650.4740042576128
2764.8120000000054,626.4396150122743,650.4740042576128
2765.093000000008,626.4441319444669,650.4740042576128
2765.3899999999994,626.4351612423978,650.4740042576128
2765.672000000006,626.4413640797621,650.4740042576128
2765.968000000008,626.4321907288892,650.4740042576128
2766.25,626.4348249263533,650.4740042576128
2766.547000000006,626.4320109518409,650.4740042576128
2766.843000000008,626.4518609458737,650.4740042576128
2767.125,626.4443678085275,650.4740042576128
2767.422000000006,626.4370170789616,650.4740042576128
2767.718000000008,626.4405760776897,650.4740042576128
2768.0,626.4405386265064,650.4740042576128
2768.297000000006,626.4403328762295,650.4740042576128
2768.5780000000086,626.4289009266629,650.4740042576128
2768.8590000000113,626.4340490218381,650.4740042576128
2769.1560000000027,626.4344683526315,650.4740042576128
2769.4370000000054,626.4326619641282,650.4740042576128
2769.7340000000113,626.4364659818864,650.4740042576128
2770.0310000000027,626.4358628240514,650.4740042576128
2770.3120000000054,626.4440427810547,650.4740042576128
2770.6090000000113,626.4388896114793,650.4740042576128
2770.8899999999994,626.4428965416294,650.4740042576128
2771.1870000000054,626.4406411951543,650.4740042576128
2771.468000000008,626.4306863280749,650.4740042576128
2771.7649999999994,626.4358534377642,650.4740042576128
2772.047000000006,626.4383451070082,650.4740042576128
2772.343000000008,626.4419924775189,650.4740042576128
2772.625,626.4413223715253,650.4740042576128
2772.9060000000027,626.4367995922564,650.4740042576128
2773.2030000000086,626.4450771039592,650.4740042576128
2773.5,626.4360004097477,650.4740042576128
2773.797000000006,626.4363347184933,650.4740042576128
2774.0780000000086,626.4426831463026,650.4740042576128
2774.375,626.4430167453567,650.4740042576128
2774.6399999999994,626.4489643961992,650.4740042576128
2774.9370000000054,626.4358220689725,650.4740042576128
2775.2340000000113,626.4285854010994,650.4740042576128
2775.5149999999994,626.4376067706096,650.4740042576128
2775.8120000000054,626.4319013431291,650.4740042576128
2776.093000000008,626.4503394572375,650.4740042576128
2776.3899999999994,626.4281514236321,650.4740042576128
2776.6870000000054,626.4371527431033,650.4740042576128
2776.968000000008,626.4310722914262,650.4740042576128
2777.2649999999994,626.4331160590585,650.4740042576128
2777.5310000000027,626.4356355023936,650.4740042576128
2777.8280000000086,626.4242104347803,650.4740042576128
2778.125,626.421574726559,650.4740042576128
2778.4060000000027,626.4387370800675,650.4740042576128
2778.6870000000054,626.4401756221239,650.4740042576128
2778.9840000000113,626.4304631523848,650.4740042576128
2779.2810000000027,626.4408627738859,650.4740042576128
2779.593000000008,626.4300297848329,650.4740042576128
2779.875,626.4285417718631,650.4740042576128
2780.1560000000027,626.4342766402418,650.4740042576128
2780.4530000000086,626.4293697667001,650.4740042576128
2780.7340000000113,626.4336987903072,650.4740042576128
2781.0310000000027,626.4190492714127,650.4740042576128
2781.3280000000086,626.4286156629979,650.4740042576128
2781.6090000000113,626.4455565715413,650.4740042576128
2781.875,626.4391638499063,650.4740042576128
2782.172000000006,626.4325358154749,650.4740042576128
2782.468000000008,626.4381349992559,650.4740042576128
2782.7649999999994,626.4353998448115,650.4740042576128
2783.047000000006,626.4363100401822,650.4740042576128
2783.343000000008,626.4243138739309,650.4740042576128
2783.6090000000113,626.4437439242887,650.4740042576128
2783.9060000000027,626.4370900495951,650.4740042576128
2784.2030000000086,626.4277255219438,650.4740042576128
2784.4840000000113,626.4300138255204,650.4740042576128
2784.797000000006,626.442188216636,650.4740042576128
2785.093000000008,626.4391651800968,650.4740042576128
2785.3590000000113,626.4291934961228,650.4740042576128
2785.6560000000027,626.4264493487514,650.4740042576128
2785.9530000000086,626.4410553796308,650.4740042576128
2786.2340000000113,626.4373379843945,650.4740042576128
2786.5310000000027,626.4296497762684,650.4740042576128
2786.8120000000054,626.4283142991917,650.4740042576128
2787.1090000000113,626.4393284783439,650.4740042576128
2787.422000000006,626.4306529862173,650.4740042576128
2787.6870000000054,626.4376380505479,650.4740042576128
2787.9840000000113,626.4298205687004,650.4740042576128
2788.2649999999994,626.434920691936,650.4740042576128
2788.5620000000054,626.4286527661778,650.4740042576128
2788.843000000008,626.4495913022645,650.4740042576128
2789.1399999999994,626.4338302480633,650.4740042576128
2789.4370000000054,626.4361908038185,650.4740042576128
2789.7340000000113,626.4235575168569,650.4740042576128
2790.0149999999994,626.4284701246693,650.4740042576128
2790.3120000000054,626.4342734666602,650.4740042576128
2790.593000000008,626.4467735440537,650.4740042576128
2790.8899999999994,626.4293538682044,650.4740042576128
2791.1870000000054,626.4248042111536,650.4740042576128
2791.468000000008,626.4443178449036,650.4740042576128
2791.7649999999994,626.4248262335735,650.4740042576128
2792.047000000006,626.4203090438136,650.4740042576128
2792.343000000008,626.4269011939799,650.4740042576128
2792.6090000000113,626.4418627114377,650.4740042576128
2792.9060000000027,626.4362725661649,650.4740042576128
2793.2030000000086,626.4595627259584,650.4740042576128
2793.4840000000113,626.451848710008,650.4740042576128
2793.7810000000027,626.350591775342,650.4740042576128
2794.0620000000054,626.056334426538,650.4740042576128
2794.343000000008,625.82962753171,650.4740042576128
2794.6560000000027,625.7037458425623,650.4740042576128
2794.9530000000086,625.6287979974582,650.4740042576128
2795.2340000000113,625.576734293305,650.4740042576128
2795.5310000000027,625.5314998035215,650.4740042576128
2795.8120000000054,625.509022973973,650.4740042576128
2796.1090000000113,625.4700746236389,650.4740042576128
2796.3899999999994,625.4698256992546,650.4740042576128
2796.6870000000054,625.4462209098008,650.4740042576128
2796.9840000000113,625.4336474657601,650.4740042576128
2797.25,625.4150446196302,650.4740042576128
2797.547000000006,625.4103677081097,650.4740042576128
2797.843000000008,625.3946207739663,650.4740042576128
2798.125,625.3897430993636,650.4740042576128
2798.422000000006,625.3808507235858,650.4740042576128
2798.7030000000086,625.3827544594137,650.4740042576128
2799.0,625.3700815725247,650.4740042576128
2799.3590000000113,625.3632959700495,650.4740042576128
2799.6399999999994,625.365158945923,650.4740042576128
2799.9370000000054,625.3678888169463,650.4740042576128
2800.218000000008,625.3583958989517,650.4740042576128
2800.5,625.3573108143552,650.4740042576128
2800.797000000006,625.327647785757,650.4740042576128
2801.0780000000086,625.3500818196151,650.4740042576128
2801.375,625.3308584266373,650.4740042576128
2801.672000000006,625.3361697601057,650.4740042576128
2801.9530000000086,625.319749835218,650.4740042576128
2802.25,625.3318222190323,650.4740042576128
2802.547000000006,625.3236951446934,650.4740042576128
2802.8280000000086,625.3343671688299,650.4740042576128
2803.125,625.3317819181867,650.4740042576128
2803.4060000000027,625.3219738642659,650.4740042576128
2803.7030000000086,625.33621357571,650.4740042576128
2803.9840000000113,625.3144741621222,650.4740042576128
2804.2810000000027,625.3167733487419,650.4740042576128
2804.5620000000054,625.3275374812073,650.4740042576128
2804.8590000000113,625.3107285491311,650.4740042576128
2805.1560000000027,625.3212264054248,650.4740042576128
2805.4370000000054,625.3178620190978,650.4740042576128
2805.7340000000113,625.3027202453976,650.4740042576128
2806.0310000000027,625.3198484007922,650.4740042576128
2806.3120000000054,625.3394827184095,650.4740042576128
2806.6090000000113,625.3023146579827,650.4740042576128
2806.8899999999994,625.3679106334392,650.4740042576128
2807.1870000000054,625.3932742237763,650.4740042576128
2807.468000000008,625.4011090208402,650.4740042576128
2807.7649999999994,625.4002309747021,650.4740042576128
2808.047000000006,625.3838629415334,650.4740042576128
2808.343000000008,625.3913240033567,650.4740042576128
2808.625,625.3791955297258,650.4740042576128
2808.922000000006,625.366336706573,650.4740042576128
2809.2030000000086,625.3793992301736,650.4740042576128
2809.5,625.3790158087032,650.4740042576128
2809.7810000000027,625.3811107125431,650.4740042576128
2810.0780000000086,625.3685319961796,650.4740042576128
2810.375,625.3709242150301,650.4740042576128
2810.6560000000027,625.3793369403448,650.4740042576128
2810.9370000000054,625.3756792926421,650.4740042576128
2811.218000000008,625.3787265522539,650.4740042576128
2811.5,625.3689545639621,650.4740042576128
2811.797000000006,625.3664964444331,650.4740042576128
2812.0780000000086,625.3813317194879,650.4740042576128
2812.375,625.3819475089821,650.4740042576128
2812.672000000006,625.3713425317953,650.4740042576128
2812.9530000000086,625.3710599219769,650.4740042576128
2813.2340000000113,625.3823331075915,650.4740042576128
2813.5310000000027,625.3792849315605,650.4740042576128
2813.8280000000086,625.3709628107235,650.4740042576128
2814.1090000000113,625.3619395020739,650.4740042576128
2814.3899999999994,625.373292776787,650.4740042576128
2814.6870000000054,625.3700886942031,650.4740042576128
2814.9840000000113,625.383411733348,650.4740042576128
2815.2649999999994,625.3571934610061,650.4740042576128
2815.5780000000086,625.3835361205279,650.4740042576128
2815.875,625.3720252513929,650.4740042576128
2816.1560000000027,625.3731302774744,650.4740042576128
2816.4530000000086,625.3771997639766,650.4740042576128
2816.7340000000113,625.378258330329,650.4740042576128
2817.0310000000027,625.3798647438465,650.4740042576128
2817.3280000000086,625.3816875629312,650.4740042576128
2817.6090000000113,625.3794086362442,650.4740042576128
2817.9060000000027,625.3743244521842,650.4740042576128
2818.172000000006,625.3821784008001,650.4740042576128
2818.4840000000113,625.3775069328152,650.4740042576128
2818.7649999999994,625.3689008245715,650.4740042576128
2819.0620000000054,625.3501857394402,650.4740042576128
2819.343000000008,625.3037666733088,650.4740042576128
2819.6399999999994,625.3297199535325,650.4740042576128
2819.922000000006,625.3360316048929,650.4740042576128
2820.218000000008,625.3478050735457,650.4740042576128
2820.5,625.3401733617516,650.4740042576128
2820.8120000000054,625.3427917220985,650.4740042576128
2821.1090000000113,625.3384176970619,650.4740042576128
2821.3899999999994,625.3286598794349,650.4740042576128
2821.672000000006,625.3317739666809,650.4740042576128
2821.968000000008,625.322990353976,650.4740042576128
2822.25,625.3269535613485,650.4740042576128
2822.547000000006,625.3159960741095,650.4740042576128
2822.8280000000086,625.3128814269575,650.4740042576128
2823.125,625.3297728372095,650.4740042576128
2823.4060000000027,625.3134308233294,650.4740042576128
2823.6870000000054,625.3228812026265,650.4740042576128
2823.9840000000113,625.3173459421455,650.4740042576128
2824.2649999999994,625.3232140309049,650.4740042576128
2824.5620000000054,625.318882648711,650.4740042576128
2824.843000000008,625.317343779872,650.4740042576128
2825.1399999999994,625.297682950802,650.4740042576128
2825.4370000000054,625.3056251134632,650.4740042576128
2825.7030000000086,625.2962416798052,650.4740042576128
2826.0,625.3048301235962,650.4740042576128
2826.297000000006,625.2935695014917,650.4740042576128
2826.5780000000086,625.2985310660408,650.4740042576128
2826.8590000000113,625.3014500416515,650.4740042576128
2827.1399999999994,625.2975444167461,650.4740042576128
2827.4370000000054,625.3042179144745,650.4740042576128
2827.7340000000113,625.3020466707328,650.4740042576128
2828.0310000000027,625.3082759958071,650.4740042576128
2828.3120000000054,625.3038227908171,650.4740042576128
2828.593000000008,625.3084355630449,650.4740042576128
2828.8899999999994,625.2934067585556,650.4740042576128
2829.1870000000054,625.3069831618119,650.4740042576128
2829.468000000008,625.2957815715022,650.4740042576128
2829.75,625.2992755334116,650.4740042576128
2830.047000000006,625.2936211009114,650.4740042576128
2830.3280000000086,625.292242682232,650.4740042576128
2830.625,625.2888944215925,650.4740042576128
2830.9060000000027,625.2909024497276,650.4740042576128
2831.2030000000086,625.3128408033931,650.4740042576128
2831.5,625.3155404547459,650.4740042576128
2831.797000000006,625.3222250405726,650.4740042576128
2832.0780000000086,625.2760230498989,650.4740042576128
2832.375,625.3629696998672,650.4740042576128
2832.6560000000027,625.3822762637722,650.4740042576128
2832.9530000000086,625.3843050193233,650.4740042576128
2833.2340000000113,625.3756447217055,650.4740042576128
2833.5310000000027,625.3689881949471,650.4740042576128
2833.8120000000054,625.3745386475274,650.4740042576128
2834.1090000000113,625.3693988689971,650.4740042576128
2834.3899999999994,625.367313634728,650.4740042576128
2834.6870000000054,625.3555944972715,650.4740042576128
2834.9840000000113,625.3795052337998,650.4740042576128
2835.2649999999994,625.3664919487051,650.4740042576128
2835.547000000006,625.3547406308271,650.4740042576128
2835.8280000000086,625.3642683045884,650.4740042576128
2836.1090000000113,625.3569790903334,650.4740042576128
2836.4060000000027,625.3711337927692,650.4740042576128
2836.7030000000086,625.3456620792396,650.4740042576128
2836.9840000000113,625.3731927928229,650.4740042576128
2837.2810000000027,625.358385258622,650.4740042576128
2837.5620000000054,625.348978544552,650.4740042576128
2837.8590000000113,625.3658992740726,650.4740042576128
2838.1399999999994,625.365631183899,650.4740042576128
2838.4370000000054,625.324628681789,650.4740042576128
2838.718000000008,625.370941868794,650.4740042576128
2839.0149999999994,625.3811287018913,650.4740042576128
2839.297000000006,625.3729508073241,650.4740042576128
2839.593000000008,625.3773986568449,650.4740042576128
2839.875,625.3854200102767,650.4740042576128
2840.172000000006,625.3883013357923,650.4740042576128
2840.4530000000086,625.3697518179792,650.4740042576128
2840.7340000000113,625.3743591397711,650.4740042576128
2841.0310000000027,625.360155935526,650.4740042576128
2841.3120000000054,625.3685044936772,650.4740042576128
2841.625,625.3809261471517,650.4740042576128
2841.9060000000027,625.3692851397556,650.4740042576128
2842.1870000000054,625.3699803521035,650.4740042576128
2842.4840000000113,625.3735292206384,650.4740042576128
2842.7649999999994,625.3763342863837,650.4740042576128
2843.0620000000054,625.3698636992015,650.4740042576128
2843.3590000000113,625.3589897525598,650.4740042576128
2843.6399999999994,625.3685920683916,650.4740042576128
2843.9370000000054,625.3677555164958,650.4740042576128
2844.218000000008,625.3728712109272,650.4740042576128
2844.5149999999994,625.3737776558733,650.4740042576128
2844.797000000006,625.3523467456337,650.4740042576128
2845.093000000008,625.3618683974769,650.4740042576128
2845.375,625.3602880543283,650.4740042576128
2845.672000000006,625.3762290834127,650.4740042576128
2845.968000000008,625.3651034658465,650.4740042576128
2846.25,625.3610992081666,650.4740042576128
2846.593000000008,625.3688282210578,650.4740042576128
2846.875,625.37082364097,650.4740042576128
2847.1560000000027,625.3630273376779,650.4740042576128
2847.4530000000086,625.3635845277743,650.4740042576128
2847.7340000000113,625.3688863314654,650.4740042576128
2848.0310000000027,625.3607710302623,650.4740042576128
2848.3120000000054,625.3648805247791,650.4740042576128
2848.6090000000113,625.3619737036155,650.4740042576128
2848.875,625.3682666538555,650.4740042576128
2849.172000000006,625.3525831470881,650.4740042576128
2849.468000000008,625.3754647236931,650.4740042576128
2849.75,625.3676828736122,650.4740042576128
2850.047000000006,625.3705108509686,650.4740042576128
2850.3280000000086,625.3572429336849,650.4740042576128
2850.625,625.3457950663253,650.4740042576128
2850.922000000006,625.3608461471882,650.4740042576128
2851.2030000000086,625.3497739405909,650.4740042576128
2851.5,625.3655602045793,650.4740042576128
2851.7810000000027,625.3588803197009,650.4740042576128
2852.047000000006,625.3781263443174,650.4740042576128
2852.343000000008,625.3833212956132,650.4740042576128
2852.6399999999994,625.3780479523381,650.4740042576128
2852.922000000006,625.3968421555625,650.4740042576128
2853.2030000000086,625.4540596235084,650.4740042576128
2853.5,625.4980478791291,650.4740042576128
2853.797000000006,625.5379264905778,650.4740042576128
2854.0780000000086,625.5737822139406,650.4740042576128
2854.375,625.6134616015787,650.4740042576128
2854.6399999999994,625.6368519197976,650.4740042576128
2854.9370000000054,625.630457388702,650.4740042576128
2855.2340000000113,625.6670458146161,650.4740042576128
2855.5149999999994,625.6837365142378,650.4740042576128
2855.8280000000086,625.7144705987794,650.4740042576128
2856.1090000000113,625.723948911606,650.4740042576128
2856.3899999999994,625.7334222789694,650.4740042576128
2856.672000000006,625.7494998146459,650.4740042576128
2856.968000000008,625.7680856482568,650.4740042576128
2857.25,625.7762207789609,650.4740042576128
2857.5620000000054,625.7926239848179,650.4740042576128
2857.8590000000113,625.8115183561858,650.4740042576128
2858.1399999999994,625.8264350249207,650.4740042576128
2858.4370000000054,625.830794959667,650.4740042576128
2858.7340000000113,625.8503588163554,650.4740042576128
2859.0149999999994,625.833328472385,650.4740042576128
2859.343000000008,625.8596387032879,650.4740042576128
2859.6399999999994,625.8820526862822,650.4740042576128
2859.922000000006,625.8771413159436,650.4740042576128
2860.218000000008,625.8907344474494,650.4740042576128
2860.5,625.8906062783931,650.4740042576128
2860.797000000006,625.9102435616513,650.4740042576128
2861.093000000008,625.9192531938022,650.4740042576128
2861.375,625.9206893697292,650.4740042576128
2861.6560000000027,625.9499301655878,650.4740042576128
2861.9370000000054,625.9398810768786,650.4740042576128
2862.2340000000113,625.9446314355737,650.4740042576128
2862.5620000000054,625.9680588915638,650.4740042576128
2862.8590000000113,625.9488843164692,650.4740042576128
2863.1399999999994,625.9694001165723,650.4740042576128
2863.4370000000054,625.9682023854238,650.4740042576128
2863.718000000008,625.970924113476,650.4740042576128
2864.0149999999994,625.9987377667562,650.4740042576128
2864.297000000006,626.0028864167061,650.4740042576128
2864.593000000008,626.0109787646417,650.4740042576128
2864.8899999999994,626.0280348413941,650.4740042576128
2865.172000000006,626.0079832785791,650.4740042576128
2865.468000000008,626.0216589868029,650.4740042576128
2865.75,626.0272173476402,650.4740042576128
2866.047000000006,626.0183943117759,650.4740042576128
2866.3280000000086,626.0395182750218,650.4740042576128
2866.625,626.0469240302864,650.4740042576128
2866.9060000000027,626.0599775300735,650.4740042576128
2867.2030000000086,626.0661266383831,650.4740042576128
2867.5,626.0611238272903,650.4740042576128
2867.7810000000027,626.0595926828995,650.4740042576128
2868.0780000000086,626.066121449981,650.4740042576128
2868.3590000000113,626.0583826572997,650.4740042576128
2868.6560000000027,626.0832226030985,650.4740042576128
2868.9530000000086,626.0838488836971,650.4740042576128
2869.218000000008,626.0905767290997,650.4740042576128
2869.5149999999994,626.1029649032965,650.4740042576128
2869.797000000006,626.1038813034135,650.4740042576128
2870.093000000008,626.115736486365,650.4740042576128
2870.375,626.1084989551699,650.4740042576128
2870.672000000006,626.1045432947719,650.4740042576128
2870.968000000008,626.1219000189448,650.4740042576128
2871.25,626.1174257427874,650.4740042576128
2871.5620000000054,626.1264442769973,650.4740042576128
2871.843000000008,626.1237732817649,650.4740042576128
2872.125,626.1403828878643,650.4740042576128
2872.422000000006,626.1459237768182,650.4740042576128
2872.718000000008,626.1505302000847,650.4740042576128
2873.0,626.1482257065967,650.4740042576128
2873.297000000006,626.138615002267,650.4740042576128
2873.5780000000086,626.1550506133531,650.4740042576128
2873.8590000000113,626.1603639600337,650.4740042576128
2874.1399999999994,626.1507541385539,650.4740042576128
2874.4370000000054,626.1619751578128,650.4740042576128
2874.7340000000113,626.1618764248014,650.4740042576128
2875.0149999999994,626.1518382984667,650.4740042576128
2875.297000000006,626.1752222457692,650.4740042576128
2875.593000000008,626.1715159195946,650.4740042576128
2875.875,626.1827175671167,650.4740042576128
2876.172000000006,626.1931655301354,650.4740042576128
2876.4530000000086,626.1945103601805,650.4740042576128
2876.75,626.1828228200525,650.4740042576128
2877.0310000000027,626.194039456819,650.4740042576128
2877.3280000000086,626.1998189450601,650.4740042576128
2877.625,626.2127243709233,650.4740042576128
2877.922000000006,626.2033135071168,650.4740042576128
2878.2030000000086,626.205580718965,650.4740042576128
2878.5,626.2099573808454,650.4740042576128
2878.7810000000027,626.2111424549266,650.4740042576128
2879.0780000000086,626.2234222670218,650.4740042576128
2879.375,626.2249727498289,650.4740042576128
2879.6560000000027,626.2262678318168,650.4740042576128
2879.9370000000054,626.2176446483378,650.4740042576128
2880.218000000008,626.2241533218019,650.4740042576128
2880.5149999999994,626.2282524319255,650.4740042576128
2880.8120000000054,626.2248701495125,650.4740042576128
2881.093000000008,626.234426016615,650.4740042576128
2881.3899999999994,626.2486290510986,650.4740042576128
2881.672000000006,626.2503611684888,650.4740042576128
2881.968000000008,626.2487073533653,650.4740042576128
2882.2649999999994,626.2485794743252,650.4740042576128
2882.5310000000027,626.2574466775952,650.4740042576128
2882.843000000008,626.2401736118381,650.4740042576128
2883.1090000000113,626.2558432691981,650.4740042576128
2883.422000000006,626.2537953130485,650.4740042576128
2883.7030000000086,626.2661453596501,650.4740042576128
2883.9840000000113,626.2503190582552,650.4740042576128
2884.2810000000027,626.2627557172336,650.4740042576128
2884.5620000000054,626.2638138751224,650.4740042576128
2884.843000000008,626.2650849704311,650.4740042576128
2885.1399999999994,626.2653368796732,650.4740042576128
2885.422000000006,626.2842430595367,650.4740042576128
2885.718000000008,626.2688453250603,650.4740042576128
2886.0149999999994,626.2716482934071,650.4740042576128
2886.297000000006,626.2922265407553,650.4740042576128
2886.5780000000086,626.2894760852904,650.4740042576128
2886.875,626.2952705228568,650.4740042576128
2887.1560000000027,626.2842147897387,650.4740042576128
2887.4530000000086,626.289455124799,650.4740042576128
2887.7340000000113,626.2734062331194,650.4740042576128
2888.0310000000027,626.2812808002847,650.4740042576128
2888.3120000000054,626.3034050702668,650.4740042576128
2888.6090000000113,626.285456201449,650.4740042576128
2888.9060000000027,626.2979198845537,650.4740042576128
2889.1870000000054,626.2956585697882,650.4740042576128
2889.4840000000113,626.3019383577068,650.4740042576128
2889.7810000000027,626.2988684420413,650.4740042576128
2890.0620000000054,626.3074231100358,650.4740042576128
2890.3590000000113,626.3126142414183,650.4740042576128
2890.6399999999994,626.3170514928278,650.4740042576128
2890.9370000000054,626.3057640163779,650.4740042576128
2891.218000000008,626.3246100865284,650.4740042576128
2891.5,626.3195790475438,650.4740042576128
2891.7810000000027,626.327396319481,650.4740042576128
2892.0780000000086,626.3269190834885,650.4740042576128
2892.375,626.3198402653991,650.4740042576128
2892.6560000000027,626.3253451136123,650.4740042576128
2892.9530000000086,626.3155780484026,650.4740042576128
2893.2340000000113,626.3456072284553,650.4740042576128
2893.5780000000086,626.3337418658106,650.4740042576128
2893.8590000000113,626.3182402164045,650.4740042576128
2894.1560000000027,626.3221248786892,650.4740042576128
2894.4370000000054,626.332867950402,650.4740042576128
2894.718000000008,626.3368621201834,650.4740042576128
2895.0149999999994,626.3401299011863,650.4740042576128
2895.343000000008,626.3544294533309,650.4740042576128
2895.6399999999994,626.3491083653631,650.4740042576128
2895.9370000000054,626.3279342597575,650.4740042576128
2896.218000000008,626.3430441429648,650.4740042576128
2896.5149999999994,626.3619220975758,650.4740042576128
2896.797000000006,626.3402681541945,650.4740042576128
2897.093000000008,626.3468226142995,650.4740042576128
2897.375,626.3378521416164,650.4740042576128
2897.6560000000027,626.3281026912698,650.4740042576128
2897.9530000000086,626.3541177149061,650.4740042576128
2898.2340000000113,626.3392502743229,650.4740042576128
2898.5780000000086,626.3443113010553,650.4740042576128
2898.875,626.3510361583437,650.4740042576128
2899.1560000000027,626.350385682938,650.4740042576128
2899.4530000000086,626.3574738450077,650.4740042576128
2899.7340000000113,626.3677435362873,650.4740042576128
2900.0149999999994,626.3720103262322,650.4740042576128
2900.3120000000054,626.3718123651005,650.4740042576128
2900.593000000008,626.3678583946328,650.4740042576128
2900.8899999999994,626.3684301391876,650.4740042576128
2901.172000000006,626.3744488062922,650.4740042576128
2901.468000000008,626.3686142664109,650.4740042576128
2901.75,626.3587563485898,650.4740042576128
2902.047000000006,626.3712156300038,650.4740042576128
2902.343000000008,626.3782349901702,650.4740042576128
2902.625,626.3829294209046,650.4740042576128
2902.922000000006,626.3746496425526,650.4740042576128
2903.2030000000086,626.3863962629608,650.4740042576128
2903.5,626.372894923137,650.4740042576128
2903.7810000000027,626.3733380779481,650.4740042576128
2904.0780000000086,626.398505760917,650.4740042576128
2904.3590000000113,626.3880456141193,650.4740042576128
2904.6560000000027,626.3842317424547,650.4740042576128
2904.9530000000086,626.3937514367532,650.4740042576128
2905.2340000000113,626.3927934992182,650.4740042576128
2905.5310000000027,626.3951115758204,650.4740042576128
2905.8120000000054,626.3884001442292,650.4740042576128
2906.1090000000113,626.3910647644566,650.4740042576128
2906.3899999999994,626.4084835903121,650.4740042576128
2906.6870000000054,626.380322059337,650.4740042576128
2906.968000000008,626.4050041370542,650.4740042576128
2907.2649999999994,626.4029333700021,650.4740042576128
2907.547000000006,626.3951921317649,650.4740042576128
2907.843000000008,626.396406180994,650.4740042576128
2908.1399999999994,626.3986954809161,650.4740042576128
2908.422000000006,626.4004172477671,650.4740042576128
2908.7030000000086,626.3998850202564,650.4740042576128
2908.9840000000113,626.4123868549517,650.4740042576128
2909.2810000000027,626.3917250813446,650.4740042576128
2909.5780000000086,626.4069337674961,650.4740042576128
2909.8590000000113,626.406343136551,650.4740042576128
2910.1560000000027,626.4096920964005,650.4740042576128
2910.4370000000054,626.4135342215083,650.4740042576128
2910.7340000000113,626.4155646914348,650.4740042576128
2911.0149999999994,626.4046494801078,650.4740042576128
2911.3120000000054,626.4224868726168,650.4740042576128
2911.593000000008,626.3962023646774,650.4740042576128
2911.875,626.4117707535949,650.4740042576128
2912.172000000006,626.4206667344049,650.4740042576128
2912.468000000008,626.428952012098,650.4740042576128
2912.75,626.4168896710295,650.4740042576128
2913.047000000006,626.4237484834039,650.4740042576128
2913.343000000008,626.4153423984851,650.4740042576128
2913.625,626.4119405001404,650.4740042576128
2913.922000000006,626.4208811649492,650.4740042576128
2914.2030000000086,626.4171823519246,650.4740042576128
2914.5,626.422036988612,650.4740042576128
2914.797000000006,626.4199639878949,650.4740042576128
2915.0780000000086,626.410203368117,650.4740042576128
2915.375,626.426562036384,650.4740042576128
2915.6560000000027,626.423032056269,650.4740042576128
2915.9530000000086,626.4229701292986,650.4740042576128
2916.2340000000113,626.4275158814384,650.4740042576128
2916.5310000000027,626.4291580633698,650.4740042576128
2916.8280000000086,626.4333006100818,650.4740042576128
2917.125,626.4389593797559,650.4740042576128
2917.4060000000027,626.4301299619362,650.4740042576128
2917.6870000000054,626.4427510028074,650.4740042576128
2917.9840000000113,626.4318781590697,650.4740042576128
2918.2649999999994,626.4372791246047,650.4740042576128
2918.5620000000054,626.4321382984717,650.4740042576128
2918.843000000008,626.4341525036778,650.4740042576128
2919.1399999999994,626.4332503377674,650.4740042576128
2919.4370000000054,626.4400113980167,650.4740042576128
2919.7340000000113,626.4402972467017,650.4740042576128
2920.0310000000027,626.4642554046138,650.4740042576128
2920.3120000000054,626.477718745155,650.4740042576128
2920.593000000008,626.4728381052206,650.4740042576128
2920.8899999999994,626.4757369049483,650.4740042576128
2921.172000000006,626.4761447440596,650.4740042576128
2921.4530000000086,626.4860344815567,650.4740042576128
2921.75,626.4822116440982,650.4740042576128
2922.0310000000027,626.4858669631612,650.4740042576128
2922.3280000000086,626.4783925676047,650.4740042576128
2922.625,626.4798668426329,650.4740042576128
2922.9060000000027,626.4575239881567,650.4740042576128
2923.2030000000086,626.4528394422825,650.4740042576128
2923.4840000000113,626.466939803124,650.4740042576128
2923.7649999999994,626.4586622591021,650.4740042576128
2924.0620000000054,626.4554667035004,650.4740042576128
2924.3590000000113,626.4621859517204,650.4740042576128
2924.6560000000027,626.462453445491,650.4740042576128
2924.9530000000086,626.4574583218964,650.4740042576128
2925.2340000000113,626.4528420343337,650.4740042576128
2925.5310000000027,626.4576445336229,650.4740042576128
2925.8280000000086,626.4523086791121,650.4740042576128
2926.1090000000113,626.4555333558759,650.4740042576128
2926.3899999999994,626.4446976525626,650.4740042576128
2926.672000000006,626.4504969889429,650.4740042576128
2926.968000000008,626.4626195262324,650.4740042576128
2927.25,626.4615485464631,650.4740042576128
2927.547000000006,626.4418723190091,650.4740042576128
2927.8280000000086,626.4489396327634,650.4740042576128
2928.125,626.4467256549153,650.4740042576128
2928.422000000006,626.4519545726127,650.4740042576128
2928.7030000000086,626.4527190568084,650.4740042576128
2928.9840000000113,626.4502497399445,650.4740042576128
2929.2649999999994,626.445307019483,650.4740042576128
2929.593000000008,626.4482982720698,650.4740042576128
2929.8590000000113,626.4584177545698,650.4740042576128
2930.1560000000027,626.4553315786567,650.4740042576128
2930.4370000000054,626.4483096869712,650.4740042576128
2930.7340000000113,626.4427591797986,650.4740042576128
2931.0310000000027,626.4480260625869,650.4740042576128
2931.343000000008,626.4477716159626,650.4740042576128
2931.6399999999994,626.4520411436401,650.4740042576128
2931.922000000006,626.4374536075725,650.4740042576128
2932.218000000008,626.4530225242423,650.4740042576128
2932.5149999999994,626.447421656149,650.4740042576128
2932.797000000006,626.4406076182704,650.4740042576128
2933.093000000008,626.4566153075115,650.4740042576128
2933.375,626.4420823858638,650.4740042576128
2933.672000000006,626.4371625662797,650.4740042576128
2933.9530000000086,626.440237477596,650.4740042576128
2934.25,626.4572431370152,650.4740042576128
2934.547000000006,626.4443190511696,650.4740042576128
2934.8280000000086,626.44196097871,650.4740042576128
2935.125,626.4413043689507,650.4740042576128
2935.4060000000027,626.4537789283669,650.4740042576128
2935.718000000008,626.4509899188445,650.4740042576128
2936.0,626.4554384193294,650.4740042576128
2936.2810000000027,626.4555650155115,650.4740042576128
2936.5620000000054,626.4253276822441,650.4740042576128
2936.8590000000113,626.4464714446938,650.4740042576128
2937.1560000000027,626.4352000076842,650.4740042576128
2937.4370000000054,626.443872720906,650.4740042576128
2937.7340000000113,626.4489495080028,650.4740042576128
2938.0149999999994,626.4454924841223,650.4740042576128
2938.3120000000054,626.4154895871022,650.4740042576128
2938.593000000008,626.4378394628374,650.4740042576128
2938.8899999999994,626.4504940153275,650.4740042576128
2939.172000000006,626.4418734716295,650.4740042576128
2939.468000000008,626.4430733394922,650.4740042576128
2939.75,626.44293581916,650.4740042576128
2940.047000000006,626.4395617471149,650.4740042576128
2940.343000000008,626.4390217715352,650.4740042576128
2940.625,626.4274047464389,650.4740042576128
2940.922000000006,626.4516723391247,650.4740042576128
2941.218000000008,626.4262851211946,650.4740042576128
2941.5,626.4446024168822,650.4740042576128
2941.797000000006,626.4400625782121,650.4740042576128
2942.0780000000086,626.4415980471927,650.4740042576128
2942.3590000000113,626.447468235487,650.4740042576128
2942.6399999999994,626.4388445762418,650.4740042576128
2942.9370000000054,626.4513014488308,650.4740042576128
2943.218000000008,626.4515893495512,650.4740042576128
2943.5149999999994,626.4362446915661,650.4740042576128
2943.797000000006,626.4492856927411,650.4740042576128
2944.093000000008,626.450482462165,650.4740042576128
2944.375,626.4436945183179,650.4740042576128
2944.672000000006,626.436481198946,650.4740042576128
2944.9530000000086,626.4416249909373,650.4740042576128
2945.25,626.4363937132066,650.4740042576128
2945.593000000008,626.4244096497295,650.4740042576128
2945.875,626.4357679749285,650.4740042576128
2946.172000000006,626.4488075979516,650.4740042576128
2946.4530000000086,626.4414546841182,650.4740042576128
2946.75,626.4531861113368,650.4740042576128
2947.0310000000027,626.4547949538503,650.4740042576128
2947.3280000000086,626.4350480410432,650.4740042576128
2947.6090000000113,626.4258110602536,650.4740042576128
2947.9060000000027,626.4347473905366,650.4740042576128
2948.1870000000054,626.4405950651472,650.4740042576128
2948.4840000000113,626.4405957890906,650.4740042576128
2948.7649999999994,626.436008766034,650.4740042576128
2949.047000000006,626.4322160396009,650.4740042576128
2949.3590000000113,626.4434973044097,650.4740042576128
2949.625,626.4395910403938,650.4740042576128
2949.922000000006,626.445745606584,650.4740042576128
2950.218000000008,626.4445238647301,650.4740042576128
2950.5,626.4412547440171,650.4740042576128
2950.8120000000054,626.4428774010408,650.4740042576128
2951.093000000008,626.4550186689555,650.4740042576128
2951.3899999999994,626.449159802336,650.4740042576128
2951.672000000006,626.4446095127132,650.4740042576128
2951.968000000008,626.4324616739322,650.4740042576128
2952.25,626.4395439576396,650.4740042576128
2952.547000000006,626.4321479963886,650.4740042576128
2952.8280000000086,626.4453311985864,650.4740042576128
2953.1090000000113,626.4343782425562,650.4740042576128
2953.4060000000027,626.4284916929495,650.4740042576128
2953.6870000000054,626.4346471772072,650.4740042576128
2953.9840000000113,626.4350751542391,650.4740042576128
2954.2649999999994,626.4444626136114,650.4740042576128
2954.5620000000054,626.4371859703681,650.4740042576128
2954.8590000000113,626.4320123049627,650.4740042576128
2955.1399999999994,626.4373919446975,650.4740042576128
2955.4370000000054,626.4376940378336,650.4740042576128
2955.7340000000113,626.4446050631542,650.4740042576128
2956.0149999999994,626.441206290238,650.4740042576128
2956.3120000000054,626.4288151162473,650.4740042576128
2956.593000000008,626.4432633878272,650.4740042576128
2956.8899999999994,626.4390637849519,650.4740042576128
2957.172000000006,626.4444800248067,650.4740042576128
2957.468000000008,626.4487050898456,650.4740042576128
2957.7649999999994,626.4459355561304,650.4740042576128
2958.047000000006,626.4309475188579,650.4740042576128
2958.343000000008,626.4333553892922,650.4740042576128
2958.625,626.4466765848363,650.4740042576128
2958.922000000006,626.4243481693298,650.4740042576128
2959.2030000000086,626.4379543602444,650.4740042576128
2959.4840000000113,626.4415536181193,650.4740042576128
2959.7810000000027,626.4313980840009,650.4740042576128
2960.0620000000054,626.4369421228072,650.4740042576128
2960.3590000000113,626.4369890210756,650.4740042576128
2960.6399999999994,626.4502740155048,650.4740042576128
2960.922000000006,626.4412128781593,650.4740042576128
2961.218000000008,626.4473871000581,650.4740042576128
2961.5149999999994,626.4322978521207,650.4740042576128
2961.797000000006,626.4376375879259,650.4740042576128
2962.0780000000086,626.4374710870362,650.4740042576128
2962.375,626.4351744248929,650.4740042576128
2962.6560000000027,626.4390937745037,650.4740042576128
2962.9530000000086,626.4323636003819,650.4740042576128
2963.2340000000113,626.4356080091214,650.4740042576128
2963.5310000000027,626.43751838476,650.4740042576128
2963.8120000000054,626.4407009347983,650.4740042576128
2964.1090000000113,626.4395003542074,650.4740042576128
2964.4060000000027,626.4304183920442,650.4740042576128
2964.6870000000054,626.4496791101038,650.4740042576128
2964.9840000000113,626.4523666684523,650.4740042576128
2965.2649999999994,626.4366475173573,650.4740042576128
2965.5620000000054,626.4401342541385,650.4740042576128
2965.843000000008,626.428126196974,650.4740042576128
2966.1399999999994,626.449970415145,650.4740042576128
2966.422000000006,626.426435982614,650.4740042576128
2966.718000000008,626.4421127786758,650.4740042576128
2967.0,626.4518011788451,650.4740042576128
2967.375,626.4575466264777,650.4740042576128
2967.6560000000027,626.4351678760326,650.4740042576128
2967.9370000000054,626.4356708114792,650.4740042576128
2968.2340000000113,626.4510007481455,650.4740042576128
2968.5310000000027,626.4411116938345,650.4740042576128
2968.8120000000054,626.4357449554052,650.4740042576128
2969.1090000000113,626.4389566597437,650.4740042576128
2969.3899999999994,626.4302827416072,650.4740042576128
2969.6870000000054,626.4350652754509,650.4740042576128
2969.968000000008,626.443774457651,650.4740042576128
2970.2649999999994,626.4484838963347,650.4740042576128
2970.547000000006,626.4322909197144,650.4740042576128
2970.8280000000086,626.4398181402926,650.4740042576128
2971.125,626.4429956522301,650.4740042576128
2971.422000000006,626.4474789873249,650.4740042576128
2971.718000000008,626.448971403146,650.4740042576128
2972.0,626.4408408463431,650.4740042576128
2972.297000000006,626.4320689022932,650.4740042576128
2972.593000000008,626.439394379076,650.4740042576128
2972.875,626.4383228690676,650.4740042576128
2973.1560000000027,626.4403176896906,650.4740042576128
2973.4530000000086,626.450575544166,650.4740042576128
2973.75,626.4435589363595,650.4740042576128
2974.0149999999994,626.4393145233335,650.4740042576128
2974.3120000000054,626.4359474241279,650.4740042576128
2974.6090000000113,626.4394640169036,650.4740042576128
2974.8899999999994,626.4276630988757,650.4740042576128
2975.172000000006,626.4290729790205,650.4740042576128
2975.468000000008,626.4356876510542,650.4740042576128
2975.75,626.4352049709182,650.4740042576128
2976.047000000006,626.4346348305002,650.4740042576128
2976.343000000008,626.4457563844761,650.4740042576128
2976.625,626.4334602143791,650.4740042576128
2976.9060000000027,626.4327094686024,650.4740042576128
2977.2030000000086,626.4510205654705,650.4740042576128
2977.4840000000113,626.4479544276757,650.4740042576128
2977.7649999999994,626.431108995744,650.4740042576128
2978.0620000000054,626.4373623398529,650.4740042576128
2978.343000000008,626.4392450348122,650.4740042576128
2978.6399999999994,626.4303512713975,650.4740042576128
2978.922000000006,626.4551206572544,650.4740042576128
2979.2030000000086,626.4337506425293,650.4740042576128
2979.5,626.4363120600533,650.4740042576128
2979.797000000006,626.4412221612656,650.4740042576128
2980.0620000000054,626.4369832485087,650.4740042576128
2980.3590000000113,626.4418135177433,650.4740042576128
2980.6560000000027,626.4542540010606,650.4740042576128
2980.9370000000054,626.4423137966554,650.4740042576128
2981.2340000000113,626.4363846764384,650.4740042576128
2981.5310000000027,626.443839723715,650.4740042576128
2981.8120000000054,626.4342796764249,650.4740042576128
2982.093000000008,626.4343668759734,650.4740042576128
2982.3899999999994,626.4445940759902,650.4740042576128
2982.672000000006,626.4674771895104,650.4740042576128
2982.9530000000086,626.3953377531823,650.4740042576128
2983.25,626.1347907638884,650.4740042576128
2983.5310000000027,625.8686229202555,650.4740042576128
2983.8280000000086,625.7346797515306,650.4740042576128
2984.1090000000113,625.6436077460727,650.4740042576128
2984.4060000000027,625.5961182538292,650.4740042576128
2984.6870000000054,625.539366001601,650.4740042576128
2984.968000000008,625.5237198330369,650.4740042576128
2985.2649999999994,625.4864841458083,650.4740042576128
2985.5620000000054,625.4655689148248,650.4740042576128
2985.843000000008,625.4352541829653,650.4740042576128
2986.1399999999994,625.4452565206537,650.4740042576128
2986.4370000000054,625.4128750442525,650.4740042576128
2986.718000000008,625.4216261692845,650.4740042576128
2987.0149999999994,625.4143250986622,650.4740042576128
2987.297000000006,625.3961276124769,650.4740042576128
2987.6090000000113,625.4038953996638,650.4740042576128
2987.8899999999994,625.3870850562733,650.4740042576128
2988.172000000006,625.3699555879916,650.4740042576128
2988.468000000008,625.3705607627838,650.4740042576128
2988.75,625.3745005127198,650.4740042576128
2989.047000000006,625.358162250809,650.4740042576128
2989.343000000008,625.3502685714749,650.4740042576128
2989.625,625.3599668808936,650.4740042576128
2989.9060000000027,625.3478356106028,650.4740042576128
2990.1870000000054,625.3403274649374,650.4740042576128
2990.4840000000113,625.3448741611451,650.4740042576128
2990.7649999999994,625.3470389470202,650.4740042576128
2991.047000000006,625.3295027697131,650.4740042576128
2991.375,625.3325592705962,650.4740042576128
2991.6560000000027,625.3254727552069,650.4740042576128
2991.9370000000054,625.3330354102818,650.4740042576128
2992.2340000000113,625.3352961775136,650.4740042576128
2992.5780000000086,625.3335905077147,650.4740042576128
2992.843000000008,625.3144115720722,650.4740042576128
2993.1399999999994,625.3325226743485,650.4740042576128
2993.4370000000054,625.3191481637197,650.4740042576128
2993.718000000008,625.3270648723637,650.4740042576128
2994.0149999999994,625.3289169478387,650.4740042576128
2994.297000000006,625.3124076341023,650.4740042576128
2994.593000000008,625.3179072997143,650.4740042576128
2994.875,625.3264040784928,650.4740042576128
2995.1560000000027,625.3355494225752,650.4740042576128
2995.4530000000086,625.3443170059147,650.4740042576128
2995.7340000000113,625.3493405760383,650.4740042576128
2996.0310000000027,625.4031953926132,650.4740042576128
2996.3120000000054,625.3832579130511,650.4740042576128
2996.6090000000113,625.3927857758849,650.4740042576128
2996.9060000000027,625.3919372441723,650.4740042576128
2997.1870000000054,625.3808734573101,650.4740042576128
2997.4840000000113,625.390888236308,650.4740042576128
2997.7810000000027,625.3762147036085,650.4740042576128
2998.0620000000054,625.3748004955808,650.4740042576128
2998.3590000000113,625.3824953540337,650.4740042576128
2998.625,625.3863728285978,650.4740042576128
2998.922000000006,625.3814276256061,650.4740042576128
2999.218000000008,625.3794842997431,650.4740042576128
2999.5,625.3980555120359,650.4740042576128
2999.797000000006,625.371198345529,650.4740042576128
3000.0780000000086,625.3834549415029,650.4740042576128
3000.375,625.3711558424005,650.4740042576128
3000.672000000006,625.3713750288107,650.4740042576128
3000.9530000000086,625.3797833288437,650.4740042576128
3001.25,625.3702190905358,650.4740042576128
3001.547000000006,625.3681873535703,650.4740042576128
3001.8120000000054,625.3737359609842,650.4740042576128
3002.1090000000113,625.3591949019495,650.4740042576128
3002.3899999999994,625.3964470096493,650.4740042576128
3002.6870000000054,625.3964072004812,650.4740042576128
3002.9840000000113,625.4001204661109,650.4740042576128
3003.25,625.4041848286608,650.4740042576128
3003.5620000000054,625.3990669110699,650.4740042576128
3003.843000000008,625.3951107698496,650.4740042576128
3004.1399999999994,625.3967585437246,650.4740042576128
3004.422000000006,625.3980400036717,650.4740042576128
3004.718000000008,625.3900094347825,650.4740042576128
3005.0,625.3862084147453,650.4740042576128
3005.2810000000027,625.381472401553,650.4740042576128
3005.5780000000086,625.3911631550907,650.4740042576128
3005.875,625.3810501875552,650.4740042576128
3006.1560000000027,625.379881154311,650.4740042576128
3006.4530000000086,625.3973352370226,650.4740042576128
3006.7340000000113,625.4049583244822,650.4740042576128
3007.0310000000027,625.3782674004224,650.4740042576128
3007.3120000000054,625.3778003971079,650.4740042576128
3007.6090000000113,625.387129160057,650.4740042576128
3007.9060000000027,625.3900858741985,650.4740042576128
3008.1870000000054,625.394258568416,650.4740042576128
3008.4840000000113,625.3958666061093,650.4740042576128
3008.7649999999994,625.3970806288236,650.4740042576128
3009.047000000006,625.396040066934,650.4740042576128
3009.343000000008,625.3863274945896,650.4740042576128
3009.6399999999994,625.3884547765405,650.4740042576128
3009.9060000000027,625.378896301591,650.4740042576128
3010.2030000000086,625.3814160732895,650.4740042576128
3010.5,625.376663366658,650.4740042576128
3010.797000000006,625.3913113963663,650.4740042576128
3011.0620000000054,625.3880329081874,650.4740042576128
3011.3590000000113,625.3841019737766,650.4740042576128
3011.6399999999994,625.3841801092091,650.4740042576128
3011.9370000000054,625.3784030617118,650.4740042576128
3012.2340000000113,625.3891686509149,650.4740042576128
3012.5310000000027,625.387762087086,650.4740042576128
3012.797000000006,625.3888620816333,650.4740042576128
3013.093000000008,625.3841509863788,650.4740042576128
3013.375,625.3909211214191,650.4740042576128
3013.6870000000054,625.3922849496911,650.4740042576128
3013.9840000000113,625.3807666621476,650.4740042576128
3014.2649999999994,625.3659469678865,650.4740042576128
3014.5620000000054,625.3862803311639,650.4740042576128
3014.843000000008,625.3929339663682,650.4740042576128
3015.125,625.3713915121572,650.4740042576128
3015.4370000000054,625.3717961821716,650.4740042576128
3015.718000000008,625.3818285347801,650.4740042576128
3016.0149999999994,625.3678894086106,650.4740042576128
3016.3120000000054,625.3982772181189,650.4740042576128
3016.5780000000086,625.3848347651167,650.4740042576128
3016.875,625.3786813670042,650.4740042576128
3017.172000000006,625.377577283992,650.4740042576128
3017.4530000000086,625.3895205122515,650.4740042576128
3017.75,625.3888209599977,650.4740042576128
3018.0149999999994,625.3720950038842,650.4740042576128
3018.3120000000054,625.3858376283158,650.4740042576128
3018.6090000000113,625.3832545418092,650.4740042576128
3018.8899999999994,625.3907481480089,650.4740042576128
3019.172000000006,625.4008743450285,650.4740042576128
3019.4530000000086,625.3947481224117,650.4740042576128
3019.75,625.387711113552,650.4740042576128
3020.047000000006,625.3846080087944,650.4740042576128
3020.3280000000086,625.3759093676442,650.4740042576128
3020.625,625.3846369559274,650.4740042576128
3020.9060000000027,625.3785867950768,650.4740042576128
3021.2030000000086,625.3857881634818,650.4740042576128
3021.5,625.3936467422752,650.4740042576128
3021.7649999999994,625.3762859621936,650.4740042576128
3022.0620000000054,625.3719440179328,650.4740042576128
3022.343000000008,625.3892386556641,650.4740042576128
3022.6399999999994,625.3749144299162,650.4740042576128
3022.9370000000054,625.377967167457,650.4740042576128
3023.2030000000086,625.3583852494584,650.4740042576128
3023.5,625.3764422086855,650.4740042576128
3023.8120000000054,625.3793530339343,650.4740042576128
3024.093000000008,625.3705056777961,650.4740042576128
3024.3899999999994,625.3888987350482,650.4740042576128
3024.6870000000054,625.3852840530924,650.4740042576128
3024.968000000008,625.3694966252896,650.4740042576128
3025.2649999999994,625.3947935279017,650.4740042576128
3025.547000000006,625.3803076828615,650.4740042576128
3025.843000000008,625.3753130588722,650.4740042576128
3026.125,625.3828790066576,650.4740042576128
3026.422000000006,625.3891751887453,650.4740042576128
3026.7030000000086,625.373232281779,650.4740042576128
3026.9840000000113,625.3868965278767,650.4740042576128
3027.2810000000027,625.3797481273381,650.4740042576128
3027.5780000000086,625.3860984816547,650.4740042576128
3027.8590000000113,625.3787965462872,650.4740042576128
3028.1560000000027,625.3877548811768,650.4740042576128
3028.4370000000054,625.3868883802696,650.4740042576128
3028.7340000000113,625.3940360691563,650.4740042576128
3029.0310000000027,625.3776594777341,650.4740042576128
3029.3120000000054,625.3874551225626,650.4740042576128
3029.6090000000113,625.3810663619175,650.4740042576128
3029.8899999999994,625.3752444406834,650.4740042576128
3030.1870000000054,625.3671583693387,650.4740042576128
3030.468000000008,625.3764831754519,650.4740042576128
3030.75,625.3744043362383,650.4740042576128
3031.047000000006,625.3805080093874,650.4740042576128
3031.3280000000086,625.395660716974,650.4740042576128
3031.625,625.3693416071424,650.4740042576128
3031.9060000000027,625.3675042879017,650.4740042576128
3032.1870000000054,625.3751297451586,650.4740042576128
3032.4840000000113,625.38529937671,650.4740042576128
3032.7649999999994,625.3895486120281,650.4740042576128
3033.0620000000054,625.3848146290468,650.4740042576128
3033.3590000000113,625.3759508448605,650.4740042576128
3033.6399999999994,625.3813702139524,650.4740042576128
3033.9370000000054,625.3730699433958,650.4740042576128
3034.218000000008,625.3869066315541,650.4740042576128
3034.5620000000054,625.3863569349614,650.4740042576128
3034.843000000008,625.3977230789097,650.4740042576128
3035.1399999999994,625.3720233102282,650.4740042576128
3035.422000000006,625.3755991375297,650.4740042576128
3035.718000000008,625.3842867395695,650.4740042576128
3036.0,625.3912756451689,650.4740042576128
3036.297000000006,625.3798822878857,650.4740042576128
3036.593000000008,625.379542319867,650.4740042576128
3036.875,625.381173777263,650.4740042576128
3037.1560000000027,625.3874804641817,650.4740042576128
3037.4370000000054,625.3869433437986,650.4740042576128
3037.7340000000113,625.372663844135,650.4740042576128
3038.0310000000027,625.3789634794903,650.4740042576128
3038.3120000000054,625.3804845673696,650.4740042576128
3038.6090000000113,625.3783438115616,650.4740042576128
3038.8899999999994,625.3877195433696,650.4740042576128
3039.1870000000054,625.3960687767197,650.4740042576128
3039.468000000008,625.3848737443183,650.4740042576128
3039.75,625.3833527926143,650.4740042576128
3040.047000000006,625.3903439505744,650.4740042576128
3040.343000000008,625.3787912382442,650.4740042576128
3040.625,625.3902304266858,650.4740042576128
3040.922000000006,625.3863818235446,650.4740042576128
3041.2030000000086,625.3765370614841,650.4740042576128
3041.5,625.3846742980573,650.4740042576128
3041.797000000006,625.380255830752,650.4740042576128
3042.0780000000086,625.3795125164266,650.4740042576128
3042.375,625.3895077068275,650.4740042576128
3042.672000000006,625.3843047832554,650.4740042576128
3042.9530000000086,625.3715905885019,650.4740042576128
3043.25,625.3833928842145,650.4740042576128
3043.547000000006,625.3856683108437,650.4740042576128
3043.8280000000086,625.3755466360768,650.4740042576128
3044.1090000000113,625.3807362282896,650.4740042576128
3044.4060000000027,625.3773619270994,650.4740042576128
3044.7030000000086,625.3937063169997,650.4740042576128
3045.0,625.3815229671484,650.4740042576128
3045.2810000000027,625.39880779543,650.4740042576128
3045.5780000000086,625.3723401196357,650.4740042576128
3045.8590000000113,625.3796113323534,650.4740042576128
3046.1560000000027,625.3803042309288,650.4740042576128
3046.4370000000054,625.3905507560313,650.4740042576128
3046.7340000000113,625.3892917004632,650.4740042576128
3047.0,625.3792958003983,650.4740042576128
3047.297000000006,625.3885594038383,650.4740042576128
3047.593000000008,625.3782459642476,650.4740042576128
3047.875,625.378292490678,650.4740042576128
3048.172000000006,625.3752800760847,650.4740042576128
3048.4530000000086,625.3712371977238,650.4740042576128
3048.7340000000113,625.3791222943142,650.4740042576128
3049.0310000000027,625.3790930214336,650.4740042576128
3049.3280000000086,625.3650514892299,650.4740042576128
3049.625,625.3853746585806,650.4740042576128
3049.922000000006,625.3704352594261,650.4740042576128
3050.2030000000086,625.3769782244319,650.4740042576128
3050.5,625.3899940764851,650.4740042576128
3050.797000000006,625.381196390938,650.4740042576128
3051.0620000000054,625.3884709113717,650.4740042576128
3051.375,625.3956220371679,650.4740042576128
3051.6399999999994,625.3768777371027,650.4740042576128
3051.9370000000054,625.387273758527,650.4740042576128
3052.2340000000113,625.381579719427,650.4740042576128
3052.5310000000027,625.3863039771826,650.4740042576128
3052.8280000000086,625.3847237637082,650.4740042576128
3053.1090000000113,625.3885762806016,650.4740042576128
3053.4060000000027,625.3783292195809,650.4740042576128
3053.6870000000054,625.3772746225178,650.4740042576128
3053.9840000000113,625.3922712992055,650.4740042576128
3054.2649999999994,625.3887996792818,650.4740042576128
3054.547000000006,625.3913051310807,650.4740042576128
3054.843000000008,625.38345323712,650.4740042576128
3055.125,625.3767593536227,650.4740042576128
3055.422000000006,625.3831550999896,650.4740042576128
3055.7030000000086,625.38018197566,650.4740042576128
3056.0,625.3950013032925,650.4740042576128
3056.2810000000027,625.3739673663317,650.4740042576128
3056.5780000000086,625.373611726649,650.4740042576128
3056.8590000000113,625.3768568691979,650.4740042576128
3057.1560000000027,625.3849229741945,650.4740042576128
3057.4370000000054,625.3845191939088,650.4740042576128
3057.718000000008,625.3863416926536,650.4740042576128
3058.0149999999994,625.3751987987752,650.4740042576128
3058.297000000006,625.3817685579639,650.4740042576128
3058.593000000008,625.3766622697854,650.4740042576128
3058.875,625.3886753354109,650.4740042576128
3059.172000000006,625.3778441117755,650.4740042576128
3059.468000000008,625.3803779115366,650.4740042576128
3059.75,625.3753934104038,650.4740042576128
3060.047000000006,625.3843365949581,650.4740042576128
3060.3280000000086,625.3798859495586,650.4740042576128
3060.625,625.3766768646217,650.4740042576128
3060.9060000000027,625.378605982664,650.4740042576128
3061.172000000006,625.3861171180373,650.4740042576128
3061.468000000008,625.3866719371114,650.4740042576128
3061.7649999999994,625.387688010422,650.4740042576128
3062.0620000000054,625.3818648801519,650.4740042576128
3062.343000000008,625.3869378190145,650.4740042576128
3062.6399999999994,625.3871965760777,650.4740042576128
3062.9060000000027,625.3732374012411,650.4740042576128
3063.2030000000086,625.3867188035013,650.4740042576128
3063.5,625.3850810009717,650.4740042576128
3063.797000000006,625.3873219561456,650.4740042576128
3064.0620000000054,625.3927239337024,650.4740042576128
3064.3590000000113,625.3743218552353,650.4740042576128
3064.6560000000027,625.3890295372437,650.4740042576128
3064.9530000000086,625.3778922282896,650.4740042576128
3065.2340000000113,625.3749685978983,650.4740042576128
3065.547000000006,625.3677431429905,650.4740042576128
3065.8590000000113,625.3827438313771,650.4740042576128
3066.1399999999994,625.3759491871679,650.4740042576128
3066.4370000000054,625.3888796704674,650.4740042576128
3066.718000000008,625.3763114681482,650.4740042576128
3067.0149999999994,625.3703133432412,650.4740042576128
3067.297000000006,625.3862585086399,650.4740042576128
3067.5780000000086,625.3813456372518,650.4740042576128
3067.875,625.3951686648184,650.4740042576128
3068.1560000000027,625.385364620673,650.4740042576128
3068.4530000000086,625.3730791083649,650.4740042576128
3068.75,625.378996389452,650.4740042576128
3069.0310000000027,625.3729485998047,650.4740042576128
3069.3280000000086,625.3782709984313,650.4740042576128
3069.6090000000113,625.3850988959433,650.4740042576128
3069.9060000000027,625.3634938063809,650.4740042576128
3070.1870000000054,625.3733383434289,650.4740042576128
3070.4840000000113,625.3800694977883,650.4740042576128
3070.7810000000027,625.381647186445,650.4740042576128
3071.0620000000054,625.3760919679144,650.4740042576128
3071.3590000000113,625.397457019333,650.4740042576128
3071.6560000000027,625.3743181591382,650.4740042576128
3071.922000000006,625.3843192058454,650.4740042576128
3072.218000000008,625.3741516617864,650.4740042576128
3072.5149999999994,625.3782814354213,650.4740042576128
3072.797000000006,625.3691651001456,650.4740042576128
3073.093000000008,625.3819447405943,650.4740042576128
3073.375,625.3696162984024,650.4740042576128
3073.672000000006,625.3631614284488,650.4740042576128
3073.9530000000086,625.3718352062671,650.4740042576128
3074.25,625.374801602764,650.4740042576128
3074.5310000000027,625.3760794836255,650.4740042576128
3074.8280000000086,625.3686038855628,650.4740042576128
3075.1090000000113,625.3785222938891,650.4740042576128
3075.422000000006,625.3882954591245,650.4740042576128
3075.7030000000086,625.372365725936,650.4740042576128
3076.0,625.3766908552261,650.4740042576128
3076.2810000000027,625.3779795075068,650.4740042576128
3076.5780000000086,625.3707184000257,650.4740042576128
3076.843000000008,625.3695991263011,650.4740042576128
3077.1399999999994,625.3685880790821,650.4740042576128
3077.422000000006,625.36613866889,650.4740042576128
3077.718000000008,625.3916240141202,650.4740042576128
3078.0149999999994,625.3732895580087,650.4740042576128
3078.297000000006,625.3885530574348,650.4740042576128
3078.593000000008,625.3823968591378,650.4740042576128
3078.8899999999994,625.3814537294561,650.4740042576128
3079.172000000006,625.3820794232173,650.4740042576128
3079.468000000008,625.3749712997186,650.4740042576128
3079.75,625.3630387588033,650.4740042576128
3080.047000000006,625.3909530982651,650.4740042576128
3080.3280000000086,625.3716579064859,650.4740042576128
3080.625,625.376715917194,650.4740042576128
3080.9060000000027,625.385411363476,650.4740042576128
3081.2030000000086,625.3747626367523,650.4740042576128
3081.4840000000113,625.373466304173,650.4740042576128
3081.7649999999994,625.3830330908805,650.4740042576128
3082.0620000000054,625.3724019106594,650.4740042576128
3082.343000000008,625.3718282413375,650.4740042576128
3082.6399999999994,625.3694748447756,650.4740042576128
3082.9060000000027,625.3745404929681,650.4740042576128
3083.2030000000086,625.385266167891,650.4740042576128
3083.4840000000113,625.3738112405244,650.4740042576128
3083.7810000000027,625.3730281584882,650.4740042576128
3084.0780000000086,625.3863038435035,650.4740042576128
3084.3590000000113,625.3637948263004,650.4740042576128
3084.6560000000027,625.3716623328437,650.4740042576128
3084.9370000000054,625.3815037086225,650.4740042576128
3085.2340000000113,625.3934619726015,650.4740042576128
3085.5149999999994,625.376524510278,650.4740042576128
3085.797000000006,625.3758458085362,650.4740042576128
3086.1090000000113,625.3843389068358,650.4740042576128
3086.375,625.3750700252501,650.4740042576128
3086.672000000006,625.3680864385102,650.4740042576128
3086.968000000008,625.3533637666143,650.4740042576128
3087.2649999999994,625.3903250524687,650.4740042576128
3087.547000000006,625.3641140970782,650.4740042576128
3087.843000000008,625.383697651587,650.4740042576128
3088.125,625.3796037434158,650.4740042576128
3088.422000000006,625.3762441470604,650.4740042576128
3088.718000000008,625.361469125565,650.4740042576128
3088.9840000000113,625.369852344703,650.4740042576128
3089.2810000000027,625.361513368527,650.4740042576128
3089.5620000000054,625.3778192395339,650.4740042576128
3089.8590000000113,625.3784883596438,650.4740042576128
3090.1560000000027,625.3818795490218,650.4740042576128
3090.4370000000054,625.388105916915,650.4740042576128
3090.7340000000113,625.3844797537827,650.4740042576128
3091.0149999999994,625.3796596760724,650.4740042576128
3091.3120000000054,625.3734802883063,650.4740042576128
3091.6090000000113,625.3841956718651,650.4740042576128
3091.8899999999994,625.3832176184068,650.4740042576128
3092.172000000006,625.3678441731332,650.4740042576128
3092.468000000008,625.3727492479825,650.4740042576128
3092.7649999999994,625.3713797178799,650.4740042576128
3093.047000000006,625.3758623003204,650.4740042576128
3093.343000000008,625.3682407558088,650.4740042576128
3093.625,625.3934574239125,650.4740042576128
3093.922000000006,625.3769281350325,650.4740042576128
3094.2030000000086,625.3887183666411,650.4740042576128
3094.5,625.3806829314101,650.4740042576128
3094.7649999999994,625.3696629753201,650.4740042576128
3095.0620000000054,625.3760860269257,650.4740042576128
3095.3590000000113,625.3708970606408,650.4740042576128
3095.6399999999994,625.3776376740732,650.4740042576128
3095.9370000000054,625.3903086449268,650.4740042576128
3096.218000000008,625.3809428749423,650.4740042576128
3096.547000000006,625.3680843270897,650.4740042576128
3096.843000000008,625.372499258685,650.4740042576128
3097.125,625.3942763186822,650.4740042576128
3097.422000000006,625.37751966876,650.4740042576128
3097.718000000008,625.3833889128546,650.4740042576128
3097.9840000000113,625.371794769322,650.4740042576128
3098.2810000000027,625.3738680639285,650.4740042576128
3098.5780000000086,625.3700916150852,650.4740042576128
3098.875,625.3742469731924,650.4740042576128
3099.1560000000027,625.3720084927284,650.4740042576128
3099.4530000000086,625.3816435790171,650.4740042576128
3099.7340000000113,625.3888314933853,650.4740042576128
3100.0310000000027,625.3734699084171,650.4740042576128
3100.3120000000054,625.3797409076438,650.4740042576128
3100.593000000008,625.3804603547551,650.4740042576128
3100.875,625.3758094030092,650.4740042576128
3101.1560000000027,625.379711624505,650.4740042576128
3101.4530000000086,625.3741721634013,650.4740042576128
3101.75,625.3831745690304,650.4740042576128
3102.047000000006,625.3822321936618,650.4740042576128
3102.3280000000086,625.3780071878798,650.4740042576128
3102.625,625.3642041073497,650.4740042576128
3102.922000000006,625.3861684380265,650.4740042576128
3103.2030000000086,625.3672096197547,650.4740042576128
3103.5,625.3725201545994,650.4740042576128
3103.797000000006,625.3716894510867,650.4740042576128
3104.0780000000086,625.3775779631429,650.4740042576128
3104.3590000000113,625.3900584995878,650.4740042576128
3104.6560000000027,625.4053605440163,650.4740042576128
3104.9370000000054,625.4005644261496,650.4740042576128
3105.2340000000113,625.4744226258099,650.4740042576128
3105.5310000000027,625.5990852277397,650.4740042576128
3105.8120000000054,625.7037820843874,650.4740042576128
3106.093000000008,625.7845912330246,650.4740042576128
3106.3899999999994,625.8642203332818,650.4740042576128
3106.6870000000054,625.8974788086126,650.4740042576128
3106.968000000008,625.94128128467,650.4740042576128
3107.2649999999994,625.9914700019137,650.4740042576128
3107.593000000008,626.0151756146837,650.4740042576128
3107.8590000000113,626.0513042420988,650.4740042576128
3108.1560000000027,626.0603767818983,650.4740042576128
3108.4370000000054,626.1024971301279,650.4740042576128
3108.7340000000113,626.1137052228769,650.4740042576128
3109.0149999999994,626.1558752451022,650.4740042576128
3109.3120000000054,626.1615711359142,650.4740042576128
3109.6090000000113,626.163385377453,650.4740042576128
3109.8899999999994,626.1823427935176,650.4740042576128
3110.1870000000054,626.2104401367709,650.4740042576128
3110.4530000000086,626.2330481390146,650.4740042576128
3110.75,626.2293775693452,650.4740042576128
3111.047000000006,626.2371188775048,650.4740042576128
3111.3590000000113,626.260969170675,650.4740042576128
3111.6399999999994,626.2692272036137,650.4740042576128
3111.9370000000054,626.2691159579852,650.4740042576128
3112.218000000008,626.2812397391018,650.4740042576128
3112.547000000006,626.298891525171,650.4740042576128
3112.843000000008,626.3014760665367,650.4740042576128
3113.125,626.3189413953886,650.4740042576128
3113.422000000006,626.3182207183181,650.4740042576128
3113.7030000000086,626.3375287683134,650.4740042576128
3114.0,626.3302588379208,650.4740042576128
3114.2810000000027,626.3330110989008,650.4740042576128
3114.5620000000054,626.3510574933723,650.4740042576128
3114.843000000008,626.3648838952041,650.4740042576128
3115.1399999999994,626.3564943303494,650.4740042576128
3115.4370000000054,626.3641198426168,650.4740042576128
3115.7340000000113,626.3782480908659,650.4740042576128
3116.0149999999994,626.3829035335852,650.4740042576128
3116.297000000006,626.3865629547525,650.4740042576128
3116.593000000008,626.3975061445769,650.4740042576128
3116.875,626.3949039267227,650.4740042576128
3117.172000000006,626.4242029899865,650.4740042576128
3117.4530000000086,626.4170577395793,650.4740042576128
3117.7340000000113,626.4354479446437,650.4740042576128
3118.0310000000027,626.4262728073037,650.4740042576128
3118.3120000000054,626.4198096075766,650.4740042576128
3118.6090000000113,626.4145364705001,650.4740042576128
3118.8899999999994,626.4113120966272,650.4740042576128
3119.1870000000054,626.416156864337,650.4740042576128
3119.4840000000113,626.4063851912041,650.4740042576128
3119.7649999999994,626.4079874623379,650.4740042576128
3120.047000000006,626.4022812102367,650.4740042576128
3120.343000000008,626.3924176677452,650.4740042576128
3120.625,626.4091927317475,650.4740042576128
3120.922000000006,626.398006769348,650.4740042576128
3121.2030000000086,626.3994192161734,650.4740042576128
3121.5,626.4024828644358,650.4740042576128
3121.7810000000027,626.3954915654903,650.4740042576128
3122.0780000000086,626.3839755813487,650.4740042576128
3122.3590000000113,626.396376239897,650.4740042576128
3122.672000000006,626.3826841543389,650.4740042576128
3122.9530000000086,626.3867432275263,650.4740042576128
3123.2340000000113,626.3946597205245,650.4740042576128
3123.5310000000027,626.3899566659989,650.4740042576128
3123.8120000000054,626.4017045185298,650.4740042576128
3124.1090000000113,626.3985569930061,650.4740042576128
3124.4060000000027,626.383022373212,650.4740042576128
3124.6870000000054,626.3920102887565,650.4740042576128
3124.9840000000113,626.389349883903,650.4740042576128
3125.25,626.3850437505039,650.4740042576128
3125.5620000000054,626.3802844410832,650.4740042576128
3125.843000000008,626.3951955650921,650.4740042576128
3126.1399999999994,626.3937623963327,650.4740042576128
3126.422000000006,626.3706131523559,650.4740042576128
3126.718000000008,626.3959528639344,650.4740042576128
3127.0,626.3883212307226,650.4740042576128
3127.297000000006,626.3926567666529,650.4740042576128
3127.5780000000086,626.3889120889997,650.4740042576128
3127.875,626.3914259494909,650.4740042576128
3128.172000000006,626.3986777491401,650.4740042576128
3128.4530000000086,626.3759125874567,650.4740042576128
3128.7340000000113,626.3942733472619,650.4740042576128
3129.0149999999994,626.3883954881674,650.4740042576128
3129.297000000006,626.3841271201237,650.4740042576128
3129.593000000008,626.3935917830852,650.4740042576128
3129.8899999999994,626.3929136380586,650.4740042576128
3130.172000000006,626.3786310453117,650.4740042576128
3130.468000000008,626.3909859667725,650.4740042576128
3130.75,626.3928390097329,650.4740042576128
3131.0310000000027,626.3504123534045,650.4740042576128
3131.3280000000086,626.0635382245175,650.4740042576128
3131.6090000000113,625.8070921942315,650.4740042576128
3131.9060000000027,625.6865643862051,650.4740042576128
3132.1870000000054,625.6201228577264,650.4740042576128
3132.4840000000113,625.5722810109036,650.4740042576128
3132.7649999999994,625.5274902008316,650.4740042576128
3133.0620000000054,625.4911751581006,650.4740042576128
3133.3590000000113,625.4736441622125,650.4740042576128
3133.6560000000027,625.452162824269,650.4740042576128
3133.9370000000054,625.4507210682324,650.4740042576128
3134.2340000000113,625.4252336871558,650.4740042576128
3134.5149999999994,625.4331921127839,650.4740042576128
3134.8120000000054,625.40940504698,650.4740042576128
3135.1090000000113,625.3935261488461,650.4740042576128
3135.3899999999994,625.3994303384409,650.4740042576128
3135.6870000000054,625.3941311389093,650.4740042576128
3135.968000000008,625.3716930396893,650.4740042576128
3136.2649999999994,625.3879267366426,650.4740042576128
3136.547000000006,625.376450958995,650.4740042576128
3136.843000000008,625.3753323561473,650.4740042576128
3137.1399999999994,625.3583841771302,650.4740042576128
3137.422000000006,625.3626537933626,650.4740042576128
3137.718000000008,625.3607080826807,650.4740042576128
3138.0,625.3614890323246,650.4740042576128
3138.297000000006,625.3483581843179,650.4740042576128
3138.593000000008,625.3498294424045,650.4740042576128
3138.875,625.360884771187,650.4740042576128
3139.1560000000027,625.3371949630321,650.4740042576128
3139.4530000000086,625.3539843773226,650.4740042576128
3139.7340000000113,625.3345416963149,650.4740042576128
3140.0310000000027,625.3445862035377,650.4740042576128
3140.3120000000054,625.3228181147747,650.4740042576128
3140.6090000000113,625.3208504789127,650.4740042576128
3140.9060000000027,625.3263987830327,650.4740042576128
3141.1870000000054,625.3279264290811,650.4740042576128
3141.468000000008,625.325480509163,650.4740042576128
3141.75,625.3303192504977,650.4740042576128
3142.047000000006,625.3174805585386,650.4740042576128
3142.343000000008,625.3220303656693,650.4740042576128
3142.625,625.3247790634481,650.4740042576128
3142.922000000006,625.3275903575739,650.4740042576128
3143.218000000008,625.3339554699212,650.4740042576128
3143.5,625.3225175447388,650.4740042576128
3143.7810000000027,625.3343324226371,650.4740042576128
3144.0780000000086,625.30939729116,650.4740042576128
3144.3590000000113,625.3910811252591,650.4740042576128
3144.6560000000027,625.4113123600201,650.4740042576128
3144.9370000000054,625.4110208362231,650.4740042576128
3145.2340000000113,625.392108518246,650.4740042576128
3145.5149999999994,625.3924301449463,650.4740042576128
3145.8120000000054,625.3998844780683,650.4740042576128
3146.1090000000113,625.3896782434165,650.4740042576128
3146.3899999999994,625.3756236522956,650.4740042576128
3146.6870000000054,625.3815970653989,650.4740042576128
3146.968000000008,625.3775223942594,650.4740042576128
3147.25,625.3814889384106,650.4740042576128
3147.5620000000054,625.396711661487,650.4740042576128
3147.843000000008,625.3824525870017,650.4740042576128
3148.1399999999994,625.3823322177052,650.4740042576128
3148.4370000000054,625.3969530004814,650.4740042576128
3148.7030000000086,625.3740841413894,650.4740042576128
3149.0,625.3805801985316,650.4740042576128
3149.297000000006,625.3791882661965,650.4740042576128
3149.5780000000086,625.3954118870914,650.4740042576128
3149.875,625.3878242888211,650.4740042576128
3150.172000000006,625.3803177706505,650.4740042576128
3150.4530000000086,625.3858147518215,650.4740042576128
3150.75,625.3886510233266,650.4740042576128
3151.0310000000027,625.391354262731,650.4740042576128
3151.3280000000086,625.3765155133569,650.4740042576128
3151.6090000000113,625.3764238505025,650.4740042576128
3151.8899999999994,625.3690840716363,650.4740042576128
3152.1870000000054,625.3850204347292,650.4740042576128
3152.468000000008,625.3695338108043,650.4740042576128
3152.7649999999994,625.3755391944516,650.4740042576128
3153.047000000006,625.3844224947127,650.4740042576128
3153.343000000008,625.3755238902407,650.4740042576128
3153.6399999999994,625.3843110065541,650.4740042576128
3153.922000000006,625.3804882698975,650.4740042576128
3154.218000000008,625.3740322335877,650.4740042576128
3154.4840000000113,625.3779759506708,650.4740042576128
3154.7810000000027,625.3796872571977,650.4740042576128
3155.0780000000086,625.375155434479,650.4740042576128
3155.3590000000113,625.3758536345931,650.4740042576128
3155.6560000000027,625.3716877674842,650.4740042576128
3155.9370000000054,625.3793209121377,650.4740042576128
3156.2340000000113,625.3587272652029,650.4740042576128
3156.5310000000027,625.3285098067557,650.4740042576128
3156.797000000006,625.3339760821259,650.4740042576128
3157.093000000008,625.3540911787642,650.4740042576128
3157.3899999999994,625.3584254759985,650.4740042576128
3157.6870000000054,625.3534923049307,650.4740042576128
3157.968000000008,625.3459306821953,650.4740042576128
3158.25,625.3332613417023,650.4740042576128
3158.547000000006,625.3488496135623,650.4740042576128
3158.843000000008,625.3392802770544,650.4740042576128
3159.125,625.3350749448845,650.4740042576128
3159.422000000006,625.3250624732699,650.4740042576128
3159.7030000000086,625.3194352537282,650.4740042576128
3159.9840000000113,625.3426874609002,650.4740042576128
3160.2810000000027,625.337603649169,650.4740042576128
3160.5620000000054,625.3234382164808,650.4740042576128
3160.8590000000113,625.3259502561011,650.4740042576128
3161.1560000000027,625.3163035976811,650.4740042576128
3161.4370000000054,625.303834777101,650.4740042576128
3161.7340000000113,625.3115137568573,650.4740042576128
3162.0149999999994,625.319112952369,650.4740042576128
3162.3120000000054,625.3284045553532,650.4740042576128
3162.593000000008,625.3143357840352,650.4740042576128
3162.8899999999994,625.297843870931,650.4740042576128
3163.172000000006,625.3018629412063,650.4740042576128
3163.468000000008,625.3102750825741,650.4740042576128
3163.75,625.3160999964833,650.4740042576128
3164.0310000000027,625.3070419933755,650.4740042576128
3164.343000000008,625.3202337263272,650.4740042576128
3164.625,625.3175217143394,650.4740042576128
3164.9060000000027,625.3024606969468,650.4740042576128
3165.2030000000086,625.3017073205544,650.4740042576128
3165.5,625.3075527777773,650.4740042576128
3165.7810000000027,625.3152896236444,650.4740042576128
3166.0780000000086,625.3032295286279,650.4740042576128
3166.375,625.3062513916362,650.4740042576128
3166.6560000000027,625.3031271911857,650.4740042576128
3166.9530000000086,625.3109666079037,650.4740042576128
3167.218000000008,625.3171552284128,650.4740042576128
3167.5310000000027,625.313675343193,650.4740042576128
3167.8120000000054,625.3056032682103,650.4740042576128
3168.093000000008,625.3165734816923,650.4740042576128
3168.3899999999994,625.296199072655,650.4740042576128
3168.6870000000054,625.3128639320635,650.4740042576128
3168.968000000008,625.3329050215475,650.4740042576128
3169.2649999999994,625.3060393465668,650.4740042576128
3169.593000000008,625.3534017387506,650.4740042576128
3169.875,625.3924712744675,650.4740042576128
3170.172000000006,625.4027998442234,650.4740042576128
3170.468000000008,625.378768541501,650.4740042576128
3170.75,625.3832206915275,650.4740042576128
3171.047000000006,625.3868634365629,650.4740042576128
3171.375,625.3728521344583,650.4740042576128
3171.6560000000027,625.3784415384996,650.4740042576128
3171.9370000000054,625.3709865361322,650.4740042576128
3172.2340000000113,625.3721298534946,650.4740042576128
3172.5149999999994,625.3666655387724,650.4740042576128
3172.797000000006,625.3639527877165,650.4740042576128
3173.093000000008,625.3773720138311,650.4740042576128
3173.375,625.363525335647,650.4740042576128
3173.672000000006,625.3697144284915,650.4740042576128
3173.9530000000086,625.3683380248816,650.4740042576128
3174.25,625.368894041754,650.4740042576128
3174.547000000006,625.363159199088,650.4740042576128
3174.843000000008,625.3751048098515,650.4740042576128
3175.125,625.377392461409,650.4740042576128
3175.422000000006,625.3603455115542,650.4740042576128
3175.6870000000054,625.3485842616288,650.4740042576128
3175.9840000000113,625.3399634114867,650.4740042576128
3176.2810000000027,625.3801505878444,650.4740042576128
3176.5620000000054,625.3856133976817,650.4740042576128
3176.8590000000113,625.3894929284621,650.4740042576128
3177.1399999999994,625.3896431741802,650.4740042576128
3177.422000000006,625.3890373206,650.4740042576128
3177.718000000008,625.3908601308633,650.4740042576128
3178.0,625.3857690323152,650.4740042576128
3178.297000000006,625.3731819976102,650.4740042576128
3178.5780000000086,625.3864909943302,650.4740042576128
3178.8590000000113,625.380081308516,650.4740042576128
3179.1560000000027,625.3773004979291,650.4740042576128
3179.4370000000054,625.3834087491082,650.4740042576128
3179.7340000000113,625.3829525535285,650.4740042576128
3180.0149999999994,625.3824505556148,650.4740042576128
3180.3120000000054,625.3730512669109,650.4740042576128
3180.6090000000113,625.3743787269929,650.4740042576128
3180.9060000000027,625.3774572084635,650.4740042576128
3181.1870000000054,625.3556184925287,650.4740042576128
3181.4840000000113,625.3712318243222,650.4740042576128
3181.7649999999994,625.3657266595482,650.4740042576128
3182.0620000000054,625.379134822801,650.4740042576128
3182.343000000008,625.3819269578863,650.4740042576128
3182.6399999999994,625.379290031654,650.4740042576128
3182.922000000006,625.3602674824181,650.4740042576128
3183.218000000008,625.3635658354144,650.4740042576128
3183.5,625.3677009835089,650.4740042576128
3183.7810000000027,625.3760754179282,650.4740042576128
3184.0780000000086,625.3544924815563,650.4740042576128
3184.3590000000113,625.3637712607681,650.4740042576128
3184.6560000000027,625.3652438506551,650.4740042576128
3184.9530000000086,625.3678201192048,650.4740042576128
3185.2340000000113,625.3642947489825,650.4740042576128
3185.5620000000054,625.3713515899054,650.4740042576128
3185.8590000000113,625.3722545525994,650.4740042576128
3186.1399999999994,625.3616680901769,650.4740042576128
3186.4370000000054,625.3743655620578,650.4740042576128
3186.718000000008,625.3648653594996,650.4740042576128
3187.0149999999994,625.3717459929286,650.4740042576128
3187.297000000006,625.3734846312209,650.4740042576128
3187.5780000000086,625.3781858973514,650.4740042576128
3187.875,625.3698448668133,650.4740042576128
3188.172000000006,625.3678496305437,650.4740042576128
3188.4530000000086,625.3750844929539,650.4740042576128
3188.75,625.3725932281925,650.4740042576128
3189.0310000000027,625.3713195013104,650.4740042576128
3189.3280000000086,625.3650071152155,650.4740042576128
3189.625,625.3767696443665,650.4740042576128
3189.8899999999994,625.4249012256917,650.4740042576128
3190.1870000000054,625.5948003579724,650.4740042576128
3190.468000000008,625.7914321135265,650.4740042576128
3190.75,625.9124179227638,650.4740042576128
3191.047000000006,625.9772482863422,650.4740042576128
3191.3280000000086,626.0415120315569,650.4740042576128
3191.625,626.0914104785573,650.4740042576128
3191.922000000006,626.1119178971019,650.4740042576128
3192.2030000000086,626.1502914133687,650.4740042576128
3192.5,626.1679004581983,650.4740042576128
3192.7649999999994,626.1913747418239,650.4740042576128
3193.0620000000054,626.2031261004116,650.4740042576128
3193.3590000000113,626.2154199501388,650.4740042576128
3193.6399999999994,626.2401697321386,650.4740042576128
3193.9370000000054,626.2361203733202,650.4740042576128
3194.218000000008,626.2715047981764,650.4740042576128
3194.5,626.2755666225192,650.4740042576128
3194.797000000006,626.294300285523,650.4740042576128
3195.0780000000086,626.3085883555947,650.4740042576128
3195.3899999999994,626.3196440295126,650.4740042576128
3195.672000000006,626.320497958757,650.4740042576128
3195.968000000008,626.3209256269437,650.4740042576128
3196.2649999999994,626.3392927028619,650.4740042576128
3196.5310000000027,626.3521747533297,650.4740042576128
3196.843000000008,626.355120296325,650.4740042576128
3197.125,626.3766560065118,650.4740042576128
3197.4060000000027,626.3760646089255,650.4740042576128
3197.7030000000086,626.3842050873574,650.4740042576128
3197.9840000000113,626.3955246575555,650.4740042576128
3198.2810000000027,626.4040670146079,650.4740042576128
3198.5780000000086,626.3993316162565,650.4740042576128
3198.8590000000113,626.4075067754663,650.4740042576128
3199.1560000000027,626.4247387879134,650.4740042576128
3199.4370000000054,626.4135409131086,650.4740042576128
3199.7340000000113,626.4197896462653,650.4740042576128
3200.0149999999994,626.433242762274,650.4740042576128
3200.3120000000054,626.4401174002078,650.4740042576128
3200.6090000000113,626.4366485030191,650.4740042576128
3200.8899999999994,626.4393141090237,650.4740042576128
3201.1870000000054,626.4484750719491,650.4740042576128
3201.468000000008,626.4621505957608,650.4740042576128
3201.75,626.4572229009916,650.4740042576128
3202.047000000006,626.4526387659361,650.4740042576128
3202.343000000008,626.4674271087656,650.4740042576128
3202.625,626.4732890317752,650.4740042576128
3202.922000000006,626.479157767032,650.4740042576128
3203.2030000000086,626.4763478484177,650.4740042576128
3203.5,626.4881403257691,650.4740042576128
3203.797000000006,626.4869571204623,650.4740042576128
3204.0780000000086,626.5034770823175,650.4740042576128
3204.375,626.4938767622388,650.4740042576128
3204.6560000000027,626.5026409751965,650.4740042576128
3204.9370000000054,626.4976618833696,650.4740042576128
3205.218000000008,626.5014640565407,650.4740042576128
3205.5149999999994,626.5132258624853,650.4740042576128
3205.8120000000054,626.5243836067026,650.4740042576128
3206.093000000008,626.5142948881735,650.4740042576128
3206.3899999999994,626.5160516170087,650.4740042576128
3206.672000000006,626.5175636372468,650.4740042576128
3206.9530000000086,626.52110124591,650.4740042576128
3207.25,626.5352726274377,650.4740042576128
3207.5310000000027,626.5222581590426,650.4740042576128
3207.8280000000086,626.5249680971644,650.4740042576128
3208.1090000000113,626.5253087634354,650.4740042576128
3208.4060000000027,626.5437469020512,650.4740042576128
3208.6870000000054,626.5453775569496,650.4740042576128
3208.9840000000113,626.5396392662824,650.4740042576128
3209.25,626.5480140311151,650.4740042576128
3209.547000000006,626.5577127848322,650.4740042576128
3209.843000000008,626.5559613116428,650.4740042576128
3210.125,626.5511879013567,650.4740042576128
3210.422000000006,626.5572329082579,650.4740042576128
3210.718000000008,626.5636990820524,650.4740042576128
3211.0,626.5666283386738,650.4740042576128
3211.297000000006,626.5689842134959,650.4740042576128
3211.5780000000086,626.5708340421672,650.4740042576128
3211.875,626.5719317619285,650.4740042576128
3212.1560000000027,626.5637951266751,650.4740042576128
3212.4530000000086,626.5636998637993,650.4740042576128
3212.7340000000113,626.5678714504671,650.4740042576128
3213.0149999999994,626.5789853595192,650.4740042576128
3213.3120000000054,626.5884797811397,650.4740042576128
3213.593000000008,626.5826541493956,650.4740042576128
3213.8899999999994,626.5803845949689,650.4740042576128
3214.172000000006,626.5836615058242,650.4740042576128
3214.468000000008,626.5890031835344,650.4740042576128
3214.7649999999994,626.5900050235049,650.4740042576128
3215.047000000006,626.5818606563339,650.4740042576128
3215.3280000000086,626.5874292900018,650.4740042576128
3215.6090000000113,626.5887760268296,650.4740042576128
3215.8899999999994,626.5840270776729,650.4740042576128
3216.172000000006,626.5913151589033,650.4740042576128
3216.468000000008,626.6034590219007,650.4740042576128
3216.7649999999994,626.6095190954646,650.4740042576128
3217.0620000000054,626.6100949060441,650.4740042576128
3217.3280000000086,626.6022694392793,650.4740042576128
3217.625,626.6139095815604,650.4740042576128
3217.9060000000027,626.6013710416792,650.4740042576128
3218.2030000000086,626.61226884344,650.4740042576128
3218.5,626.6081068153131,650.4740042576128
3218.7810000000027,626.6250394114803,650.4740042576128
3219.0780000000086,626.6134560042557,650.4740042576128
3219.3899999999994,626.6160920009002,650.4740042576128
3219.672000000006,626.6211286335916,650.4740042576128
3219.9530000000086,626.6212024434144,650.4740042576128
3220.218000000008,626.6200637782466,650.4740042576128
3220.5,626.6028881317013,650.4740042576128
3220.797000000006,626.617755558484,650.4740042576128
3221.0780000000086,626.6301226658252,650.4740042576128
3221.375,626.6463780820401,650.4740042576128
3221.6560000000027,626.6303761448054,650.4740042576128
3221.9370000000054,626.6251561070428,650.4740042576128
3222.25,626.640391070323,650.4740042576128
3222.5310000000027,626.6425806710297,650.4740042576128
3222.8280000000086,626.6372434579148,650.4740042576128
3223.093000000008,626.6397942737556,650.4740042576128
3223.3899999999994,626.6340419273066,650.4740042576128
3223.6870000000054,626.648167596983,650.4740042576128
3223.968000000008,626.6467020521359,650.4740042576128
3224.25,626.6531576706502,650.4740042576128
3224.547000000006,626.6516517877122,650.4740042576128
3224.843000000008,626.6506442422451,650.4740042576128
3225.125,626.6533987347698,650.4740042576128
3225.422000000006,626.6443897703984,650.4740042576128
3225.7030000000086,626.6597635844497,650.4740042576128
3226.0,626.6565662169485,650.4740042576128
3226.2810000000027,626.6511358039347,650.4740042576128
3226.5620000000054,626.6526140081289,650.4740042576128
3226.8590000000113,626.6687182558851,650.4740042576128
3227.1560000000027,626.6573290846972,650.4740042576128
3227.4530000000086,626.6493866955122,650.4740042576128
3227.718000000008,626.6660053677863,650.4740042576128
3228.0149999999994,626.655658216935,650.4740042576128
3228.297000000006,626.6478795728865,650.4740042576128
3228.593000000008,626.6709670249909,650.4740042576128
3228.875,626.6703055103908,650.4740042576128
3229.172000000006,626.6723788311156,650.4740042576128
3229.4530000000086,626.6717710439184,650.4740042576128
3229.75,626.668242934552,650.4740042576128
3230.0310000000027,626.676215387591,650.4740042576128
3230.3280000000086,626.6623693363791,650.4740042576128
3230.6090000000113,626.6724761190181,650.4740042576128
3230.8899999999994,626.6670579503168,650.4740042576128
3231.1870000000054,626.6773283010866,650.4740042576128
3231.468000000008,626.6867916210429,650.4740042576128
3231.7649999999994,626.6714537189006,650.4740042576128
3232.0620000000054,626.6731829628694,650.4740042576128
3232.343000000008,626.6855422681077,650.4740042576128
3232.6399999999994,626.6686912037192,650.4740042576128
3232.922000000006,626.6657515899243,650.4740042576128
3233.218000000008,626.6789935168017,650.4740042576128
3233.5,626.6802299304919,650.4740042576128
3233.797000000006,626.685201442741,650.4740042576128
3234.093000000008,626.6857040863518,650.4740042576128
3234.3590000000113,626.6835548812171,650.4740042576128
3234.6560000000027,626.6784488865978,650.4740042576128
3234.9370000000054,626.6895959644688,650.4740042576128
3235.2340000000113,626.6836704852145,650.4740042576128
3235.5310000000027,626.677403351763,650.4740042576128
3235.8120000000054,626.6754089764485,650.4740042576128
3236.1090000000113,626.6797489840403,650.4740042576128
3236.3899999999994,626.695265149872,650.4740042576128
3236.6870000000054,626.680080303192,650.4740042576128
3236.968000000008,626.6976388010291,650.4740042576128
3237.2649999999994,626.6912814437093,650.4740042576128
3237.593000000008,626.7022982838147,650.4740042576128
3237.8899999999994,626.6984058949787,650.4740042576128
3238.172000000006,626.699266121269,650.4740042576128
3238.468000000008,626.6938612357643,650.4740042576128
3238.75,626.7082224601131,650.4740042576128
3239.0310000000027,626.6982443143389,650.4740042576128
3239.3280000000086,626.7040043350639,650.4740042576128
3239.6090000000113,626.6978804405992,650.4740042576128
3239.8899999999994,626.7083886313122,650.4740042576128
3240.1870000000054,626.7044941360791,650.4740042576128
3240.468000000008,626.704313239249,650.4740042576128
3240.75,626.6993947229117,650.4740042576128
3241.047000000006,626.7013476932642,650.4740042576128
3241.343000000008,626.7078288422191,650.4740042576128
3241.625,626.7302101952846,650.4740042576128
3241.922000000006,626.7179919325099,650.4740042576128
3242.2030000000086,626.7017615460725,650.4740042576128
3242.5,626.722080274548,650.4740042576128
3242.7810000000027,626.7004811396544,650.4740042576128
3243.0780000000086,626.723251993636,650.4740042576128
3243.375,626.721405820784,650.4740042576128
3243.672000000006,626.7160222487347,650.4740042576128
3243.9370000000054,626.710932002501,650.4740042576128
3244.2340000000113,626.7245668440931,650.4740042576128
3244.547000000006,626.7178368943162,650.4740042576128
3244.8280000000086,626.7154949384146,650.4740042576128
3245.125,626.7107669026655,650.4740042576128
3245.3899999999994,626.721454145353,650.4740042576128
3245.6870000000054,626.7304712559253,650.4740042576128
3245.9840000000113,626.715867621095,650.4740042576128
3246.2649999999994,626.7253419774362,650.4740042576128
3246.5620000000054,626.7208039471268,650.4740042576128
3246.843000000008,626.7306750538955,650.4740042576128
3247.1399999999994,626.7208974749769,650.4740042576128
3247.422000000006,626.705562433493,650.4740042576128
3247.7030000000086,626.7244623470549,650.4740042576128
3248.0,626.7211311820832,650.4740042576128
3248.2810000000027,626.7352308086633,650.4740042576128
3248.5780000000086,626.7271167204755,650.4740042576128
3248.875,626.7215518589844,650.4740042576128
3249.1560000000027,626.7131547871795,650.4740042576128
3249.4530000000086,626.7442944003129,650.4740042576128
3249.7340000000113,626.7328506732672,650.4740042576128
3250.0310000000027,626.7284622760055,650.4740042576128
3250.3120000000054,626.7338724036431,650.4740042576128
3250.6090000000113,626.7265711472795,650.4740042576128
3250.8899999999994,626.7319074901933,650.4740042576128
3251.1870000000054,626.745930288024,650.4740042576128
3251.468000000008,626.7358998453624,650.4740042576128
3251.7649999999994,626.7395765847796,650.4740042576128
3252.047000000006,626.7481859211117,650.4740042576128
3252.343000000008,626.7507856368012,650.4740042576128
3252.625,626.7417649787651,650.4740042576128
3252.9060000000027,626.7394192653092,650.4740042576128
3253.1870000000054,626.7363609173167,650.4740042576128
3253.4840000000113,626.7260729530368,650.4740042576128
3253.7810000000027,626.750531521674,650.4740042576128
3254.0780000000086,626.7363945812444,650.4740042576128
3254.3590000000113,626.7555487802473,650.4740042576128
3254.6560000000027,626.7503942268652,650.4740042576128
3254.9530000000086,626.7490079557593,650.4740042576128
3255.2340000000113,626.7433087821996,650.4740042576128
3255.5310000000027,626.7427065269461,650.4740042576128
3255.8280000000086,626.7501295696442,650.4740042576128
3256.1090000000113,626.7602480304647,650.4740042576128
3256.4060000000027,626.7548729469688,650.4740042576128
3256.672000000006,626.7458178148194,650.4740042576128
3256.968000000008,626.7703935700176,650.4740042576128
3257.2649999999994,626.7646794173244,650.4740042576128
3257.547000000006,626.7634985077984,650.4740042576128
3257.843000000008,626.77636471669,650.4740042576128
3258.125,626.7770672816554,650.4740042576128
3258.422000000006,626.7705182015051,650.4740042576128
3258.7030000000086,626.7673217645339,650.4740042576128
3258.9840000000113,626.7698890288027,650.4740042576128
3259.2810000000027,626.7564058150816,650.4740042576128
3259.5620000000054,626.7577429406662,650.4740042576128
3259.8590000000113,626.7625099630536,650.4740042576128
3260.1399999999994,626.7599621111705,650.4740042576128
3260.4370000000054,626.7426508384735,650.4740042576128
3260.7340000000113,626.7358840546203,650.4740042576128
3261.0,626.7419792740892,650.4740042576128
3261.297000000006,626.7494332568366,650.4740042576128
3261.5780000000086,626.747233908113,650.4740042576128
3261.875,626.7368168205788,650.4740042576128
3262.1560000000027,626.7342186187415,650.4740042576128
3262.4530000000086,626.7410547779244,650.4740042576128
3262.75,626.728831245144,650.4740042576128
3263.0310000000027,626.7271558206014,650.4740042576128
3263.3280000000086,626.732073984162,650.4740042576128
3263.6090000000113,626.7441833467428,650.4740042576128
3263.8899999999994,626.7470220254917,650.4740042576128
3264.1870000000054,626.7366678846901,650.4740042576128
3264.4840000000113,626.7278920768077,650.4740042576128
3264.7649999999994,626.7386745046297,650.4740042576128
3265.047000000006,626.7489525324434,650.4740042576128
3265.3280000000086,626.733728128864,650.4740042576128
3265.625,626.7221719719915,650.4740042576128
3265.9060000000027,626.7351248735911,650.4740042576128
3266.2030000000086,626.7369422194587,650.4740042576128
3266.5,626.725303570034,650.4740042576128
3266.7810000000027,626.7332108789776,650.4740042576128
3267.0780000000086,626.734190397405,650.4740042576128
3267.375,626.733323061416,650.4740042576128
3267.672000000006,626.7229630415995,650.4740042576128
3267.9530000000086,626.7308208149298,650.4740042576128
3268.25,626.7108834007829,650.4740042576128
3268.593000000008,626.7383867915069,650.4740042576128
3268.875,626.7250108421059,650.4740042576128
3269.1560000000027,626.7334169605593,650.4740042576128
3269.4530000000086,626.7360769498446,650.4740042576128
3269.75,626.7299252202749,650.4740042576128
3270.0310000000027,626.7220449563449,650.4740042576128
3270.3120000000054,626.717756124576,650.4740042576128
3270.593000000008,626.7176325526499,650.4740042576128
3270.8899999999994,626.7193887816945,650.4740042576128
3271.172000000006,626.7283033053483,650.4740042576128
3271.468000000008,626.7201057756298,650.4740042576128
3271.75,626.7213731134118,650.4740042576128
3272.047000000006,626.7130611561374,650.4740042576128
3272.343000000008,626.7164001533198,650.4740042576128
3272.625,626.7277488242404,650.4740042576128
3272.922000000006,626.7108067005154,650.4740042576128
3273.2030000000086,626.7173767834553,650.4740042576128
3273.4840000000113,626.7197656216149,650.4740042576128
3273.7810000000027,626.715845609408,650.4740042576128
3274.0780000000086,626.7183080311949,650.4740042576128
3274.3590000000113,626.721773203115,650.4740042576128
3274.6399999999994,626.7186717523232,650.4740042576128
3274.9370000000054,626.7277418851305,650.4740042576128
3275.218000000008,626.7203498583303,650.4740042576128
3275.5149999999994,626.7181523121025,650.4740042576128
3275.797000000006,626.7100810578378,650.4740042576128
3276.093000000008,626.7189962453805,650.4740042576128
3276.3899999999994,626.7181230557502,650.4740042576128
3276.672000000006,626.7080928733975,650.4740042576128
3276.968000000008,626.7102067521861,650.4740042576128
3277.25,626.7249381143371,650.4740042576128
3277.547000000006,626.7186963340451,650.4740042576128
3277.8280000000086,626.7163014276687,650.4740042576128
3278.125,626.7157655617838,650.4740042576128
3278.4060000000027,626.7168314159919,650.4740042576128
3278.7030000000086,626.7225329435174,650.4740042576128
3278.9840000000113,626.7246985027728,650.4740042576128
3279.2649999999994,626.7097715481337,650.4740042576128
3279.593000000008,626.70905016974,650.4740042576128
3279.8590000000113,626.6975022871866,650.4740042576128
3280.1560000000027,626.7071217394567,650.4740042576128
3280.4370000000054,626.7077185093535,650.4740042576128
3280.7340000000113,626.7248811014181,650.4740042576128
3281.0149999999994,626.7165134131109,650.4740042576128
3281.3120000000054,626.7185891013721,650.4740042576128
3281.6090000000113,626.7010682283747,650.4740042576128
3281.8899999999994,626.713264408683,650.4740042576128
3282.1870000000054,626.7234854089277,650.4740042576128
3282.468000000008,626.7167868527499,650.4740042576128
3282.7649999999994,626.7241648589638,650.4740042576128
3283.047000000006,626.717821820245,650.4740042576128
3283.3280000000086,626.7148068416997,650.4740042576128
3283.625,626.7132030060586,650.4740042576128
3283.9060000000027,626.7134330141621,650.4740042576128
3284.2030000000086,626.721965503883,650.4740042576128
3284.4840000000113,626.7117977315283,650.4740042576128
3284.797000000006,626.7020091048117,650.4740042576128
3285.0780000000086,626.7170244498698,650.4740042576128
3285.375,626.7147457936022,650.4740042576128
3285.6560000000027,626.7198753833462,650.4740042576128
3285.9530000000086,626.7062402111911,650.4740042576128
3286.25,626.7179359713263,650.4740042576128
3286.5310000000027,626.7148684170438,650.4740042576128
3286.8280000000086,626.7144942175233,650.4740042576128
3287.093000000008,626.7199461802888,650.4740042576128
3287.3899999999994,626.6971445487029,650.4740042576128
3287.672000000006,626.7279358636257,650.4740042576128
3287.968000000008,626.6996869398965,650.4740042576128
3288.2649999999994,626.709888440215,650.4740042576128
3288.547000000006,626.7025888646353,650.4740042576128
3288.843000000008,626.7125625260983,650.4740042576128
3289.125,626.7195080371122,650.4740042576128
3289.422000000006,626.7004801598732,650.4740042576128
3289.7030000000086,626.7095496784525,650.4740042576128
3290.0,626.7127452676402,650.4740042576128
3290.2810000000027,626.7105590844631,650.4740042576128
3290.5780000000086,626.7090137556603,650.4740042576128
3290.8590000000113,626.7097349284564,650.4740042576128
3291.1399999999994,626.7060275341532,650.4740042576128
3291.4530000000086,626.698958441897,650.4740042576128
3291.718000000008,626.7006932956195,650.4740042576128
3292.0149999999994,626.6984793685149,650.4740042576128
3292.297000000006,626.6945624711325,650.4740042576128
3292.593000000008,626.7066547520824,650.4740042576128
3292.875,626.7192653461383,650.4740042576128
3293.172000000006,626.7055101152241,650.4740042576128
3293.4530000000086,626.7003363528228,650.4740042576128
3293.75,626.7218152970728,650.4740042576128
3294.047000000006,626.7048592951929,650.4740042576128
3294.3280000000086,626.7068330172029,650.4740042576128
3294.625,626.7100266570212,650.4740042576128
3294.8899999999994,626.6904416113184,650.4740042576128
3295.2030000000086,626.7005724574373,650.4740042576128
3295.4840000000113,626.7031716124667,650.4740042576128
3295.7810000000027,626.7108379681623,650.4740042576128
3296.047000000006,626.7112206038441,650.4740042576128
3296.343000000008,626.7234387292992,650.4740042576128
3296.625,626.6969907761344,650.4740042576128
3296.922000000006,626.7127196028155,650.4740042576128
3297.2030000000086,626.7040072777135,650.4740042576128
3297.5,626.7030389780405,650.4740042576128
3297.797000000006,626.6985671063859,650.4740042576128
3298.0620000000054,626.7184618338028,650.4740042576128
3298.3590000000113,626.7117092430219,650.4740042576128
3298.6399999999994,626.7016030900045,650.4740042576128
3298.9370000000054,626.7061383713005,650.4740042576128
3299.218000000008,626.712693411376,650.4740042576128
3299.5149999999994,626.704377871076,650.4740042576128
3299.8120000000054,626.7039335181726,650.4740042576128
3300.093000000008,626.7029699517599,650.4740042576128
3300.375,626.7060101727357,650.4740042576128
3300.6560000000027,626.7089445701035,650.4740042576128
3300.9370000000054,626.7118756860618,650.4740042576128
3301.2340000000113,626.7027791611881,650.4740042576128
3301.5149999999994,626.7010511003358,650.4740042576128
3301.8120000000054,626.7106859593599,650.4740042576128
3302.1090000000113,626.7106590118472,650.4740042576128
3302.3899999999994,626.7153112776666,650.4740042576128
3302.6870000000054,626.7026000553681,650.4740042576128
3302.9530000000086,626.7074265495994,650.4740042576128
3303.25,626.7050797145095,650.4740042576128
3303.547000000006,626.7140062482067,650.4740042576128
3303.843000000008,626.7153654279865,650.4740042576128
3304.125,626.7001247894931,650.4740042576128
3304.422000000006,626.6955510002143,650.4740042576128
3304.718000000008,626.7135258989649,650.4740042576128
3305.0,626.7110186485968,650.4740042576128
3305.297000000006,626.6870005988903,650.4740042576128
3305.593000000008,626.697680272373,650.4740042576128
3305.875,626.7079059701274,650.4740042576128
3306.172000000006,626.7038635089689,650.4740042576128
3306.4530000000086,626.7045568732897,650.4740042576128
3306.75,626.7095218627684,650.4740042576128
3307.0149999999994,626.7005950184293,650.4740042576128
3307.3120000000054,626.6933917349086,650.4740042576128
3307.6090000000113,626.7049316879686,650.4740042576128
3307.8899999999994,626.7050589493448,650.4740042576128
3308.1870000000054,626.7041057351461,650.4740042576128
3308.468000000008,626.7105422312831,650.4740042576128
3308.7649999999994,626.6988376814548,650.4740042576128
3309.047000000006,626.7168859353542,650.4740042576128
3309.343000000008,626.7083965174262,650.4740042576128
3309.625,626.707805904348,650.4740042576128
3309.922000000006,626.6926677900664,650.4740042576128
3310.2030000000086,626.7120988053407,650.4740042576128
3310.5,626.7019952257234,650.4740042576128
3310.7649999999994,626.69454999182,650.4740042576128
3311.0620000000054,626.7059740716093,650.4740042576128
3311.3590000000113,626.6913845125648,650.4740042576128
3311.6399999999994,626.6972960699467,650.4740042576128
3311.9370000000054,626.6967257125069,650.4740042576128
3312.218000000008,626.7087470854722,650.4740042576128
3312.5149999999994,626.7069257841426,650.4740042576128
3312.8120000000054,626.7082804585241,650.4740042576128
3313.093000000008,626.6985461562386,650.4740042576128
3313.375,626.7069386267048,650.4740042576128
3313.672000000006,626.703787377051,650.4740042576128
3313.968000000008,626.6957986236932,650.4740042576128
3314.2340000000113,626.689314852473,650.4740042576128
3314.547000000006,626.7042413041263,650.4740042576128
3314.8280000000086,626.7129233049667,650.4740042576128
3315.125,626.707940955805,650.4740042576128
3315.422000000006,626.7059143406582,650.4740042576128
3315.7030000000086,626.7000185832784,650.4740042576128
3315.9840000000113,626.7152218939751,650.4740042576128
3316.2810000000027,626.7056516825861,650.4740042576128
3316.5780000000086,626.7045707179041,650.4740042576128
3316.8590000000113,626.7061696651855,650.4740042576128
3317.1560000000027,626.7038593270471,650.4740042576128
3317.4370000000054,626.7075723365127,650.4740042576128
3317.718000000008,626.692519993486,650.4740042576128
3318.0,626.703768194278,650.4740042576128
3318.297000000006,626.7075789157917,650.4740042576128
3318.593000000008,626.7092601467252,650.4740042576128
3318.875,626.704079383956,650.4740042576128
3319.172000000006,626.7015754310831,650.4740042576128
3319.4530000000086,626.717384748977,650.4740042576128
3319.7340000000113,626.7151844614035,650.4740042576128
3320.0310000000027,626.5007734366264,650.4740042576128
3320.3280000000086,626.1133679938343,650.4740042576128
3320.6090000000113,625.8775947868768,650.4740042576128
3320.8899999999994,625.7524784430094,650.4740042576128
3321.1870000000054,625.6527446259835,650.4740042576128
3321.468000000008,625.6118275375449,650.4740042576128
3321.75,625.5596847382373,650.4740042576128
3322.047000000006,625.5370899982905,650.4740042576128
3322.3280000000086,625.5193331409131,650.4740042576128
3322.6090000000113,625.4965633895577,650.4740042576128
3322.9060000000027,625.4758037269307,650.4740042576128
3323.2030000000086,625.4596926167345,650.4740042576128
3323.4840000000113,625.4404174563771,650.4740042576128
3323.7810000000027,625.4312746545652,650.4740042576128
3324.0620000000054,625.4312251621054,650.4740042576128
3324.3590000000113,625.419378750406,650.4740042576128
3324.6560000000027,625.4128654754935,650.4740042576128
3324.9370000000054,625.4006150837953,650.4740042576128
3325.2340000000113,625.402150677332,650.4740042576128
3325.5149999999994,625.38651722192,650.4740042576128
3325.8280000000086,625.3924290863814,650.4740042576128
3326.1090000000113,625.3732383510979,650.4740042576128
3326.4060000000027,625.3706923409044,650.4740042576128
3326.6870000000054,625.3711920301181,650.4740042576128
3326.9840000000113,625.3558454552416,650.4740042576128
3327.2810000000027,625.3543286550131,650.4740042576128
3327.593000000008,625.344236732199,650.4740042576128
3327.875,625.3543587457227,650.4740042576128
3328.172000000006,625.346641443145,650.4740042576128
3328.468000000008,625.3514524854153,650.4740042576128
3328.7340000000113,625.3401207650477,650.4740042576128
3329.0310000000027,625.3474242593024,650.4740042576128
3329.3280000000086,625.3362095830283,650.4740042576128
3329.6090000000113,625.3256854478873,650.4740042576128
3329.9060000000027,625.3263562053453,650.4740042576128
3330.1870000000054,625.3288709831915,650.4740042576128
3330.4840000000113,625.3422405929489,650.4740042576128
3330.7649999999994,625.3241734984575,650.4740042576128
3331.0620000000054,625.3237855590704,650.4740042576128
3331.3590000000113,625.3224364168531,650.4740042576128
3331.6560000000027,625.3399077216517,650.4740042576128
3331.9370000000054,625.3394658331982,650.4740042576128
3332.2340000000113,625.331159850692,650.4740042576128
3332.5310000000027,625.3428666241127,650.4740042576128
3332.8120000000054,625.3158347303203,650.4740042576128
3333.093000000008,625.3847350205459,650.4740042576128
3333.3899999999994,625.3994658780715,650.4740042576128
3333.6870000000054,625.391463319056,650.4740042576128
3333.9530000000086,625.4123497996761,650.4740042576128
3334.25,625.3930208603774,650.4740042576128
3334.5620000000054,625.3901329832672,650.4740042576128
3334.843000000008,625.3964819386878,650.4740042576128
3335.1399999999994,625.380182946864,650.4740042576128
3335.4060000000027,625.4004944370444,650.4740042576128
3335.7030000000086,625.3814738371692,650.4740042576128
3335.9840000000113,625.3873849075549,650.4740042576128
3336.297000000006,625.3862665562199,650.4740042576128
3336.593000000008,625.3868197952073,650.4740042576128
3336.8899999999994,625.3966893055958,650.4740042576128
3337.172000000006,625.3892998405503,650.4740042576128
3337.468000000008,625.3864408948909,650.4740042576128
3337.75,625.3816232137547,650.4740042576128
3338.0310000000027,625.3735723318391,650.4740042576128
3338.3280000000086,625.394457070915,650.4740042576128
3338.625,625.3886915362572,650.4740042576128
3338.9060000000027,625.3914672458174,650.4740042576128
3339.2030000000086,625.3874276046573,650.4740042576128
3339.4840000000113,625.3969476270519,650.4740042576128
3339.7810000000027,625.3880725929639,650.4740042576128
3340.0620000000054,625.3977171103714,650.4740042576128
3340.3590000000113,625.38747788514,650.4740042576128
3340.6399999999994,625.3934765084593,650.4740042576128
3340.9370000000054,625.3726635951773,650.4740042576128
3341.218000000008,625.3914906663973,650.4740042576128
3341.547000000006,625.3721670098223,650.4740042576128
3341.843000000008,625.3802379761232,650.4740042576128
3342.1399999999994,625.3887237102596,650.4740042576128
3342.422000000006,625.3859174355728,650.4740042576128
3342.718000000008,625.391043747261,650.4740042576128
3343.0,625.3711206141385,650.4740042576128
3343.2810000000027,625.385900213552,650.4740042576128
3343.5780000000086,625.3813899027418,650.4740042576128
3343.8590000000113,625.3870045307976,650.4740042576128
3344.1560000000027,625.3876844140727,650.4740042576128
3344.4370000000054,625.3839354148026,650.4740042576128
3344.718000000008,625.3830246521486,650.4740042576128
3345.0149999999994,625.3772691487412,650.4740042576128
3345.297000000006,625.3588788947599,650.4740042576128
3345.593000000008,625.3302541407407,650.4740042576128
3345.875,625.3508957226462,650.4740042576128
3346.172000000006,625.355625812329,650.4740042576128
3346.468000000008,625.3675590517014,650.4740042576128
3346.7340000000113,625.3664876619777,650.4740042576128
3347.0310000000027,625.342325518696,650.4740042576128
3347.3280000000086,625.3476352897522,650.4740042576128
3347.6090000000113,625.3485986667386,650.4740042576128
3347.9060000000027,625.3348180960262,650.4740042576128
3348.1870000000054,625.3295541854233,650.4740042576128
3348.4840000000113,625.3273452999051,650.4740042576128
3348.7649999999994,625.3353243491845,650.4740042576128
3349.047000000006,625.3146062805465,650.4740042576128
3349.343000000008,625.3398919119171,650.4740042576128
3349.625,625.3341959117597,650.4740042576128
3349.922000000006,625.321864727666,650.4740042576128
3350.218000000008,625.3213238062577,650.4740042576128
3350.5,625.33231149464,650.4740042576128
3350.797000000006,625.3058376789786,650.4740042576128
3351.0780000000086,625.3219648931853,650.4740042576128
3351.375,625.3238702951921,650.4740042576128
3351.6560000000027,625.3193711858132,650.4740042576128
3351.9530000000086,625.3126179727905,650.4740042576128
3352.25,625.3232985391128,650.4740042576128
3352.5780000000086,625.3036327665418,650.4740042576128
3352.8590000000113,625.3020747452948,650.4740042576128
3353.1560000000027,625.318019220508,650.4740042576128
3353.4530000000086,625.3167225687303,650.4740042576128
3353.718000000008,625.3081384554774,650.4740042576128
3354.0149999999994,625.3173641115698,650.4740042576128
3354.297000000006,625.3124058503955,650.4740042576128
3354.593000000008,625.3122071587298,650.4740042576128
3354.875,625.304373876456,650.4740042576128
3355.172000000006,625.3000017356467,650.4740042576128
3355.468000000008,625.3056807443909,650.4740042576128
3355.75,625.301500460749,650.4740042576128
3356.047000000006,625.3110757266857,650.4740042576128
3356.3280000000086,625.3111960490776,650.4740042576128
3356.6090000000113,625.3043802396626,650.4740042576128
3356.9060000000027,625.3016742816181,650.4740042576128
3357.1870000000054,625.3131804410223,650.4740042576128
3357.468000000008,625.3069711302061,650.4740042576128
3357.7810000000027,625.3289841911217,650.4740042576128
3358.0620000000054,625.3341385024172,650.4740042576128
3358.343000000008,625.2997570606566,650.4740042576128
3358.6399999999994,625.3904578828907,650.4740042576128
3358.922000000006,625.3938323305682,650.4740042576128
3359.2030000000086,625.3858497469204,650.4740042576128
3359.4840000000113,625.3831295069707,650.4740042576128
3359.7810000000027,625.3836626462132,650.4740042576128
3360.0620000000054,625.3686074914517,650.4740042576128
3360.3280000000086,625.3730029700642,650.4740042576128
3360.625,625.3784806273957,650.4740042576128
3360.8899999999994,625.3770400646137,650.4740042576128
3361.172000000006,625.3780427982745,650.4740042576128
3361.468000000008,625.3751181499969,650.4740042576128
3361.7649999999994,625.3723632012274,650.4740042576128
3362.047000000006,625.3705858926398,650.4740042576128
3362.343000000008,625.3624698228808,650.4740042576128
3362.6399999999994,625.371812399662,650.4740042576128
3362.9370000000054,625.3711405797064,650.4740042576128
3363.218000000008,625.3700820746545,650.4740042576128
3363.5149999999994,625.369153618842,650.4740042576128
3363.797000000006,625.3776052734097,650.4740042576128
3364.093000000008,625.3646214622136,650.4740042576128
3364.3590000000113,625.3750584739355,650.4740042576128
3364.6560000000027,625.351558648858,650.4740042576128
3364.9530000000086,625.3528322648284,650.4740042576128
3365.25,625.382429034151,650.4740042576128
3365.547000000006,625.3955991674942,650.4740042576128
3365.8280000000086,625.4027523774981,650.4740042576128
3366.1090000000113,625.382251469684,650.4740042576128
3366.4060000000027,625.3936924278808,650.4740042576128
3366.6870000000054,625.3902821822734,650.4740042576128
3366.9840000000113,625.3865641875318,650.4740042576128
3367.2649999999994,625.3881014173907,650.4740042576128
3367.593000000008,625.3695804085182,650.4740042576128
3367.8899999999994,625.3858837818315,650.4740042576128
3368.172000000006,625.3785196084624,650.4740042576128
3368.4530000000086,625.3914775213425,650.4740042576128
3368.75,625.3804221587071,650.4740042576128
3369.0310000000027,625.3759534560901,650.4740042576128
3369.3280000000086,625.3863665833312,650.4740042576128
3369.6090000000113,625.3797553259651,650.4740042576128
3369.9060000000027,625.3927501754673,650.4740042576128
3370.1870000000054,625.3770041982993,650.4740042576128
3370.4840000000113,625.3617336132907,650.4740042576128
3370.7649999999994,625.3727228838692,650.4740042576128
3371.047000000006,625.3807103529721,650.4740042576128
3371.343000000008,625.3780017755815,650.4740042576128
3371.6399999999994,625.3733999478104,650.4740042576128
3371.922000000006,625.3831919853016,650.4740042576128
3372.2030000000086,625.3666069925566,650.4740042576128
3372.5,625.3629802257068,650.4740042576128
3372.797000000006,625.3777103037571,650.4740042576128
3373.093000000008,625.3787237979144,650.4740042576128
3373.3899999999994,625.3710723982091,650.4740042576128
3373.672000000006,625.3758918825386,650.4740042576128
3373.968000000008,625.38713781388,650.4740042576128
3374.25,625.3737398866424,650.4740042576128
3374.547000000006,625.3764350414696,650.4740042576128
3374.843000000008,625.3927218139537,650.4740042576128
3375.125,625.3660259423916,650.4740042576128
3375.4370000000054,625.3835837738308,650.4740042576128
3375.718000000008,625.3860032994033,650.4740042576128
3376.0149999999994,625.3735858545514,650.4740042576128
3376.297000000006,625.3859565060998,650.4740042576128
3376.5780000000086,625.3677966544516,650.4740042576128
3376.875,625.3767066118775,650.4740042576128
3377.172000000006,625.380313260168,650.4740042576128
3377.4530000000086,625.3617872359625,650.4740042576128
3377.75,625.368368282318,650.4740042576128
3378.0310000000027,625.3892244000309,650.4740042576128
3378.3280000000086,625.3784729580093,650.4740042576128
3378.6090000000113,625.392879786171,650.4740042576128
3378.8899999999994,625.4349432563927,650.4740042576128
3379.1870000000054,625.6223073961828,650.4740042576128
3379.468000000008,625.7949174204031,650.4740042576128
3379.7649999999994,625.9236602005957,650.4740042576128
3380.047000000006,625.9976025596715,650.4740042576128
3380.343000000008,626.0314597382211,650.4740042576128
3380.625,626.1024697302261,650.4740042576128
3380.9060000000027,626.1205620688671,650.4740042576128
3381.2030000000086,626.1494904022046,650.4740042576128
3381.4840000000113,626.1703795004715,650.4740042576128
3381.7810000000027,626.1897865489725,650.4740042576128
3382.0780000000086,626.2068005430774,650.4740042576128
3382.3590000000113,626.2278254100429,650.4740042576128
3382.6399999999994,626.251533740474,650.4740042576128
3382.922000000006,626.2589491463567,650.4740042576128
3383.218000000008,626.2690149318523,650.4740042576128
3383.5,626.2954679216809,650.4740042576128
3383.797000000006,626.3045818254081,650.4740042576128
3384.0620000000054,626.3012716226407,650.4740042576128
3384.3590000000113,626.3227872167477,650.4740042576128
3384.6399999999994,626.3237344000104,650.4740042576128
3384.9370000000054,626.3366211195162,650.4740042576128
3385.218000000008,626.3495335891831,650.4740042576128
3385.5149999999994,626.3648636600833,650.4740042576128
3385.797000000006,626.3700893773425,650.4740042576128
3386.093000000008,626.3652967616226,650.4740042576128
3386.3899999999994,626.3815930892171,650.4740042576128
3386.672000000006,626.3939630517173,650.4740042576128
3386.968000000008,626.4075358802335,650.4740042576128
3387.25,626.4029046206043,650.4740042576128
3387.547000000006,626.4022413123264,650.4740042576128
3387.8280000000086,626.4125059343793,650.4740042576128
3388.125,626.4239225042163,650.4740042576128
3388.422000000006,626.4119714885861,650.4740042576128
3388.7030000000086,626.4264348799455,650.4740042576128
3388.9840000000113,626.4286601140872,650.4740042576128
3389.2649999999994,626.422306028014,650.4740042576128
3389.5620000000054,626.4431390068063,650.4740042576128
3389.843000000008,626.4409775414017,650.4740042576128
3390.1399999999994,626.4521536890599,650.4740042576128
3390.4370000000054,626.4447125660812,650.4740042576128
3390.718000000008,626.4730695046753,650.4740042576128
3391.0149999999994,626.4718266661778,650.4740042576128
3391.297000000006,626.4667275609262,650.4740042576128
3391.593000000008,626.47046212072,650.4740042576128
3391.8899999999994,626.4707995823586,650.4740042576128
3392.172000000006,626.4896360263822,650.4740042576128
3392.4530000000086,626.4871469253599,650.4740042576128
3392.75,626.503246566087,650.4740042576128
3393.0310000000027,626.4849486641573,650.4740042576128
3393.3280000000086,626.4977693485222,650.4740042576128
3393.6090000000113,626.5097812683458,650.4740042576128
3393.8899999999994,626.4963243564503,650.4740042576128
3394.172000000006,626.5141781296124,650.4740042576128
3394.468000000008,626.5145992777253,650.4740042576128
3394.7649999999994,626.5031849489418,650.4740042576128
3395.047000000006,626.5094832113465,650.4740042576128
3395.343000000008,626.525153022491,650.4740042576128
3395.6090000000113,626.5279289344427,650.4740042576128
3395.9060000000027,626.5261121746082,650.4740042576128
3396.1870000000054,626.5190659710717,650.4740042576128
3396.4840000000113,626.5378672988498,650.4740042576128
3396.7810000000027,626.5227091090568,650.4740042576128
3397.0620000000054,626.5416175377864,650.4740042576128
3397.3590000000113,626.549995971627,650.4740042576128
3397.6560000000027,626.5402127387251,650.4740042576128
3397.9370000000054,626.5416992054852,650.4740042576128
3398.218000000008,626.540502350273,650.4740042576128
3398.5149999999994,626.5528274102494,650.4740042576128
3398.8120000000054,626.5592474573926,650.4740042576128
3399.093000000008,626.5547104656197,650.4740042576128
3399.375,626.5565338735713,650.4740042576128
3399.672000000006,626.545810626913,650.4740042576128
3399.968000000008,626.5505721617583,650.4740042576128
3400.25,626.5596870217678,650.4740042576128
3400.547000000006,626.5672510744238,650.4740042576128
3400.8280000000086,626.5768243641908,650.4740042576128
3401.125,626.5744039212725,650.4740042576128
3401.4060000000027,626.5818108089652,650.4740042576128
3401.7030000000086,626.5699958751487,650.4740042576128
3402.0,626.5757722232474,650.4740042576128
3402.2810000000027,626.5841589125196,650.4740042576128
3402.5780000000086,626.5779975130316,650.4740042576128
3402.8590000000113,626.5814824276097,650.4740042576128
3403.1560000000027,626.5887871868534,650.4740042576128
3403.4370000000054,626.577268200991,650.4740042576128
3403.718000000008,626.5913596983119,650.4740042576128
3404.0310000000027,626.5877753480503,650.4740042576128
3404.3120000000054,626.5948813292318,650.4740042576128
3404.593000000008,626.5983657698326,650.4740042576128
3404.875,626.6091199176908,650.4740042576128
3405.172000000006,626.5885900672486,650.4740042576128
3405.4530000000086,626.6065572807711,650.4740042576128
3405.75,626.6019939250469,650.4740042576128
3406.0310000000027,626.5969798534322,650.4740042576128
3406.3280000000086,626.6256643314225,650.4740042576128
3406.6090000000113,626.601904849067,650.4740042576128
3406.9060000000027,626.6277857789725,650.4740042576128
3407.2030000000086,626.6157138800174,650.4740042576128
3407.4840000000113,626.6185208345271,650.4740042576128
3407.7810000000027,626.6132136762471,650.4740042576128
3408.047000000006,626.6155567182591,650.4740042576128
3408.343000000008,626.6285537899481,650.4740042576128
3408.625,626.6210866602935,650.4740042576128
3408.922000000006,626.6106253568994,650.4740042576128
3409.218000000008,626.627282853429,650.4740042576128
3409.5,626.627717719774,650.4740042576128
3409.797000000006,626.6368442638187,650.4740042576128
3410.0780000000086,626.6323378554305,650.4740042576128
3410.375,626.6310110649068,650.4740042576128
3410.6399999999994,626.6222733374788,650.4740042576128
3410.9370000000054,626.6260990426933,650.4740042576128
3411.2340000000113,626.6452447825219,650.4740042576128
3411.5310000000027,626.6442343855583,650.4740042576128
3411.8280000000086,626.6376439014173,650.4740042576128
3412.1090000000113,626.6402613042509,650.4740042576128
3412.4060000000027,626.6415789299652,650.4740042576128
3412.7030000000086,626.6488819116486,650.4740042576128
3412.968000000008,626.6290487570501,650.4740042576128
3413.2649999999994,626.6485165765524,650.4740042576128
3413.547000000006,626.6572688465575,650.4740042576128
3413.843000000008,626.6532177382721,650.4740042576128
3414.1399999999994,626.6473148031426,650.4740042576128
3414.422000000006,626.651307980902,650.4740042576128
3414.718000000008,626.6548864890374,650.4740042576128
3415.0,626.6532211935986,650.4740042576128
3415.297000000006,626.6567525768818,650.4740042576128
3415.593000000008,626.648949511436,650.4740042576128
3415.875,626.6630780700021,650.4740042576128
3416.1560000000027,626.6681675836247,650.4740042576128
3416.4530000000086,626.6684396022349,650.4740042576128
3416.7340000000113,626.6695794980673,650.4740042576128
3417.0310000000027,626.6646396572141,650.4740042576128
3417.3280000000086,626.6548921221346,650.4740042576128
3417.6090000000113,626.6649555861426,650.4740042576128
3417.8899999999994,626.6667408758093,650.4740042576128
3418.1870000000054,626.6747875594161,650.4740042576128
3418.468000000008,626.6551517028196,650.4740042576128
3418.7649999999994,626.670282123879,650.4740042576128
3419.0620000000054,626.6719314009727,650.4740042576128
3419.343000000008,626.6609417244141,650.4740042576128
3419.6399999999994,626.6661484598817,650.4740042576128
3419.9370000000054,626.6769671729791,650.4740042576128
3420.218000000008,626.6715874366032,650.4740042576128
3420.5149999999994,626.6668493620567,650.4740042576128
3420.797000000006,626.685830051392,650.4740042576128
3421.0780000000086,626.6907247343418,650.4740042576128
3421.375,626.6933336518442,650.4740042576128
3421.672000000006,626.674034287714,650.4740042576128
3421.9530000000086,626.6832176500178,650.4740042576128
3422.25,626.6951840914435,650.4740042576128
3422.5310000000027,626.6917260588341,650.4740042576128
3422.8120000000054,626.6880221738144,650.4740042576128
3423.093000000008,626.6841513186795,650.4740042576128
3423.4060000000027,626.6896651704719,650.4740042576128
3423.6870000000054,626.6923978419098,650.4740042576128
3423.9840000000113,626.6958442526053,650.4740042576128
3424.2810000000027,626.6925848618295,650.4740042576128
3424.5620000000054,626.7010103678266,650.4740042576128
3424.8590000000113,626.695089107933,650.4740042576128
3425.1399999999994,626.7047247930938,650.4740042576128
3425.4370000000054,626.6988190133735,650.4740042576128
3425.7340000000113,626.7106504932975,650.4740042576128
3426.0310000000027,626.7145691579079,650.4740042576128
3426.3120000000054,626.6971381253701,650.4740042576128
3426.593000000008,626.6993603110412,650.4740042576128
3426.8899999999994,626.7029119810721,650.4740042576128
3427.172000000006,626.706522256259,650.4740042576128
3427.468000000008,626.6997200358238,650.4740042576128
3427.75,626.6957828695324,650.4740042576128
3428.047000000006,626.7087568204865,650.4740042576128
3428.3280000000086,626.7107371486209,650.4740042576128
3428.625,626.6994439632987,650.4740042576128
3428.9060000000027,626.714619682041,650.4740042576128
3429.2030000000086,626.7016807388051,650.4740042576128
3429.4840000000113,626.7135651800684,650.4740042576128
3429.7649999999994,626.7135706870641,650.4740042576128
3430.0620000000054,626.7013558611254,650.4740042576128
3430.343000000008,626.7093241381425,650.4740042576128
3430.6399999999994,626.7158059692354,650.4740042576128
3430.922000000006,626.7126761286769,650.4740042576128
3431.218000000008,626.7082790644729,650.4740042576128
3431.5,626.7249653059431,650.4740042576128
3431.797000000006,626.7129155544183,650.4740042576128
3432.0780000000086,626.7120600754125,650.4740042576128
3432.375,626.7140251675722,650.4740042576128
3432.672000000006,626.7255081892886,650.4740042576128
3432.9530000000086,626.7320662114017,650.4740042576128
3433.25,626.7200713774316,650.4740042576128
3433.547000000006,626.7125277775433,650.4740042576128
3433.8280000000086,626.7224780123951,650.4740042576128
3434.1090000000113,626.716706008445,650.4740042576128
3434.4060000000027,626.718687172398,650.4740042576128
3434.6870000000054,626.7357997661337,650.4740042576128
3434.9840000000113,626.7331170717121,650.4740042576128
3435.297000000006,626.7454911386827,650.4740042576128
3435.593000000008,626.7252535692827,650.4740042576128
3435.8899999999994,626.725842578618,650.4740042576128
3436.172000000006,626.7332083773291,650.4740042576128
3436.468000000008,626.7208508718171,650.4740042576128
3436.75,626.7258180629508,650.4740042576128
3437.0310000000027,626.7129117318007,650.4740042576128
3437.3280000000086,626.7332836013278,650.4740042576128
3437.6090000000113,626.720324031839,650.4740042576128
3437.9060000000027,626.7387684790763,650.4740042576128
3438.1870000000054,626.730265651425,650.4740042576128
3438.4840000000113,626.7338243943086,650.4740042576128
3438.7649999999994,626.7276999484063,650.4740042576128
3439.0620000000054,626.7342531112433,650.4740042576128
3439.3590000000113,626.7463341117005,650.4740042576128
3439.6399999999994,626.7350877654854,650.4740042576128
3439.9370000000054,626.7325815682727,650.4740042576128
3440.218000000008,626.7292735248419,650.4740042576128
3440.5620000000054,626.7466489927954,650.4740042576128
3440.843000000008,626.7255814722711,650.4740042576128
3441.125,626.7419137380585,650.4740042576128
3441.4060000000027,626.7390911523883,650.4740042576128
3441.7030000000086,626.7393875778581,650.4740042576128
3441.9840000000113,626.7516790606676,650.4740042576128
3442.2810000000027,626.7404203874333,650.4740042576128
3442.5620000000054,626.7608209324693,650.4740042576128
3442.843000000008,626.7531321569502,650.4740042576128
3443.1399999999994,626.7402340977379,650.4740042576128
3443.422000000006,626.7467240521836,650.4740042576128
3443.718000000008,626.760413070701,650.4740042576128
3444.0,626.7638277926839,650.4740042576128
3444.297000000006,626.7471428587681,650.4740042576128
3444.5780000000086,626.7371964299938,650.4740042576128
3444.875,626.7560345026221,650.4740042576128
3445.172000000006,626.7477836350498,650.4740042576128
3445.4530000000086,626.7463536457306,650.4740042576128
3445.7340000000113,626.7577761363403,650.4740042576128
3446.0310000000027,626.7805113384236,650.4740042576128
3446.3120000000054,626.7772690180605,650.4740042576128
3446.593000000008,626.7736350775803,650.4740042576128
3446.8899999999994,626.7733960056321,650.4740042576128
3447.172000000006,626.763777353276,650.4740042576128
3447.4840000000113,626.7742184888846,650.4740042576128
3447.7810000000027,626.7657331046395,650.4740042576128
3448.0780000000086,626.7644390741604,650.4740042576128
3448.3590000000113,626.7616385551872,650.4740042576128
3448.6399999999994,626.753000540595,650.4740042576128
3448.9370000000054,626.7662968741517,650.4740042576128
3449.218000000008,626.7624834943603,650.4740042576128
3449.5149999999994,626.7274115040286,650.4740042576128
3449.797000000006,626.7479745752854,650.4740042576128
3450.093000000008,626.7441511528791,650.4740042576128
3450.375,626.7447471053864,650.4740042576128
3450.672000000006,626.7382880303048,650.4740042576128
3450.9530000000086,626.736354018135,650.4740042576128
3451.25,626.7451293875478,650.4740042576128
3451.593000000008,626.7443723412393,650.4740042576128
3451.875,626.7340290828824,650.4740042576128
3452.1560000000027,626.7300642827566,650.4740042576128
3452.4530000000086,626.731650900906,650.4740042576128
3452.7340000000113,626.7305980879339,650.4740042576128
3453.0310000000027,626.7451185613132,650.4740042576128
3453.3120000000054,626.7410415054386,650.4740042576128
3453.6090000000113,626.7238204351659,650.4740042576128
3453.9060000000027,626.733341023835,650.4740042576128
3454.1870000000054,626.725679355792,650.4740042576128
3454.4840000000113,626.7276843502027,650.4740042576128
3454.7649999999994,626.7394119939395,650.4740042576128
3455.0620000000054,626.724742189338,650.4740042576128
3455.343000000008,626.7398350542966,650.4740042576128
3455.6399999999994,626.7147667744387,650.4740042576128
3455.9370000000054,626.7350629074868,650.4740042576128
3456.218000000008,626.7354559639008,650.4740042576128
3456.5149999999994,626.7274629642459,650.4740042576128
3456.797000000006,626.7406454871057,650.4740042576128
3457.093000000008,626.7322743815113,650.4740042576128
3457.375,626.7242403761109,650.4740042576128
3457.672000000006,626.7111745870425,650.4740042576128
3457.9530000000086,626.7225475335648,650.4740042576128
3458.25,626.7245088212248,650.4740042576128
3458.5310000000027,626.7305098739987,650.4740042576128
3458.8280000000086,626.7251600006085,650.4740042576128
3459.093000000008,626.7262871599848,650.4740042576128
3459.3899999999994,626.7176033587248,650.4740042576128
3459.6870000000054,626.7234936844224,650.4740042576128
3459.968000000008,626.7195807982594,650.4740042576128
3460.2649999999994,626.7260293781763,650.4740042576128
3460.547000000006,626.7267303078786,650.4740042576128
3460.8280000000086,626.7317248151635,650.4740042576128
3461.1090000000113,626.7343158745728,650.4740042576128
3461.4060000000027,626.7128761408568,650.4740042576128
3461.7030000000086,626.7125357788855,650.4740042576128
3462.0,626.7243652769434,650.4740042576128
3462.2810000000027,626.7190221881928,650.4740042576128
3462.5780000000086,626.7296509124383,650.4740042576128
3462.875,626.7280709959015,650.4740042576128
3463.1560000000027,626.7169155368155,650.4740042576128
3463.4530000000086,626.7159272551186,650.4740042576128
3463.7340000000113,626.7228630372093,650.4740042576128
3464.0310000000027,626.7268287596999,650.4740042576128
3464.297000000006,626.724460048992,650.4740042576128
3464.593000000008,626.7213670706185,650.4740042576128
3464.8899999999994,626.7061927666489,650.4740042576128
3465.172000000006,626.7365856735049,650.4740042576128
3465.468000000008,626.7296873570345,650.4740042576128
3465.75,626.7125426578547,650.4740042576128
3466.047000000006,626.7041039717536,650.4740042576128
3466.343000000008,626.723969407118,650.4740042576128
3466.6399999999994,626.7115525042506,650.4740042576128
3466.922000000006,626.7128929476414,650.4740042576128
3467.218000000008,626.7130330402747,650.4740042576128
3467.5,626.7212488644942,650.4740042576128
3467.797000000006,626.7141730750982,650.4740042576128
3468.0780000000086,626.7157920899441,650.4740042576128
3468.3590000000113,626.7235087408146,650.4740042576128
3468.6560000000027,626.7113098849094,650.4740042576128
3468.9370000000054,626.7059870145997,650.4740042576128
3469.2340000000113,626.7192909593198,650.4740042576128
3469.5310000000027,626.7281198064421,650.4740042576128
3469.8120000000054,626.7183197280392,650.4740042576128
3470.1090000000113,626.712040378841,650.4740042576128
3470.3899999999994,626.7197945502784,650.4740042576128
3470.6870000000054,626.7260528142854,650.4740042576128
3470.968000000008,626.7174171601655,650.4740042576128
3471.2810000000027,626.7175022806422,650.4740042576128
3471.547000000006,626.7143169415344,650.4740042576128
3471.8590000000113,626.7070399134556,650.4740042576128
3472.125,626.7074269471374,650.4740042576128
3472.422000000006,626.7164944047565,650.4740042576128
3472.7030000000086,626.7152333657272,650.4740042576128
3473.0,626.704150191836,650.4740042576128
3473.297000000006,626.7087482682072,650.4740042576128
3473.5780000000086,626.7050333224795,650.4740042576128
3473.875,626.7171388398384,650.4740042576128
3474.1560000000027,626.7108195920371,650.4740042576128
3474.4530000000086,626.7039169061842,650.4740042576128
3474.75,626.7131330401303,650.4740042576128
3475.0149999999994,626.7092957407226,650.4740042576128
3475.3120000000054,626.7077993613859,650.4740042576128
3475.593000000008,626.716906067524,650.4740042576128
3475.8899999999994,626.7225722888919,650.4740042576128
3476.1870000000054,626.7132298609423,650.4740042576128
3476.468000000008,626.7211837146489,650.4740042576128
3476.7649999999994,626.7180537657315,650.4740042576128
3477.047000000006,626.7093419253678,650.4740042576128
3477.343000000008,626.7171654604177,650.4740042576128
3477.6399999999994,626.7086759516923,650.4740042576128
3477.9370000000054,626.7114225561897,650.4740042576128
3478.218000000008,626.7061654489046,650.4740042576128
3478.5149999999994,626.7072913029327,650.4740042576128
3478.797000000006,626.7056753633364,650.4740042576128
3479.093000000008,626.706550101651,650.4740042576128
3479.375,626.717964935744,650.4740042576128
3479.672000000006,626.698009139037,650.4740042576128
3479.9530000000086,626.7170956865782,650.4740042576128
3480.25,626.7083410960067,650.4740042576128
3480.5310000000027,626.7187789774264,650.4740042576128
3480.8280000000086,626.7093015388236,650.4740042576128
3481.1090000000113,626.7078438920307,650.4740042576128
3481.4060000000027,626.7102863654767,650.4740042576128
3481.6870000000054,626.7183569265484,650.4740042576128
3481.9840000000113,626.7075326182173,650.4740042576128
3482.2810000000027,626.7037397372853,650.4740042576128
3482.5780000000086,626.7199338442441,650.4740042576128
3482.875,626.7142052812977,650.4740042576128
3483.172000000006,626.7183071153083,650.4740042576128
3483.468000000008,626.7185015095345,650.4740042576128
3483.75,626.7086987170065,650.4740042576128
3484.047000000006,626.7203710459459,650.4740042576128
3484.3280000000086,626.7110479178699,650.4740042576128
3484.625,626.7173058590076,650.4740042576128
3484.9060000000027,626.716268893597,650.4740042576128
3485.1870000000054,626.7088758815951,650.4740042576128
3485.4840000000113,626.7105535729769,650.4740042576128
3485.7810000000027,626.695219364247,650.4740042576128
3486.0620000000054,626.7241335463518,650.4740042576128
3486.3590000000113,626.7095566938601,650.4740042576128
3486.6399999999994,626.7064957141234,650.4740042576128
3486.9370000000054,626.7182427398654,650.4740042576128
3487.218000000008,626.706514936894,650.4740042576128
3487.5,626.7059474919664,650.4740042576128
3487.797000000006,626.7074843267766,650.4740042576128
3488.0780000000086,626.7101903023384,650.4740042576128
3488.3590000000113,626.7081204435478,650.4740042576128
3488.6560000000027,626.7098694876497,650.4740042576128
3488.9530000000086,626.7019245793724,650.4740042576128
3489.2340000000113,626.6996644653739,650.4740042576128
3489.5310000000027,626.6997167532437,650.4740042576128
3489.8120000000054,626.724240045847,650.4740042576128
3490.1090000000113,626.7162775369794,650.4740042576128
3490.4060000000027,626.7085687615837,650.4740042576128
3490.6870000000054,626.7146378497245,650.4740042576128
3490.9840000000113,626.7131774237716,650.4740042576128
3491.2649999999994,626.6980062134477,650.4740042576128
3491.5620000000054,626.7137529011436,650.4740042576128
3491.843000000008,626.7128662302507,650.4740042576128
3492.1399999999994,626.712164311096,650.4740042576128
3492.422000000006,626.7118886236112,650.4740042576128
3492.718000000008,626.7130958903379,650.4740042576128
3493.0,626.7001684990596,650.4740042576128
3493.297000000006,626.7013023282321,650.4740042576128
3493.5780000000086,626.7007579341267,650.4740042576128
3493.875,626.7050905289918,650.4740042576128
3494.172000000006,626.6994464035706,650.4740042576128
3494.4530000000086,626.702901179035,650.4740042576128
3494.75,626.7114900596221,650.4740042576128
3495.0310000000027,626.708537770953,650.4740042576128
3495.375,626.7014423520948,650.4740042576128
3495.6399999999994,626.7051582157854,650.4740042576128
3495.9370000000054,626.7096232200306,650.4740042576128
3496.2340000000113,626.7052699424213,650.4740042576128
3496.5149999999994,626.7150342898183,650.4740042576128
3496.8120000000054,626.6986680088017,650.4740042576128
3497.093000000008,626.7056644693059,650.4740042576128
3497.3899999999994,626.7216757667934,650.4740042576128
3497.672000000006,626.7067986659137,650.4740042576128
3497.9840000000113,626.710433245744,650.4740042576128
3498.2649999999994,626.7003587032378,650.4740042576128
3498.593000000008,626.7014313541222,650.4740042576128
3498.8899999999994,626.7150526611612,650.4740042576128
3499.172000000006,626.706685368947,650.4740042576128
3499.468000000008,626.7049238916676,650.4740042576128
3499.7340000000113,626.7160662012586,650.4740042576128
3500.0310000000027,626.7103163556523,650.4740042576128
3500.3120000000054,626.7057061760785,650.4740042576128
3500.6090000000113,626.701237658973,650.4740042576128
3500.9060000000027,626.7052691030837,650.4740042576128
3501.1870000000054,626.6932305883654,650.4740042576128
3501.4840000000113,626.7131091471648,650.4740042576128
3501.7649999999994,626.7060560303676,650.4740042576128
3502.0620000000054,626.6930382829984,650.4740042576128
3502.343000000008,626.6972400845335,650.4740042576128
3502.625,626.7093880470031,650.4740042576128
3502.922000000006,626.7178577694193,650.4740042576128
3503.2030000000086,626.7117215747123,650.4740042576128
3503.5,626.721827895472,650.4740042576128
3503.7810000000027,626.6913783125487,650.4740042576128
3504.0620000000054,626.7080693920318,650.4740042576128
3504.3590000000113,626.7161835184536,650.4740042576128
3504.6560000000027,626.7116560331126,650.4740042576128
3504.9370000000054,626.7113942125179,650.4740042576128
3505.2340000000113,626.704791531995,650.4740042576128
3505.5149999999994,626.712559800718,650.4740042576128
3505.8120000000054,626.7082225876806,650.4740042576128
3506.093000000008,626.7166827441652,650.4740042576128
3506.3899999999994,626.715041017406,650.4740042576128
3506.6870000000054,626.6959054992119,650.4740042576128
3506.968000000008,626.7004376902111,650.4740042576128
3507.2649999999994,626.7086190490787,650.4740042576128
3507.5620000000054,626.728416162201,650.4740042576128
3507.8280000000086,626.699721278151,650.4740042576128
3508.125,626.7094655059897,650.4740042576128
3508.422000000006,626.697371158013,650.4740042576128
3508.7030000000086,626.7116485221719,650.4740042576128
3509.0,626.5855868257727,650.4740042576128
3509.2649999999994,626.1990041570931,650.4740042576128
3509.5620000000054,625.9225549398919,650.4740042576128
3509.8590000000113,625.7807537306376,650.4740042576128
3510.1399999999994,625.6824307461786,650.4740042576128
3510.4370000000054,625.636883446045,650.4740042576128
3510.718000000008,625.5734184438121,650.4740042576128
3511.0,625.5355547798677,650.4740042576128
3511.2810000000027,625.5098243323619,650.4740042576128
3511.5780000000086,625.4948055420049,650.4740042576128
3511.8590000000113,625.4724793139295,650.4740042576128
3512.1560000000027,625.4726111536675,650.4740042576128
3512.4370000000054,625.4605066176238,650.4740042576128
3512.7340000000113,625.452510148471,650.4740042576128
3513.0149999999994,625.4275566064764,650.4740042576128
3513.3120000000054,625.4089785885168,650.4740042576128
3513.625,625.4077575181748,650.4740042576128
3513.8899999999994,625.4014296706664,650.4740042576128
3514.1870000000054,625.3880204430168,650.4740042576128
3514.468000000008,625.3846318972016,650.4740042576128
3514.7649999999994,625.37995706729,650.4740042576128
3515.0620000000054,625.379749011548,650.4740042576128
3515.343000000008,625.3678323820955,650.4740042576128
3515.6399999999994,625.3894915268711,650.4740042576128
3515.9060000000027,625.3664476944903,650.4740042576128
3516.2030000000086,625.3737508788602,650.4740042576128
3516.5,625.3536309049705,650.4740042576128
3516.7810000000027,625.3635833786084,650.4740042576128
3517.0780000000086,625.3517435075964,650.4740042576128
3517.3590000000113,625.3532592161383,650.4740042576128
3517.6560000000027,625.3669478601789,650.4740042576128
3517.9530000000086,625.3468735244927,650.4740042576128
3518.2340000000113,625.3470737715204,650.4740042576128
3518.5310000000027,625.3333775619857,650.4740042576128
3518.8280000000086,625.3450626807462,650.4740042576128
3519.1090000000113,625.3363858218896,650.4740042576128
3519.422000000006,625.3368353239002,650.4740042576128
3519.718000000008,625.3343717966433,650.4740042576128
3520.0,625.3239261278254,650.4740042576128
3520.2810000000027,625.3157402645556,650.4740042576128
3520.5620000000054,625.3330506923885,650.4740042576128
3520.8590000000113,625.3166191069149,650.4740042576128
3521.1399999999994,625.3461414613247,650.4740042576128
3521.4370000000054,625.3535159061596,650.4740042576128
3521.718000000008,625.3370095903987,650.4740042576128
3522.0149999999994,625.3642823569907,650.4740042576128
3522.297000000006,625.4232341298579,650.4740042576128
3522.5780000000086,625.4046912752212,650.4740042576128
3522.875,625.4221492218029,650.4740042576128
3523.172000000006,625.3892331758212,650.4740042576128
3523.4530000000086,625.4011131841041,650.4740042576128
3523.7340000000113,625.3964563246325,650.4740042576128
3524.0310000000027,625.3776959964516,650.4740042576128
3524.3280000000086,625.3915227001385,650.4740042576128
3524.625,625.3928123182095,650.4740042576128
3524.9060000000027,625.3993972652906,650.4740042576128
3525.1870000000054,625.379560854944,650.4740042576128
3525.4840000000113,625.4012729206062,650.4740042576128
3525.7649999999994,625.3814427263156,650.4740042576128
3526.0620000000054,625.3864245062981,650.4740042576128
3526.343000000008,625.381917919737,650.4740042576128
3526.6399999999994,625.3853069704588,650.4740042576128
3526.922000000006,625.3902450404614,650.4740042576128
3527.218000000008,625.3917474889466,650.4740042576128
3527.5,625.4023082471901,650.4740042576128
3527.797000000006,625.3939422105328,650.4740042576128
3528.0780000000086,625.3956065886878,650.4740042576128
3528.375,625.3642961199372,650.4740042576128
3528.6560000000027,625.4081642465418,650.4740042576128
3528.9370000000054,625.4175588144186,650.4740042576128
3529.2340000000113,625.4172901077266,650.4740042576128
3529.5620000000054,625.4191832756367,650.4740042576128
3529.8590000000113,625.418090788018,650.4740042576128
3530.1560000000027,625.4067288545886,650.4740042576128
3530.4370000000054,625.414163864049,650.4740042576128
3530.7340000000113,625.4084137261326,650.4740042576128
3531.0310000000027,625.400081172986,650.4740042576128
3531.3590000000113,625.3938240401333,650.4740042576128
3531.6399999999994,625.4028294275328,650.4740042576128
3531.9370000000054,625.4081446225849,650.4740042576128
3532.2340000000113,625.4054807779776,650.4740042576128
3532.5310000000027,625.4069178322982,650.4740042576128
3532.8120000000054,625.3886677328077,650.4740042576128
3533.093000000008,625.4040990146304,650.4740042576128
3533.375,625.3958988579885,650.4740042576128
3533.672000000006,625.3916722308935,650.4740042576128
3533.968000000008,625.4054684139279,650.4740042576128
3534.25,625.4015083192146,650.4740042576128
3534.593000000008,625.4048492923748,650.4740042576128
3534.8899999999994,625.3883523778285,650.4740042576128
3535.172000000006,625.4043375470989,650.4740042576128
3535.468000000008,625.4059373714995,650.4740042576128
3535.75,625.4012636802454,650.4740042576128
3536.047000000006,625.3976553727147,650.4740042576128
3536.3120000000054,625.4072835187357,650.4740042576128
3536.6090000000113,625.4166340075291,650.4740042576128
3536.9060000000027,625.4033043030513,650.4740042576128
3537.1870000000054,625.3888019188918,650.4740042576128
3537.4840000000113,625.390193060759,650.4740042576128
3537.7649999999994,625.4041204656461,650.4740042576128
3538.0620000000054,625.3945935667698,650.4740042576128
3538.343000000008,625.4023193666226,650.4740042576128
3538.625,625.4012062035126,650.4740042576128
3538.922000000006,625.4106610727893,650.4740042576128
3539.218000000008,625.3832622104768,650.4740042576128
3539.5149999999994,625.3902398152643,650.4740042576128
3539.7810000000027,625.4009897863333,650.4740042576128
3540.0780000000086,625.4092344643357,650.4740042576128
3540.3590000000113,625.3997790123067,650.4740042576128
3540.6560000000027,625.3953002149783,650.4740042576128
3540.9370000000054,625.4066502487208,650.4740042576128
3541.2340000000113,625.3765197485243,650.4740042576128
3541.5149999999994,625.3999128350737,650.4740042576128
3541.8120000000054,625.3917924652087,650.4740042576128
3542.093000000008,625.3910145127757,650.4740042576128
3542.3899999999994,625.3855040800784,650.4740042576128
3542.672000000006,625.3942524257059,650.4740042576128
3542.9530000000086,625.3896562860054,650.4740042576128
3543.25,625.3982681414552,650.4740042576128
3543.5310000000027,625.416375929639,650.4740042576128
3543.8280000000086,625.4032939244963,650.4740042576128
3544.125,625.3990558304504,650.4740042576128
3544.4060000000027,625.4007958569384,650.4740042576128
3544.6870000000054,625.4124762958188,650.4740042576128
3544.968000000008,625.3851834818537,650.4740042576128
3545.2649999999994,625.3954000703181,650.4740042576128
3545.5620000000054,625.3989057292816,650.4740042576128
3545.843000000008,625.4021142449608,650.4740042576128
3546.125,625.3930249855698,650.4740042576128
3546.422000000006,625.3891817388641,650.4740042576128
3546.7030000000086,625.4140398755934,650.4740042576128
3547.0,625.3987324047762,650.4740042576128
3547.2810000000027,625.394748379427,650.4740042576128
3547.5620000000054,625.3961848197554,650.4740042576128
3547.8590000000113,625.3962452112823,650.4740042576128
3548.1560000000027,625.3919678249321,650.4740042576128
3548.4370000000054,625.3913761975948,650.4740042576128
3548.7340000000113,625.4024988502453,650.4740042576128
3549.0149999999994,625.4090698163528,650.4740042576128
3549.3120000000054,625.3939913781859,650.4740042576128
3549.593000000008,625.3796731788699,650.4740042576128
3549.875,625.3813680131128,650.4740042576128
3550.172000000006,625.4150452989595,650.4740042576128
3550.4530000000086,625.4049157527834,650.4740042576128
3550.7340000000113,625.4005018173635,650.4740042576128
3551.0310000000027,625.3903419040756,650.4740042576128
3551.3120000000054,625.3979235803297,650.4740042576128
3551.6090000000113,625.4026321813861,650.4740042576128
3551.9060000000027,625.4362093803054,650.4740042576128
3552.1870000000054,625.694841329113,650.4740042576128
3552.468000000008,625.8403713530784,650.4740042576128
3552.7649999999994,625.9547149361869,650.4740042576128
3553.047000000006,626.0271116190377,650.4740042576128
3553.343000000008,626.0987108885827,650.4740042576128
3553.625,626.122214324025,650.4740042576128
3553.922000000006,626.1699069647726,650.4740042576128
3554.2030000000086,626.2027669741727,650.4740042576128
3554.5,626.2206925152003,650.4740042576128
3554.7810000000027,626.2493222714687,650.4740042576128
3555.0780000000086,626.2729989747681,650.4740042576128
3555.375,626.2897726869904,650.4740042576128
3555.672000000006,626.2964320519268,650.4740042576128
3555.9530000000086,626.3294080161676,650.4740042576128
3556.25,626.3270143185167,650.4740042576128
3556.5310000000027,626.3385438438606,650.4740042576128
3556.843000000008,626.361280099251,650.4740042576128
3557.125,626.3676972182212,650.4740042576128
3557.4060000000027,626.3753987958643,650.4740042576128
3557.6870000000054,626.3845209908073,650.4740042576128
3557.9840000000113,626.385769651752,650.4740042576128
3558.2649999999994,626.3976581639594,650.4740042576128
3558.5620000000054,626.4093727889231,650.4740042576128
3558.843000000008,626.4208825947284,650.4740042576128
3559.1399999999994,626.4316097974536,650.4740042576128
3559.422000000006,626.4197615074869,650.4740042576128
3559.7030000000086,626.4475445110523,650.4740042576128
3559.9840000000113,626.4684772561777,650.4740042576128
3560.2810000000027,626.4615677123015,650.4740042576128
3560.593000000008,626.4681730285785,650.4740042576128
3560.8899999999994,626.4819619814444,650.4740042576128
3561.172000000006,626.4775239264187,650.4740042576128
3561.468000000008,626.4708281614112,650.4740042576128
3561.7340000000113,626.4937745937087,650.4740042576128
3562.0310000000027,626.5068477502969,650.4740042576128
3562.3120000000054,626.4985348880601,650.4740042576128
3562.6090000000113,626.4998602745457,650.4740042576128
3562.9060000000027,626.5178174509914,650.4740042576128
3563.1870000000054,626.5129994473252,650.4740042576128
3563.4840000000113,626.5208472072957,650.4740042576128
3563.75,626.5471296565427,650.4740042576128
3564.047000000006,626.5512568060923,650.4740042576128
3564.343000000008,626.5456347183052,650.4740042576128
3564.625,626.5541075628527,650.4740042576128
3564.922000000006,626.5429058432156,650.4740042576128
3565.2030000000086,626.5363792970153,650.4740042576128
3565.5,626.5473579716077,650.4740042576128
3565.7810000000027,626.5459132079062,650.4740042576128
3566.0620000000054,626.539895382668,650.4740042576128
3566.3590000000113,626.5259336895551,650.4740042576128
3566.6399999999994,626.5344176601822,650.4740042576128
3566.9370000000054,626.5186895392071,650.4740042576128
3567.2340000000113,626.5118077124771,650.4740042576128
3567.5149999999994,626.5254894275351,650.4740042576128
3567.797000000006,626.517350242827,650.4740042576128
3568.093000000008,626.5154727308802,650.4740042576128
3568.375,626.510705577148,650.4740042576128
3568.672000000006,626.5178554053798,650.4740042576128
3568.968000000008,626.5051337146506,650.4740042576128
3569.25,626.5201746772607,650.4740042576128
3569.547000000006,626.5112035615647,650.4740042576128
3569.8280000000086,626.5186874111976,650.4740042576128
3570.1090000000113,626.5107958539202,650.4740042576128
3570.3899999999994,626.508164831122,650.4740042576128
3570.6870000000054,626.4981534235959,650.4740042576128
3570.9840000000113,626.5112912555979,650.4740042576128
3571.2649999999994,626.4973143861702,650.4740042576128
3571.5620000000054,626.5029660957767,650.4740042576128
3571.843000000008,626.5029947895584,650.4740042576128
3572.1399999999994,626.4959486671856,650.4740042576128
3572.422000000006,626.4986742323015,650.4740042576128
3572.7030000000086,626.5039613109019,650.4740042576128
3573.0,626.4936070443015,650.4740042576128
3573.297000000006,626.4917658577806,650.4740042576128
3573.5780000000086,626.5048476549014,650.4740042576128
3573.8590000000113,626.5029849977217,650.4740042576128
3574.1399999999994,626.5029299325711,650.4740042576128
3574.4370000000054,626.4931338233591,650.4740042576128
3574.718000000008,626.4974861037833,650.4740042576128
3575.0149999999994,626.499784461661,650.4740042576128
3575.297000000006,626.4951470078115,650.4740042576128
3575.593000000008,626.4941479989428,650.4740042576128
3575.8899999999994,626.497684466157,650.4740042576128
3576.172000000006,626.4969925243446,650.4740042576128
3576.468000000008,626.4910267546346,650.4740042576128
3576.7340000000113,626.4944250417259,650.4740042576128
3577.0310000000027,626.5013379930089,650.4740042576128
3577.3120000000054,626.5139595149243,650.4740042576128
3577.6090000000113,626.5151507741699,650.4740042576128
3577.9060000000027,626.5061545965236,650.4740042576128
3578.1870000000054,626.3508775999312,650.4740042576128
3578.468000000008,626.0047645621435,650.4740042576128
3578.7649999999994,625.7997002759953,650.4740042576128
3579.047000000006,625.6812282481119,650.4740042576128
3579.3590000000113,625.606608601322,650.4740042576128
3579.6399999999994,625.5818730582052,650.4740042576128
3579.9370000000054,625.5326077665974,650.4740042576128
3580.2340000000113,625.511213298165,650.4740042576128
3580.5149999999994,625.4983748579998,650.4740042576128
3580.8120000000054,625.454798823699,650.4740042576128
3581.093000000008,625.4568697172074,650.4740042576128
3581.3899999999994,625.4541806020428,650.4740042576128
3581.6560000000027,625.4310038737332,650.4740042576128
3581.9530000000086,625.4135828510014,650.4740042576128
3582.25,625.412497400856,650.4740042576128
3582.5310000000027,625.4070019668367,650.4740042576128
3582.8280000000086,625.4066444246312,650.4740042576128
3583.125,625.3985111251936,650.4740042576128
3583.422000000006,625.3845398108332,650.4740042576128
3583.6870000000054,625.3899081513283,650.4740042576128
3583.9840000000113,625.3862804792062,650.4740042576128
3584.2649999999994,625.3916170879922,650.4740042576128
3584.5620000000054,625.3780687577846,650.4740042576128
3584.8590000000113,625.3846288662853,650.4740042576128
3585.1399999999994,625.3787866800915,650.4740042576128
3585.4370000000054,625.357178715486,650.4740042576128
3585.718000000008,625.3749909926208,650.4740042576128
3586.0149999999994,625.3599836032103,650.4740042576128
3586.297000000006,625.3564357158282,650.4740042576128
3586.593000000008,625.3505626964063,650.4740042576128
3586.875,625.3533616107846,650.4740042576128
3587.172000000006,625.3526775675588,650.4740042576128
3587.4530000000086,625.3398631341688,650.4740042576128
3587.75,625.3552425971103,650.4740042576128
3588.0310000000027,625.3558650856806,650.4740042576128
3588.3120000000054,625.3380797183947,650.4740042576128
3588.6090000000113,625.3388207290844,650.4740042576128
3588.8899999999994,625.3378601482347,650.4740042576128
3589.1870000000054,625.3387236053483,650.4740042576128
3589.4840000000113,625.3364696491597,650.4740042576128
3589.75,625.3322831487478,650.4740042576128
3590.047000000006,625.3570065677286,650.4740042576128
3590.3280000000086,625.3500488292203,650.4740042576128
3590.625,625.3669020479449,650.4740042576128
3590.922000000006,625.3284064857768,650.4740042576128
3591.2030000000086,625.4234177792034,650.4740042576128
3591.547000000006,625.4147737174187,650.4740042576128
3591.843000000008,625.4224025287925,650.4740042576128
3592.125,625.4121372614105,650.4740042576128
3592.422000000006,625.4087801843701,650.4740042576128
3592.718000000008,625.3923968246877,650.4740042576128
3592.9840000000113,625.4072221283037,650.4740042576128
3593.2810000000027,625.3926692057113,650.4740042576128
3593.5780000000086,625.3946266977939,650.4740042576128
3593.8590000000113,625.4079399279273,650.4740042576128
3594.1399999999994,625.4021807547754,650.4740042576128
3594.4370000000054,625.4037071438693,650.4740042576128
3594.7340000000113,625.4077463602559,650.4740042576128
3595.0149999999994,625.4006060160522,650.4740042576128
3595.3120000000054,625.3970759151769,650.4740042576128
3595.593000000008,625.3976063204178,650.4740042576128
3595.8899999999994,625.3918215575148,650.4740042576128
3596.1870000000054,625.4016404985465,650.4740042576128
3596.468000000008,625.3906489452183,650.4740042576128
3596.7649999999994,625.3917353438856,650.4740042576128
3597.0620000000054,625.3936622069656,650.4740042576128
3597.343000000008,625.4063625158319,650.4740042576128
3597.6399999999994,625.3884054917697,650.4740042576128
3597.9370000000054,625.4033437901201,650.4740042576128
3598.2030000000086,625.4030909862614,650.4740042576128
3598.5,625.3923066156951,650.4740042576128
3598.7810000000027,625.4029674581079,650.4740042576128
3599.0780000000086,625.3937430633632,650.4740042576128
3599.375,625.3745140396989,650.4740042576128
3599.6560000000027,625.3987292103824,650.4740042576128
3599.9530000000086,625.3936583307559,650.4740042576128
3600.2340000000113,625.4111232801444,650.4740042576128
3600.5310000000027,625.4084194791324,650.4740042576128
3600.8120000000054,625.4010711636068,650.4740042576128
3601.1090000000113,625.4029744382011,650.4740042576128
3601.3899999999994,625.4022326112844,650.4740042576128
3601.6870000000054,625.3933558160027,650.4740042576128
3601.968000000008,625.4011820201921,650.4740042576128
3602.2649999999994,625.3881061131265,650.4740042576128
3602.593000000008,625.4102941681103,650.4740042576128
3602.875,625.362382157968,650.4740042576128
3603.172000000006,625.3309935974444,650.4740042576128
3603.468000000008,625.3406435440116,650.4740042576128
3603.75,625.3636921871748,650.4740042576128
3604.047000000006,625.3594550564767,650.4740042576128
3604.3280000000086,625.3668164081996,650.4740042576128
3604.625,625.3593934669465,650.4740042576128
3604.9060000000027,625.3479971065426,650.4740042576128
3605.2030000000086,625.3445735913522,650.4740042576128
3605.4840000000113,625.3511512190007,650.4740042576128
3605.7810000000027,625.3436064074359,650.4740042576128
3606.0620000000054,625.358487783094,650.4740042576128
3606.343000000008,625.3448316907452,650.4740042576128
3606.6399999999994,625.3465609915395,650.4740042576128
3606.9370000000054,625.3458717425553,650.4740042576128
3607.2340000000113,625.3374062865843,650.4740042576128
3607.5780000000086,625.3305444373724,650.4740042576128
3607.8590000000113,625.3346830576082,650.4740042576128
3608.1560000000027,625.3411877489026,650.4740042576128
3608.4370000000054,625.3423195249844,650.4740042576128
3608.7340000000113,625.3232254797855,650.4740042576128
3609.0149999999994,625.3343068235185,650.4740042576128
3609.3120000000054,625.3200616149064,650.4740042576128
3609.593000000008,625.3349607695793,650.4740042576128
3609.875,625.3160446491222,650.4740042576128
3610.172000000006,625.3151539738222,650.4740042576128
3610.4530000000086,625.326668246376,650.4740042576128
3610.75,625.3243114555773,650.4740042576128
3611.0310000000027,625.3303210373109,650.4740042576128
3611.3280000000086,625.3094277788813,650.4740042576128
3611.625,625.3257073710236,650.4740042576128
3611.9060000000027,625.3279692945949,650.4740042576128
3612.1870000000054,625.325869063834,650.4740042576128
3612.4840000000113,625.3215052820926,650.4740042576128
3612.7649999999994,625.3110478576019,650.4740042576128
3613.0620000000054,625.3159492840122,650.4740042576128
3613.343000000008,625.318558877618,650.4740042576128
3613.6399999999994,625.3185747914755,650.4740042576128
3613.922000000006,625.3282459559015,650.4740042576128
3614.218000000008,625.3214849939005,650.4740042576128
3614.5,625.3194713646152,650.4740042576128
3614.7810000000027,625.3288092155757,650.4740042576128
3615.0780000000086,625.3320071999368,650.4740042576128
3615.375,625.3277234291816,650.4740042576128
3615.672000000006,625.3385192283712,650.4740042576128
3615.968000000008,625.301599505632,650.4740042576128
3616.25,625.3697674684291,650.4740042576128
3616.547000000006,625.4101223069745,650.4740042576128
3616.8280000000086,625.406825501923,650.4740042576128
3617.125,625.4007280856264,650.4740042576128
3617.4060000000027,625.3897548667634,650.4740042576128
3617.7340000000113,625.3939333285358,650.4740042576128
3618.0,625.390610200091,650.4740042576128
3618.297000000006,625.3902061486743,650.4740042576128
3618.5780000000086,625.3707442073243,650.4740042576128
3618.875,625.3889971570801,650.4740042576128
3619.1560000000027,625.3749426781811,650.4740042576128
3619.4530000000086,625.3799810054371,650.4740042576128
3619.75,625.3879668340551,650.4740042576128
3620.0310000000027,625.3808976810457,650.4740042576128
3620.3280000000086,625.3925736377357,650.4740042576128
3620.6090000000113,625.3752543646017,650.4740042576128
3620.9060000000027,625.3745359473345,650.4740042576128
3621.1870000000054,625.3796537634558,650.4740042576128
3621.468000000008,625.3850489584546,650.4740042576128
3621.7649999999994,625.3794560936444,650.4740042576128
3622.047000000006,625.3722094467516,650.4740042576128
3622.343000000008,625.3518885716696,650.4740042576128
3622.625,625.3797585694091,650.4740042576128
3622.9060000000027,625.4121930617939,650.4740042576128
3623.2030000000086,625.4183711143543,650.4740042576128
3623.5,625.4171196475509,650.4740042576128
3623.7649999999994,625.4215593348807,650.4740042576128
3624.0620000000054,625.4058212280797,650.4740042576128
3624.343000000008,625.40259523055,650.4740042576128
3624.6399999999994,625.3908727663734,650.4740042576128
3624.922000000006,625.3983886601791,650.4740042576128
3625.218000000008,625.4010304314272,650.4740042576128
3625.5149999999994,625.3954160883214,650.4740042576128
3625.797000000006,625.3887561904914,650.4740042576128
3626.093000000008,625.3863753497274,650.4740042576128
3626.375,625.388772683488,650.4740042576128
3626.672000000006,625.3956719043179,650.4740042576128
3626.968000000008,625.3809581158777,650.4740042576128
3627.25,625.3893184320631,650.4740042576128
3627.5310000000027,625.3891726192255,650.4740042576128
3627.8280000000086,625.3850338168169,650.4740042576128
3628.125,625.393869590459,650.4740042576128
3628.4060000000027,625.3900127581304,650.4740042576128
3628.7030000000086,625.3777798733673,650.4740042576128
3628.968000000008,625.3985446389037,650.4740042576128
3629.2649999999994,625.3875286759475,650.4740042576128
3629.5620000000054,625.3874826783184,650.4740042576128
3629.843000000008,625.3860053979192,650.4740042576128
3630.1399999999994,625.394822407541,650.4740042576128
3630.422000000006,625.3803283546123,650.4740042576128
3630.718000000008,625.3747852335607,650.4740042576128
3631.0149999999994,625.3823934961086,650.4740042576128
3631.297000000006,625.3790250672726,650.4740042576128
3631.593000000008,625.3834254717547,650.4740042576128
3631.875,625.3750597636364,650.4740042576128
3632.172000000006,625.3759215476836,650.4740042576128
3632.4370000000054,625.3964412074178,650.4740042576128
3632.7340000000113,625.3774738010306,650.4740042576128
3633.0149999999994,625.3748477472914,650.4740042576128
3633.3280000000086,625.3890232248183,650.4740042576128
3633.625,625.3847388701016,650.4740042576128
3633.9060000000027,625.3854905013986,650.4740042576128
3634.1870000000054,625.377050430751,650.4740042576128
3634.4840000000113,625.3810576185795,650.4740042576128
3634.7649999999994,625.3981031152248,650.4740042576128
3635.0620000000054,625.3863793858394,650.4740042576128
3635.3280000000086,625.3958115013952,650.4740042576128
3635.625,625.3979557425032,650.4740042576128
3635.922000000006,625.4098922863924,650.4740042576128
3636.218000000008,625.5086824052576,650.4740042576128
3636.5,625.7733482910567,650.4740042576128
3636.797000000006,625.9825283272422,650.4740042576128
3637.0780000000086,626.0664027455723,650.4740042576128
3637.375,626.1327247307271,650.4740042576128
3637.6399999999994,626.1925256277505,650.4740042576128
3637.9370000000054,626.2077044087293,650.4740042576128
3638.2340000000113,626.2474338172959,650.4740042576128
3638.5620000000054,626.2767189800826,650.4740042576128
3638.843000000008,626.2954318838403,650.4740042576128
3639.1399999999994,626.3278489022,650.4740042576128
3639.422000000006,626.3340350205646,650.4740042576128
3639.718000000008,626.3579835990608,650.4740042576128
3640.0,626.3725100720802,650.4740042576128
3640.297000000006,626.3699161613548,650.4740042576128
3640.593000000008,626.39054523211,650.4740042576128
3640.875,626.4006797404644,650.4740042576128
3641.172000000006,626.3994807834672,650.4740042576128
3641.4530000000086,626.4214997828792,650.4740042576128
3641.75,626.4293590425195,650.4740042576128
3642.047000000006,626.42476552456,650.4740042576128
3642.3120000000054,626.4373223017714,650.4740042576128
3642.6090000000113,626.4611641386491,650.4740042576128
3642.8899999999994,626.4634802945687,650.4740042576128
3643.1870000000054,626.4723285569469,650.4740042576128
3643.4840000000113,626.4589056851073,650.4740042576128
3643.7810000000027,626.4842785392625,650.4740042576128
3644.0620000000054,626.4905753520308,650.4740042576128
3644.3590000000113,626.5007428183851,650.4740042576128
3644.6399999999994,626.5080291364077,650.4740042576128
3644.922000000006,626.5172011451164,650.4740042576128
3645.2030000000086,626.5156049952576,650.4740042576128
3645.5,626.5226324807379,650.4740042576128
3645.7810000000027,626.5197742696749,650.4740042576128
3646.0780000000086,626.5264546844412,650.4740042576128
3646.375,626.5364810541519,650.4740042576128
3646.6399999999994,626.5352747578688,650.4740042576128
3646.9370000000054,626.5474142314573,650.4740042576128
3647.218000000008,626.5402185807295,650.4740042576128
3647.5310000000027,626.5453259290434,650.4740042576128
3647.8120000000054,626.5569669284004,650.4740042576128
3648.093000000008,626.5661805748823,650.4740042576128
3648.4060000000027,626.5602387560015,650.4740042576128
3648.6870000000054,626.5613606488147,650.4740042576128
3648.968000000008,626.562475467234,650.4740042576128
3649.2649999999994,626.5783112600649,650.4740042576128
3649.593000000008,626.5771537623928,650.4740042576128
3649.875,626.587640563176,650.4740042576128
3650.172000000006,626.5786778624762,650.4740042576128
3650.4530000000086,626.5844878133335,650.4740042576128
3650.7340000000113,626.6014548456012,650.4740042576128
3651.0310000000027,626.6002563496396,650.4740042576128
3651.3590000000113,626.6012818845453,650.4740042576128
3651.6399999999994,626.5885855045029,650.4740042576128
3651.9370000000054,626.5923237681369,650.4740042576128
3652.218000000008,626.6076275800968,650.4740042576128
3652.5149999999994,626.6079100758786,650.4740042576128
3652.797000000006,626.6175079732692,650.4740042576128
3653.093000000008,626.6113756077176,650.4740042576128
3653.375,626.6318118381142,650.4740042576128
3653.672000000006,626.6168596671007,650.4740042576128
3653.968000000008,626.6283637089232,650.4740042576128
3654.25,626.6374682845446,650.4740042576128
3654.593000000008,626.6408128554434,650.4740042576128
3654.875,626.6277654520613,650.4740042576128
3655.1560000000027,626.6473883227507,650.4740042576128
3655.4370000000054,626.6306009839609,650.4740042576128
3655.7340000000113,626.639695483558,650.4740042576128
3656.0149999999994,626.6477783638242,650.4740042576128
3656.3120000000054,626.6347470440982,650.4740042576128
3656.593000000008,626.6459214111998,650.4740042576128
3656.8899999999994,626.6509011835221,650.4740042576128
3657.1870000000054,626.6480805232567,650.4740042576128
3657.468000000008,626.664181796567,650.4740042576128
3657.7649999999994,626.671172091421,650.4740042576128
3658.047000000006,626.6659111405206,650.4740042576128
3658.3280000000086,626.6689352936145,650.4740042576128
3658.6090000000113,626.6657656914692,650.4740042576128
3658.9060000000027,626.6603640142955,650.4740042576128
3659.2030000000086,626.6634637485101,650.4740042576128
3659.4840000000113,626.6799329311468,650.4740042576128
3659.797000000006,626.6794373042983,650.4740042576128
3660.0780000000086,626.6777419730357,650.4740042576128
3660.3590000000113,626.6921153579815,650.4740042576128
3660.6560000000027,626.6793250821071,650.4740042576128
3660.9530000000086,626.6815503892151,650.4740042576128
3661.2340000000113,626.6955075082969,650.4740042576128
3661.5310000000027,626.6763798368206,650.4740042576128
3661.8120000000054,626.6920320479567,650.4740042576128
3662.1090000000113,626.6756895078727,650.4740042576128
3662.4060000000027,626.689845408884,650.4740042576128
3662.6870000000054,626.6897906327897,650.4740042576128
3662.9840000000113,626.7034209805049,650.4740042576128
3663.25,626.6961948440278,650.4740042576128
3663.5620000000054,626.689930615305,650.4740042576128
3663.843000000008,626.6916250296895,650.4740042576128
3664.1399999999994,626.7061944925464,650.4740042576128
3664.422000000006,626.7034924819835,650.4740042576128
3664.718000000008,626.7089261787544,650.4740042576128
3665.0,626.7097161245666,650.4740042576128
3665.297000000006,626.7019567971334,650.4740042576128
3665.5780000000086,626.7056417679853,650.4740042576128
3665.875,626.6971607470084,650.4740042576128
3666.172000000006,626.7183689022681,650.4740042576128
3666.4530000000086,626.7163289128999,650.4740042576128
3666.75,626.7214587572348,650.4740042576128
3667.0310000000027,626.7111404781783,650.4740042576128
3667.3280000000086,626.7167689022316,650.4740042576128
3667.6090000000113,626.7191511003401,650.4740042576128
3667.9060000000027,626.7306256721938,650.4740042576128
3668.2030000000086,626.7316453320963,650.4740042576128
3668.4840000000113,626.7222053493758,650.4740042576128
3668.7810000000027,626.7258355326464,650.4740042576128
3669.0620000000054,626.7151912103033,650.4740042576128
3669.343000000008,626.7154656589476,650.4740042576128
3669.625,626.732410207409,650.4740042576128
3669.922000000006,626.728577213019,650.4740042576128
3670.218000000008,626.7325433611273,650.4740042576128
3670.5,626.7197338892698,650.4740042576128
3670.797000000006,626.7422016981137,650.4740042576128
3671.0780000000086,626.7277844853451,650.4740042576128
3671.375,626.7411867967074,650.4740042576128
3671.6560000000027,626.7504860199277,650.4740042576128
3671.9530000000086,626.7435601086962,650.4740042576128
3672.25,626.7494807421535,650.4740042576128
3672.5310000000027,626.7423239206693,650.4740042576128
3672.8280000000086,626.7389442757657,650.4740042576128
3673.1090000000113,626.7422786100557,650.4740042576128
3673.4060000000027,626.747731594279,650.4740042576128
3673.6870000000054,626.7414831341481,650.4740042576128
3673.9840000000113,626.7493576995064,650.4740042576128
3674.25,626.7389508394109,650.4740042576128
3674.547000000006,626.7571229298691,650.4740042576128
3674.843000000008,626.7591761359379,650.4740042576128
3675.125,626.7589975671589,650.4740042576128
3675.4370000000054,626.758007430898,650.4740042576128
3675.7340000000113,626.7493734214163,650.4740042576128
3676.0149999999994,626.7706458198223,650.4740042576128
3676.3120000000054,626.7616865454181,650.4740042576128
3676.6090000000113,626.7543383911396,650.4740042576128
3676.8899999999994,626.7668344928574,650.4740042576128
3677.1870000000054,626.7603593093279,650.4740042576128
3677.468000000008,626.7624850908285,650.4740042576128
3677.7649999999994,626.7549463430931,650.4740042576128
3678.047000000006,626.762916896201,650.4740042576128
3678.343000000008,626.7569279910829,650.4740042576128
3678.6399999999994,626.7697676295795,650.4740042576128
3678.922000000006,626.7640647661148,650.4740042576128
3679.218000000008,626.7738406862788,650.4740042576128
3679.5,626.7604315305543,650.4740042576128
3679.797000000006,626.7739888035524,650.4740042576128
3680.0780000000086,626.7636100388794,650.4740042576128
3680.375,626.7582041317793,650.4740042576128
3680.6560000000027,626.7689296207521,650.4740042576128
3680.9530000000086,626.7575022221632,650.4740042576128
3681.2340000000113,626.7762417395294,650.4740042576128
3681.5310000000027,626.7709400861444,650.4740042576128
3681.8120000000054,626.7812870916919,650.4740042576128
3682.1090000000113,626.7812657343776,650.4740042576128
3682.4060000000027,626.774891686882,650.4740042576128
3682.6870000000054,626.7588009227323,650.4740042576128
3682.9840000000113,626.7865986714102,650.4740042576128
3683.2649999999994,626.7887424412373,650.4740042576128
3683.5620000000054,626.7878759148756,650.4740042576128
3683.843000000008,626.7698292353637,650.4740042576128
3684.1399999999994,626.7912905660854,650.4740042576128
3684.422000000006,626.7879930684237,650.4740042576128
3684.7030000000086,626.7954632165356,650.4740042576128
3685.0,626.7833753865672,650.4740042576128
3685.297000000006,626.7934539863057,650.4740042576128
3685.5780000000086,626.7953399469666,650.4740042576128
3685.875,626.7882857357695,650.4740042576128
3686.172000000006,626.7866953419791,650.4740042576128
3686.4530000000086,626.7843913649133,650.4740042576128
3686.75,626.7986152452472,650.4740042576128
3687.047000000006,626.7988415289594,650.4740042576128
3687.3590000000113,626.8048908853157,650.4740042576128
3687.6560000000027,626.8027220909323,650.4740042576128
3687.9370000000054,626.791777427139,650.4740042576128
3688.2340000000113,626.8124993761544,650.4740042576128
3688.5149999999994,626.7959754313905,650.4740042576128
3688.8120000000054,626.801161132893,650.4740042576128
3689.1090000000113,626.79690319757,650.4740042576128
3689.3899999999994,626.8030205493792,650.4740042576128
3689.6870000000054,626.8056153860944,650.4740042576128
3689.968000000008,626.8016867297279,650.4740042576128
3690.2649999999994,626.7947077417746,650.4740042576128
3690.547000000006,626.7974671353041,650.4740042576128
3690.843000000008,626.7972724893623,650.4740042576128
3691.1399999999994,626.8176807354268,650.4740042576128
3691.422000000006,626.806179826317,650.4740042576128
3691.718000000008,626.8075053368656,650.4740042576128
3692.0,626.8001780656547,650.4740042576128
3692.297000000006,626.8070087087061,650.4740042576128
3692.5780000000086,626.8140290831808,650.4740042576128
3692.875,626.8046750044999,650.4740042576128
3693.172000000006,626.8204262228589,650.4740042576128
3693.4530000000086,626.8085673605456,650.4740042576128
3693.75,626.8175863986502,650.4740042576128
3694.0310000000027,626.8263971631012,650.4740042576128
3694.3280000000086,626.8142581637628,650.4740042576128
3694.6090000000113,626.8043155758601,650.4740042576128
3694.9060000000027,626.8155724044375,650.4740042576128
3695.2030000000086,626.8148040000985,650.4740042576128
3695.4840000000113,626.8193249870463,650.4740042576128
3695.7810000000027,626.8224428647105,650.4740042576128
3696.0620000000054,626.8118962680223,650.4740042576128
3696.3590000000113,626.8115520249387,650.4740042576128
3696.6399999999994,626.8183970703034,650.4740042576128
3696.922000000006,626.8125677049632,650.4740042576128
3697.2030000000086,626.8194078506813,650.4740042576128
3697.5,626.8224264174023,650.4740042576128
3697.7810000000027,626.8418252461114,650.4740042576128
3698.0780000000086,626.8179665897273,650.4740042576128
3698.3590000000113,626.8298705310688,650.4740042576128
3698.6399999999994,626.8280558676934,650.4740042576128
3698.9370000000054,626.8255667704223,650.4740042576128
3699.218000000008,626.8222403318324,650.4740042576128
3699.5149999999994,626.8195616277367,650.4740042576128
3699.797000000006,626.8218760483892,650.4740042576128
3700.093000000008,626.8195703442042,650.4740042576128
3700.375,626.8236782848128,650.4740042576128
3700.672000000006,626.8349636429922,650.4740042576128
3700.9530000000086,626.8313785042919,650.4740042576128
3701.25,626.8314038512542,650.4740042576128
3701.593000000008,626.8338964428204,650.4740042576128
3701.8899999999994,626.8365930292329,650.4740042576128
3702.1870000000054,626.8296630804261,650.4740042576128
3702.4530000000086,626.8346440346468,650.4740042576128
3702.75,626.8310515132213,650.4740042576128
3703.047000000006,626.8465154643268,650.4740042576128
3703.3280000000086,626.8512995271295,650.4740042576128
3703.625,626.8536029099592,650.4740042576128
3703.9060000000027,626.8399684415232,650.4740042576128
3704.2030000000086,626.8353056666436,650.4740042576128
3704.4840000000113,626.8278156848801,650.4740042576128
3704.7649999999994,626.815062079859,650.4740042576128
3705.047000000006,626.8378996229293,650.4740042576128
3705.3590000000113,626.8264241822897,650.4740042576128
3705.6399999999994,626.8414702404788,650.4740042576128
3705.9370000000054,626.8326790971316,650.4740042576128
3706.218000000008,626.810511953091,650.4740042576128
3706.5,626.8252530341886,650.4740042576128
3706.797000000006,626.8139652291017,650.4740042576128
3707.0780000000086,626.8096570072893,650.4740042576128
3707.375,626.8159192516516,650.4740042576128
3707.6560000000027,626.8109503043354,650.4740042576128
3707.9530000000086,626.7888751367253,650.4740042576128
3708.2340000000113,626.7856777912405,650.4740042576128
3708.5310000000027,626.807944997054,650.4740042576128
3708.8280000000086,626.8160638138862,650.4740042576128
3709.1090000000113,626.8121810636861,650.4740042576128
3709.4060000000027,626.8104496827702,650.4740042576128
3709.6870000000054,626.8099260994285,650.4740042576128
3709.968000000008,626.7899944071592,650.4740042576128
3710.2649999999994,626.8099758410203,650.4740042576128
3710.547000000006,626.8057487469717,650.4740042576128
3710.843000000008,626.7938124120275,650.4740042576128
3711.1399999999994,626.8014693803286,650.4740042576128
3711.422000000006,626.7957927023556,650.4740042576128
3711.718000000008,626.8021216773648,650.4740042576128
3712.0149999999994,626.80582421084,650.4740042576128
3712.297000000006,626.8032119524673,650.4740042576128
3712.593000000008,626.797949077662,650.4740042576128
3712.875,626.7979239747883,650.4740042576128
3713.172000000006,626.8046344696215,650.4740042576128
3713.4530000000086,626.797565249432,650.4740042576128
3713.7340000000113,626.7825859552735,650.4740042576128
3714.0149999999994,626.8116106911233,650.4740042576128
3714.3280000000086,626.7841926897258,650.4740042576128
3714.6090000000113,626.7969841871504,650.4740042576128
3714.8899999999994,626.790060390128,650.4740042576128
3715.172000000006,626.7881179222998,650.4740042576128
3715.468000000008,626.796752215305,650.4740042576128
3715.75,626.7798170246106,650.4740042576128
3716.047000000006,626.7897805256663,650.4740042576128
3716.3280000000086,626.7822686110361,650.4740042576128
3716.625,626.7880266173153,650.4740042576128
3716.9060000000027,626.785512481659,650.4740042576128
3717.1870000000054,626.7866882149104,650.4740042576128
3717.4840000000113,626.7807904251808,650.4740042576128
3717.7810000000027,626.7743423652427,650.4740042576128
3718.0620000000054,626.7861141618891,650.4740042576128
3718.343000000008,626.7973378863744,650.4740042576128
3718.625,626.7902690575644,650.4740042576128
3718.922000000006,626.7887575854737,650.4740042576128
3719.2030000000086,626.7929955960694,650.4740042576128
3719.5,626.7895039199111,650.4740042576128
3719.797000000006,626.7786038533033,650.4740042576128
3720.0780000000086,626.7901546213162,650.4740042576128
3720.375,626.7843257416125,650.4740042576128
3720.6560000000027,626.7705805253205,650.4740042576128
3720.9530000000086,626.7712623454644,650.4740042576128
3721.2340000000113,626.7823644246131,650.4740042576128
3721.5310000000027,626.7905009072214,650.4740042576128
3721.8280000000086,626.7900964107664,650.4740042576128
3722.1090000000113,626.7782396538123,650.4740042576128
3722.4060000000027,626.7932736562153,650.4740042576128
3722.6870000000054,626.7762297578782,650.4740042576128
3722.9840000000113,626.7856970675996,650.4740042576128
3723.343000000008,626.7769496014992,650.4740042576128
3723.625,626.7817897466847,650.4740042576128
3723.9060000000027,626.7806883920418,650.4740042576128
3724.2030000000086,626.7884353976272,650.4740042576128
3724.5,626.7791908391583,650.4740042576128
3724.7810000000027,626.7965290575899,650.4740042576128
3725.0780000000086,626.780928795563,650.4740042576128
3725.343000000008,626.7855963752859,650.4740042576128
3725.6399999999994,626.7867022236856,650.4740042576128
3725.922000000006,626.7851371346052,650.4740042576128
3726.218000000008,626.7857582647324,650.4740042576128
3726.5149999999994,626.774891206338,650.4740042576128
3726.797000000006,626.7799968926315,650.4740042576128
3727.093000000008,626.784410956884,650.4740042576128
3727.375,626.796519524226,650.4740042576128
3727.672000000006,626.7697891952702,650.4740042576128
3727.9530000000086,626.7745136038288,650.4740042576128
3728.25,626.7703632271808,650.4740042576128
3728.5310000000027,626.7841920009909,650.4740042576128
3728.8280000000086,626.7828140520849,650.4740042576128
3729.125,626.7747269115001,650.4740042576128
3729.3899999999994,626.766648862842,650.4740042576128
3729.6870000000054,626.7696682467321,650.4740042576128
3729.968000000008,626.7719269953918,650.4740042576128
3730.2649999999994,626.7748664944166,650.4740042576128
3730.5620000000054,626.7666504520793,650.4740042576128
3730.843000000008,626.7881821663473,650.4740042576128
3731.1399999999994,626.7827467868797,650.4740042576128
3731.422000000006,626.7813952371206,650.4740042576128
3731.718000000008,626.7730350418639,650.4740042576128
3732.0,626.7816340560323,650.4740042576128
3732.297000000006,626.7811307829181,650.4740042576128
3732.593000000008,626.7782968435899,650.4740042576128
3732.875,626.7790992613368,650.4740042576128
3733.172000000006,626.7692088969843,650.4740042576128
3733.468000000008,626.7763452064154,650.4740042576128
3733.75,626.7754955947167,650.4740042576128
3734.047000000006,626.776290401069,650.4740042576128
3734.3280000000086,626.776666679145,650.4740042576128
3734.625,626.7615647135882,650.4740042576128
3734.9060000000027,626.7842234348457,650.4740042576128
3735.2030000000086,626.777292303809,650.4740042576128
3735.4840000000113,626.7793081653626,650.4740042576128
3735.7810000000027,626.7867366129959,650.4740042576128
3736.0620000000054,626.7787575275327,650.4740042576128
3736.343000000008,626.7844569071214,650.4740042576128
3736.6399999999994,626.7716582015325,650.4740042576128
3736.922000000006,626.7591644462011,650.4740042576128
3737.218000000008,626.7642631215487,650.4740042576128
3737.5149999999994,626.7787631193006,650.4740042576128
3737.797000000006,626.7819492555294,650.4740042576128
3738.093000000008,626.7697493867138,650.4740042576128
3738.375,626.7725493198054,650.4740042576128
3738.672000000006,626.7779616365781,650.4740042576128
3738.9370000000054,626.7680235647885,650.4740042576128
3739.2340000000113,626.7746941687905,650.4740042576128
3739.5310000000027,626.7737299534931,650.4740042576128
3739.8120000000054,626.7744252085502,650.4740042576128
3740.1090000000113,626.7703207223188,650.4740042576128
3740.3899999999994,626.7780081004086,650.4740042576128
3740.6870000000054,626.7702050463784,650.4740042576128
3740.968000000008,626.7658076712994,650.4740042576128
3741.2649999999994,626.7634470862939,650.4740042576128
3741.547000000006,626.7616538663262,650.4740042576128
3741.843000000008,626.7761430637199,650.4740042576128
3742.125,626.7575585974947,650.4740042576128
3742.422000000006,626.7690223512518,650.4740042576128
3742.7030000000086,626.7778521942741,650.4740042576128
3743.0,626.7769535140642,650.4740042576128
3743.2810000000027,626.7683026728009,650.4740042576128
3743.6090000000113,626.7744982841683,650.4740042576128
3743.8899999999994,626.7724646350786,650.4740042576128
3744.172000000006,626.7742559352388,650.4740042576128
3744.468000000008,626.7773925608702,650.4740042576128
3744.75,626.7758861156983,650.4740042576128
3745.047000000006,626.7755813707987,650.4740042576128
3745.3280000000086,626.7730377213928,650.4740042576128
3745.6090000000113,626.7807954557559,650.4740042576128
3745.9060000000027,626.7714729122296,650.4740042576128
3746.1870000000054,626.7605368323772,650.4740042576128
3746.4840000000113,626.7729515268014,650.4740042576128
3746.7649999999994,626.7800146416909,650.4740042576128
3747.0620000000054,626.7686368721342,650.4740042576128
3747.3899999999994,626.7765883166339,650.4740042576128
3747.672000000006,626.7819393118232,650.4740042576128
3747.968000000008,626.7740554189495,650.4740042576128
3748.25,626.767744031141,650.4740042576128
3748.593000000008,626.7624353022587,650.4740042576128
3748.8590000000113,626.762007263021,650.4740042576128
3749.1560000000027,626.7691970970255,650.4740042576128
3749.4530000000086,626.7729975202677,650.4740042576128
3749.7340000000113,626.7560994522945,650.4740042576128
3750.0310000000027,626.7682426780959,650.4740042576128
3750.3280000000086,626.7765606048779,650.4740042576128
3750.6090000000113,626.7697221957455,650.4740042576128
3750.9060000000027,626.7644236102904,650.4740042576128
3751.1870000000054,626.7867737968267,650.4740042576128
3751.4840000000113,626.7770794549907,650.4740042576128
3751.7649999999994,626.7719497923085,650.4740042576128
3752.0620000000054,626.7733974560197,650.4740042576128
3752.343000000008,626.7794359602595,650.4740042576128
3752.6399999999994,626.7509971818673,650.4740042576128
3752.922000000006,626.7793049778242,650.4740042576128
3753.2030000000086,626.7633899485439,650.4740042576128
3753.5,626.7646249069327,650.4740042576128
3753.797000000006,626.7807533872885,650.4740042576128
3754.0780000000086,626.7662819495583,650.4740042576128
3754.375,626.7742158839116,650.4740042576128
3754.6560000000027,626.7958085330091,650.4740042576128
3754.9530000000086,626.7664223818279,650.4740042576128
3755.2340000000113,626.7799822472012,650.4740042576128
3755.5149999999994,626.7697242192216,650.4740042576128
3755.8120000000054,626.7696235888574,650.4740042576128
3756.093000000008,626.7695851707531,650.4740042576128
3756.3899999999994,626.7596412700453,650.4740042576128
3756.6870000000054,626.7635678366465,650.4740042576128
3756.968000000008,626.75837042326,650.4740042576128
3757.2649999999994,626.7752223041298,650.4740042576128
3757.547000000006,626.7592417845555,650.4740042576128
3757.843000000008,626.7684646085997,650.4740042576128
3758.125,626.7713666773809,650.4740042576128
3758.422000000006,626.7775083992665,650.4740042576128
3758.718000000008,626.7669873019458,650.4740042576128
3759.0149999999994,626.7494322339037,650.4740042576128
3759.6560000000027,626.770826583916,650.4740042576128
3759.9370000000054,626.7625059866944,650.4740042576128
3760.2340000000113,626.7653067265164,650.4740042576128
3760.5310000000027,626.7671447943878,650.4740042576128
3760.797000000006,626.7529251444914,650.4740042576128
3761.093000000008,626.7661269997994,650.4740042576128
3761.3899999999994,626.7689254971397,650.4740042576128
3761.672000000006,626.776574714676,650.4740042576128
3761.968000000008,626.7513453027336,650.4740042576128
3762.2649999999994,626.7633648753149,650.4740042576128
3762.5310000000027,626.7658084572853,650.4740042576128
3762.8120000000054,626.7753862327708,650.4740042576128
3763.1090000000113,626.7730539004939,650.4740042576128
3763.4060000000027,626.7722842364474,650.4740042576128
3763.6870000000054,626.7661594982937,650.4740042576128
3763.9840000000113,626.7655960621137,650.4740042576128
3764.2649999999994,626.7790821017414,650.4740042576128
3764.5780000000086,626.7722713372269,650.4740042576128
3764.875,626.7587208204212,650.4740042576128
3765.172000000006,626.7646727663824,650.4740042576128
3765.4530000000086,626.7666888402672,650.4740042576128
3765.75,626.7787970416956,650.4740042576128
3766.0149999999994,626.7707224548574,650.4740042576128
3766.297000000006,626.6072754282061,650.4740042576128
3766.593000000008,626.2226397748221,650.4740042576128
3766.875,625.9291908322961,650.4740042576128
3767.172000000006,625.7884077212063,650.4740042576128
3767.4530000000086,625.702320140481,650.4740042576128
3767.7340000000113,625.6467428971791,650.4740042576128
3768.0310000000027,625.5943174926268,650.4740042576128
3768.3120000000054,625.5564806799032,650.4740042576128
3768.6090000000113,625.5240774507582,650.4740042576128
3768.8899999999994,625.500354538505,650.4740042576128
3769.1870000000054,625.48407239253,650.4740042576128
3769.4840000000113,625.4661683533594,650.4740042576128
3769.7649999999994,625.4541561957454,650.4740042576128
3770.047000000006,625.4503609142743,650.4740042576128
3770.343000000008,625.4402263393805,650.4740042576128
3770.625,625.4219698118749,650.4740042576128
3770.9060000000027,625.4337810486517,650.4740042576128
3771.1870000000054,625.4198189573721,650.4740042576128
3771.4840000000113,625.4054494725369,650.4740042576128
3771.7810000000027,625.4038733753396,650.4740042576128
3772.0620000000054,625.3976116325202,650.4740042576128
3772.3590000000113,625.3923727577176,650.4740042576128
3772.6560000000027,625.3916804730377,650.4740042576128
3772.9370000000054,625.3881716712988,650.4740042576128
3773.2340000000113,625.3728015418126,650.4740042576128
3773.5310000000027,625.3785519372199,650.4740042576128
3773.8120000000054,625.3783425060941,650.4740042576128
3774.1090000000113,625.3655868827163,650.4740042576128
3774.3899999999994,625.3721232333992,650.4740042576128
3774.6870000000054,625.3672358640231,650.4740042576128
3774.968000000008,625.3669099831698,650.4740042576128
3775.2649999999994,625.348107235505,650.4740042576128
3775.5620000000054,625.3554643319418,650.4740042576128
3775.8590000000113,625.352467530467,650.4740042576128
3776.1399999999994,625.338445048967,650.4740042576128
3776.4370000000054,625.3439139474467,650.4740042576128
3776.718000000008,625.3361523628466,650.4740042576128
3777.0,625.3451582656487,650.4740042576128
3777.297000000006,625.3461873422489,650.4740042576128
3777.5780000000086,625.3318910967613,650.4740042576128
3777.8590000000113,625.3400714083751,650.4740042576128
3778.1560000000027,625.3310465893475,650.4740042576128
3778.4530000000086,625.3579406015758,650.4740042576128
3778.7340000000113,625.3729079921789,650.4740042576128
3779.0310000000027,625.3363641551465,650.4740042576128
3779.3280000000086,625.3957969131037,650.4740042576128
3779.6090000000113,625.4124271360869,650.4740042576128
3779.9060000000027,625.4273643979255,650.4740042576128
3780.1870000000054,625.4226989067088,650.4740042576128
3780.468000000008,625.4181040793113,650.4740042576128
3780.7649999999994,625.4132051622614,650.4740042576128
3781.047000000006,625.3976809411923,650.4740042576128
3781.343000000008,625.4150395646186,650.4740042576128
3781.625,625.4058100058294,650.4740042576128
3781.922000000006,625.406562686288,650.4740042576128
3782.1870000000054,625.3972539269356,650.4740042576128
3782.4840000000113,625.394379072943,650.4740042576128
3782.7810000000027,625.4020714149648,650.4740042576128
3783.0620000000054,625.3845752561007,650.4740042576128
3783.375,625.4127254917445,650.4740042576128
3783.6560000000027,625.4074225080826,650.4740042576128
3783.9530000000086,625.4023057816132,650.4740042576128
3784.2340000000113,625.3970505069655,650.4740042576128
3784.5310000000027,625.4056800122713,650.4740042576128
3784.8280000000086,625.4083367682797,650.4740042576128
3785.1090000000113,625.4107485526758,650.4740042576128
3785.4060000000027,625.4058631892137,650.4740042576128
3785.6870000000054,625.3873385623418,650.4740042576128
3785.968000000008,625.4065932000201,650.4740042576128
3786.25,625.3998666430678,650.4740042576128
3786.5620000000054,625.4147390281478,650.4740042576128
3786.843000000008,625.4075162244521,650.4740042576128
3787.125,625.4046184777935,650.4740042576128
3787.422000000006,625.404314454767,650.4740042576128
3787.7030000000086,625.4062411746162,650.4740042576128
3788.0,625.3998769949293,650.4740042576128
3788.2810000000027,625.4082662989189,650.4740042576128
3788.5780000000086,625.3943735283899,650.4740042576128
3788.8590000000113,625.3976304287764,650.4740042576128
3789.1560000000027,625.4197086833428,650.4740042576128
3789.4370000000054,625.4059309017365,650.4740042576128
3789.718000000008,625.4025452287156,650.4740042576128
3790.0310000000027,625.4028622860235,650.4740042576128
3790.3120000000054,625.4185195305536,650.4740042576128
3790.6090000000113,625.3983370675766,650.4740042576128
3790.8899999999994,625.4001759281441,650.4740042576128
3791.172000000006,625.4135347151617,650.4740042576128
3791.4530000000086,625.3745449115711,650.4740042576128
3791.75,625.3263874710977,650.4740042576128
3792.0310000000027,625.3434844979525,650.4740042576128
3792.3280000000086,625.3584986218409,650.4740042576128
3792.625,625.3812566544713,650.4740042576128
3792.9060000000027,625.3547070605271,650.4740042576128
3793.2030000000086,625.3885004445752,650.4740042576128
3793.4840000000113,625.3570497695597,650.4740042576128
3793.7810000000027,625.3498810291375,650.4740042576128
3794.0780000000086,625.348703964051,650.4740042576128
3794.3590000000113,625.335126853012,650.4740042576128
3794.6560000000027,625.3547221035171,650.4740042576128
3794.9530000000086,625.3411610933515,650.4740042576128
3795.2340000000113,625.3388856442424,650.4740042576128
3795.5780000000086,625.3468204233807,650.4740042576128
3795.875,625.3393290227414,650.4740042576128
3796.1560000000027,625.3342429839588,650.4740042576128
3796.4530000000086,625.3414300792223,650.4740042576128
3796.7340000000113,625.3272121333467,650.4740042576128
3797.0149999999994,625.3441137073955,650.4740042576128
3797.3120000000054,625.3319199270153,650.4740042576128
3797.593000000008,625.3273375529611,650.4740042576128
3797.8899999999994,625.3423971971323,650.4740042576128
3798.172000000006,625.3116034640888,650.4740042576128
3798.468000000008,625.3282394071448,650.4740042576128
3798.75,625.3226907832213,650.4740042576128
3799.0310000000027,625.3248262476104,650.4740042576128
3799.3280000000086,625.325590274408,650.4740042576128
3799.6090000000113,625.3188305631744,650.4740042576128
3799.9060000000027,625.3417636933085,650.4740042576128
3800.1870000000054,625.3314666243567,650.4740042576128
3800.4840000000113,625.3360125768844,650.4740042576128
3800.7649999999994,625.3445688172891,650.4740042576128
3801.0620000000054,625.3323690754561,650.4740042576128
3801.343000000008,625.3322701954814,650.4740042576128
3801.6399999999994,625.312403896664,650.4740042576128
3801.922000000006,625.324692958867,650.4740042576128
3802.218000000008,625.313905235177,650.4740042576128
3802.4840000000113,625.3097100170173,650.4740042576128
3802.7810000000027,625.3210476961859,650.4740042576128
3803.0620000000054,625.3096223811815,650.4740042576128
3803.3590000000113,625.3166558768945,650.4740042576128
3803.6560000000027,625.3240641562891,650.4740042576128
3803.9530000000086,625.3446136734702,650.4740042576128
3804.218000000008,625.3433500848139,650.4740042576128
3804.5149999999994,625.3031700911276,650.4740042576128
3804.797000000006,625.3767613791291,650.4740042576128
3805.093000000008,625.4062976151199,650.4740042576128
3805.3899999999994,625.4049674607679,650.4740042576128
3805.672000000006,625.3973650238347,650.4740042576128
3805.9530000000086,625.3869126185633,650.4740042576128
3806.25,625.4019624062308,650.4740042576128
3806.547000000006,625.3891776603554,650.4740042576128
3806.843000000008,625.3833033053685,650.4740042576128
3807.125,625.3844127744654,650.4740042576128
3807.422000000006,625.3865511973603,650.4740042576128
3807.7030000000086,625.3823530356708,650.4740042576128
3808.0,625.3929870107955,650.4740042576128
3808.2810000000027,625.3849191660725,650.4740042576128
3808.5780000000086,625.3896106506052,650.4740042576128
3808.8590000000113,625.3840737606678,650.4740042576128
3809.1560000000027,625.3752756840348,650.4740042576128
3809.4370000000054,625.3828275240954,650.4740042576128
3809.7340000000113,625.3831965655913,650.4740042576128
3810.0310000000027,625.3781830658544,650.4740042576128
3810.3120000000054,625.3772540316802,650.4740042576128
3810.6090000000113,625.3968187112052,650.4740042576128
3810.9060000000027,625.3651057876563,650.4740042576128
3811.1870000000054,625.3892945395559,650.4740042576128
3811.468000000008,625.3881571970088,650.4740042576128
3811.7649999999994,625.3888697936185,650.4740042576128
3812.0620000000054,625.3776753991252,650.4740042576128
3812.343000000008,625.3888076293763,650.4740042576128
3812.6399999999994,625.3876300925643,650.4740042576128
3812.922000000006,625.3678822133037,650.4740042576128
3813.218000000008,625.387116713865,650.4740042576128
3813.5149999999994,625.3895881188253,650.4740042576128
3813.797000000006,625.3804544952095,650.4740042576128
3814.093000000008,625.3892909252253,650.4740042576128
3814.375,625.3818597838746,650.4740042576128
3814.672000000006,625.3807591586622,650.4740042576128
3814.9530000000086,625.3839149300499,650.4740042576128
3815.25,625.380466182097,650.4740042576128
3815.5310000000027,625.3815405182079,650.4740042576128
3815.8280000000086,625.3808224001751,650.4740042576128
3816.1090000000113,625.3744191346808,650.4740042576128
3816.4060000000027,625.3735913805075,650.4740042576128
3816.6870000000054,625.3946280938095,650.4740042576128
3816.9840000000113,625.4201603836998,650.4740042576128
3817.2649999999994,625.4043975790962,650.4740042576128
3817.5620000000054,625.4123443081669,650.4740042576128
3817.8590000000113,625.4064650827747,650.4740042576128
3818.1399999999994,625.4101167261366,650.4740042576128
3818.4370000000054,625.3898438006821,650.4740042576128
3818.718000000008,625.3863319119663,650.4740042576128
3819.0,625.4048264313278,650.4740042576128
3819.3590000000113,625.4019254170294,650.4740042576128
3819.6399999999994,625.3814565492835,650.4740042576128
3819.922000000006,625.3936071793622,650.4740042576128
3820.218000000008,625.3820146339262,650.4740042576128
3820.5,625.3854365589062,650.4740042576128
3820.797000000006,625.3878538986258,650.4740042576128
3821.0780000000086,625.3866627706324,650.4740042576128
3821.375,625.3820661414742,650.4740042576128
3821.6560000000027,625.3790128066545,650.4740042576128
3821.9530000000086,625.3908542754864,650.4740042576128
3822.25,625.3919094409921,650.4740042576128
3822.5310000000027,625.4006599184781,650.4740042576128
3822.8280000000086,625.3924837765868,650.4740042576128
3823.1090000000113,625.3864310170106,650.4740042576128
3823.4060000000027,625.3775532710041,650.4740042576128
3823.6870000000054,625.3917424438364,650.4740042576128
3823.9840000000113,625.3987505726934,650.4740042576128
3824.2649999999994,625.3906897748287,650.4740042576128
3824.5620000000054,625.3938031228157,650.4740042576128
3824.8590000000113,625.3870565856547,650.4740042576128
3825.1399999999994,625.3730836667262,650.4740042576128
3825.422000000006,625.390850333381,650.4740042576128
3825.718000000008,625.3902662474108,650.4740042576128
3826.0,625.3803840993085,650.4740042576128
3826.297000000006,625.3879097198359,650.4740042576128
3826.593000000008,625.3843030957668,650.4740042576128
3826.875,625.3800166747636,650.4740042576128
3827.172000000006,625.3826134898327,650.4740042576128
3827.4530000000086,625.3846848018256,650.4740042576128
3827.75,625.3818497188065,650.4740042576128
3828.0310000000027,625.3774745626079,650.4740042576128
3828.3280000000086,625.3782919934483,650.4740042576128
3828.625,625.3766131936586,650.4740042576128
3828.8899999999994,625.3902162190759,650.4740042576128
3829.2030000000086,625.3948745524691,650.4740042576128
3829.468000000008,625.3846261041608,650.4740042576128
3829.7649999999994,625.4192457900581,650.4740042576128
3830.0620000000054,625.456104390258,650.4740042576128
3830.343000000008,625.6998201596718,650.4740042576128
3830.6399999999994,625.9317229828563,650.4740042576128
3830.922000000006,626.0443465447705,650.4740042576128
3831.218000000008,626.1211569852398,650.4740042576128
3831.5,626.1855092539656,650.4740042576128
3831.7810000000027,626.2216760361711,650.4740042576128
3832.0780000000086,626.236963265926,650.4740042576128
3832.375,626.2673572060586,650.4740042576128
3832.6560000000027,626.3049981052641,650.4740042576128
3832.9530000000086,626.3183821370696,650.4740042576128
3833.2340000000113,626.3344442169079,650.4740042576128
3833.5310000000027,626.3311528824305,650.4740042576128
3833.8120000000054,626.3503248290746,650.4740042576128
3834.1090000000113,626.3744330325036,650.4740042576128
3834.4060000000027,626.3879718009996,650.4740042576128
3834.6870000000054,626.3925278750747,650.4740042576128
3834.9840000000113,626.4097186271097,650.4740042576128
3835.2649999999994,626.4073637779995,650.4740042576128
3835.547000000006,626.4318844883397,650.4740042576128
3835.843000000008,626.4394469894735,650.4740042576128
3836.125,626.4400930631338,650.4740042576128
3836.422000000006,626.4498004967687,650.4740042576128
3836.7030000000086,626.4543794519573,650.4740042576128
3837.0,626.4658408153667,650.4740042576128
3837.297000000006,626.4772271742108,650.4740042576128
3837.593000000008,626.4791905042076,650.4740042576128
3837.875,626.4934635941441,650.4740042576128
3838.172000000006,626.4844548373043,650.4740042576128
3838.4370000000054,626.4912201282314,650.4740042576128
3838.7340000000113,626.5030141132123,650.4740042576128
3839.0310000000027,626.5194279511562,650.4740042576128
3839.3120000000054,626.5215796610889,650.4740042576128
3839.6090000000113,626.5185419609675,650.4740042576128
3839.8899999999994,626.5205785155796,650.4740042576128
3840.1870000000054,626.5404240284294,650.4740042576128
3840.468000000008,626.5457156657643,650.4740042576128
3840.7649999999994,626.5383158791087,650.4740042576128
3841.047000000006,626.5520779363195,650.4740042576128
3841.3280000000086,626.5468880085396,650.4740042576128
3841.6090000000113,626.5586822725544,650.4740042576128
3841.9060000000027,626.5557923511013,650.4740042576128
3842.2030000000086,626.5533776736381,650.4740042576128
3842.4840000000113,626.5609833544224,650.4740042576128
3842.7810000000027,626.5743264668598,650.4740042576128
3843.0620000000054,626.5772927418345,650.4740042576128
3843.3590000000113,626.593677654246,650.4740042576128
3843.6560000000027,626.587505216581,650.4740042576128
3843.9530000000086,626.5881365076461,650.4740042576128
3844.2340000000113,626.5899181484361,650.4740042576128
3844.5149999999994,626.5853211433799,650.4740042576128
3844.8120000000054,626.6047308963101,650.4740042576128
3845.093000000008,626.5933429478359,650.4740042576128
3845.3899999999994,626.6112269402618,650.4740042576128
3845.672000000006,626.6061754172986,650.4740042576128
3845.9530000000086,626.6037001926256,650.4740042576128
3846.25,626.609174471526,650.4740042576128
3846.547000000006,626.6110193185409,650.4740042576128
3846.8280000000086,626.6147609991581,650.4740042576128
3847.125,626.6104801666188,650.4740042576128
3847.4060000000027,626.6180996324204,650.4740042576128
3847.6870000000054,626.6386304753787,650.4740042576128
3847.9840000000113,626.6305412236869,650.4740042576128
3848.2649999999994,626.6195707032053,650.4740042576128
3848.5620000000054,626.6306338958311,650.4740042576128
3848.843000000008,626.6275249083217,650.4740042576128
3849.1399999999994,626.6315917279801,650.4740042576128
3849.422000000006,626.6354377649674,650.4740042576128
3849.718000000008,626.6442956537301,650.4740042576128
3850.0,626.6571031795104,650.4740042576128
3850.297000000006,626.6413578877415,650.4740042576128
3850.5780000000086,626.6459556802985,650.4740042576128
3850.8590000000113,626.6449182673182,650.4740042576128
3851.1560000000027,626.6565093062586,650.4740042576128
3851.4370000000054,626.6540903536041,650.4740042576128
3851.7340000000113,626.6673023237992,650.4740042576128
3852.0310000000027,626.6529650653936,650.4740042576128
3852.3120000000054,626.6641247761848,650.4740042576128
3852.6090000000113,626.6656514773731,650.4740042576128
3852.8899999999994,626.6675428146286,650.4740042576128
3853.172000000006,626.6658008285033,650.4740042576128
3853.468000000008,626.6772745715483,650.4740042576128
3853.75,626.6819464937911,650.4740042576128
3854.047000000006,626.6775934573008,650.4740042576128
3854.3280000000086,626.676703639784,650.4740042576128
3854.6090000000113,626.6842112529106,650.4740042576128
3854.9060000000027,626.6819865164714,650.4740042576128
3855.1870000000054,626.6753456863623,650.4740042576128
3855.4840000000113,626.6858937944179,650.4740042576128
3855.7810000000027,626.6916949263691,650.4740042576128
3856.0620000000054,626.6871017325623,650.4740042576128
3856.3590000000113,626.6866736227307,650.4740042576128
3856.6399999999994,626.6747644110173,650.4740042576128
3856.9370000000054,626.6827761003019,650.4740042576128
3857.218000000008,626.6896973061963,650.4740042576128
3857.5149999999994,626.6958731667165,650.4740042576128
3857.7810000000027,626.7140856448419,650.4740042576128
3858.0780000000086,626.714197606886,650.4740042576128
3858.3590000000113,626.6988991046783,650.4740042576128
3858.6560000000027,626.7044266149722,650.4740042576128
3858.9530000000086,626.7141821545432,650.4740042576128
3859.2340000000113,626.7015329641088,650.4740042576128
3859.5310000000027,626.7077335754155,650.4740042576128
3859.8120000000054,626.7023249386388,650.4740042576128
3860.1090000000113,626.7079222786016,650.4740042576128
3860.3899999999994,626.7082474928155,650.4740042576128
3860.6870000000054,626.7110450926403,650.4740042576128
3860.9530000000086,626.7178474078776,650.4740042576128
3861.25,626.7012626343089,650.4740042576128
3861.547000000006,626.7281716850952,650.4740042576128
3861.8280000000086,626.7102706252051,650.4740042576128
3862.125,626.7275981053684,650.4740042576128
3862.422000000006,626.7343056614011,650.4740042576128
3862.7030000000086,626.727554917669,650.4740042576128
3863.0,626.7292438374332,650.4740042576128
3863.2810000000027,626.7132624324834,650.4740042576128
3863.6090000000113,626.7205972738957,650.4740042576128
3863.8899999999994,626.7384726506376,650.4740042576128
3864.1870000000054,626.730498904267,650.4740042576128
3864.4530000000086,626.7348742035582,650.4740042576128
3864.75,626.7375387249799,650.4740042576128
3865.047000000006,626.7266412143478,650.4740042576128
3865.3280000000086,626.7310891212725,650.4740042576128
3865.625,626.7402504860431,650.4740042576128
3865.9060000000027,626.7496595676665,650.4740042576128
3866.2030000000086,626.7352188788196,650.4740042576128
3866.5,626.7379231165357,650.4740042576128
3866.7649999999994,626.7441624574491,650.4740042576128
3867.0620000000054,626.7443686344758,650.4740042576128
3867.375,626.7544655153538,650.4740042576128
3867.6560000000027,626.7444645847202,650.4740042576128
3867.9530000000086,626.7500482405023,650.4740042576128
3868.2340000000113,626.7501978396568,650.4740042576128
3868.5780000000086,626.7573046112011,650.4740042576128
3868.875,626.749165006276,650.4740042576128
3869.1560000000027,626.7423548507352,650.4740042576128
3869.4530000000086,626.7482448284939,650.4740042576128
3869.7340000000113,626.7641844340831,650.4740042576128
3870.0310000000027,626.7436948455279,650.4740042576128
3870.3280000000086,626.7518579015197,650.4740042576128
3870.6090000000113,626.7538123969074,650.4740042576128
3870.9060000000027,626.7737181023836,650.4740042576128
3871.1870000000054,626.766068058287,650.4740042576128
3871.4840000000113,626.7635183884249,650.4740042576128
3871.7649999999994,626.7546032313771,650.4740042576128
3872.047000000006,626.7709539030892,650.4740042576128
3872.343000000008,626.7682859181308,650.4740042576128
3872.625,626.7689973998242,650.4740042576128
3872.922000000006,626.7519347121053,650.4740042576128
3873.218000000008,626.7590728904568,650.4740042576128
3873.5,626.769119754192,650.4740042576128
3873.7810000000027,626.7621699730889,650.4740042576128
3874.0780000000086,626.7743434401335,650.4740042576128
3874.3590000000113,626.7631813989318,650.4740042576128
3874.6560000000027,626.7731617091495,650.4740042576128
3874.9530000000086,626.7737092975656,650.4740042576128
3875.2340000000113,626.779061285125,650.4740042576128
3875.5310000000027,626.777277464572,650.4740042576128
3875.8120000000054,626.7919952816641,650.4740042576128
3876.1090000000113,626.7867074751828,650.4740042576128
3876.3899999999994,626.7813170379862,650.4740042576128
3876.6870000000054,626.7769196686259,650.4740042576128
3876.968000000008,626.7982071481931,650.4740042576128
3877.2649999999994,626.7818150773408,650.4740042576128
3877.5620000000054,626.7867586256391,650.4740042576128
3877.843000000008,626.7840127373195,650.4740042576128
3878.1399999999994,626.7869505489745,650.4740042576128
3878.422000000006,626.7958419787783,650.4740042576128
3878.718000000008,626.7698054462795,650.4740042576128
3879.0,626.774985015065,650.4740042576128
3879.375,626.788298505589,650.4740042576128
3879.6560000000027,626.7811135937136,650.4740042576128
3879.9370000000054,626.7952557945325,650.4740042576128
3880.218000000008,626.7964338755739,650.4740042576128
3880.5310000000027,626.7991830768202,650.4740042576128
3880.8280000000086,626.7974887896876,650.4740042576128
3881.093000000008,626.793441427075,650.4740042576128
3881.3899999999994,626.7993941461549,650.4740042576128
3881.672000000006,626.795831687675,650.4740042576128
3881.968000000008,626.7984208093549,650.4740042576128
3882.2649999999994,626.8022514499833,650.4740042576128
3882.547000000006,626.8015234465089,650.4740042576128
3882.843000000008,626.8114016183496,650.4740042576128
3883.125,626.8088507431663,650.4740042576128
3883.422000000006,626.8184344635322,650.4740042576128
3883.7030000000086,626.8066589043607,650.4740042576128
3884.0,626.8047270098792,650.4740042576128
3884.2810000000027,626.7911513814075,650.4740042576128
3884.5780000000086,626.8118770759365,650.4740042576128
3884.8590000000113,626.7989877994552,650.4740042576128
3885.1560000000027,626.8028433127762,650.4740042576128
3885.4370000000054,626.7930951618467,650.4740042576128
3885.7340000000113,626.793249946855,650.4740042576128
3886.0149999999994,626.8023231001708,650.4740042576128
3886.3120000000054,626.8058795653103,650.4740042576128
3886.6090000000113,626.8131113165398,650.4740042576128
3886.8899999999994,626.8053649150768,650.4740042576128
3887.1870000000054,626.8020529258647,650.4740042576128
3887.468000000008,626.8111009748704,650.4740042576128
3887.7649999999994,626.8129207458367,650.4740042576128
3888.047000000006,626.801444576216,650.4740042576128
3888.343000000008,626.8038558599408,650.4740042576128
3888.625,626.8035292423882,650.4740042576128
3888.922000000006,626.8169537720339,650.4740042576128
3889.2030000000086,626.8158393251556,650.4740042576128
3889.5,626.8216232448527,650.4740042576128
3889.797000000006,626.8171783979493,650.4740042576128
3890.093000000008,626.8098200407568,650.4740042576128
3890.375,626.8174200627839,650.4740042576128
3890.6560000000027,626.813912923544,650.4740042576128
3890.9370000000054,626.8283358631548,650.4740042576128
3891.2340000000113,626.8301519385585,650.4740042576128
3891.547000000006,626.8202146289766,650.4740042576128
3891.8280000000086,626.8194590016033,650.4740042576128
3892.1090000000113,626.8322330543224,650.4740042576128
3892.3899999999994,626.8173478129618,650.4740042576128
3892.6870000000054,626.825528875878,650.4740042576128
3892.968000000008,626.8253669839113,650.4740042576128
3893.2649999999994,626.8183166910085,650.4740042576128
3893.5310000000027,626.8318504948338,650.4740042576128
3893.8280000000086,626.8308978995773,650.4740042576128
3894.125,626.823419642639,650.4740042576128
3894.4060000000027,626.8231074989048,650.4740042576128
3894.6870000000054,626.8190662442723,650.4740042576128
3894.9840000000113,626.8199325520505,650.4740042576128
3895.2649999999994,626.8232431086618,650.4740042576128
3895.5620000000054,626.8356341783223,650.4740042576128
3895.8590000000113,626.8367210968249,650.4740042576128
3896.1399999999994,626.824361589801,650.4740042576128
3896.4370000000054,626.8340396942156,650.4740042576128
3896.718000000008,626.8333101555447,650.4740042576128
3897.0149999999994,626.8439893408326,650.4740042576128
3897.3120000000054,626.8529091223221,650.4740042576128
3897.593000000008,626.8625967367242,650.4740042576128
3897.8899999999994,626.8686830729516,650.4740042576128
3898.172000000006,626.8546477426072,650.4740042576128
3898.468000000008,626.8381141911847,650.4740042576128
3898.7340000000113,626.8342533055253,650.4740042576128
3899.0310000000027,626.8315994800239,650.4740042576128
3899.3280000000086,626.8383121895313,650.4740042576128
3899.625,626.8428293489062,650.4740042576128
3899.8899999999994,626.822587441028,650.4740042576128
3900.1870000000054,626.8223877590949,650.4740042576128
3900.468000000008,626.8318531409064,650.4740042576128
3900.7649999999994,626.8201001587793,650.4740042576128
3901.0620000000054,626.812281313828,650.4740042576128
3901.343000000008,626.8139299874914,650.4740042576128
3901.6399999999994,626.8159835094676,650.4740042576128
3901.922000000006,626.8124337581488,650.4740042576128
3902.218000000008,626.7981117271302,650.4740042576128
3902.5,626.8034557183106,650.4740042576128
3902.797000000006,626.8185046399975,650.4740042576128
3903.0780000000086,626.8133824036062,650.4740042576128
3903.3899999999994,626.795084266436,650.4740042576128
3903.672000000006,626.8184761535755,650.4740042576128
3903.968000000008,626.7906298771437,650.4740042576128
3904.2340000000113,626.7883107147188,650.4740042576128
3904.593000000008,626.8035663878696,650.4740042576128
3904.875,626.7956427787484,650.4740042576128
3905.172000000006,626.7823467543469,650.4740042576128
3905.4530000000086,626.787841278106,650.4740042576128
3905.7340000000113,626.7948012996795,650.4740042576128
3906.0149999999994,626.7918709919197,650.4740042576128
3906.3280000000086,626.8061500041565,650.4740042576128
3906.6090000000113,626.7870628337839,650.4740042576128
3906.8899999999994,626.7910917723702,650.4740042576128
3907.1870000000054,626.8085576515766,650.4740042576128
3907.468000000008,626.7971764618242,650.4740042576128
3907.7649999999994,626.7938490764215,650.4740042576128
3908.047000000006,626.7872163423489,650.4740042576128
3908.343000000008,626.7912571971476,650.4740042576128
3908.625,626.7940967670901,650.4740042576128
3908.922000000006,626.7880745795367,650.4740042576128
3909.218000000008,626.7927825128111,650.4740042576128
3909.5,626.7989554700368,650.4740042576128
3909.7810000000027,626.7929036676121,650.4740042576128
3910.0780000000086,626.8010578700298,650.4740042576128
3910.3590000000113,626.7911093873932,650.4740042576128
3910.6560000000027,626.7949368250707,650.4740042576128
3910.9530000000086,626.7940263152553,650.4740042576128
3911.2340000000113,626.7947031066618,650.4740042576128
3911.5310000000027,626.7804979324168,650.4740042576128
3911.8120000000054,626.7902253727196,650.4740042576128
3912.1090000000113,626.7967682918728,650.4740042576128
3912.3899999999994,626.7924282438873,650.4740042576128
3912.6870000000054,626.780929713688,650.4740042576128
3912.9840000000113,626.7919374066767,650.4740042576128
3913.2649999999994,626.7803346311582,650.4740042576128
3913.5620000000054,626.7827608608153,650.4740042576128
3913.843000000008,626.7932282677666,650.4740042576128
3914.1399999999994,626.8027832204618,650.4740042576128
3914.422000000006,626.7893443178205,650.4740042576128
3914.718000000008,626.7800800823812,650.4740042576128
3915.0149999999994,626.7796447840961,650.4740042576128
3915.3590000000113,626.7816345345394,650.4740042576128
3915.6399999999994,626.7759850967084,650.4740042576128
3915.9370000000054,626.7767874876157,650.4740042576128
3916.2340000000113,626.7980255677396,650.4740042576128
3916.5149999999994,626.7791231714168,650.4740042576128
3916.8120000000054,626.7797739272953,650.4740042576128
3917.093000000008,626.7806415014696,650.4740042576128
3917.375,626.7957041668371,650.4740042576128
3917.6560000000027,626.7850160296156,650.4740042576128
3917.9530000000086,626.7900739936043,650.4740042576128
3918.25,626.7933705416254,650.4740042576128
3918.5310000000027,626.7862211430645,650.4740042576128
3918.8280000000086,626.7905512198095,650.4740042576128
3919.1090000000113,626.7878211956336,650.4740042576128
3919.4060000000027,626.7712292434991,650.4740042576128
3919.6870000000054,626.779955157934,650.4740042576128
3919.9840000000113,626.7759207219999,650.4740042576128
3920.2810000000027,626.77984161836,650.4740042576128
3920.593000000008,626.760704962206,650.4740042576128
3920.8899999999994,626.7767095066206,650.4740042576128
3921.172000000006,626.7830292639625,650.4740042576128
3921.468000000008,626.7809806808721,650.4740042576128
3921.75,626.7802389952453,650.4740042576128
3922.047000000006,626.7806488611682,650.4740042576128
3922.3280000000086,626.7835093062954,650.4740042576128
3922.6090000000113,626.7898645055278,650.4740042576128
3922.9060000000027,626.7939972414262,650.4740042576128
3923.1870000000054,626.7935598217354,650.4740042576128
3923.4840000000113,626.7795235497039,650.4740042576128
3923.75,626.7707307925178,650.4740042576128
3924.0620000000054,626.7780820753087,650.4740042576128
3924.3280000000086,626.7765683237034,650.4740042576128
3924.625,626.7727072259293,650.4740042576128
3924.922000000006,626.7857659421829,650.4740042576128
3925.2030000000086,626.7815559994965,650.4740042576128
3925.5,626.7825856765161,650.4740042576128
3925.7810000000027,626.7853915393816,650.4740042576128
3926.0780000000086,626.7714073872638,650.4740042576128
3926.3590000000113,626.7873533668484,650.4740042576128
3926.6560000000027,626.7757987381784,650.4740042576128
3926.9530000000086,626.7777223522506,650.4740042576128
3927.2340000000113,626.7790782601221,650.4740042576128
3927.5310000000027,626.7789677540065,650.4740042576128
3927.8280000000086,626.773217875195,650.4740042576128
3928.093000000008,626.7686637819089,650.4740042576128
3928.3899999999994,626.7880282755748,650.4740042576128
3928.672000000006,626.7719197920516,650.4740042576128
3928.968000000008,626.7778996418203,650.4740042576128
3929.25,626.7695040050548,650.4740042576128
3929.547000000006,626.7807518434953,650.4740042576128
3929.8280000000086,626.7748391314498,650.4740042576128
3930.125,626.7723582926826,650.4740042576128
3930.422000000006,626.7763813887073,650.4740042576128
3930.7030000000086,626.7784565635275,650.4740042576128
3930.9840000000113,626.7794721243358,650.4740042576128
3931.2810000000027,626.7713301924747,650.4740042576128
3931.5620000000054,626.7803186193281,650.4740042576128
3931.8590000000113,626.7805812325103,650.4740042576128
3932.1399999999994,626.7768574746004,650.4740042576128
3932.4370000000054,626.7759238160917,650.4740042576128
3932.718000000008,626.7608053700301,650.4740042576128
3933.0149999999994,626.791779320823,650.4740042576128
3933.3120000000054,626.7732484956098,650.4740042576128
3933.593000000008,626.7761045966969,650.4740042576128
3933.875,626.7802472409837,650.4740042576128
3934.1560000000027,626.7688894134307,650.4740042576128
3934.4530000000086,626.7698829543936,650.4740042576128
3934.75,626.7764938334659,650.4740042576128
3935.0310000000027,626.7727295483985,650.4740042576128
3935.343000000008,626.7740980481313,650.4740042576128
3935.625,626.7609893213831,650.4740042576128
3935.9060000000027,626.7738742556004,650.4740042576128
3936.1870000000054,626.7783968243036,650.4740042576128
3936.4840000000113,626.7696961843952,650.4740042576128
3936.7649999999994,626.773475877583,650.4740042576128
3937.0620000000054,626.7823788553372,650.4740042576128
3937.343000000008,626.7648841666436,650.4740042576128
3937.6399999999994,626.7806106969674,650.4740042576128
3937.922000000006,626.7546005554666,650.4740042576128
3938.218000000008,626.7689997904415,650.4740042576128
3938.5149999999994,626.7709609923631,650.4740042576128
3938.797000000006,626.765693040545,650.4740042576128
3939.093000000008,626.7767071997694,650.4740042576128
3939.3899999999994,626.776342296621,650.4740042576128
3939.672000000006,626.7599421753355,650.4740042576128
3939.9530000000086,626.7694475686579,650.4740042576128
3940.25,626.7806962483679,650.4740042576128
3940.547000000006,626.7824267077491,650.4740042576128
3940.843000000008,626.7725146623787,650.4740042576128
3941.125,626.7742658075332,650.4740042576128
3941.422000000006,626.7758493621833,650.4740042576128
3941.7030000000086,626.7681226323597,650.4740042576128
3942.0,626.7805399343938,650.4740042576128
3942.2810000000027,626.7766723030531,650.4740042576128
3942.5620000000054,626.7835806762303,650.4740042576128
3942.8590000000113,626.7804270915515,650.4740042576128
3943.1399999999994,626.7627331571402,650.4740042576128
3943.4370000000054,626.7665101513345,650.4740042576128
3943.718000000008,626.7645077579533,650.4740042576128
3944.0149999999994,626.7780487373382,650.4740042576128
3944.3120000000054,626.7619407906417,650.4740042576128
3944.593000000008,626.7630225996717,650.4740042576128
3944.8899999999994,626.7627927307886,650.4740042576128
3945.172000000006,626.7633262938824,650.4740042576128
3945.4530000000086,626.7667951735953,650.4740042576128
3945.75,626.7721325233898,650.4740042576128
3946.0310000000027,626.7701151512186,650.4740042576128
3946.3280000000086,626.7702088260696,650.4740042576128
3946.625,626.7704212647322,650.4740042576128
3946.9060000000027,626.7706603039594,650.4740042576128
3947.1870000000054,626.7426664279498,650.4740042576128
3947.4840000000113,626.7706546292759,650.4740042576128
3947.7649999999994,626.7679686072181,650.4740042576128
3948.0620000000054,626.7630229693094,650.4740042576128
3948.3590000000113,626.7664475235808,650.4740042576128
3948.6399999999994,626.76544281231,650.4740042576128
3948.9370000000054,626.7773532047447,650.4740042576128
3949.218000000008,626.7573581304987,650.4740042576128
3949.5,626.7729590847592,650.4740042576128
3949.8120000000054,626.7583882225799,650.4740042576128
3950.093000000008,626.766767299237,650.4740042576128
3950.375,626.7615957747895,650.4740042576128
3950.6560000000027,626.7645748937018,650.4740042576128
3950.968000000008,626.7686725277613,650.4740042576128
3951.2340000000113,626.7569057390098,650.4740042576128
3951.593000000008,626.7710199013976,650.4740042576128
3951.875,626.7676824811035,650.4740042576128
3952.172000000006,626.757335824948,650.4740042576128
3952.4530000000086,626.7697429244135,650.4740042576128
3952.75,626.7668563874008,650.4740042576128
3953.0149999999994,626.7676961260398,650.4740042576128
3953.3120000000054,626.7668350070692,650.4740042576128
3953.593000000008,626.7678987948201,650.4740042576128
3953.8899999999994,626.764536025672,650.4740042576128
3954.172000000006,626.7468438247763,650.4740042576128
3954.468000000008,626.7719385562434,650.4740042576128
3954.7649999999994,626.773413646553,650.4740042576128
3955.0620000000054,626.777962663739,650.4740042576128
3955.3280000000086,626.7713355942458,650.4740042576128
3955.625,626.7659332058415,650.4740042576128
3955.922000000006,626.7699355908593,650.4740042576128
3956.2030000000086,626.7487080445209,650.4740042576128
3956.4840000000113,626.7798269947235,650.4740042576128
3956.7649999999994,626.7786284226275,650.4740042576128
3957.0620000000054,626.7609194118726,650.4740042576128
3957.343000000008,626.7588341498225,650.4740042576128
3957.6399999999994,626.7632388553131,650.4740042576128
3957.9370000000054,626.761479333128,650.4740042576128
3958.218000000008,626.7677237822645,650.4740042576128
3958.5149999999994,626.7571056547902,650.4740042576128
3958.797000000006,626.7659326741566,650.4740042576128
3959.093000000008,626.7634342587259,650.4740042576128
3959.3590000000113,626.7544942540362,650.4740042576128
3959.6560000000027,626.780937042478,650.4740042576128
3959.9530000000086,626.7957453446606,650.4740042576128
3960.25,626.7314170571196,650.4740042576128
3960.5310000000027,626.3894498745161,650.4740042576128
3960.8280000000086,626.0305516961447,650.4740042576128
3961.1090000000113,625.8403434466863,650.4740042576128
3961.4060000000027,625.7246752110462,650.4740042576128
3961.6870000000054,625.6595434619093,650.4740042576128
3961.9840000000113,625.6092146184901,650.4740042576128
3962.2649999999994,625.559759808714,650.4740042576128
3962.593000000008,625.5361503762019,650.4740042576128
3962.875,625.5115752532122,650.4740042576128
3963.172000000006,625.4909738594316,650.4740042576128
3963.4530000000086,625.4826869370735,650.4740042576128
3963.75,625.468408639202,650.4740042576128
3964.0310000000027,625.4524770302904,650.4740042576128
3964.3280000000086,625.439162880106,650.4740042576128
3964.6090000000113,625.4273695321069,650.4740042576128
3964.9060000000027,625.4175628213972,650.4740042576128
3965.2030000000086,625.4174786441871,650.4740042576128
3965.4840000000113,625.4118261703192,650.4740042576128
3965.7810000000027,625.4076697039438,650.4740042576128
3966.0620000000054,625.4091131085079,650.4740042576128
3966.3590000000113,625.3932822571476,650.4740042576128
3966.625,625.3827496296858,650.4740042576128
3966.922000000006,625.3923670414752,650.4740042576128
3967.2340000000113,625.3857091199835,650.4740042576128
3967.5620000000054,625.3737276650256,650.4740042576128
3967.8590000000113,625.3769527419498,650.4740042576128
3968.1399999999994,625.371307611668,650.4740042576128
3968.4370000000054,625.37175574988,650.4740042576128
3968.718000000008,625.3678003795785,650.4740042576128
3969.0,625.3572268868866,650.4740042576128
3969.297000000006,625.3540384475604,650.4740042576128
3969.5780000000086,625.3457703975942,650.4740042576128
3969.875,625.3483272815489,650.4740042576128
3970.172000000006,625.354350510614,650.4740042576128
3970.4530000000086,625.3564910264981,650.4740042576128
3970.75,625.344556101975,650.4740042576128
3971.0310000000027,625.3398789529808,650.4740042576128
3971.3280000000086,625.3478009259836,650.4740042576128
3971.593000000008,625.3343455458692,650.4740042576128
3971.8899999999994,625.3343193364321,650.4740042576128
3972.1870000000054,625.355316038759,650.4740042576128
3972.468000000008,625.3443577618898,650.4740042576128
3972.7649999999994,625.3703853182902,650.4740042576128
3973.0620000000054,625.3109260525591,650.4740042576128
3973.3590000000113,625.4092398151672,650.4740042576128
3973.6399999999994,625.4345328035769,650.4740042576128
3973.922000000006,625.4234354345242,650.4740042576128
3974.218000000008,625.4113352950076,650.4740042576128
3974.5,625.4235506112377,650.4740042576128
3974.797000000006,625.4124581859338,650.4740042576128
3975.093000000008,625.4171557343062,650.4740042576128
3975.3899999999994,625.4134035189662,650.4740042576128
3975.672000000006,625.3932378950028,650.4740042576128
3975.9530000000086,625.4115643561616,650.4740042576128
3976.25,625.4076876241784,650.4740042576128
3976.547000000006,625.4108520496434,650.4740042576128
3976.8280000000086,625.4083338300305,650.4740042576128
3977.1090000000113,625.4031869692144,650.4740042576128
3977.422000000006,625.415256544821,650.4740042576128
3977.718000000008,625.3964548834866,650.4740042576128
3978.0,625.4031631333165,650.4740042576128
3978.297000000006,625.4086431754812,650.4740042576128
3978.5780000000086,625.4045209573878,650.4740042576128
3978.875,625.4105118597096,650.4740042576128
3979.172000000006,625.4136080044537,650.4740042576128
3979.4530000000086,625.4146939832762,650.4740042576128
3979.75,625.3896736172675,650.4740042576128
3980.0310000000027,625.4073898348692,650.4740042576128
3980.3280000000086,625.3953943229329,650.4740042576128
3980.593000000008,625.4125474333983,650.4740042576128
3980.8899999999994,625.4040939868851,650.4740042576128
3981.172000000006,625.3998602291582,650.4740042576128
3981.468000000008,625.4024378341027,650.4740042576128
3981.7649999999994,625.4004988539014,650.4740042576128
3982.047000000006,625.4109050772614,650.4740042576128
3982.343000000008,625.4005372207649,650.4740042576128
3982.625,625.4012543187002,650.4740042576128
3982.922000000006,625.4034160749677,650.4740042576128
3983.2030000000086,625.4008420151149,650.4740042576128
3983.5,625.3892991023115,650.4740042576128
3983.7810000000027,625.4143279472445,650.4740042576128
3984.0780000000086,625.4032962907241,650.4740042576128
3984.3590000000113,625.4078589104564,650.4740042576128
3984.6560000000027,625.416170706155,650.4740042576128
3984.9530000000086,625.384230022174,650.4740042576128
3985.2340000000113,625.3600053643027,650.4740042576128
3985.5310000000027,625.3504013338976,650.4740042576128
3985.8120000000054,625.3628541228236,650.4740042576128
3986.1090000000113,625.3754596271348,650.4740042576128
3986.3899999999994,625.3717826491683,650.4740042576128
3986.6870000000054,625.3683053294151,650.4740042576128
3986.9840000000113,625.360643346226,650.4740042576128
3987.2649999999994,625.364944075671,650.4740042576128
3987.5620000000054,625.3571983664775,650.4740042576128
3987.8590000000113,625.3552795152112,650.4740042576128
3988.1560000000027,625.344771745296,650.4740042576128
3988.4370000000054,625.3377142914503,650.4740042576128
3988.718000000008,625.3490553623246,650.4740042576128
3989.0,625.341964557507,650.4740042576128
3989.297000000006,625.3393693810092,650.4740042576128
3989.593000000008,625.3459100418282,650.4740042576128
3989.875,625.3488817636728,650.4740042576128
3990.172000000006,625.3482226348407,650.4740042576128
3990.4530000000086,625.3320948574577,650.4740042576128
3990.75,625.3293616904579,650.4740042576128
3991.0310000000027,625.3337718561867,650.4740042576128
3991.3280000000086,625.3522648997281,650.4740042576128
3991.6090000000113,625.321758850853,650.4740042576128
3991.8899999999994,625.3136303708905,650.4740042576128
3992.1870000000054,625.336932689832,650.4740042576128
3992.4840000000113,625.3346184189987,650.4740042576128
3992.7649999999994,625.3206055064157,650.4740042576128
3993.047000000006,625.321311723494,650.4740042576128
3993.343000000008,625.311963157374,650.4740042576128
3993.6399999999994,625.331757113774,650.4740042576128
3993.9370000000054,625.3333563013776,650.4740042576128
3994.218000000008,625.3385757570148,650.4740042576128
3994.5149999999994,625.340200599367,650.4740042576128
3994.797000000006,625.3402899451928,650.4740042576128
3995.093000000008,625.3142973969299,650.4740042576128
3995.375,625.3300040314242,650.4740042576128
3995.672000000006,625.3033707132927,650.4740042576128
3995.9530000000086,625.3094896901699,650.4740042576128
3996.25,625.321164057285,650.4740042576128
3996.5620000000054,625.317865274694,650.4740042576128
3996.843000000008,625.3224233629875,650.4740042576128
3997.125,625.3249403259007,650.4740042576128
3997.422000000006,625.343745652327,650.4740042576128
3997.718000000008,625.3613071045745,650.4740042576128
3998.0,625.3377575515974,650.4740042576128
3998.297000000006,625.3699841925996,650.4740042576128
3998.593000000008,625.418462670858,650.4740042576128
3998.8899999999994,625.410970529574,650.4740042576128
3999.172000000006,625.4038789191814,650.4740042576128
3999.468000000008,625.398338845148,650.4740042576128
3999.75,625.3954071480088,650.4740042576128
4000.0310000000027,625.3886732797095,650.4740042576128
4000.3280000000086,625.3930883292745,650.4740042576128
4000.6090000000113,625.3903744157313,650.4740042576128
4000.8899999999994,625.390528217155,650.4740042576128
4001.1870000000054,625.3816128123109,650.4740042576128
4001.4840000000113,625.3820817249829,650.4740042576128
4001.7649999999994,625.3805625072509,650.4740042576128
4002.0620000000054,625.3885639136345,650.4740042576128
4002.343000000008,625.3887163100437,650.4740042576128
4002.6399999999994,625.3786237737664,650.4740042576128
4002.9370000000054,625.3796770640496,650.4740042576128
4003.2030000000086,625.3858121495509,650.4740042576128
4003.5,625.3851726148401,650.4740042576128
4003.8120000000054,625.3755666066708,650.4740042576128
4004.093000000008,625.3876037949309,650.4740042576128
4004.3899999999994,625.3595889230133,650.4740042576128
4004.672000000006,625.3961888385192,650.4740042576128
4004.968000000008,625.4115124752426,650.4740042576128
4005.2649999999994,625.4087068684019,650.4740042576128
4005.547000000006,625.4154353050369,650.4740042576128
4005.843000000008,625.4161189796463,650.4740042576128
4006.125,625.4117574356226,650.4740042576128
4006.4060000000027,625.3947229987313,650.4740042576128
4006.7030000000086,625.3965053053576,650.4740042576128
4006.9840000000113,625.3907993121468,650.4740042576128
4007.2810000000027,625.4019909340433,650.4740042576128
4007.5620000000054,625.3999622646228,650.4740042576128
4007.8590000000113,625.4015802810634,650.4740042576128
4008.1560000000027,625.3811103336716,650.4740042576128
4008.4370000000054,625.3985062145152,650.4740042576128
4008.7340000000113,625.3876642682743,650.4740042576128
4009.0310000000027,625.4031546217474,650.4740042576128
4009.3120000000054,625.3939543281672,650.4740042576128
4009.6090000000113,625.3989230858883,650.4740042576128
4009.8899999999994,625.4068093533791,650.4740042576128
4010.172000000006,625.3884031053361,650.4740042576128
4010.468000000008,625.3894015563782,650.4740042576128
4010.75,625.4007729743167,650.4740042576128
4011.047000000006,625.3975525815613,650.4740042576128
4011.343000000008,625.4051163025448,650.4740042576128
4011.6399999999994,625.3878661067423,650.4740042576128
4011.922000000006,625.3831981915239,650.4740042576128
4012.218000000008,625.3911055195296,650.4740042576128
4012.5,625.3806351870014,650.4740042576128
4012.797000000006,625.3862209593717,650.4740042576128
4013.093000000008,625.3925914047145,650.4740042576128
4013.375,625.3848325999865,650.4740042576128
4013.672000000006,625.3859933746905,650.4740042576128
4013.9530000000086,625.3960285365097,650.4740042576128
4014.25,625.3921498146468,650.4740042576128
4014.593000000008,625.3976425667349,650.4740042576128
4014.875,625.3823855177616,650.4740042576128
4015.1560000000027,625.3856546523149,650.4740042576128
4015.4530000000086,625.3847827784557,650.4740042576128
4015.75,625.3859110869213,650.4740042576128
4016.0310000000027,625.3904213558258,650.4740042576128
4016.3280000000086,625.3951696967614,650.4740042576128
4016.6090000000113,625.3960030440848,650.4740042576128
4016.9060000000027,625.3931840534954,650.4740042576128
4017.1870000000054,625.3894471292269,650.4740042576128
4017.4840000000113,625.4018709835719,650.4740042576128
4017.7649999999994,625.4022560608174,650.4740042576128
4018.0620000000054,625.3965250180601,650.4740042576128
4018.343000000008,625.3953897957894,650.4740042576128
4018.6399999999994,625.3873498197923,650.4740042576128
4018.922000000006,625.3726624299268,650.4740042576128
4019.218000000008,625.3904958415139,650.4740042576128
4019.5,625.3834253603962,650.4740042576128
4019.797000000006,625.3856216661973,650.4740042576128
4020.093000000008,625.389436256705,650.4740042576128
4020.3899999999994,625.391535597934,650.4740042576128
4020.6560000000027,625.3853187130719,650.4740042576128
4020.9530000000086,625.3864011571235,650.4740042576128
4021.2340000000113,625.4025760520168,650.4740042576128
4021.547000000006,625.3976586483699,650.4740042576128
4021.8120000000054,625.3944566175617,650.4740042576128
4022.125,625.3989742684662,650.4740042576128
4022.4060000000027,625.3882001772469,650.4740042576128
4022.6870000000054,625.3814010602584,650.4740042576128
4022.9840000000113,625.3801150408202,650.4740042576128
4023.3590000000113,625.3960534119183,650.4740042576128
4023.6399999999994,625.384331320395,650.4740042576128
4023.922000000006,625.3752940003727,650.4740042576128
4024.2030000000086,625.3870372709779,650.4740042576128
4024.5,625.3936897748755,650.4740042576128
4024.7810000000027,625.3961279737612,650.4740042576128
4025.0780000000086,625.3908660057781,650.4740042576128
4025.375,625.3917335673119,650.4740042576128
4025.6560000000027,625.3970375656687,650.4740042576128
4025.9370000000054,625.38376786836,650.4740042576128
4026.2340000000113,625.3745404177365,650.4740042576128
4026.5310000000027,625.3975477264934,650.4740042576128
4026.8280000000086,625.4085732179836,650.4740042576128
4027.1090000000113,625.3746164065537,650.4740042576128
4027.3899999999994,625.393981832002,650.4740042576128
4027.6870000000054,625.3938482059865,650.4740042576128
4027.9840000000113,625.3857451548555,650.4740042576128
4028.2649999999994,625.3830104810609,650.4740042576128
4028.547000000006,625.3835606055825,650.4740042576128
4028.843000000008,625.3813711849191,650.4740042576128
4029.125,625.3835273765237,650.4740042576128
4029.4060000000027,625.3883407158631,650.4740042576128
4029.7030000000086,625.3773391945183,650.4740042576128
4030.0,625.3816450581877,650.4740042576128
4030.2810000000027,625.3888084307337,650.4740042576128
4030.593000000008,625.3883269473829,650.4740042576128
4030.8899999999994,625.3929336912113,650.4740042576128
4031.172000000006,625.3670438112367,650.4740042576128
4031.468000000008,625.3831693312487,650.4740042576128
4031.75,625.3884289963306,650.4740042576128
4032.047000000006,625.382062266979,650.4740042576128
4032.3280000000086,625.3831546854653,650.4740042576128
4032.625,625.3665733344119,650.4740042576128
4032.9060000000027,625.3812655040725,650.4740042576128
4033.2030000000086,625.3845470507074,650.4740042576128
4033.4840000000113,625.384553552193,650.4740042576128
4033.7649999999994,625.374794567531,650.4740042576128
4034.0620000000054,625.3809383652462,650.4740042576128
4034.343000000008,625.3851501899236,650.4740042576128
4034.6399999999994,625.3911773324003,650.4740042576128
4034.922000000006,625.3937998184684,650.4740042576128
4035.218000000008,625.397033301711,650.4740042576128
4035.5,625.3709031716321,650.4740042576128
4035.797000000006,625.3774280501373,650.4740042576128
4036.093000000008,625.3881195980382,650.4740042576128
4036.375,625.3898457283748,650.4740042576128
4036.672000000006,625.3776920561455,650.4740042576128
4036.968000000008,625.3927251519176,650.4740042576128
4037.25,625.3850594648709,650.4740042576128
4037.547000000006,625.3903780284207,650.4740042576128
4037.8280000000086,625.3971238130823,650.4740042576128
4038.125,625.3848752200353,650.4740042576128
4038.4060000000027,625.3918671822779,650.4740042576128
4038.7030000000086,625.3650724074263,650.4740042576128
4038.9840000000113,625.3875317017786,650.4740042576128
4039.2810000000027,625.3722202239387,650.4740042576128
4039.5620000000054,625.3830390548432,650.4740042576128
4039.8590000000113,625.3684531736575,650.4740042576128
4040.1399999999994,625.3865342913214,650.4740042576128
4040.4370000000054,625.372585767307,650.4740042576128
4040.718000000008,625.3746998711472,650.4740042576128
4041.0149999999994,625.3902413160107,650.4740042576128
4041.297000000006,625.3853691153423,650.4740042576128
4041.5780000000086,625.3897877489096,650.4740042576128
4041.875,625.3826743599429,650.4740042576128
4042.1560000000027,625.3711719880802,650.4740042576128
4042.4530000000086,625.3982490317588,650.4740042576128
4042.7340000000113,625.3866437665204,650.4740042576128
4043.0310000000027,625.3885425026295,650.4740042576128
4043.3120000000054,625.3767514992053,650.4740042576128
4043.6090000000113,625.4024709603441,650.4740042576128
4043.8899999999994,625.3832318430826,650.4740042576128
4044.1870000000054,625.3805458720802,650.4740042576128
4044.468000000008,625.3853812806743,650.4740042576128
4044.7649999999994,625.3879692521502,650.4740042576128
4045.0620000000054,625.3781272878422,650.4740042576128
4045.3280000000086,625.3857601872703,650.4740042576128
4045.6399999999994,625.3904979445269,650.4740042576128
4045.9060000000027,625.381767672022,650.4740042576128
4046.2030000000086,625.392215454131,650.4740042576128
4046.5,625.3965688812689,650.4740042576128
4046.7810000000027,625.3964107706897,650.4740042576128
4047.0780000000086,625.3784908417163,650.4740042576128
4047.4060000000027,625.3892371821776,650.4740042576128
4047.6870000000054,625.3792241605194,650.4740042576128
4047.9840000000113,625.3837752780562,650.4740042576128
4048.2649999999994,625.39428435003,650.4740042576128
4048.5620000000054,625.3832732871895,650.4740042576128
4048.843000000008,625.3879854591233,650.4740042576128
4049.125,625.3716704726287,650.4740042576128
4049.4060000000027,625.3786764852696,650.4740042576128
4049.7030000000086,625.3777872093858,650.4740042576128
4050.0,625.3936903675575,650.4740042576128
4050.2810000000027,625.3750208192552,650.4740042576128
4050.5780000000086,625.3888336647885,650.4740042576128
4050.875,625.3887641009852,650.4740042576128
4051.172000000006,625.3847760592902,650.4740042576128
4051.4530000000086,625.3898639710139,650.4740042576128
4051.75,625.3851530771891,650.4740042576128
4052.0149999999994,625.3767634077724,650.4740042576128
4052.3120000000054,625.3818084857702,650.4740042576128
4052.6090000000113,625.3815664584548,650.4740042576128
4052.8899999999994,625.3834481103519,650.4740042576128
4053.1870000000054,625.3887316998251,650.4740042576128
4053.468000000008,625.3817522501196,650.4740042576128
4053.7649999999994,625.3707737714997,650.4740042576128
4054.0620000000054,625.3912243238616,650.4740042576128
4054.343000000008,625.3938915179145,650.4740042576128
4054.6399999999994,625.3699987127216,650.4740042576128
4054.9060000000027,625.3773885377582,650.4740042576128
4055.2030000000086,625.3752168725389,650.4740042576128
4055.4840000000113,625.3742242913091,650.4740042576128
4055.7810000000027,625.3882201941537,650.4740042576128
4056.0780000000086,625.3833570178979,650.4740042576128
4056.375,625.3864283959397,650.4740042576128
4056.672000000006,625.3768207509055,650.4740042576128
4056.9530000000086,625.3818499867324,650.4740042576128
4057.2340000000113,625.3801432676712,650.4740042576128
4057.547000000006,625.389449152034,650.4740042576128
4057.843000000008,625.3891346279161,650.4740042576128
4058.125,625.3801420759737,650.4740042576128
4058.4060000000027,625.3876591532111,650.4740042576128
4058.6870000000054,625.3892165267267,650.4740042576128
4058.9840000000113,625.3825329405881,650.4740042576128
4059.297000000006,625.3886751890176,650.4740042576128
4059.625,625.3863809686318,650.4740042576128
