conc,ch1
0.5,0.04083436179526867
1.5,0.04223736068607886
2.5,0.04432388375226237
3.5,0.046941753856470925
4.5,0.05000988757873559
5.5,0.053473971145017174
6.5,0.057293447865771396
7.5,0.061435998177937545
8.5,0.0658747261724486
9.5,0.07058655119145207
10.5,0.07555121215277105
11.5,0.08075061383673665
12.5,0.086168377740788
13.5,0.09178952208336244
14.5,0.09760022693046744
15.5,0.10358765743634701
16.5,0.1097398279378976
17.5,0.11604549548744214
18.5,0.12249407505072418
19.5,0.1290755709427458
20.5,0.13578052062856782
21.5,0.14259994807238852
22.5,0.14952532455177647
23.5,0.156548535373507
24.5,0.16366185130187993
25.5,0.17085790378451904
26.5,0.17812966326417912
27.5,0.1854704200181172
28.5,0.1928737670830012
29.5,0.20033358491282338
30.5,0.20784402748671993
31.5,0.21539950963796284
32.5,0.22299469541827954
33.5,0.23062448734572483
34.5,0.2382840164115918
35.5,0.24596863274377112
36.5,0.25367389684169894
37.5,0.26139557131244606
38.5,0.2691296130492602
39.5,0.27687216580351204
40.5,0.28461955310891196
41.5,0.2923682715234004
42.5,0.30011498415951143
43.5,0.30785651447848617
44.5,0.31558984032712845
45.5,0.32331208819948065
46.5,0.33102052770797674
47.5,0.3387125662508681
48.5,0.3463857438645108
49.5,0.3540377282506004
50.5,0.36166630996967974
51.5,0.3692693977932944
52.5,0.37684501420804173
53.5,0.3843912910654814
54.5,0.3919064653724873
55.5,0.3993888752171302
56.5,0.40683695582559753
57.5,0.4142492357460199
58.5,0.42162433315536074
59.5,0.42896095228577946
60.5,0.436257879967084
61.5,0.4435139822820592
62.5,0.45072820133160807
63.5,0.45789955210676414
64.5,0.4650271194647352
65.5,0.47211005520623595
66.5,0.4791475752514335
67.5,0.48613895691190767
68.5,0.49308353625607937
69.5,0.499980705565617
70.5,0.506829910880382
71.5,0.5136306496295088
72.5,0.5203824683462727
73.5,0.5270849604644211
74.5,0.5337377641936966
75.5,0.5403405604723087
76.5,0.5468930709941515
77.5,0.5533950563086032
78.5,0.559846313990773
79.5,0.5662466768801088
80.5,0.5725960113853039
81.5,0.5788942158534912
82.5,0.5851412190017378
83.5,0.5913369784089039
84.5,0.5974814790659618
85.5,0.603574731982908
86.5,0.6096167728504486
87.5,0.6156076607546705
88.5,0.6215474769429551
89.5,0.6274363236394305
90.5,0.6332743229082959
91.5,0.639061615563398
92.5,0.6447983601224743
93.5,0.6504847318045185
94.5,0.6561209215687692
95.5,0.6617071351938546
96.5,0.6672435923956729
97.5,0.6727305259826216
98.5,0.6781681810468339
99.5,0.6835568141901107
100.5,0.6888966927832842
101.5,0.6941880942577796
102.5,0.6994313054281798
103.5,0.7046266218446378
104.5,0.7097743471740118
105.5,0.7148747926086393
106.5,0.7199282763016944
107.5,0.7249351228281116
108.5,0.7298956626700903
109.5,0.7348102317262266
110.5,0.7396791708433491
111.5,0.7445028253701719
112.5,0.7492815447318993
113.5,0.7540156820249562
114.5,0.7587055936310358
115.5,0.7633516388496977
116.5,0.7679541795487607
117.5,0.7725135798317758
118.5,0.7770302057218814
119.5,0.7815044248613706
120.5,0.7859366062263252
121.5,0.7903271198556933
122.5,0.794676336594212
123.5,0.7989846278485967
124.5,0.8032523653564402
125.5,0.8074799209672894
126.5,0.8116676664353804
127.5,0.81581597322354
128.5,0.8199252123177744
129.5,0.8239957540520868
130.5,0.8280279679430843
131.5,0.8320222225339485
132.5,0.835978885247364
133.5,0.8398983222470098
134.5,0.8437808983072418
135.5,0.8476269766906023
136.5,0.8514369190328086
137.5,0.8552110852348886
138.5,0.858949833362144
139.5,0.8626535195496297
140.5,0.8663224979138614
141.5,0.8699571204704594
142.5,0.8735577370574655
143.5,0.8771246952640659
144.5,0.8806583403644737
145.5,0.8841590152567282
146.5,0.8876270604061868
147.5,0.8910628137934802
148.5,0.8944666108667273
149.5,0.8978387844978043
150.5,0.9011796649424724
151.5,0.9044895798041798
152.5,0.9077688540013605
153.5,0.9110178097380563
154.5,0.9142367664777018
155.5,0.9174260409199118
156.5,0.9205859469801259
157.5,0.9237167957719628
158.5,0.9268188955921477
159.5,0.9298925519078836
160.5,0.932938067346536
161.5,0.9359557416875162
162.5,0.9389458718562429
163.5,0.9419087519200752
164.5,0.9448446730861092
165.5,0.9477539237007393
166.5,0.9506367892508872
167.5,0.9534935523668057
168.5,0.9563244928263701
169.5,0.9591298875607728
170.5,0.9619100106615399
171.5,0.9646651333887959
172.5,0.9673955241806975
173.5,0.9701014486639736
174.5,0.972783169665498
175.5,0.9754409472248358
176.5,0.9780750386076991
177.5,0.9806856983202565
178.5,0.9832731781242399
179.5,0.9858377270527939
180.5,0.9883795914270215
181.5,0.9908990148731729
182.5,0.9933962383404367
183.5,0.995871500119285
184.5,0.9983250358603344
185.5,1.000757078593682
186.5,1.0031678587486768
187.5,1.0055576041740948
188.5,1.0079265401586792
189.5,1.0102748894520157
190.5,1.012602872285711
191.5,1.0149107063948455
192.5,1.0171986070396728
193.5,1.0194667870275378
194.5,1.0217154567349882
195.5,1.0239448241300597
196.5,1.0261550947947038
197.5,1.0283464719473467
198.5,1.0305191564655496
199.5,1.0326733469087572
200.5,1.0348092395411148
201.5,1.036927028354332
202.5,1.0390269050905854
203.5,1.041109059265435
204.5,1.0431736781907477
205.5,1.0452209469976077
206.5,1.0472510486592057
207.5,1.0492641640136906
208.5,1.0512604717869745
209.5,1.0532401486154792
210.5,1.055203369068813
211.5,1.0571503056723701
212.5,1.0590811289298419
213.5,1.0609960073456302
214.5,1.0628951074471584
215.5,1.0647785938070693
216.5,1.0666466290653043
217.5,1.0684993739510573
218.5,1.0703369873045956
219.5,1.0721596260989443
220.5,1.0739674454614283
221.5,1.0757605986950654
222.5,1.0775392372998065
223.5,1.0793035109936229
224.5,1.0810535677334276
225.5,1.0827895537358374
226.5,1.084511613497765
227.5,1.0862198898168411
228.5,1.0879145238116645
229.5,1.089595654941876
230.5,1.0912634210280534
231.5,1.09291795827143
232.5,1.0945594012734272
233.5,1.0961878830550087
234.5,1.0978035350758462
235.5,1.0994064872533018
236.5,1.1009968679812236
237.5,1.1025748041485541
238.5,1.1041404211577486
239.5,1.1056938429430083
240.5,1.1072351919883214
241.5,1.1087645893453175
242.5,1.1102821546509307
243.5,1.1117880061448746
244.5,1.1132822606869293
245.5,1.1147650337740365
246.5,1.1162364395572097
247.5,1.1176965908582535
248.5,1.1191455991862975
249.5,1.1205835747541422
250.5,1.1220106264944179
251.5,1.1234268620755614
252.5,1.1248323879176043
253.5,1.1262273092077812
254.5,1.1276117299159516
255.5,1.128985752809844
256.5,1.1303494794701165
257.5,1.1317030103052403
258.5,1.1330464445662032
259.5,1.134379880361037
260.5,1.1357034146691698
261.5,1.1370171433556024
262.5,1.1383211611849138
263.5,1.1396155618350925
264.5,1.1409004379112002
265.5,1.1421758809588645
266.5,1.143441981477606
267.5,1.1446988289339974
268.5,1.1459465117746617
269.5,1.1471851174391028
270.5,1.1484147323723788
271.5,1.149635442037614
272.5,1.1508473309283525
273.5,1.152050482580754
274.5,1.1532449795856383
275.5,1.1544309036003715
276.5,1.1556083353606035
277.5,1.1567773546918538
278.5,1.1579380405209494
279.5,1.159090470887314
280.5,1.1602347229541141
281.5,1.1613708730192585
282.5,1.1624989965262573
283.5,1.1636191680749393
284.5,1.16473146143203
285.5,1.1658359495415938
286.5,1.1669327045353368
287.5,1.1680217977427787
288.5,1.16910329970129
289.5,1.170177280165998
290.5,1.1712438081195637
291.5,1.17230295178183
292.5,1.173354778619343
293.5,1.1743993553547498
294.5,1.1754367479760701
295.5,1.1764670217458484
296.5,1.1774902412101844
297.5,1.178506470207643
298.5,1.179515771878051
299.5,1.180518208671171
300.5,1.181513842355268
301.5,1.182502734025558
302.5,1.1834849441125452
303.5,1.1844605323902517
304.5,1.185429557984335
305.5,1.1863920793801002
306.5,1.187348154430405
307.5,1.18829784036346
308.5,1.189241193790527
309.5,1.1901782707135125
310.5,1.1911091265324631
311.5,1.192033816052961
312.5,1.1929523934934194
313.5,1.1938649124922838
314.5,1.1947714261151368
315.5,1.1956719868617076
316.5,1.19656664667279
317.5,1.1974554569370683
318.5,1.1983384684978522
319.5,1.1992157316597218
320.5,1.2000872961950868
321.5,1.2009532113506565
322.5,1.2018135258538245
323.5,1.2026682879189698
324.5,1.2035175452536737
325.5,1.2043613450648538
326.5,1.205199734064818
327.5,1.2060327584772375
328.5,1.2068604640430414
329.5,1.2076828960262327
330.5,1.208500099219628
331.5,1.2093121179505202
332.5,1.2101189960862695
333.5,1.2109207770398152
334.5,1.211717503775121
335.5,1.2125092188125441
336.5,1.213295964234134
337.5,1.2140777816888648
338.5,1.2148547123977933
339.5,1.2156267971591546
340.5,1.2163940763533867
341.5,1.2171565899480916
342.5,1.2179143775029293
343.5,1.2186674781744493
344.5,1.2194159307208574
345.5,1.220159773506721
346.5,1.2208990445076116
347.5,1.221633781314688
348.5,1.2223640211392193
349.5,1.2230898008170468
350.5,1.2238111568129904
351.5,1.2245281252251958
352.5,1.2252407417894258
353.5,1.2259490418832955
354.5,1.2266530605304509
355.5,1.227352832404697
356.5,1.2280483918340677
357.5,1.2287397728048457
358.5,1.22942700896553
359.5,1.2301101336307505
360.5,1.230789179785134
361.5,1.2314641800871178
362.5,1.232135166872717
363.5,1.2328021721592395
364.5,1.2334652276489568
365.5,1.234124364732725
366.5,1.2347796144935592
367.5,1.2354310077101647
368.5,1.2360785748604177
369.5,1.2367223461248074
370.5,1.237362351389829
371.5,1.2379986202513364
372.5,1.2386311820178493
373.5,1.2392600657138204
374.5,1.2398853000828607
375.5,1.2405069135909208
376.5,1.241124934429436
377.5,1.2417393905184269
378.5,1.2423503095095647
379.5,1.2429577187891945
380.5,1.2435616454813216
381.5,1.24416211645056
382.5,1.244759158305042
383.5,1.245352797399294
384.5,1.245943059837073
385.5,1.2465299714741689
386.5,1.2471135579211707
387.5,1.2476938445461991
388.5,1.2482708564776028
389.5,1.2488446186066222
390.5,1.24941515559002
391.5,1.249982491852678
392.5,1.2505466515901613
393.5,1.2511076587712513
394.5,1.251665537140446
395.5,1.2522203102204301
396.5,1.2527720013145134
397.5,1.2533206335090399
398.5,1.2538662296757657
399.5,1.2544088124742083
400.5,1.2549484043539667
401.5,1.2554850275570122
402.5,1.256018704119951
403.5,1.2565494558762598
404.5,1.2570773044584918
405.5,1.257602271300458
406.5,1.2581243776393798
407.5,1.258643644518015
408.5,1.2591600927867597
409.5,1.2596737431057223
410.5,1.2601846159467727
411.5,1.260692731595567
412.5,1.261198110153547
413.5,1.2617007715399153
414.5,1.262200735493586
415.5,1.2626980215751125
416.5,1.2631926491685912
417.5,1.2636846374835418
418.5,1.2641740055567658
419.5,1.264660772254182
420.5,1.2651449562726391
421.5,1.2656265761417067
422.5,1.2661056502254462
423.5,1.2665821967241582
424.5,1.2670562336761102
425.5,1.2675277789592425
426.5,1.267996850292855
427.5,1.2684634652392721
428.5,1.2689276412054902
429.5,1.2693893954448012
430.5,1.2698487450584022
431.5,1.2703057069969808
432.5,1.2707602980622845
433.5,1.2712125349086716
434.5,1.271662434044641
435.5,1.2721100118343471
436.5,1.2725552844990946
437.5,1.272998268118816
438.5,1.2734389786335323
439.5,1.2738774318447963
440.5,1.2743136434171178
441.5,1.2747476288793735
442.5,1.2751794036261992
443.5,1.2756089829193664
444.5,1.2760363818891425
445.5,1.276461615535635
446.5,1.2768846987301192
447.5,1.277305646216353
448.5,1.2777244726118724
449.5,1.2781411924092756
450.5,1.27855581997749
451.5,1.2789683695630254
452.5,1.2793788552912113
453.5,1.2797872911674228
454.5,1.280193691078289
455.5,1.2805980687928884
456.5,1.2810004379639328
457.5,1.2814008121289342
458.5,1.2817992047113602
459.5,1.2821956290217755
460.5,1.2825900982589713
461.5,1.2829826255110794
462.5,1.283373223756677
463.5,1.283761905865875
464.5,1.2841486846013968
465.5,1.2845335726196443
466.5,1.2849165824717501
467.5,1.28529772660462
468.5,1.2856770173619614
469.5,1.286054466985302
470.5,1.2864300876149963
471.5,1.28680389129122
472.5,1.2871758899549537
473.5,1.287546095448956
474.5,1.2879145195187247
475.5,1.2882811738134483
476.5,1.288646069886945
477.5,1.289009219198594
478.5,1.2893706331142527
479.5,1.2897303229071673
480.5,1.2900882997588705
481.5,1.290444574760071
482.5,1.2907991589115313
483.5,1.2911520631249376
484.5,1.2915032982237589
485.5,1.291852874944097
486.5,1.2922008039355262
487.5,1.292547095761925
488.5,1.2928917609022983
489.5,1.2932348097515896
490.5,1.2935762526214845
491.5,1.2939160997412074
492.5,1.294254361258306
493.5,1.2945910472394295
494.5,1.2949261676710986
495.5,1.2952597324604647
496.5,1.295591751436063
497.5,1.2959222343485575
498.5,1.296251190871475
499.5,1.296578630601935
500.5,1.2969045630613691
501.5,1.297228997696233
502.5,1.2975519438787115
503.5,1.297873410907415
504.5,1.2981934080080697
505.5,1.2985119443341977
506.5,1.2988290289677942
507.5,1.2991446709199923
508.5,1.2994588791317248
509.5,1.299771662474376
510.5,1.3000830297504289
511.5,1.3003929896941036
512.5,1.300701550971989
513.5,1.3010087221836701
514.5,1.3013145118623446
515.5,1.3016189284754363
516.5,1.3019219804252011
517.5,1.3022236760493255
518.5,1.3025240236215196
519.5,1.3028230313521045
520.5,1.3031207073885913
521.5,1.3034170598162567
522.5,1.3037120966587104
523.5,1.3040058258784577
524.5,1.3042982553774554
525.5,1.3045893929976626
526.5,1.304879246521585
527.5,1.3051678236728146
528.5,1.3054551321165613
529.5,1.3057411794601828
530.5,1.306025973253705
531.5,1.3063095209903397
532.5,1.3065918301069959
533.5,1.3068729079847852
534.5,1.3071527619495236
535.5,1.3074313992722257
536.5,1.3077088271695971
537.5,1.3079850528045174
538.5,1.3082600832865225
539.5,1.3085339256722792
540.5,1.3088065869660555
541.5,1.309078074120187
542.5,1.3093483940355368
543.5,1.309617553561952
544.5,1.3098855594987162
545.5,1.3101524185949944
546.5,1.3104181375502764
547.5,1.3106827230148148
548.5,1.3109461815900578
549.5,1.3112085198290777
550.5,1.3114697442369962
551.5,1.3117298612714043
552.5,1.311988877342778
553.5,1.31224679881489
554.5,1.3125036320052177
555.5,1.3127593831853461
556.5,1.3130140585813677
557.5,1.3132676643742773
558.5,1.3135202067003633
559.5,1.3137716916515958
560.5,1.3140221252760098
561.5,1.3142715135780842
562.5,1.314519862519119
563.5,1.3147671780176062
564.5,1.3150134659495987
565.5,1.3152587321490754
566.5,1.3155029824083013
567.5,1.3157462224781866
568.5,1.315988458068639
569.5,1.3162296948489145
570.5,1.3164699384479657
571.5,1.3167091944547833
572.5,1.3169474684187383
573.5,1.3171847658499172
574.5,1.3174210922194556
575.5,1.31765645295987
576.5,1.3178908534653824
577.5,1.3181242990922457
578.5,1.318356795159064
579.5,1.3185883469471094
580.5,1.3188189597006366
581.5,1.3190486386271942
582.5,1.3192773888979334
583.5,1.3195052156479126
584.5,1.3197321239763988
585.5,1.3199581189471692
586.5,1.3201832055888054
587.5,1.320407388894988
588.5,1.320630673824787
589.5,1.32085306530295
590.5,1.3210745682201863
591.5,1.3212951874334509
592.5,1.3215149277662224
593.5,1.321733794008781
594.5,1.3219517909184824
595.5,1.3221689232200298
596.5,1.3223851956057422
597.5,1.3226006127358219
598.5,1.3228151792386174
599.5,1.3230288997108854
600.5,1.3232417787180497
601.5,1.3234538207944573
602.5,1.3236650304436328
603.5,1.32387541213853
604.5,1.324084970321781
605.5,1.3242937094059422
606.5,1.3245016337737405
607.5,1.3247087477783144
608.5,1.3249150557434541
609.5,1.3251205619638395
610.5,1.325325270705275
611.5,1.325529186204923
612.5,1.3257323126715355
613.5,1.325934654285682
614.5,1.3261362151999772
615.5,1.3263369995393046
616.5,1.3265370114010397
617.5,1.3267362548552706
618.5,1.326934733945015
619.5,1.3271324526864388
620.5,1.327329415069068
621.5,1.3275256250560032
622.5,1.3277210865841285
623.5,1.3279158035643206
624.5,1.3281097798816552
625.5,1.3283030193956111
626.5,1.3284955259402742
627.5,1.3286873033245366
628.5,1.328878355332297
629.5,1.329068685722657
630.5,1.3292582982301175
631.5,1.3294471965647712
632.5,1.3296353844124944
633.5,1.3298228654351383
634.5,1.3300096432707154
635.5,1.3301957215335882
636.5,1.3303811038146525
637.5,1.330565793681521
638.5,1.3307497946787052
639.5,1.3309331103277955
640.5,1.3311157441276384
641.5,1.3312976995545145
642.5,1.3314789800623126
643.5,1.331659589082703
644.5,1.3318395300253107
645.5,1.3320188062778848
646.5,1.3321974212064671
647.5,1.3323753781555605
648.5,1.3325526804482932
649.5,1.3327293313865853
650.5,1.332905334251309
651.5,1.3330806923024525
652.5,1.333255408779278
653.5,1.3334294869004817
654.5,1.3336029298643497
655.5,1.3337757408489153
656.5,1.333947923012111
657.5,1.3341194794919242
658.5,1.3342904134065467
659.5,1.334460727854526
660.5,1.3346304259149142
661.5,1.334799510647415
662.5,1.3349679850925311
663.5,1.3351358522717085
664.5,1.3353031151874797
665.5,1.335469776823608
666.5,1.3356358401452268
667.5,1.3358013080989812
668.5,1.3359661836131658
669.5,1.3361304695978624
670.5,1.3362941689450767
671.5,1.3364572845288734
672.5,1.3366198192055103
673.5,1.3367817758135705
674.5,1.3369431571740953
675.5,1.3371039660907134
676.5,1.3372642053497712
677.5,1.337423877720461
678.5,1.337582985954948
679.5,1.3377415327884958
680.5,1.3378995209395932
681.5,1.3380569531100759
682.5,1.3382138319852506
683.5,1.3383701602340172
684.5,1.3385259405089882
685.5,1.3386811754466095
686.5,1.3388358676672787
687.5,1.338990019775463
688.5,1.339143634359815
689.5,1.3392967139932905
690.5,1.3394492612332602
691.5,1.3396012786216258
692.5,1.3397527686849318
693.5,1.3399037339344773
694.5,1.3400541768664267
695.5,1.3402040999619207
696.5,1.3403535056871831
697.5,1.3405023964936313
698.5,1.340650774817982
699.5,1.3407986430823569
700.5,1.3409460036943897
701.5,1.3410928590473297
702.5,1.341239211520145
703.5,1.3413850634776256
704.5,1.3415304172704854
705.5,1.3416752752354626
706.5,1.3418196396954207
707.5,1.3419635129594472
708.5,1.342106897322952
709.5,1.3422497950677652
710.5,1.3423922084622344
711.5,1.3425341397613202
712.5,1.3426755912066914
713.5,1.3428165650268196
714.5,1.342957063437073
715.5,1.3430970886398097
716.5,1.3432366428244682
717.5,1.3433757281676604
718.5,1.3435143468332622
719.5,1.3436525009725018
720.5,1.3437901927240508
721.5,1.343927424214111
722.5,1.3440641975565029
723.5,1.3442005148527523
724.5,1.344336378192177
725.5,1.3444717896519718
726.5,1.3446067512972932
727.5,1.3447412651813444
728.5,1.344875333345458
729.5,1.3450089578191784
730.5,1.3451421406203456
731.5,1.3452748837551742
732.5,1.3454071892183366
733.5,1.3455390589930412
734.5,1.3456704950511127
735.5,1.3458014993530711
736.5,1.3459320738482095
737.5,1.3460622204746715
738.5,1.346191941159529
739.5,1.3463212378188572
740.5,1.3464501123578114
741.5,1.3465785666707015
742.5,1.346706602641067
743.5,1.34683422214175
744.5,1.3469614270349695
745.5,1.347088219172393
746.5,1.34721460039521
747.5,1.347340572534202
748.5,1.3474661374098156
749.5,1.34759129683223
750.5,1.3477160526014291
751.5,1.3478404065072709
752.5,1.3479643603295544
753.5,1.3480879158380892
754.5,1.3482110747927631
755.5,1.348333838943609
756.5,1.3484562100308712
757.5,1.348578189785072
758.5,1.3486997799270766
759.5,1.3488209821681594
760.5,1.3489417982100667
761.5,1.349062229745082
762.5,1.3491822784560898
763.5,1.3493019460166373
764.5,1.3494212340909977
765.5,1.3495401443342325
766.5,1.3496586783922524
767.5,1.3497768379018789
768.5,1.3498946244909047
769.5,1.3500120397781536
770.5,1.3501290853735404
771.5,1.3502457628781304
772.5,1.350362073884197
773.5,1.3504780199752817
774.5,1.3505936027262504
775.5,1.3507088237033513
776.5,1.350823684464272
777.5,1.3509381865581962
778.5,1.3510523315258587
779.5,1.3511661208996026
780.5,1.3512795562034332
781.5,1.351392638953073
782.5,1.351505370656017
783.5,1.3516177528115851
784.5,1.351729786910977
785.5,1.3518414744373246
786.5,1.3519528168657449
787.5,1.352063815663392
788.5,1.3521744722895097
789.5,1.3522847881954823
790.5,1.3523947648248862
791.5,1.3525044036135403
792.5,1.3526137059895564
793.5,1.3527226733733897
794.5,1.3528313071778872
795.5,1.3529396088083383
796.5,1.3530475796625225
797.5,1.3531552211307587
798.5,1.353262534595953
799.5,1.353369521433646
800.5,1.3534761830120607
801.5,1.3535825206921497
802.5,1.3536885358276411
803.5,1.353794229765086
804.5,1.3538996038439026
805.5,1.3540046593964243
806.5,1.3541093977479428
807.5,1.3542138202167542
808.5,1.3543179281142035
809.5,1.3544217227447286
810.5,1.354525205405904
811.5,1.3546283773884855
812.5,1.3547312399764526
813.5,1.3548337944470512
814.5,1.3549360420708372
815.5,1.3550379841117186
816.5,1.3551396218269964
817.5,1.3552409564674086
818.5,1.3553419892771692
819.5,1.3554427214940103
820.5,1.355543154349224
821.5,1.3556432890677008
822.5,1.3557431268679714
823.5,1.355842668962246
824.5,1.3559419165564541
825.5,1.3560408708502831
826.5,1.3561395330372192
827.5,1.3562379043045836
828.5,1.3563359858335733
829.5,1.3564337787992975
830.5,1.356531284370817
831.5,1.3566285037111807
832.5,1.3567254379774634
833.5,1.3568220883208029
834.5,1.3569184558864371
835.5,1.3570145418137398
836.5,1.3571103472362578
837.5,1.357205873281746
838.5,1.3573011210722048
839.5,1.3573960917239134
840.5,1.3574907863474668
841.5,1.3575852060478102
842.5,1.3576793519242731
843.5,1.3577732250706054
844.5,1.3578668265750098
845.5,1.3579601575201772
846.5,1.3580532189833194
847.5,1.358146012036204
848.5,1.3582385377451862
849.5,1.358330797171242
850.5,1.3584227913700024
851.5,1.3585145213917846
852.5,1.3586059882816246
853.5,1.3586971930793097
854.5,1.3587881368194101
855.5,1.3588788205313103
856.5,1.3589692452392408
857.5,1.35905941196231
858.5,1.359149321714534
859.5,1.3592389755048675
860.5,1.359328374337235
861.5,1.3594175192105615
862.5,1.3595064111188007
863.5,1.3595950510509667
864.5,1.3596834399911635
865.5,1.3597715789186138
866.5,1.3598594688076882
867.5,1.3599471106279355
868.5,1.3600345053441099
869.5,1.3601216539162009
870.5,1.3602085572994613
871.5,1.3602952164444357
872.5,1.3603816322969882
873.5,1.3604678057983302
874.5,1.3605537378850485
875.5,1.360639429489133
876.5,1.3607248815380033
877.5,1.360810094954536
878.5,1.360895070657092
879.5,1.3609798095595427
880.5,1.3610643125712967
881.5,1.361148580597327
882.5,1.3612326145381952
883.5,1.36131641529008
884.5,1.3613999837448012
885.5,1.3614833207898456
886.5,1.3615664273083932
887.5,1.3616493041793416
888.5,1.3617319522773323
889.5,1.361814372472774
890.5,1.361896565631869
891.5,1.3619785326166365
892.5,1.3620602742849381
893.5,1.3621417914905012
894.5,1.3622230850829435
895.5,1.3623041559077973
896.5,1.362385004806532
897.5,1.3624656326165796
898.5,1.3625460401713565
899.5,1.3626262283002877
900.5,1.362706197828829
901.5,1.3627859495784918
902.5,1.3628654843668637
903.5,1.3629448030076325
904.5,1.3630239063106089
905.5,1.3631027950817474
906.5,1.3631814701231704
907.5,1.363259932233189
908.5,1.363338182206325
909.5,1.3634162208333336
910.5,1.3634940489012233
911.5,1.363571667193279
912.5,1.363649076489083
913.5,1.3637262775645353
914.5,1.363803271191876
915.5,1.3638800581397041
916.5,1.3639566391730011
917.5,1.3640330150531494
918.5,1.3641091865379535
919.5,1.3641851543816603
920.5,1.3642609193349797
921.5,1.3643364821451043
922.5,1.3644118435557289
923.5,1.3644870043070714
924.5,1.3645619651358913
925.5,1.3646367267755106
926.5,1.3647112899558318
927.5,1.3647856554033582
928.5,1.3648598238412122
929.5,1.3649337959891554
930.5,1.3650075725636068
931.5,1.3650811542776617
932.5,1.3651545418411104
933.5,1.3652277359604565
934.5,1.3653007373389363
935.5,1.3653735466765353
936.5,1.3654461646700085
937.5,1.3655185920128967
938.5,1.3655908293955452
939.5,1.365662877505122
940.5,1.3657347370256347
941.5,1.3658064086379487
942.5,1.365877893019804
943.5,1.3659491908458332
944.5,1.3660203027875792
945.5,1.3660912295135108
946.5,1.366161971689041
947.5,1.3662325299765432
948.5,1.366302905035369
949.5,1.3663730975218638
950.5,1.3664431080893837
951.5,1.3665129373883125
952.5,1.3665825860660772
953.5,1.366652054767165
954.5,1.3667213441331394
955.5,1.366790454802656
956.5,1.366859387411478
957.5,1.3669281425924933
958.5,1.3669967209757292
959.5,1.3670651231883684
960.5,1.3671333498547644
961.5,1.3672014015964578
962.5,1.3672692790321896
963.5,1.3673369827779194
964.5,1.3674045134468376
965.5,1.3674718716493826
966.5,1.3675390579932545
967.5,1.367606073083431
968.5,1.3676729175221813
969.5,1.367739591909081
970.5,1.3678060968410268
971.5,1.3678724329122514
972.5,1.367938600714337
973.5,1.3680046008362303
974.5,1.3680704338642564
975.5,1.3681361003821335
976.5,1.3682016009709856
977.5,1.3682669362093585
978.5,1.3683321066732312
979.5,1.3683971129360324
980.5,1.3684619555686515
981.5,1.368526635139454
982.5,1.368591152214295
983.5,1.3686555073565314
984.5,1.3687197011270364
985.5,1.368783734084212
986.5,1.3688476067840027
987.5,1.3689113197799088
988.5,1.3689748736229985
989.5,1.3690382688619216
990.5,1.3691015060429224
991.5,1.3691645857098516
992.5,1.3692275084041803
993.5,1.3692902746650117
994.5,1.369352885029094
995.5,1.369415340030832
996.5,1.3694776402023012
997.5,1.369539786073259
998.5,1.3696017781711565
999.5,1.3696636170211516
1000.5,1.3697253031461207
1001.5,1.3697868370666708
1002.5,1.369848219301151
1003.5,1.369909450365665
1004.5,1.3699705307740826
1005.5,1.3700314610380513
1006.5,1.3700922416670078
1007.5,1.3701528731681907
1008.5,1.3702133560466498
1009.5,1.37027369080526
1010.5,1.3703338779447307
1011.5,1.3703939179636186
1012.5,1.3704538113583375
1013.5,1.3705135586231707
1014.5,1.3705731602502813
1015.5,1.3706326167297234
1016.5,1.3706919285494532
1017.5,1.3707510961953397
1018.5,1.3708101201511762
1019.5,1.3708690008986892
1020.5,1.3709277389175518
1021.5,1.3709863346853917
1022.5,1.3710447886778034
1023.5,1.3711031013683581
1024.5,1.3711612732286147
1025.5,1.371219304728129
1026.5,1.3712771963344648
1027.5,1.3713349485132047
1028.5,1.3713925617279588
1029.5,1.371450036440376
1030.5,1.3715073731101541
1031.5,1.3715645721950485
1032.5,1.3716216341508838
1033.5,1.3716785594315624
1034.5,1.371735348489075
1035.5,1.3717920017735106
1036.5,1.371848519733065
1037.5,1.3719049028140515
1038.5,1.371961151460911
1039.5,1.372017266116219
1040.5,1.3720732472206987
1041.5,1.372129095213227
1042.5,1.3721848105308465
1043.5,1.372240393608773
1044.5,1.3722958448804057
1045.5,1.3723511647773359
1046.5,1.3724063537293565
1047.5,1.3724614121644707
1048.5,1.3725163405089018
1049.5,1.3725711391871012
1050.5,1.3726258086217578
1051.5,1.3726803492338067
1052.5,1.3727347614424388
1053.5,1.372789045665108
1054.5,1.3728432023175414
1055.5,1.3728972318137473
1056.5,1.372951134566024
1057.5,1.3730049109849678
1058.5,1.3730585614794826
1059.5,1.3731120864567872
1060.5,1.3731654863224247
1061.5,1.37321876148027
1062.5,1.373271912332539
1063.5,1.3733249392797957
1064.5,1.3733778427209618
1065.5,1.3734306230533235
1066.5,1.373483280672541
1067.5,1.3735358159726554
1068.5,1.3735882293460973
1069.5,1.3736405211836944
1070.5,1.3736926918746806
1071.5,1.373744741806702
1072.5,1.3737966713658258
1073.5,1.373848480936549
1074.5,1.3739001709018037
1075.5,1.3739517416429678
1076.5,1.3740031935398702
1077.5,1.3740545269707996
1078.5,1.3741057423125116
1079.5,1.3741568399402369
1080.5,1.374207820227688
1081.5,1.3742586835470674
1082.5,1.3743094302690742
1083.5,1.3743600607629118
1084.5,1.3744105753962956
1085.5,1.37446097453546
1086.5,1.3745112585451649
1087.5,1.3745614277887044
1088.5,1.3746114826279128
1089.5,1.3746614234231715
1090.5,1.3747112505334174
1091.5,1.3747609643161487
1092.5,1.3748105651274323
1093.5,1.3748600533219109
1094.5,1.3749094292528095
1095.5,1.3749586932719426
1096.5,1.3750078457297215
1097.5,1.3750568869751598
1098.5,1.375105817355881
1099.5,1.3751546372181256
1100.5,1.3752033469067566
1101.5,1.3752519467652677
1102.5,1.3753004371357882
1103.5,1.3753488183590907
1104.5,1.3753970907745974
1105.5,1.3754452547203864
1106.5,1.3754933105331983
1107.5,1.3755412585484426
1108.5,1.375589099100204
1109.5,1.3756368325212487
1110.5,1.3756844591430308
1111.5,1.375731979295699
1112.5,1.3757793933081017
1113.5,1.3758267015077947
1114.5,1.3758739042210462
1115.5,1.3759210017728427
1116.5,1.375967994486897
1117.5,1.3760148826856522
1118.5,1.3760616666902883
1119.5,1.3761083468207291
1120.5,1.376154923395647
1121.5,1.3762013967324693
1122.5,1.3762477671473847
1123.5,1.3762940349553483
1124.5,1.3763402004700882
1125.5,1.3763862640041102
1126.5,1.376432225868705
1127.5,1.3764780863739525
1128.5,1.376523845828729
1129.5,1.3765695045407118
1130.5,1.3766150628163847
1131.5,1.3766605209610443
1132.5,1.3767058792788058
1133.5,1.3767511380726074
1134.5,1.3767962976442167
1135.5,1.3768413582942363
1136.5,1.3768863203221082
1137.5,1.3769311840261207
1138.5,1.3769759497034126
1139.5,1.3770206176499793
1140.5,1.3770651881606777
1141.5,1.3771096615292318
1142.5,1.3771540380482377
1143.5,1.377198318009169
1144.5,1.377242501702382
1145.5,1.3772865894171211
1146.5,1.377330581441524
1147.5,1.377374478062626
1148.5,1.377418279566366
1149.5,1.3774619862375914
1150.5,1.3775055983600635
1151.5,1.3775491162164608
1152.5,1.3775925400883868
1153.5,1.3776358702563727
1154.5,1.377679106999883
1155.5,1.3777222505973208
1156.5,1.3777653013260325
1157.5,1.3778082594623122
1158.5,1.3778511252814076
1159.5,1.3778938990575234
1160.5,1.3779365810638269
1161.5,1.3779791715724536
1162.5,1.3780216708545099
1163.5,1.3780640791800796
1164.5,1.3781063968182277
1165.5,1.3781486240370053
1166.5,1.378190761103454
1167.5,1.3782328082836115
1168.5,1.378274765842514
1169.5,1.378316634044204
1170.5,1.3783584131517312
1171.5,1.3784001034271602
1172.5,1.3784417051315727
1173.5,1.3784832185250735
1174.5,1.3785246438667937
1175.5,1.3785659814148963
1176.5,1.3786072314265798
1177.5,1.3786483941580825
1178.5,1.3786894698646877
1179.5,1.378730458800727
1180.5,1.378771361219585
1181.5,1.3788121773737043
1182.5,1.3788529075145883
1183.5,1.3788935518928065
1184.5,1.3789341107579987
1185.5,1.3789745843588783
1186.5,1.379014972943238
1187.5,1.379055276757952
1188.5,1.3790954960489819
1189.5,1.3791356310613796
1190.5,1.3791756820392922
1191.5,1.3792156492259653
1192.5,1.3792555328637477
1193.5,1.3792953331940951
1194.5,1.3793350504575739
1195.5,1.3793746848938655
1196.5,1.3794142367417703
1197.5,1.3794537062392114
1198.5,1.3794930936232384
1199.5,1.3795323991300315
1200.5,1.3795716229949055
1201.5,1.3796107654523138
1202.5,1.3796498267358512
1203.5,1.3796888070782587
1204.5,1.3797277067114273
1205.5,1.3797665258664014
1206.5,1.3798052647733823
1207.5,1.3798439236617324
1208.5,1.379882502759979
1209.5,1.3799210022958177
1210.5,1.3799594224961158
1211.5,1.379997763586917
1212.5,1.3800360257934434
1213.5,1.3800742093401006
1214.5,1.3801123144504808
1215.5,1.3801503413473661
1216.5,1.3801882902527325
1217.5,1.380226161387753
1218.5,1.3802639549728009
1219.5,1.380301671227455
1220.5,1.3803393103705004
1221.5,1.3803768726199344
1222.5,1.3804143581929686
1223.5,1.3804517673060328
1224.5,1.3804891001747779
1225.5,1.3805263570140802
1226.5,1.3805635380380439
1227.5,1.3806006434600053
1228.5,1.380637673492535
1229.5,1.3806746283474425
1230.5,1.3807115082357788
1231.5,1.3807483133678398
1232.5,1.3807850439531693
1233.5,1.3808217002005627
1234.5,1.3808582823180708
1235.5,1.3808947905130013
1236.5,1.3809312249919237
1237.5,1.3809675859606714
1238.5,1.3810038736243457
1239.5,1.3810400881873186
1240.5,1.3810762298532355
1241.5,1.3811122988250193
1242.5,1.3811482953048726
1243.5,1.3811842194942812
1244.5,1.3812200715940175
1245.5,1.3812558518041427
1246.5,1.381291560324011
1247.5,1.3813271973522714
1248.5,1.381362763086872
1249.5,1.3813982577250614
1250.5,1.3814336814633936
1251.5,1.3814690344977298
1252.5,1.3815043170232413
1253.5,1.3815395292344128
1254.5,1.3815746713250452
1255.5,1.3816097434882588
1256.5,1.381644745916496
1257.5,1.3816796788015238
1258.5,1.3817145423344375
1259.5,1.3817493367056626
1260.5,1.3817840621049586
1261.5,1.3818187187214213
1262.5,1.3818533067434853
1263.5,1.3818878263589278
1264.5,1.3819222777548703
1265.5,1.381956661117782
1266.5,1.3819909766334826
1267.5,1.3820252244871447
1268.5,1.3820594048632966
1269.5,1.3820935179458251
1270.5,1.3821275639179789
1271.5,1.3821615429623695
1272.5,1.382195455260976
1273.5,1.3822293009951463
1274.5,1.3822630803456
1275.5,1.382296793492432
1276.5,1.3823304406151136
1277.5,1.3823640218924962
1278.5,1.382397537502814
1279.5,1.3824309876236853
1280.5,1.382464372432117
1281.5,1.3824976921045056
1282.5,1.3825309468166402
1283.5,1.3825641367437052
1284.5,1.3825972620602827
1285.5,1.3826303229403554
1286.5,1.3826633195573084
1287.5,1.382696252083932
1288.5,1.3827291206924248
1289.5,1.3827619255543948
1290.5,1.3827946668408633
1291.5,1.382827344722266
1292.5,1.382859959368457
1293.5,1.3828925109487096
1294.5,1.3829249996317197
1295.5,1.3829574255856079
1296.5,1.382989788977922
1297.5,1.383022089975639
1298.5,1.383054328745168
1299.5,1.3830865054523522
1300.5,1.3831186202624717
1301.5,1.3831506733402446
1302.5,1.3831826648498304
1303.5,1.3832145949548331
1304.5,1.3832464638183009
1305.5,1.383278271602731
1306.5,1.3833100184700708
1307.5,1.3833417045817198
1308.5,1.383373330098533
1309.5,1.3834048951808215
1310.5,1.3834363999883565
1311.5,1.3834678446803705
1312.5,1.3834992294155593
1313.5,1.3835305543520848
1314.5,1.3835618196475772
1315.5,1.3835930254591364
1316.5,1.383624171943335
1317.5,1.3836552592562206
1318.5,1.3836862875533165
1319.5,1.3837172569896254
1320.5,1.3837481677196308
1321.5,1.3837790198972997
1322.5,1.3838098136760832
1323.5,1.3838405492089205
1324.5,1.38387122664824
1325.5,1.3839018461459611
1326.5,1.3839324078534971
1327.5,1.3839629119217567
1328.5,1.3839933585011455
1329.5,1.3840237477415696
1330.5,1.384054079792436
1331.5,1.384084354802656
1332.5,1.3841145729206454
1333.5,1.384144734294329
1334.5,1.3841748390711397
1335.5,1.3842048873980233
1336.5,1.384234879421438
1337.5,1.3842648152873585
1338.5,1.384294695141276
1339.5,1.3843245191282014
1340.5,1.3843542873926673
1341.5,1.3843840000787286
1342.5,1.3844136573299666
1343.5,1.3844432592894882
1344.5,1.38447280609993
1345.5,1.3845022979034594
1346.5,1.3845317348417763
1347.5,1.384561117056115
1348.5,1.3845904446872463
1349.5,1.3846197178754795
1350.5,1.3846489367606636
1351.5,1.3846781014821896
1352.5,1.3847072121789923
1353.5,1.3847362689895517
1354.5,1.384765272051896
1355.5,1.3847942215036013
1356.5,1.3848231174817958
1357.5,1.3848519601231597
1358.5,1.384880749563928
1359.5,1.3849094859398916
1360.5,1.3849381693863998
1361.5,1.3849668000383615
1362.5,1.3849953780302469
1363.5,1.3850239034960894
1364.5,1.385052376569488
1365.5,1.3850807973836072
1366.5,1.3851091660711812
1367.5,1.385137482764513
1368.5,1.3851657475954784
1369.5,1.3851939606955257
1370.5,1.385222122195679
1371.5,1.385250232226539
1372.5,1.3852782909182844
1373.5,1.3853062984006745
1374.5,1.3853342548030505
1375.5,1.3853621602543364
1376.5,1.3853900148830414
1377.5,1.3854178188172614
1378.5,1.3854455721846806
1379.5,1.385473275112573
1380.5,1.3855009277278036
1381.5,1.3855285301568314
1382.5,1.3855560825257092
1383.5,1.3855835849600864
1384.5,1.3856110375852095
1385.5,1.3856384405259257
1386.5,1.3856657939066814
1387.5,1.385693097851527
1388.5,1.3857203524841157
1389.5,1.385747557927707
1390.5,1.385774714305167
1391.5,1.3858018217389707
1392.5,1.3858288803512027
1393.5,1.3858558902635596
1394.5,1.3858828515973511
1395.5,1.3859097644735012
1396.5,1.3859366290125503
1397.5,1.3859634453346559
1398.5,1.3859902135595952
1399.5,1.3860169338067654
1400.5,1.3860436061951855
1401.5,1.3860702308434985
1402.5,1.3860968078699716
1403.5,1.3861233373924988
1404.5,1.3861498195286017
1405.5,1.3861762543954308
1406.5,1.3862026421097677
1407.5,1.3862289827880254
1408.5,1.3862552765462508
1409.5,1.3862815235001253
1410.5,1.3863077237649664
1411.5,1.3863338774557294
1412.5,1.386359984687009
1413.5,1.3863860455730392
1414.5,1.3864120602276966
1415.5,1.3864380287645004
1416.5,1.3864639512966148
1417.5,1.3864898279368492
1418.5,1.3865156587976604
1419.5,1.3865414439911536
1420.5,1.386567183629084
1421.5,1.3865928778228578
1422.5,1.3866185266835336
1423.5,1.386644130321824
1424.5,1.3866696888480967
1425.5,1.3866952023723755
1426.5,1.386720671004342
1427.5,1.3867460948533372
1428.5,1.3867714740283617
1429.5,1.3867968086380782
1430.5,1.3868220987908122
1431.5,1.386847344594553
1432.5,1.3868725461569555
1433.5,1.3868977035853414
1434.5,1.3869228169866996
1435.5,1.386947886467689
1436.5,1.3869729121346386
1437.5,1.3869978940935486
1438.5,1.3870228324500924
1439.5,1.3870477273096178
1440.5,1.3870725787771472
1441.5,1.38709738695738
1442.5,1.3871221519546932
1443.5,1.3871468738731427
1444.5,1.3871715528164645
1445.5,1.3871961888880762
1446.5,1.3872207821910774
1447.5,1.3872453328282517
1448.5,1.3872698409020676
1449.5,1.3872943065146797
1450.5,1.3873187297679297
1451.5,1.3873431107633474
1452.5,1.3873674496021529
1453.5,1.3873917463852563
1454.5,1.3874160012132597
1455.5,1.3874402141864584
1456.5,1.3874643854048414
1457.5,1.3874885149680936
1458.5,1.3875126029755958
1459.5,1.387536649526426
1460.5,1.387560654719362
1461.5,1.3875846186528802
1462.5,1.387608541425158
1463.5,1.3876324231340753
1464.5,1.3876562638772145
1465.5,1.3876800637518627
1466.5,1.3877038228550116
1467.5,1.3877275412833596
1468.5,1.3877512191333126
1469.5,1.3877748565009844
1470.5,1.3877984534821992
1471.5,1.3878220101724912
1472.5,1.3878455266671064
1473.5,1.3878690030610035
1474.5,1.387892439448855
1475.5,1.3879158359250485
1476.5,1.3879391925836873
1477.5,1.3879625095185912
1478.5,1.3879857868232988
1479.5,1.3880090245910668
1480.5,1.3880322229148725
1481.5,1.388055381887414
1482.5,1.3880785016011115
1483.5,1.388101582148108
1484.5,1.3881246236202711
1485.5,1.388147626109193
1486.5,1.3881705897061922
1487.5,1.3881935145023143
1488.5,1.3882164005883324
1489.5,1.3882392480547496
1490.5,1.3882620569917983
1491.5,1.388284827489442
1492.5,1.3883075596373764
1493.5,1.38833025352503
1494.5,1.3883529092415652
1495.5,1.3883755268758793
1496.5,1.3883981065166056
1497.5,1.388420648252114
1498.5,1.388443152170512
1499.5,1.388465618359646
1500.5,1.3884880469071021
1501.5,1.388510437900207
1502.5,1.3885327914260281
1503.5,1.3885551075713765
1504.5,1.3885773864228055
1505.5,1.3885996280666135
1506.5,1.3886218325888438
1507.5,1.3886440000752853
1508.5,1.388666130611475
1509.5,1.3886882242826966
1510.5,1.3887102811739835
1511.5,1.3887323013701187
1512.5,1.3887542849556354
1513.5,1.3887762320148185
1514.5,1.3887981426317055
1515.5,1.3888200168900873
1516.5,1.3888418548735082
1517.5,1.3888636566652683
1518.5,1.3888854223484235
1519.5,1.3889071520057858
1520.5,1.3889288457199258
1521.5,1.388950503573172
1522.5,1.3889721256476124
1523.5,1.3889937120250955
1524.5,1.38901526278723
1525.5,1.389036778015388
1526.5,1.3890582577907027
1527.5,1.3890797021940722
1528.5,1.3891011113061582
1529.5,1.389122485207388
1530.5,1.3891438239779552
1531.5,1.38916512769782
1532.5,1.3891863964467106
1533.5,1.3892076303041236
1534.5,1.389228829349325
1535.5,1.3892499936613507
1536.5,1.3892711233190083
1537.5,1.389292218400877
1538.5,1.3893132789853078
1539.5,1.3893343051504266
1540.5,1.389355296974132
1541.5,1.3893762545340989
1542.5,1.389397177907777
1543.5,1.3894180671723932
1544.5,1.3894389224049513
1545.5,1.3894597436822338
1546.5,1.3894805310808014
1547.5,1.3895012846769952
1548.5,1.3895220045469365
1549.5,1.3895426907665278
1550.5,1.3895633434114534
1551.5,1.3895839625571809
1552.5,1.3896045482789605
1553.5,1.3896251006518279
1554.5,1.3896456197506029
1555.5,1.3896661056498911
1556.5,1.3896865584240852
1557.5,1.3897069781473645
1558.5,1.389727364893697
1559.5,1.3897477187368388
1560.5,1.3897680397503356
1561.5,1.3897883280075236
1562.5,1.3898085835815297
1563.5,1.3898288065452724
1564.5,1.3898489969714627
1565.5,1.3898691549326045
1566.5,1.389889280500996
1567.5,1.3899093737487291
1568.5,1.3899294347476916
1569.5,1.389949463569567
1570.5,1.3899694602858357
1571.5,1.3899894249677747
1572.5,1.3900093576864598
1573.5,1.3900292585127652
1574.5,1.3900491275173648
1575.5,1.3900689647707318
1576.5,1.3900887703431415
1577.5,1.3901085443046697
1578.5,1.3901282867251945
1579.5,1.3901479976743971
1580.5,1.3901676772217622
1581.5,1.3901873254365784
1582.5,1.3902069423879395
1583.5,1.3902265281447448
1584.5,1.3902460827756997
1585.5,1.3902656063493164
1586.5,1.3902850989339146
1587.5,1.3903045605976223
1588.5,1.3903239914083765
1589.5,1.3903433914339234
1590.5,1.3903627607418192
1591.5,1.3903820993994311
1592.5,1.3904014074739381
1593.5,1.3904206850323306
1594.5,1.390439932141412
1595.5,1.3904591488677993
1596.5,1.3904783352779229
1597.5,1.3904974914380281
1598.5,1.3905166174141756
1599.5,1.3905357132722418
1600.5,1.3905547790779196
1601.5,1.3905738148967188
1602.5,1.3905928207939675
1603.5,1.3906117968348115
1604.5,1.3906307430842157
1605.5,1.3906496596069653
1606.5,1.3906685464676645
1607.5,1.3906874037307388
1608.5,1.3907062314604357
1609.5,1.3907250297208236
1610.5,1.3907437985757942
1611.5,1.3907625380890625
1612.5,1.3907812483241664
1613.5,1.390799929344469
1614.5,1.3908185812131584
1615.5,1.3908372039932477
1616.5,1.3908557977475764
1617.5,1.390874362538811
1618.5,1.3908928984294444
1619.5,1.3909114054817986
1620.5,1.3909298837580233
1621.5,1.3909483333200974
1622.5,1.3909667542298292
1623.5,1.3909851465488574
1624.5,1.3910035103386518
1625.5,1.3910218456605123
1626.5,1.3910401525755722
1627.5,1.3910584311447962
1628.5,1.391076681428982
1629.5,1.3910949034887616
1630.5,1.3911130973846004
1631.5,1.3911312631767985
1632.5,1.3911494009254912
1633.5,1.39116751069065
1634.5,1.3911855925320824
1635.5,1.3912036465094324
1636.5,1.3912216726821818
1637.5,1.3912396711096502
1638.5,1.3912576418509954
1639.5,1.3912755849652148
1640.5,1.3912935005111446
1641.5,1.3913113885474615
1642.5,1.3913292491326825
1643.5,1.3913470823251661
1644.5,1.3913648881831118
1645.5,1.391382666764562
1646.5,1.391400418127401
1647.5,1.3914181423293568
1648.5,1.391435839428001
1649.5,1.3914535094807494
1650.5,1.3914711525448624
1651.5,1.391488768677446
1652.5,1.3915063579354514
1653.5,1.3915239203756764
1654.5,1.3915414560547656
1655.5,1.3915589650292108
1656.5,1.3915764473553514
1657.5,1.3915939030893754
1658.5,1.391611332287319
1659.5,1.3916287350050682
1660.5,1.3916461112983587
1661.5,1.3916634612227763
1662.5,1.3916807848337571
1663.5,1.3916980821865892
1664.5,1.3917153533364117
1665.5,1.3917325983382167
1666.5,1.391749817246848
1667.5,1.3917670101170032
1668.5,1.3917841770032333
1669.5,1.3918013179599433
1670.5,1.3918184330413932
1671.5,1.3918355223016974
1672.5,1.3918525857948265
1673.5,1.3918696235746064
1674.5,1.3918866356947202
1675.5,1.391903622208707
1676.5,1.3919205831699641
1677.5,1.3919375186317464
1678.5,1.3919544286471668
1679.5,1.3919713132691975
1680.5,1.3919881725506693
1681.5,1.392005006544273
1682.5,1.3920218153025599
1683.5,1.392038598877941
1684.5,1.3920553573226888
1685.5,1.3920720906889377
1686.5,1.3920887990286834
1687.5,1.3921054823937842
1688.5,1.392122140835961
1689.5,1.3921387744067983
1690.5,1.392155383157744
1691.5,1.3921719671401103
1692.5,1.392188526405074
1693.5,1.3922050610036767
1694.5,1.3922215709868253
1695.5,1.3922380564052932
1696.5,1.3922545173097194
1697.5,1.39227095375061
1698.5,1.3922873657783381
1699.5,1.3923037534431446
1700.5,1.3923201167951378
1701.5,1.3923364558842952
1702.5,1.3923527707604624
1703.5,1.392369061473355
1704.5,1.3923853280725578
1705.5,1.3924015706075255
1706.5,1.3924177891275837
1707.5,1.3924339836819288
1708.5,1.3924501543196286
1709.5,1.3924663010896223
1710.5,1.3924824240407216
1711.5,1.3924985232216107
1712.5,1.3925145986808467
1713.5,1.3925306504668598
1714.5,1.3925466786279541
1715.5,1.3925626832123084
1716.5,1.392578664267975
1717.5,1.3925946218428822
1718.5,1.392610555984833
1719.5,1.392626466741506
1720.5,1.392642354160457
1721.5,1.392658218289117
1722.5,1.3926740591747944
1723.5,1.3926898768646754
1724.5,1.3927056714058232
1725.5,1.3927214428451795
1726.5,1.3927371912295643
1727.5,1.3927529166056762
1728.5,1.3927686190200936
1729.5,1.3927842985192742
1730.5,1.3927999551495553
1731.5,1.3928155889571554
1732.5,1.3928311999881728
1733.5,1.3928467882885875
1734.5,1.392862353904261
1735.5,1.3928778968809363
1736.5,1.392893417264239
1737.5,1.392908915099677
1738.5,1.392924390432641
1739.5,1.3929398433084055
1740.5,1.3929552737721287
1741.5,1.392970681868852
1742.5,1.3929860676435026
1743.5,1.3930014311408911
1744.5,1.3930167724057143
1745.5,1.3930320914825536
1746.5,1.3930473884158767
1747.5,1.393062663250038
1748.5,1.3930779160292774
1749.5,1.3930931467977223
1750.5,1.3931083555993877
1751.5,1.3931235424781754
1752.5,1.3931387074778758
1753.5,1.3931538506421672
1754.5,1.393168972014617
1755.5,1.3931840716386812
1756.5,1.3931991495577052
1757.5,1.3932142058149244
1758.5,1.3932292404534639
1759.5,1.393244253516339
1760.5,1.3932592450464563
1761.5,1.393274215086613
1762.5,1.393289163679498
1763.5,1.3933040908676915
1764.5,1.3933189966936659
1765.5,1.3933338811997862
1766.5,1.39334874442831
1767.5,1.3933635864213876
1768.5,1.3933784072210633
1769.5,1.3933932068692747
1770.5,1.3934079854078534
1771.5,1.3934227428785255
1772.5,1.3934374793229118
1773.5,1.393452194782528
1774.5,1.3934668892987851
1775.5,1.3934815629129902
1776.5,1.3934962156663453
1777.5,1.3935108475999498
1778.5,1.3935254587547992
1779.5,1.3935400491717858
1780.5,1.3935546188916994
1781.5,1.3935691679552273
1782.5,1.3935836964029547
1783.5,1.3935982042753647
1784.5,1.393612691612839
1785.5,1.3936271584556583
1786.5,1.3936416048440021
1787.5,1.3936560308179498
1788.5,1.3936704364174797
1789.5,1.3936848216824709
1790.5,1.3936991866527022
1791.5,1.3937135313678537
1792.5,1.3937278558675057
1793.5,1.3937421601911404
1794.5,1.393756444378141
1795.5,1.3937707084677926
1796.5,1.393784952499283
1797.5,1.3937991765117015
1798.5,1.393813380544041
1799.5,1.3938275646351965
1800.5,1.3938417288239675
1801.5,1.3938558731490558
1802.5,1.3938699976490678
1803.5,1.3938841023625141
1804.5,1.3938981873278096
1805.5,1.393912252583274
1806.5,1.3939262981671319
1807.5,1.3939403241175135
1808.5,1.3939543304724542
1809.5,1.3939683172698958
1810.5,1.3939822845476861
1811.5,1.393996232343579
1812.5,1.3940101606952358
1813.5,1.394024069640224
1814.5,1.3940379592160193
1815.5,1.3940518294600044
1816.5,1.39406568040947
1817.5,1.3940795121016147
1818.5,1.3940933245735463
1819.5,1.3941071178622801
1820.5,1.3941208920047414
1821.5,1.394134647037764
1822.5,1.394148382998092
1823.5,1.3941620999223783
1824.5,1.3941757978471865
1825.5,1.3941894768089904
1826.5,1.394203136844174
1827.5,1.394216777989033
1828.5,1.3942304002797732
1829.5,1.3942440037525123
1830.5,1.3942575884432797
1831.5,1.3942711543880166
1832.5,1.3942847016225761
1833.5,1.394298230182724
1834.5,1.394311740104139
1835.5,1.394325231422412
1836.5,1.394338704173048
1837.5,1.3943521583914646
1838.5,1.394365594112994
1839.5,1.3943790113728818
1840.5,1.3943924102062877
1841.5,1.3944057906482863
1842.5,1.3944191527338667
1843.5,1.3944324964979329
1844.5,1.3944458219753046
1845.5,1.3944591292007165
1846.5,1.3944724182088188
1847.5,1.3944856890341788
1848.5,1.3944989417112785
1849.5,1.3945121762745178
1850.5,1.3945253927582124
1851.5,1.3945385911965953
1852.5,1.3945517716238167
1853.5,1.3945649340739443
1854.5,1.3945780785809632
1855.5,1.394591205178777
1856.5,1.394604313901207
1857.5,1.3946174047819928
1858.5,1.3946304778547935
1859.5,1.3946435331531861
1860.5,1.3946565707106673
1861.5,1.394669590560653
1862.5,1.394682592736479
1863.5,1.3946955772714005
1864.5,1.394708544198593
1865.5,1.394721493551152
1866.5,1.3947344253620946
1867.5,1.394747339664357
1868.5,1.3947602364907983
1869.5,1.394773115874197
1870.5,1.3947859778472544
1871.5,1.394798822442593
1872.5,1.3948116496927572
1873.5,1.3948244596302135
1874.5,1.394837252287351
1875.5,1.3948500276964813
1876.5,1.394862785889839
1877.5,1.3948755268995812
1878.5,1.394888250757789
1879.5,1.3949009574964666
1880.5,1.3949136471475418
1881.5,1.3949263197428667
1882.5,1.3949389753142174
1883.5,1.3949516138932943
1884.5,1.3949642355117222
1885.5,1.3949768402010516
1886.5,1.394989427992757
1887.5,1.3950019989182387
1888.5,1.3950145530088225
1889.5,1.3950270902957596
1890.5,1.395039610810227
1891.5,1.3950521145833286
1892.5,1.3950646016460935
1893.5,1.3950770720294783
1894.5,1.3950895257643658
1895.5,1.3951019628815662
1896.5,1.3951143834118163
1897.5,1.3951267873857807
1898.5,1.3951391748340511
1899.5,1.3951515457871482
1900.5,1.395163900275519
1901.5,1.39517623832954
1902.5,1.3951885599795157
1903.5,1.3952008652556793
1904.5,1.3952131541881925
1905.5,1.3952254268071465
1906.5,1.3952376831425612
1907.5,1.3952499232243865
1908.5,1.3952621470825017
1909.5,1.3952743547467157
1910.5,1.3952865462467678
1911.5,1.3952987216123274
1912.5,1.3953108808729942
1913.5,1.3953230240582988
1914.5,1.3953351511977026
1915.5,1.3953472623205976
1916.5,1.3953593574563077
1917.5,1.3953714366340877
1918.5,1.395383499883124
1919.5,1.3953955472325354
1920.5,1.3954075787113722
1921.5,1.395419594348617
1922.5,1.3954315941731845
1923.5,1.3954435782139227
1924.5,1.3954555464996117
1925.5,1.3954674990589648
1926.5,1.3954794359206288
1927.5,1.3954913571131833
1928.5,1.3955032626651418
1929.5,1.395515152604951
1930.5,1.3955270269609923
1931.5,1.3955388857615805
1932.5,1.395550729034965
1933.5,1.3955625568093297
1934.5,1.395574369112793
1935.5,1.3955861659734086
1936.5,1.3955979474191642
1937.5,1.3956097134779837
1938.5,1.395621464177726
1939.5,1.3956331995461855
1940.5,1.3956449196110925
1941.5,1.395656624400113
1942.5,1.3956683139408494
1943.5,1.3956799882608404
1944.5,1.3956916473875607
1945.5,1.3957032913484222
1946.5,1.3957149201707735
1947.5,1.3957265338818996
1948.5,1.3957381325090237
1949.5,1.3957497160793055
1950.5,1.3957612846198426
1951.5,1.3957728381576704
1952.5,1.3957843767197617
1953.5,1.3957959003330282
1954.5,1.3958074090243189
1955.5,1.3958189028204215
1956.5,1.3958303817480628
1957.5,1.3958418458339077
1958.5,1.39585329510456
1959.5,1.395864729586563
1960.5,1.395876149306399
1961.5,1.3958875542904896
1962.5,1.3958989445651964
1963.5,1.3959103201568206
1964.5,1.3959216810916029
1965.5,1.3959330273957244
1966.5,1.3959443590953067
1967.5,1.3959556762164116
1968.5,1.3959669787850415
1969.5,1.3959782668271392
1970.5,1.3959895403685891
1971.5,1.3960007994352162
1972.5,1.396012044052787
1973.5,1.396023274247009
1974.5,1.3960344900435318
1975.5,1.3960456914679462
1976.5,1.3960568785457856
1977.5,1.3960680513025248
1978.5,1.3960792097635808
1979.5,1.3960903539543135
1980.5,1.3961014839000248
1981.5,1.3961125996259598
1982.5,1.396123701157306
1983.5,1.396134788519194
1984.5,1.3961458617366975
1985.5,1.3961569208348341
1986.5,1.396167965838564
1987.5,1.3961789967727918
1988.5,1.396190013662365
1989.5,1.396201016532076
1990.5,1.3962120054066607
1991.5,1.3962229803107993
1992.5,1.3962339412691167
1993.5,1.396244888306182
1994.5,1.396255821446509
1995.5,1.3962667407145568
1996.5,1.396277646134729
1997.5,1.3962885377313747
1998.5,1.396299415528788
1999.5,1.3963102795512086
2000.5,1.396321129822822
2001.5,1.396331966367759
2002.5,1.3963427892100966
2003.5,1.3963535983738578
2004.5,1.3963643938830121
2005.5,1.3963751757614746
2006.5,1.3963859440331077
2007.5,1.3963966987217198
2008.5,1.3964074398510664
2009.5,1.39641816744485
2010.5,1.3964288815267196
2011.5,1.3964395821202722
2012.5,1.396450269249052
2013.5,1.3964609429365498
2014.5,1.396471603206205
2015.5,1.3964822500814047
2016.5,1.3964928835854837
2017.5,1.3965035037417246
2018.5,1.3965141105733587
2019.5,1.3965247041035653
2020.5,1.3965352843554726
2021.5,1.3965458513521567
2022.5,1.3965564051166433
2023.5,1.396566945671906
2024.5,1.3965774730408687
2025.5,1.3965879872464035
2026.5,1.396598488311332
2027.5,1.3966089762584257
2028.5,1.396619451110405
2029.5,1.3966299128899407
2030.5,1.396640361619653
2031.5,1.396650797322112
2032.5,1.3966612200198383
2033.5,1.3966716297353028
2034.5,1.3966820264909263
2035.5,1.3966924103090805
2036.5,1.396702781212088
2037.5,1.3967131392222214
2038.5,1.396723484361705
2039.5,1.3967338166527137
2040.5,1.3967441361173738
2041.5,1.396754442777763
2042.5,1.3967647366559102
2043.5,1.3967750177737959
2044.5,1.3967852861533525
2045.5,1.3967955418164641
2046.5,1.3968057847849666
2047.5,1.3968160150806486
2048.5,1.39682623272525
2049.5,1.3968364377404643
2050.5,1.3968466301479359
2051.5,1.396856809969263
2052.5,1.396866977225996
2053.5,1.3968771319396387
2054.5,1.3968872741316474
2055.5,1.3968974038234312
2056.5,1.396907521036353
2057.5,1.396917625791729
2058.5,1.3969277181108288
2059.5,1.3969377980148754
2060.5,1.3969478655250458
2061.5,1.3969579206624705
2062.5,1.3969679634482346
2063.5,1.3969779939033766
2064.5,1.3969880120488896
2065.5,1.3969980179057206
2066.5,1.397008011494772
2067.5,1.3970179928368998
2068.5,1.3970279619529151
2069.5,1.3970379188635837
2070.5,1.3970478635896266
2071.5,1.3970577961517194
2072.5,1.3970677165704934
2073.5,1.397077624866535
2074.5,1.3970875210603857
2075.5,1.3970974051725427
2076.5,1.397107277223459
2077.5,1.3971171372335434
2078.5,1.3971269852231603
2079.5,1.3971368212126303
2080.5,1.39714664522223
2081.5,1.3971564572721922
2082.5,1.3971662573827062
2083.5,1.3971760455739177
2084.5,1.3971858218659288
2085.5,1.3971955862787981
2086.5,1.397205338832542
2087.5,1.3972150795471328
2088.5,1.3972248084424999
2089.5,1.3972345255385301
2090.5,1.3972442308550677
2091.5,1.3972539244119138
2092.5,1.3972636062288273
2093.5,1.3972732763255244
2094.5,1.3972829347216797
2095.5,1.3972925814369246
2096.5,1.3973022164908493
2097.5,1.3973118399030013
2098.5,1.3973214516928867
2099.5,1.3973310518799698
2100.5,1.397340640483673
2101.5,1.3973502175233772
2102.5,1.3973597830184223
2103.5,1.3973693369881064
2104.5,1.3973788794516864
2105.5,1.3973884104283782
2106.5,1.397397929937357
2107.5,1.3974074379977564
2108.5,1.3974169346286698
2109.5,1.3974264198491497
2110.5,1.397435893678208
2111.5,1.3974453561348166
2112.5,1.3974548072379058
2113.5,1.3974642470063672
2114.5,1.3974736754590509
2115.5,1.3974830926147674
2116.5,1.397492498492288
2117.5,1.3975018931103431
2118.5,1.3975112764876236
2119.5,1.3975206486427811
2120.5,1.3975300095944274
2121.5,1.397539359361135
2122.5,1.3975486979614367
2123.5,1.3975580254138265
2124.5,1.3975673417367591
2125.5,1.39757664694865
2126.5,1.3975859410678761
2127.5,1.3975952241127751
2128.5,1.3976044961016463
2129.5,1.3976137570527503
2130.5,1.3976230069843085
2131.5,1.397632245914505
2132.5,1.3976414738614849
2133.5,1.3976506908433546
2134.5,1.3976598968781835
2135.5,1.3976690919840022
2136.5,1.3976782761788034
2137.5,1.3976874494805418
2138.5,1.397696611907135
2139.5,1.3977057634764625
2140.5,1.397714904206366
2141.5,1.39772403411465
2142.5,1.3977331532190818
2143.5,1.3977422615373911
2144.5,1.3977513590872708
2145.5,1.3977604458863764
2146.5,1.3977695219523263
2147.5,1.3977785873027022
2148.5,1.3977876419550495
2149.5,1.3977966859268756
2150.5,1.3978057192356528
2151.5,1.3978147418988156
2152.5,1.397823753933763
2153.5,1.397832755357857
2154.5,1.3978417461884238
2155.5,1.3978507264427533
2156.5,1.3978596961380991
2157.5,1.3978686552916795
2158.5,1.397877603920676
2159.5,1.397886542042235
2160.5,1.3978954696734671
2161.5,1.3979043868314471
2162.5,1.3979132935332144
2163.5,1.3979221897957728
2164.5,1.397931075636091
2165.5,1.3979399510711024
2166.5,1.3979488161177052
2167.5,1.3979576707927623
2168.5,1.3979665151131024
2169.5,1.3979753490955185
2170.5,1.3979841727567688
2171.5,1.3979929861135774
2172.5,1.398001789182633
2173.5,1.3980105819805908
2174.5,1.3980193645240704
2175.5,1.3980281368296577
2176.5,1.3980368989139043
2177.5,1.3980456507933274
2178.5,1.3980543924844102
2179.5,1.3980631240036017
2180.5,1.398071845367317
2181.5,1.398080556591938
2182.5,1.398089257693812
2183.5,1.3980979486892526
2184.5,1.3981066295945404
2185.5,1.3981153004259221
2186.5,1.3981239611996112
2187.5,1.3981326119317876
2188.5,1.3981412526385981
2189.5,1.3981498833361563
2190.5,1.3981585040405426
2191.5,1.3981671147678043
2192.5,1.3981757155339563
2193.5,1.39818430635498
2194.5,1.3981928872468243
2195.5,1.3982014582254054
2196.5,1.3982100193066074
2197.5,1.3982185705062806
2198.5,1.3982271118402443
2199.5,1.3982356433242844
2200.5,1.3982441649741553
2201.5,1.3982526768055785
2202.5,1.3982611788342436
2203.5,1.3982696710758085
2204.5,1.3982781535458988
2205.5,1.3982866262601084
2206.5,1.3982950892339991
2207.5,1.3983035424831012
2208.5,1.3983119860229136
2209.5,1.398320419868903
2210.5,1.3983288440365054
2211.5,1.3983372585411245
2212.5,1.3983456633981335
2213.5,1.3983540586228738
2214.5,1.398362444230656
2215.5,1.3983708202367588
2216.5,1.3983791866564315
2217.5,1.3983875435048905
2218.5,1.3983958907973228
2219.5,1.3984042285488838
2220.5,1.3984125567746986
2221.5,1.3984208754898615
2222.5,1.3984291847094361
2223.5,1.3984374844484557
2224.5,1.3984457747219232
2225.5,1.3984540555448113
2226.5,1.3984623269320617
2227.5,1.3984705888985869
2228.5,1.3984788414592684
2229.5,1.3984870846289585
2230.5,1.3984953184224787
2231.5,1.3985035428546213
2232.5,1.3985117579401483
2233.5,1.3985199636937924
2234.5,1.398528160130256
2235.5,1.3985363472642123
2236.5,1.3985445251103048
2237.5,1.398552693683148
2238.5,1.3985608529973266
2239.5,1.398569003067396
2240.5,1.3985771439078822
2241.5,1.3985852755332824
2242.5,1.3985933979580645
2243.5,1.3986015111966674
2244.5,1.398609615263501
2245.5,1.3986177101729464
2246.5,1.398625795939356
2247.5,1.3986338725770529
2248.5,1.3986419401003323
2249.5,1.39864999852346
2250.5,1.3986580478606738
2251.5,1.3986660881261832
2252.5,1.3986741193341685
2253.5,1.3986821414987827
2254.5,1.3986901546341495
2255.5,1.398698158754365
2256.5,1.3987061538734973
2257.5,1.3987141400055862
2258.5,1.3987221171646433
2259.5,1.3987300853646527
2260.5,1.3987380446195705
2261.5,1.398745994943325
2262.5,1.3987539363498165
2263.5,1.398761868852918
2264.5,1.398769792466475
2265.5,1.398777707204305
2266.5,1.3987856130801988
2267.5,1.3987935101079192
2268.5,1.3988013983012015
2269.5,1.3988092776737546
2270.5,1.3988171482392593
2271.5,1.3988250100113702
2272.5,1.3988328630037137
2273.5,1.3988407072298905
2274.5,1.3988485427034731
2275.5,1.3988563694380085
2276.5,1.3988641874470154
2277.5,1.398871996743987
2278.5,1.3988797973423894
2279.5,1.3988875892556618
2280.5,1.3988953724972173
2281.5,1.3989031470804425
2282.5,1.3989109130186972
2283.5,1.398918670325315
2284.5,1.3989264190136037
2285.5,1.3989341590968443
2286.5,1.3989418905882915
2287.5,1.398949613501175
2288.5,1.398957327848697
2289.5,1.3989650336440347
2290.5,1.3989727309003392
2291.5,1.3989804196307358
2292.5,1.3989880998483235
2293.5,1.3989957715661763
2294.5,1.399003434797342
2295.5,1.3990110895548429
2296.5,1.3990187358516764
2297.5,1.3990263737008133
2298.5,1.3990340031152
2299.5,1.3990416241077568
2300.5,1.3990492366913794
2301.5,1.3990568408789374
2302.5,1.399064436683276
2303.5,1.399072024117215
2304.5,1.399079603193549
2305.5,1.3990871739250479
2306.5,1.3990947363244566
2307.5,1.3991022904044945
2308.5,1.3991098361778571
2309.5,1.3991173736572147
2310.5,1.399124902855213
2311.5,1.399132423784473
2312.5,1.3991399364575907
2313.5,1.3991474408871385
2314.5,1.3991549370856635
2315.5,1.3991624250656889
2316.5,1.3991699048397133
2317.5,1.3991773764202111
2318.5,1.3991848398196323
2319.5,1.3991922950504028
2320.5,1.3991997421249247
2321.5,1.3992071810555755
2322.5,1.399214611854709
2323.5,1.399222034534655
2324.5,1.3992294491077197
2325.5,1.3992368555861847
2326.5,1.3992442539823085
2327.5,1.3992516443083254
2328.5,1.3992590265764466
2329.5,1.3992664007988593
2330.5,1.399273766987727
2331.5,1.3992811251551902
2332.5,1.3992884753133654
2333.5,1.399295817474346
2334.5,1.3993031516502021
2335.5,1.3993104778529804
2336.5,1.3993177960947043
2337.5,1.3993251063873742
2338.5,1.3993324087429673
2339.5,1.3993397031734378
2340.5,1.3993469896907167
2341.5,1.3993542683067122
2342.5,1.3993615390333096
2343.5,1.3993688018823711
2344.5,1.3993760568657367
2345.5,1.3993833039952233
2346.5,1.3993905432826246
2347.5,1.3993977747397122
2348.5,1.3994049983782355
2349.5,1.3994122142099206
2350.5,1.3994194222464713
2351.5,1.3994266224995695
2352.5,1.399433814980874
2353.5,1.3994409997020218
2354.5,1.3994481766746276
2355.5,1.3994553459102832
2356.5,1.399462507420559
2357.5,1.3994696612170034
2358.5,1.399476807311142
2359.5,1.3994839457144788
2360.5,1.3994910764384958
2361.5,1.3994981994946532
2362.5,1.399505314894389
2363.5,1.3995124226491198
2364.5,1.3995195227702402
2365.5,1.3995266152691233
2366.5,1.39953370015712
2367.5,1.3995407774455604
2368.5,1.3995478471457525
2369.5,1.399554909268983
2370.5,1.3995619638265167
2371.5,1.3995690108295977
2372.5,1.3995760502894483
2373.5,1.3995830822172697
2374.5,1.3995901066242415
2375.5,1.3995971235215223
2376.5,1.3996041329202498
2377.5,1.3996111348315403
2378.5,1.3996181292664887
2379.5,1.3996251162361697
2380.5,1.3996320957516364
2381.5,1.3996390678239212
2382.5,1.3996460324640354
2383.5,1.3996529896829701
2384.5,1.3996599394916949
2385.5,1.399666881901159
2386.5,1.3996738169222909
2387.5,1.3996807445659984
2388.5,1.399687664843169
2389.5,1.3996945777646692
2390.5,1.3997014833413455
2391.5,1.3997083815840232
2392.5,1.3997152725035085
2393.5,1.3997221561105857
2394.5,1.3997290324160199
2395.5,1.3997359014305557
2396.5,1.399742763164917
2397.5,1.3997496176298085
2398.5,1.3997564648359138
2399.5,1.3997633047938967
2400.5,1.3997701375144016
2401.5,1.3997769630080519
2402.5,1.3997837812854521
2403.5,1.3997905923571858
2404.5,1.3997973962338177
2405.5,1.3998041929258922
2406.5,1.3998109824439338
2407.5,1.3998177647984473
2408.5,1.3998245399999187
2409.5,1.3998313080588132
2410.5,1.3998380689855772
2411.5,1.3998448227906373
2412.5,1.3998515694844005
2413.5,1.3998583090772545
2414.5,1.3998650415795677
2415.5,1.399871767001689
2416.5,1.3998784853539479
2417.5,1.399885196646655
2418.5,1.3998919008901016
2419.5,1.399898598094559
2420.5,1.399905288270281
2421.5,1.3999119714275006
2422.5,1.3999186475764327
2423.5,1.3999253167272732
2424.5,1.3999319788901985
2425.5,1.3999386340753668
2426.5,1.3999452822929166
2427.5,1.3999519235529685
2428.5,1.3999585578656235
2429.5,1.3999651852409645
2430.5,1.3999718056890549
2431.5,1.3999784192199403
2432.5,1.3999850258436473
2433.5,1.3999916255701836
2434.5,1.399998218409539
2435.5,1.4000048043716842
2436.5,1.400011383466572
2437.5,1.4000179557041361
2438.5,1.4000245210942928
2439.5,1.4000310796469393
2440.5,1.4000376313719547
2441.5,1.4000441762791997
2442.5,1.4000507143785172
2443.5,1.4000572456797318
2444.5,1.4000637701926495
2445.5,1.4000702879270592
2446.5,1.4000767988927305
2447.5,1.4000833030994162
2448.5,1.4000898005568505
2449.5,1.4000962912747494
2450.5,1.400102775262812
2451.5,1.4001092525307184
2452.5,1.4001157230881318
2453.5,1.4001221869446971
2454.5,1.4001286441100418
2455.5,1.4001350945937756
2456.5,1.4001415384054905
2457.5,1.400147975554761
2458.5,1.400154406051144
2459.5,1.4001608299041786
2460.5,1.400167247123387
2461.5,1.4001736577182735
2462.5,1.400180061698325
2463.5,1.4001864590730115
2464.5,1.400192849851785
2465.5,1.4001992340440805
2466.5,1.4002056116593162
2467.5,1.4002119827068922
2468.5,1.400218347196192
2469.5,1.400224705136582
2470.5,1.4002310565374112
2471.5,1.4002374014080117
2472.5,1.4002437397576988
2473.5,1.4002500715957702
2474.5,1.4002563969315072
2475.5,1.400262715774174
2476.5,1.4002690281330181
2477.5,1.4002753340172698
2478.5,1.400281633436143
2479.5,1.4002879263988344
2480.5,1.4002942129145244
2481.5,1.4003004929923766
2482.5,1.4003067666415376
2483.5,1.400313033871138
2484.5,1.4003192946902914
2485.5,1.4003255491080946
2486.5,1.4003317971336289
2487.5,1.400338038775958
2488.5,1.4003442740441299
2489.5,1.4003505029471757
2490.5,1.4003567254941107
2491.5,1.4003629416939334
2492.5,1.4003691515556262
2493.5,1.4003753550881552
2494.5,1.4003815523004706
2495.5,1.400387743201506
2496.5,1.4003939278001787
2497.5,1.4004001061053906
2498.5,1.400406278126027
2499.5,1.400412443870957
2500.5,1.4004186033490345
2501.5,1.4004247565690964
2502.5,1.4004309035399647
2503.5,1.4004370442704446
2504.5,1.4004431787693261
2505.5,1.4004493070453827
2506.5,1.400455429107373
2507.5,1.4004615449640392
2508.5,1.4004676546241077
2509.5,1.4004737580962894
2510.5,1.40047985538928
2511.5,1.400485946511759
2512.5,1.40049203147239
2513.5,1.4004981102798222
2514.5,1.4005041829426883
2515.5,1.4005102494696058
2516.5,1.4005163098691769
2517.5,1.4005223641499882
2518.5,1.4005284123206108
2519.5,1.4005344543896008
2520.5,1.4005404903654988
2521.5,1.40054652025683
2522.5,1.4005525440721045
2523.5,1.4005585618198173
2524.5,1.400564573508448
2525.5,1.400570579146461
2526.5,1.4005765787423061
2527.5,1.400582572304417
2528.5,1.4005885598412136
2529.5,1.4005945413610996
2530.5,1.4006005168724645
2531.5,1.4006064863836827
2532.5,1.4006124499031134
2533.5,1.4006184074391013
2534.5,1.400624358999976
2535.5,1.4006303045940522
2536.5,1.40063624422963
2537.5,1.4006421779149947
2538.5,1.4006481056584168
2539.5,1.400654027468152
2540.5,1.4006599433524418
2541.5,1.4006658533195124
2542.5,1.400671757377576
2543.5,1.40067765553483
2544.5,1.4006835477994568
2545.5,1.400689434179625
2546.5,1.4006953146834886
2547.5,1.400701189319187
2548.5,1.400707058094845
2549.5,1.4007129210185734
2550.5,1.4007187780984682
2551.5,1.4007246293426114
2552.5,1.400730474759071
2553.5,1.4007363143559
2554.5,1.4007421481411375
2555.5,1.4007479761228088
2556.5,1.4007537983089247
2557.5,1.4007596147074814
2558.5,1.4007654253264619
2559.5,1.4007712301738346
2560.5,1.4007770292575539
2561.5,1.40078282258556
2562.5,1.4007886101657798
2563.5,1.4007943920061254
2564.5,1.4008001681144953
2565.5,1.4008059384987745
2566.5,1.4008117031668335
2567.5,1.4008174621265295
2568.5,1.4008232153857052
2569.5,1.4008289629521906
2570.5,1.4008347048338008
2571.5,1.400840441038338
2572.5,1.4008461715735903
2573.5,1.400851896447332
2574.5,1.4008576156673247
2575.5,1.400863329241315
2576.5,1.4008690371770371
2577.5,1.400874739482211
2578.5,1.4008804361645435
2579.5,1.4008861272317277
2580.5,1.4008918126914434
2581.5,1.4008974925513569
2582.5,1.4009031668191212
2583.5,1.400908835502376
2584.5,1.400914498608747
2585.5,1.4009201561458475
2586.5,1.400925808121277
2587.5,1.4009314545426217
2588.5,1.4009370954174551
2589.5,1.4009427307533366
2590.5,1.4009483605578135
2591.5,1.400953984838419
2592.5,1.4009596036026735
2593.5,1.4009652168580848
2594.5,1.4009708246121468
2595.5,1.400976426872341
2596.5,1.4009820236461359
2597.5,1.4009876149409863
2598.5,1.4009932007643349
2599.5,1.400998781123611
2600.5,1.4010043560262313
2601.5,1.4010099254795991
2602.5,1.4010154894911055
2603.5,1.4010210480681284
2604.5,1.4010266012180332
2605.5,1.401032148948172
2606.5,1.4010376912658848
2607.5,1.4010432281784984
2608.5,1.4010487596933274
2609.5,1.401054285817673
2610.5,1.4010598065588247
2611.5,1.4010653219240587
2612.5,1.401070831920639
2613.5,1.4010763365558168
2614.5,1.4010818358368309
2615.5,1.4010873297709077
2616.5,1.401092818365261
2617.5,1.401098301627092
2618.5,1.40110377956359
2619.5,1.401109252181931
2620.5,1.40111471948928
2621.5,1.401120181492788
2622.5,1.4011256381995953
2623.5,1.401131089616829
2624.5,1.4011365357516037
2625.5,1.4011419766110227
2626.5,1.401147412202176
2627.5,1.4011528425321427
2628.5,1.4011582676079886
2629.5,1.4011636874367674
2630.5,1.401169102025522
2631.5,1.4011745113812812
2632.5,1.4011799155110638
2633.5,1.401185314421875
2634.5,1.4011907081207091
2635.5,1.4011960966145474
2636.5,1.4012014799103598
2637.5,1.4012068580151045
2638.5,1.4012122309357273
2639.5,1.4012175986791626
2640.5,1.4012229612523324
2641.5,1.401228318662147
2642.5,1.4012336709155055
2643.5,1.4012390180192944
2644.5,1.401244359980389
2645.5,1.4012496968056523
2646.5,1.401255028501936
2647.5,1.4012603550760805
2648.5,1.4012656765349136
2649.5,1.4012709928852523
2650.5,1.4012763041339014
2651.5,1.4012816102876542
2652.5,1.401286911353293
2653.5,1.4012922073375877
2654.5,1.4012974982472974
2655.5,1.4013027840891694
2656.5,1.4013080648699396
2657.5,1.401313340596332
2658.5,1.4013186112750602
2659.5,1.4013238769128253
2660.5,1.4013291375163177
2661.5,1.4013343930922162
2662.5,1.401339643647188
2663.5,1.4013448891878901
2664.5,1.401350129720967
2665.5,1.4013553652530522
2666.5,1.4013605957907682
2667.5,1.4013658213407265
2668.5,1.401371041909527
2669.5,1.4013762575037585
2670.5,1.4013814681299988
2671.5,1.4013866737948144
2672.5,1.4013918745047609
2673.5,1.4013970702663827
2674.5,1.4014022610862134
2675.5,1.401407446970775
2676.5,1.401412627926579
2677.5,1.4014178039601257
2678.5,1.4014229750779048
2679.5,1.4014281412863945
2680.5,1.4014333025920622
2681.5,1.4014384590013649
2682.5,1.4014436105207482
2683.5,1.401448757156647
2684.5,1.4014538989154852
2685.5,1.4014590358036767
2686.5,1.4014641678276236
2687.5,1.4014692949937175
2688.5,1.40147441730834
2689.5,1.4014795347778608
2690.5,1.4014846474086395
2691.5,1.4014897552070256
2692.5,1.401494858179357
2693.5,1.4014999563319612
2694.5,1.4015050496711556
2695.5,1.4015101382032464
2696.5,1.4015152219345297
2697.5,1.4015203008712906
2698.5,1.401525375019804
2699.5,1.4015304443863343
2700.5,1.4015355089771355
2701.5,1.4015405687984506
2702.5,1.401545623856513
2703.5,1.4015506741575445
2704.5,1.4015557197077582
2705.5,1.4015607605133553
2706.5,1.4015657965805273
2707.5,1.401570827915455
2708.5,1.40157585452431
2709.5,1.401580876413252
2710.5,1.4015858935884316
2711.5,1.4015909060559886
2712.5,1.4015959138220528
2713.5,1.401600916892744
2714.5,1.401605915274171
2715.5,1.4016109089724336
2716.5,1.4016158979936206
2717.5,1.4016208823438108
2718.5,1.4016258620290731
2719.5,1.4016308370554664
2720.5,1.4016358074290394
2721.5,1.4016407731558302
2722.5,1.4016457342418682
2723.5,1.4016506906931716
2724.5,1.401655642515749
2725.5,1.4016605897155991
2726.5,1.4016655322987108
2727.5,1.401670470271063
2728.5,1.4016754036386243
2729.5,1.401680332407354
2730.5,1.401685256583201
2731.5,1.4016901761721048
2732.5,1.401695091179995
2733.5,1.4017000016127912
2734.5,1.4017049074764034
2735.5,1.4017098087767317
2736.5,1.4017147055196666
2737.5,1.4017195977110888
2738.5,1.4017244853568693
2739.5,1.4017293684628693
2740.5,1.4017342470349408
2741.5,1.4017391210789254
2742.5,1.4017439906006557
2743.5,1.4017488556059545
2744.5,1.401753716100635
2745.5,1.4017585720905008
2746.5,1.4017634235813459
2747.5,1.401768270578955
2748.5,1.401773113089103
2749.5,1.4017779511175554
2750.5,1.4017827846700686
2751.5,1.4017876137523888
2752.5,1.4017924383702536
2753.5,1.4017972585293905
2754.5,1.401802074235518
2755.5,1.401806885494345
2756.5,1.4018116923115713
2757.5,1.4018164946928873
2758.5,1.4018212926439735
2759.5,1.401826086170502
2760.5,1.4018308752781352
2761.5,1.401835659972526
2762.5,1.4018404402593183
2763.5,1.401845216144147
2764.5,1.4018499876326374
2765.5,1.4018547547304057
2766.5,1.401859517443059
2767.5,1.4018642757761952
2768.5,1.401869029735403
2769.5,1.4018737793262623
2770.5,1.4018785245543437
2771.5,1.4018832654252082
2772.5,1.4018880019444089
2773.5,1.4018927341174885
2774.5,1.4018974619499818
2775.5,1.4019021854474136
2776.5,1.401906904615301
2777.5,1.4019116194591508
2778.5,1.4019163299844613
2779.5,1.4019210361967225
2780.5,1.4019257381014143
2781.5,1.401930435704009
2782.5,1.4019351290099686
2783.5,1.4019398180247478
2784.5,1.401944502753791
2785.5,1.4019491832025344
2786.5,1.4019538593764056
2787.5,1.4019585312808232
2788.5,1.401963198921197
2789.5,1.4019678623029275
2790.5,1.4019725214314076
2791.5,1.4019771763120208
2792.5,1.4019818269501416
2793.5,1.4019864733511362
2794.5,1.4019911155203622
2795.5,1.4019957534631684
2796.5,1.4020003871848947
2797.5,1.402005016690873
2798.5,1.4020096419864259
2799.5,1.402014263076868
2800.5,1.4020188799675044
2801.5,1.402023492663633
2802.5,1.4020281011705422
2803.5,1.402032705493512
2804.5,1.4020373056378141
2805.5,1.4020419016087116
2806.5,1.402046493411459
2807.5,1.4020510810513025
2808.5,1.4020556645334799
2809.5,1.4020602438632206
2810.5,1.4020648190457452
2811.5,1.4020693900862664
2812.5,1.4020739569899883
2813.5,1.4020785197621066
2814.5,1.4020830784078087
2815.5,1.4020876329322738
2816.5,1.4020921833406725
2817.5,1.4020967296381672
2818.5,1.4021012718299124
2819.5,1.402105809921054
2820.5,1.4021103439167293
2821.5,1.4021148738220681
2822.5,1.4021193996421915
2823.5,1.4021239213822125
2824.5,1.4021284390472362
2825.5,1.402132952642359
2826.5,1.4021374621726694
2827.5,1.402141967643248
2828.5,1.4021464690591672
2829.5,1.402150966425491
2830.5,1.4021554597472752
2831.5,1.4021599490295682
2832.5,1.40216443427741
2833.5,1.4021689154958321
2834.5,1.402173392689859
2835.5,1.4021778658645059
2836.5,1.4021823350247813
2837.5,1.4021868001756848
2838.5,1.402191261322208
2839.5,1.4021957184693357
2840.5,1.4022001716220434
2841.5,1.4022046207852994
2842.5,1.402209065964064
2843.5,1.4022135071632893
2844.5,1.4022179443879201
2845.5,1.402222377642893
2846.5,1.4022268069331367
2847.5,1.4022312322635722
2848.5,1.4022356536391123
2849.5,1.402240071064663
2850.5,1.4022444845451214
2851.5,1.4022488940853777
2852.5,1.4022532996903136
2853.5,1.4022577013648037
2854.5,1.4022620991137142
2855.5,1.4022664929419046
2856.5,1.4022708828542256
2857.5,1.4022752688555211
2858.5,1.4022796509506268
2859.5,1.4022840291443708
2860.5,1.402288403441574
2861.5,1.4022927738470492
2862.5,1.4022971403656017
2863.5,1.4023015030020294
2864.5,1.4023058617611226
2865.5,1.4023102166476638
2866.5,1.4023145676664284
2867.5,1.4023189148221835
2868.5,1.4023232581196894
2869.5,1.4023275975636988
2870.5,1.402331933158957
2871.5,1.402336264910201
2872.5,1.4023405928221613
2873.5,1.4023449168995605
2874.5,1.402349237147114
2875.5,1.4023535535695297
2876.5,1.4023578661715081
2877.5,1.402362174957742
2878.5,1.4023664799329174
2879.5,1.4023707811017123
2880.5,1.4023750784687983
2881.5,1.4023793720388384
2882.5,1.4023836618164893
2883.5,1.4023879478064003
2884.5,1.4023922300132128
2885.5,1.4023965084415613
2886.5,1.4024007830960732
2887.5,1.4024050539813684
2888.5,1.4024093211020596
2889.5,1.4024135844627525
2890.5,1.4024178440680453
2891.5,1.4024220999225292
2892.5,1.4024263520307882
2893.5,1.4024306003973992
2894.5,1.4024348450269315
2895.5,1.4024390859239477
2896.5,1.4024433230930036
2897.5,1.402447556538647
2898.5,1.4024517862654193
2899.5,1.4024560122778547
2900.5,1.4024602345804797
2901.5,1.402464453177815
2902.5,1.4024686680743732
2903.5,1.4024728792746601
2904.5,1.4024770867831746
2905.5,1.4024812906044088
2906.5,1.4024854907428475
2907.5,1.4024896872029686
2908.5,1.402493879989243
2909.5,1.4024980691061346
2910.5,1.402502254558101
2911.5,1.4025064363495916
2912.5,1.40251061448505
2913.5,1.402514788968913
2914.5,1.4025189598056091
2915.5,1.4025231269995615
2916.5,1.402527290555186
2917.5,1.402531450476891
2918.5,1.4025356067690793
2919.5,1.4025397594361453
2920.5,1.402543908482478
2921.5,1.4025480539124586
2922.5,1.4025521957304625
2923.5,1.4025563339408573
2924.5,1.4025604685480044
2925.5,1.4025645995562586
2926.5,1.4025687269699676
2927.5,1.4025728507934725
2928.5,1.4025769710311078
2929.5,1.4025810876872011
2930.5,1.4025852007660737
2931.5,1.40258931027204
2932.5,1.4025934162094074
2933.5,1.4025975185824773
2934.5,1.4026016173955442
2935.5,1.4026057126528957
2936.5,1.402609804358813
2937.5,1.4026138925175713
2938.5,1.4026179771334382
2939.5,1.402622058210675
2940.5,1.4026261357535372
2941.5,1.402630209766273
2942.5,1.4026342802531242
2943.5,1.4026383472183261
2944.5,1.4026424106661077
2945.5,1.4026464706006914
2946.5,1.402650527026293
2947.5,1.402654579947122
2948.5,1.4026586293673808
2949.5,1.4026626752912668
2950.5,1.4026667177229695
2951.5,1.4026707566666725
2952.5,1.4026747921265532
2953.5,1.4026788241067827
2954.5,1.402682852611525
2955.5,1.4026868776449384
2956.5,1.4026908992111746
2957.5,1.402694917314379
2958.5,1.4026989319586907
2959.5,1.402702943148242
2960.5,1.40270695088716
2961.5,1.402710955179564
2962.5,1.4027149560295684
2963.5,1.4027189534412805
2964.5,1.4027229474188014
2965.5,1.4027269379662264
2966.5,1.402730925087644
2967.5,1.4027349087871368
2968.5,1.402738889068781
2969.5,1.402742865936647
2970.5,1.4027468393947982
2971.5,1.4027508094472927
2972.5,1.4027547760981818
2973.5,1.4027587393515109
2974.5,1.4027626992113194
2975.5,1.40276665568164
2976.5,1.4027706087665
2977.5,1.40277455846992
2978.5,1.4027785047959147
2979.5,1.402782447748493
2980.5,1.4027863873316568
2981.5,1.4027903235494033
2982.5,1.4027942564057223
2983.5,1.4027981859045986
2984.5,1.4028021120500103
2985.5,1.4028060348459297
2986.5,1.4028099542963228
2987.5,1.4028138704051503
2988.5,1.4028177831763662
2989.5,1.4028216926139188
2990.5,1.4028255987217504
2991.5,1.4028295015037973
2992.5,1.4028334009639898
2993.5,1.4028372971062526
2994.5,1.4028411899345041
2995.5,1.402845079452657
2996.5,1.4028489656646177
2997.5,1.4028528485742873
2998.5,1.4028567281855604
2999.5,1.4028606045023262
3000.5,1.402864477528468
3001.5,1.402868347267863
3002.5,1.4028722137243823
3003.5,1.4028760769018922
3004.5,1.4028799368042522
3005.5,1.4028837934353162
3006.5,1.4028876467989324
3007.5,1.4028914968989437
3008.5,1.402895343739186
3009.5,1.4028991873234906
3010.5,1.4029030276556829
3011.5,1.4029068647395815
3012.5,1.4029106985790007
3013.5,1.402914529177748
3014.5,1.4029183565396257
3015.5,1.4029221806684304
3016.5,1.402926001567953
3017.5,1.4029298192419781
3018.5,1.4029336336942857
3019.5,1.4029374449286491
3020.5,1.4029412529488368
3021.5,1.402945057758611
3022.5,1.4029488593617285
3023.5,1.402952657761941
3024.5,1.4029564529629932
3025.5,1.402960244968626
3026.5,1.4029640337825733
3027.5,1.4029678194085642
3028.5,1.4029716018503218
3029.5,1.4029753811115637
3030.5,1.4029791571960024
3031.5,1.402982930107344
3032.5,1.40298669984929
3033.5,1.4029904664255357
3034.5,1.4029942298397713
3035.5,1.4029979900956813
3036.5,1.4030017471969447
3037.5,1.4030055011472349
3038.5,1.4030092519502204
3039.5,1.4030129996095635
3040.5,1.4030167441289214
3041.5,1.4030204855119461
3042.5,1.4030242237622836
3043.5,1.4030279588835752
3044.5,1.4030316908794558
3045.5,1.403035419753556
3046.5,1.4030391455095002
3047.5,1.4030428681509077
3048.5,1.4030465876813925
3049.5,1.4030503041045632
3050.5,1.403054017424023
3051.5,1.4030577276433696
3052.5,1.4030614347661958
3053.5,1.4030651387960886
3054.5,1.40306883973663
3055.5,1.4030725375913966
3056.5,1.4030762323639596
3057.5,1.403079924057885
3058.5,1.4030836126767336
3059.5,1.403087298224061
3060.5,1.403090980703417
3061.5,1.4030946601183472
3062.5,1.4030983364723908
3063.5,1.4031020097690823
3064.5,1.403105680011951
3065.5,1.4031093472045213
3066.5,1.4031130113503119
3067.5,1.4031166724528361
3068.5,1.4031203305156028
3069.5,1.4031239855421151
3070.5,1.4031276375358712
3071.5,1.4031312865003642
3072.5,1.403134932439082
3073.5,1.403138575355507
3074.5,1.403142215253117
3075.5,1.4031458521353843
3076.5,1.4031494860057767
3077.5,1.403153116867756
3078.5,1.4031567447247795
3079.5,1.4031603695802992
3080.5,1.4031639914377623
3081.5,1.4031676103006108
3082.5,1.4031712261722813
3083.5,1.403174839056206
3084.5,1.4031784489558115
3085.5,1.4031820558745194
3086.5,1.403185659815747
3087.5,1.4031892607829057
3088.5,1.4031928587794023
3089.5,1.4031964538086386
3090.5,1.4032000458740115
3091.5,1.4032036349789128
3092.5,1.403207221126729
3093.5,1.4032108043208424
3094.5,1.4032143845646299
3095.5,1.4032179618614635
3096.5,1.4032215362147102
3097.5,1.4032251076277322
3098.5,1.4032286761038868
3099.5,1.4032322416465262
3100.5,1.4032358042589979
3101.5,1.4032393639446448
3102.5,1.403242920706804
3103.5,1.403246474548809
3104.5,1.403250025473987
3105.5,1.4032535734856617
3106.5,1.4032571185871514
3107.5,1.4032606607817693
3108.5,1.403264200072824
3109.5,1.4032677364636192
3110.5,1.4032712699574543
3111.5,1.4032748005576232
3112.5,1.4032783282674153
3113.5,1.4032818530901152
3114.5,1.4032853750290029
3115.5,1.4032888940873534
3116.5,1.403292410268437
3117.5,1.4032959235755194
3118.5,1.403299434011861
3119.5,1.4033029415807186
3120.5,1.4033064462853428
3121.5,1.403309948128981
3122.5,1.4033134471148747
3123.5,1.4033169432462613
3124.5,1.4033204365263732
3125.5,1.4033239269584386
3126.5,1.4033274145456804
3127.5,1.4033308992913174
3128.5,1.4033343811985632
3129.5,1.4033378602706275
3130.5,1.4033413365107144
3131.5,1.403344809922024
3132.5,1.403348280507752
3133.5,1.4033517482710887
3134.5,1.4033552132152203
3135.5,1.4033586753433283
3136.5,1.4033621346585898
3137.5,1.403365591164177
3138.5,1.4033690448632576
3139.5,1.4033724957589953
3140.5,1.403375943854548
3141.5,1.4033793891530701
3142.5,1.4033828316577113
3143.5,1.4033862713716163
3144.5,1.4033897082979259
3145.5,1.4033931424397759
3146.5,1.4033965738002978
3147.5,1.4034000023826183
3148.5,1.4034034281898602
3149.5,1.4034068512251412
3150.5,1.4034102714915748
3151.5,1.4034136889922701
3152.5,1.4034171037303318
3153.5,1.4034205157088595
3154.5,1.4034239249309493
3155.5,1.4034273313996921
3156.5,1.4034307351181747
3157.5,1.4034341360894798
3158.5,1.4034375343166847
3159.5,1.4034409298028632
3160.5,1.4034443225510846
3161.5,1.4034477125644131
3162.5,1.4034510998459095
3163.5,1.4034544843986296
3164.5,1.403457866225625
3165.5,1.4034612453299427
3166.5,1.4034646217146256
3167.5,1.4034679953827123
3168.5,1.403471366337237
3169.5,1.4034747345812293
3170.5,1.4034781001177148
3171.5,1.4034814629497145
3172.5,1.4034848230802457
3173.5,1.4034881805123207
3174.5,1.4034915352489477
3175.5,1.4034948872931305
3176.5,1.4034982366478692
3177.5,1.4035015833161588
3178.5,1.403504927300991
3179.5,1.403508268605352
3180.5,1.403511607232225
3181.5,1.403514943184588
3182.5,1.4035182764654153
3183.5,1.4035216070776768
3184.5,1.4035249350243382
3185.5,1.4035282603083612
3186.5,1.4035315829327026
3187.5,1.403534902900316
3188.5,1.4035382202141498
3189.5,1.403541534877149
3190.5,1.403544846892254
3191.5,1.4035481562624013
3192.5,1.4035514629905226
3193.5,1.4035547670795465
3194.5,1.4035580685323967
3195.5,1.4035613673519927
3196.5,1.4035646635412502
3197.5,1.4035679571030808
3198.5,1.4035712480403917
3199.5,1.4035745363560863
3200.5,1.4035778220530635
3201.5,1.4035811051342182
3202.5,1.4035843856024417
3203.5,1.4035876634606206
3204.5,1.4035909387116376
3205.5,1.4035942113583715
3206.5,1.4035974814036971
3207.5,1.4036007488504845
3208.5,1.4036040137016006
3209.5,1.4036072759599076
3210.5,1.4036105356282642
3211.5,1.4036137927095247
3212.5,1.4036170472065392
3213.5,1.4036202991221545
3214.5,1.4036235484592126
3215.5,1.403626795220552
3216.5,1.4036300394090069
3217.5,1.4036332810274077
3218.5,1.403636520078581
3219.5,1.403639756565349
3220.5,1.40364299049053
3221.5,1.403646221856939
3222.5,1.4036494506673858
3223.5,1.4036526769246775
3224.5,1.4036559006316165
3225.5,1.4036591217910013
3226.5,1.403662340405627
3227.5,1.4036655564782845
3228.5,1.4036687700117603
3229.5,1.4036719810088378
3230.5,1.4036751894722959
3231.5,1.4036783954049097
3232.5,1.4036815988094509
3233.5,1.4036847996886868
3234.5,1.403687998045381
3235.5,1.403691193882293
3236.5,1.4036943872021785
3237.5,1.40369757800779
3238.5,1.4037007663018757
3239.5,1.4037039520871792
3240.5,1.4037071353664416
3241.5,1.4037103161423992
3242.5,1.403713494417785
3243.5,1.4037166701953279
3244.5,1.403719843477753
3245.5,1.403723014267782
3246.5,1.403726182568132
3247.5,1.403729348381517
3248.5,1.4037325117106472
3249.5,1.4037356725582288
3250.5,1.403738830926964
3251.5,1.403741986819552
3252.5,1.4037451402386871
3253.5,1.403748291187061
3254.5,1.4037514396673607
3255.5,1.4037545856822704
3256.5,1.4037577292344698
3257.5,1.403760870326635
3258.5,1.403764008961439
3259.5,1.40376714514155
3260.5,1.4037702788696338
3261.5,1.4037734101483512
3262.5,1.4037765389803603
3263.5,1.4037796653683148
3264.5,1.4037827893148653
3265.5,1.4037859108226585
3266.5,1.4037890298943372
3267.5,1.4037921465325407
3268.5,1.403795260739905
3269.5,1.4037983725190617
3270.5,1.4038014818726394
3271.5,1.4038045888032629
3272.5,1.403807693313553
3273.5,1.4038107954061276
3274.5,1.4038138950836003
3275.5,1.4038169923485813
3276.5,1.4038200872036775
3277.5,1.4038231796514917
3278.5,1.4038262696946233
3279.5,1.4038293573356684
3280.5,1.403832442577219
3281.5,1.403835525421864
3282.5,1.4038386058721883
3283.5,1.4038416839307735
3284.5,1.4038447596001977
3285.5,1.4038478328830353
3286.5,1.403850903781857
3287.5,1.4038539722992305
3288.5,1.4038570384377191
3289.5,1.4038601021998836
3290.5,1.4038631635882803
3291.5,1.4038662226054628
3292.5,1.4038692792539804
3293.5,1.4038723335363796
3294.5,1.4038753854552033
3295.5,1.4038784350129903
3296.5,1.4038814822122765
3297.5,1.4038845270555942
3298.5,1.403887569545472
3299.5,1.4038906096844355
3300.5,1.4038936474750061
3301.5,1.4038966829197026
3302.5,1.4038997160210396
3303.5,1.4039027467815286
3304.5,1.4039057752036777
3305.5,1.4039088012899914
3306.5,1.403911825042971
3307.5,1.403914846465114
3308.5,1.403917865558915
3309.5,1.4039208823268647
3310.5,1.4039238967714507
3311.5,1.403926908895157
3312.5,1.4039299187004641
3313.5,1.4039329261898494
3314.5,1.403935931365787
3315.5,1.4039389342307473
3316.5,1.4039419347871975
3317.5,1.4039449330376015
3318.5,1.4039479289844192
3319.5,1.4039509226301081
3320.5,1.403953913977122
3321.5,1.4039569030279109
3322.5,1.4039598897849221
3323.5,1.4039628742505992
3324.5,1.4039658564273825
3325.5,1.403968836317709
3326.5,1.4039718139240125
3327.5,1.4039747892487233
3328.5,1.4039777622942686
3329.5,1.4039807330630723
3330.5,1.4039837015575547
3331.5,1.403986667780133
3332.5,1.403989631733221
3333.5,1.4039925934192297
3334.5,1.403995552840566
3335.5,1.4039985099996346
3336.5,1.4040014648988357
3337.5,1.404004417540567
3338.5,1.4040073679272231
3339.5,1.4040103160611948
3340.5,1.40401326194487
3341.5,1.4040162055806333
3342.5,1.404019146970866
3343.5,1.4040220861179464
3344.5,1.404025023024249
3345.5,1.404027957692146
3346.5,1.4040308901240055
3347.5,1.4040338203221927
3348.5,1.40403674828907
3349.5,1.4040396740269963
3350.5,1.4040425975383268
3351.5,1.4040455188254144
3352.5,1.4040484378906082
3353.5,1.4040513547362545
3354.5,1.4040542693646965
3355.5,1.4040571817782734
3356.5,1.4040600919793222
3357.5,1.4040629999701766
3358.5,1.4040659057531666
3359.5,1.4040688093306197
3360.5,1.4040717107048597
3361.5,1.4040746098782078
3362.5,1.4040775068529814
3363.5,1.4040804016314956
3364.5,1.404083294216062
3365.5,1.4040861846089887
3366.5,1.4040890728125814
3367.5,1.404091958829142
3368.5,1.40409484266097
3369.5,1.4040977243103614
3370.5,1.4041006037796089
3371.5,1.4041034810710027
3372.5,1.4041063561868294
3373.5,1.404109229129373
3374.5,1.404112099900914
3375.5,1.40411496850373
3376.5,1.4041178349400956
3377.5,1.4041206992122823
3378.5,1.4041235613225587
3379.5,1.40412642127319
3380.5,1.4041292790664388
3381.5,1.4041321347045643
3382.5,1.4041349881898229
3383.5,1.4041378395244677
3384.5,1.4041406887107493
3385.5,1.4041435357509149
3386.5,1.4041463806472085
3387.5,1.4041492234018718
3388.5,1.4041520640171428
3389.5,1.4041549024952569
3390.5,1.4041577388384463
3391.5,1.4041605730489402
3392.5,1.404163405128965
3393.5,1.4041662350807445
3394.5,1.4041690629064985
3395.5,1.4041718886084444
3396.5,1.4041747121887973
3397.5,1.4041775336497682
3398.5,1.4041803529935657
3399.5,1.4041831702223955
3400.5,1.4041859853384604
3401.5,1.4041887983439598
3402.5,1.404191609241091
3403.5,1.4041944180320476
3404.5,1.4041972247190206
3405.5,1.404200029304198
3406.5,1.4042028317897652
3407.5,1.4042056321779042
3408.5,1.4042084304707945
3409.5,1.4042112266706124
3410.5,1.4042140207795315
3411.5,1.4042168127997223
3412.5,1.4042196027333531
3413.5,1.4042223905825881
3414.5,1.4042251763495899
3415.5,1.4042279600365175
3416.5,1.404230741645527
3417.5,1.4042335211787722
3418.5,1.4042362986384032
3419.5,1.4042390740265682
3420.5,1.4042418473454117
3421.5,1.4042446185970763
3422.5,1.4042473877837005
3423.5,1.404250154907421
3424.5,1.4042529199703717
3425.5,1.4042556829746828
3426.5,1.4042584439224826
3427.5,1.4042612028158958
3428.5,1.4042639596570452
3429.5,1.4042667144480496
3430.5,1.4042694671910265
3431.5,1.404272217888089
3432.5,1.4042749665413488
3433.5,1.404277713152914
3434.5,1.40428045772489
3435.5,1.4042832002593797
3436.5,1.4042859407584831
3437.5,1.4042886792242972
3438.5,1.4042914156589166
3439.5,1.404294150064433
3440.5,1.4042968824429356
3441.5,1.40429961279651
3442.5,1.40430234112724
3443.5,1.4043050674372062
3444.5,1.4043077917284865
3445.5,1.4043105140031562
3446.5,1.4043132342632878
3447.5,1.4043159525109512
3448.5,1.4043186687482132
3449.5,1.4043213829771382
3450.5,1.4043240951997877
3451.5,1.404326805418221
3452.5,1.404329513634494
3453.5,1.4043322198506603
3454.5,1.4043349240687706
3455.5,1.404337626290873
3456.5,1.4043403265190133
3457.5,1.4043430247552338
3458.5,1.404345721001575
3459.5,1.404348415260074
3460.5,1.4043511075327657
3461.5,1.404353797821682
3462.5,1.4043564861288527
3463.5,1.404359172456304
3464.5,1.4043618568060605
3465.5,1.4043645391801436
3466.5,1.4043672195805719
3467.5,1.4043698980093615
3468.5,1.4043725744685263
3469.5,1.404375248960077
3470.5,1.404377921486022
3471.5,1.4043805920483667
3472.5,1.4043832606491147
3473.5,1.4043859272902657
3474.5,1.4043885919738182
3475.5,1.404391254701767
3476.5,1.4043939154761047
3477.5,1.4043965742988216
3478.5,1.4043992311719051
3479.5,1.4044018860973397
3480.5,1.404404539077108
3481.5,1.4044071901131898
3482.5,1.4044098392075617
3483.5,1.4044124863621985
3484.5,1.4044151315790723
3485.5,1.404417774860152
3486.5,1.4044204162074052
3487.5,1.4044230556227955
3488.5,1.4044256931082848
3489.5,1.4044283286658326
3490.5,1.404430962297395
3491.5,1.4044335940049264
3492.5,1.4044362237903785
3493.5,1.4044388516556998
3494.5,1.4044414776028376
3495.5,1.404444101633735
3496.5,1.404446723750334
3497.5,1.4044493439545733
3498.5,1.4044519622483895
3499.5,1.4044545786337164
3500.5,1.4044571931124854
3501.5,1.4044598056866253
3502.5,1.4044624163580628
3503.5,1.4044650251287216
3504.5,1.4044676320005234
3505.5,1.4044702369753868
3506.5,1.4044728400552282
3507.5,1.404475441241962
3508.5,1.4044780405374995
3509.5,1.4044806379437498
3510.5,1.4044832334626192
3511.5,1.4044858270960123
3512.5,1.4044884188458304
3513.5,1.4044910087139728
3514.5,1.4044935967023364
3515.5,1.4044961828128153
3516.5,1.4044987670473015
3517.5,1.4045013494076843
3518.5,1.404503929895851
3519.5,1.4045065085136859
3520.5,1.404509085263071
3521.5,1.4045116601458865
3522.5,1.4045142331640095
3523.5,1.4045168043193146
3524.5,1.4045193736136745
3525.5,1.4045219410489593
3526.5,1.4045245066270367
3527.5,1.4045270703497719
3528.5,1.4045296322190275
3529.5,1.4045321922366645
3530.5,1.4045347504045405
3531.5,1.4045373067245115
3532.5,1.4045398611984306
3533.5,1.4045424138281488
3534.5,1.404544964615515
3535.5,1.4045475135623748
3536.5,1.4045500606705725
3537.5,1.4045526059419495
3538.5,1.4045551493783446
3539.5,1.4045576909815949
3540.5,1.4045602307535345
3541.5,1.4045627686959958
3542.5,1.4045653048108082
3543.5,1.404567839099799
3544.5,1.4045703715647937
3545.5,1.4045729022076145
3546.5,1.4045754310300822
3547.5,1.4045779580340143
3548.5,1.404580483221227
3549.5,1.4045830065935334
3550.5,1.4045855281527448
3551.5,1.4045880479006698
3552.5,1.404590565839115
3553.5,1.4045930819698842
3554.5,1.4045955962947796
3555.5,1.4045981088156008
3556.5,1.4046006195341447
3557.5,1.4046031284522067
3558.5,1.4046056355715795
3559.5,1.404608140894053
3560.5,1.4046106444214157
3561.5,1.4046131461554532
3562.5,1.4046156460979493
3563.5,1.4046181442506853
3564.5,1.4046206406154402
3565.5,1.4046231351939908
3566.5,1.4046256279881113
3567.5,1.4046281189995744
3568.5,1.40463060823015
3569.5,1.4046330956816058
3570.5,1.4046355813557072
3571.5,1.4046380652542176
3572.5,1.404640547378898
3573.5,1.4046430277315074
3574.5,1.404645506313802
3575.5,1.4046479831275365
3576.5,1.4046504581744625
3577.5,1.4046529314563307
3578.5,1.4046554029748881
3579.5,1.4046578727318806
3580.5,1.4046603407290512
3581.5,1.4046628069681408
3582.5,1.4046652714508887
3583.5,1.4046677341790315
3584.5,1.4046701951543032
3585.5,1.4046726543784365
3586.5,1.404675111853161
3587.5,1.4046775675802052
3588.5,1.4046800215612945
3589.5,1.4046824737981523
3590.5,1.4046849242925
3591.5,1.4046873730460567
3592.5,1.4046898200605398
3593.5,1.4046922653376637
3594.5,1.404694708879141
3595.5,1.4046971506866828
3596.5,1.4046995907619968
3597.5,1.4047020291067898
3598.5,1.4047044657227652
3599.5,1.4047069006116255
3600.5,1.40470933377507
3601.5,1.4047117652147965
3602.5,1.4047141949325006
3603.5,1.4047166229298755
3604.5,1.4047190492086126
3605.5,1.4047214737704008
3606.5,1.404723896616927
3607.5,1.4047263177498763
3608.5,1.4047287371709312
3609.5,1.4047311548817725
3610.5,1.4047335708840787
3611.5,1.404735985179526
3612.5,1.404738397769789
3613.5,1.4047408086565396
3614.5,1.404743217841448
3615.5,1.4047456253261825
3616.5,1.4047480311124085
3617.5,1.40475043520179
3618.5,1.404752837595989
3619.5,1.4047552382966648
3620.5,1.4047576373054753
3621.5,1.4047600346240756
3622.5,1.4047624302541195
3623.5,1.4047648241972581
3624.5,1.404767216455141
3625.5,1.4047696070294151
3626.5,1.404771995921726
3627.5,1.4047743831337163
3628.5,1.4047767686670272
3629.5,1.404779152523298
3630.5,1.4047815347041652
3631.5,1.4047839152112642
3632.5,1.4047862940462277
3633.5,1.4047886712106865
3634.5,1.4047910467062692
3635.5,1.404793420534603
3636.5,1.4047957926973125
3637.5,1.4047981631960202
3638.5,1.404800532032347
3639.5,1.4048028992079116
3640.5,1.4048052647243305
3641.5,1.4048076285832185
3642.5,1.404809990786188
3643.5,1.40481235133485
3644.5,1.4048147102308128
3645.5,1.4048170674756835
3646.5,1.404819423071066
3647.5,1.4048217770185636
3648.5,1.4048241293197765
3649.5,1.4048264799763037
3650.5,1.4048288289897415
3651.5,1.4048311763616848
3652.5,1.4048335220937265
3653.5,1.4048358661874567
3654.5,1.4048382086444648
3655.5,1.4048405494663374
3656.5,1.4048428886546591
3657.5,1.404845226211013
3658.5,1.4048475621369798
3659.5,1.4048498964341387
3660.5,1.4048522291040664
3661.5,1.4048545601483378
3662.5,1.4048568895685263
3663.5,1.404859217366203
3664.5,1.4048615435429368
3665.5,1.4048638681002952
3666.5,1.4048661910398432
3667.5,1.4048685123631446
3668.5,1.4048708320717604
3669.5,1.4048731501672505
3670.5,1.404875466651172
3671.5,1.404877781525081
3672.5,1.4048800947905309
3673.5,1.4048824064490737
3674.5,1.404884716502259
3675.5,1.4048870249516354
3676.5,1.4048893317987483
3677.5,1.4048916370451423
3678.5,1.4048939406923593
3679.5,1.40489624274194
3680.5,1.4048985431954226
3681.5,1.404900842054344
3682.5,1.4049031393202385
3683.5,1.404905434994639
3684.5,1.4049077290790766
3685.5,1.40491002157508
3686.5,1.4049123124841765
3687.5,1.4049146018078913
3688.5,1.404916889547748
3689.5,1.4049191757052677
3690.5,1.4049214602819702
3691.5,1.4049237432793735
3692.5,1.4049260246989932
3693.5,1.4049283045423435
3694.5,1.4049305828109366
3695.5,1.4049328595062829
3696.5,1.4049351346298906
3697.5,1.4049374081832664
3698.5,1.4049396801679153
3699.5,1.40494195058534
3700.5,1.4049442194370418
3701.5,1.4049464867245196
3702.5,1.4049487524492712
3703.5,1.404951016612792
3704.5,1.404953279216576
3705.5,1.4049555402621146
3706.5,1.4049577997508982
3707.5,1.4049600576844152
3708.5,1.4049623140641518
3709.5,1.4049645688915928
3710.5,1.404966822168221
3711.5,1.4049690738955172
3712.5,1.4049713240749608
3713.5,1.4049735727080295
3714.5,1.4049758197961981
3715.5,1.4049780653409412
3716.5,1.4049803093437303
3717.5,1.4049825518060357
3718.5,1.4049847927293257
3719.5,1.4049870321150673
3720.5,1.4049892699647248
3721.5,1.4049915062797615
3722.5,1.4049937410616387
3723.5,1.4049959743118157
3724.5,1.4049982060317503
3725.5,1.4050004362228985
3726.5,1.4050026648867144
3727.5,1.4050048920246503
3728.5,1.4050071176381569
3729.5,1.4050093417286829
3730.5,1.4050115642976755
3731.5,1.4050137853465798
3732.5,1.4050160048768399
3733.5,1.405018222889897
3734.5,1.4050204393871917
3735.5,1.405022654370162
3736.5,1.4050248678402446
3737.5,1.4050270797988742
3738.5,1.405029290247484
3739.5,1.405031499187505
3740.5,1.4050337066203675
3741.5,1.4050359125474987
3742.5,1.4050381169703252
3743.5,1.4050403198902712
3744.5,1.4050425213087596
3745.5,1.405044721227211
3746.5,1.405046919647045
3747.5,1.405049116569679
3748.5,1.4050513119965287
3749.5,1.4050535059290084
3750.5,1.4050556983685303
3751.5,1.4050578893165053
3752.5,1.4050600787743424
3753.5,1.4050622667434485
3754.5,1.4050644532252297
3755.5,1.4050666382210895
3756.5,1.40506882173243
3757.5,1.4050710037606522
3758.5,1.4050731843071544
3759.5,1.405075363373334
3760.5,1.4050775409605865
3761.5,1.405079717070305
3762.5,1.4050818917038825
3763.5,1.4050840648627088
3764.5,1.4050862365481727
3765.5,1.4050884067616614
3766.5,1.40509057550456
3767.5,1.4050927427782522
3768.5,1.4050949085841205
3769.5,1.4050970729235448
3770.5,1.405099235797904
3771.5,1.405101397208575
3772.5,1.4051035571569337
3773.5,1.4051057156443532
3774.5,1.4051078726722057
3775.5,1.405110028241862
3776.5,1.4051121823546906
3777.5,1.4051143350120587
3778.5,1.405116486215332
3779.5,1.4051186359658743
3780.5,1.4051207842650475
3781.5,1.4051229311142126
3782.5,1.4051250765147285
3783.5,1.4051272204679524
3784.5,1.40512936297524
3785.5,1.4051315040379455
3786.5,1.4051336436574215
3787.5,1.4051357818350185
3788.5,1.405137918572086
3789.5,1.4051400538699717
3790.5,1.4051421877300212
3791.5,1.4051443201535794
3792.5,1.4051464511419884
3793.5,1.4051485806965902
3794.5,1.4051507088187236
3795.5,1.4051528355097271
3796.5,1.405154960770937
3797.5,1.4051570846036878
3798.5,1.4051592070093128
3799.5,1.405161327989144
3800.5,1.4051634475445107
3801.5,1.405165565676742
3802.5,1.405167682387164
3803.5,1.4051697976771025
3804.5,1.4051719115478811
3805.5,1.4051740240008217
3806.5,1.405176135037245
3807.5,1.4051782446584695
3808.5,1.4051803528658133
3809.5,1.4051824596605917
3810.5,1.405184565044119
3811.5,1.405186669017708
3812.5,1.4051887715826694
3813.5,1.4051908727403133
3814.5,1.4051929724919474
3815.5,1.4051950708388783
3816.5,1.4051971677824107
3817.5,1.405199263323848
3818.5,1.405201357464492
3819.5,1.4052034502056427
3820.5,1.4052055415485991
3821.5,1.4052076314946582
3822.5,1.4052097200451157
3823.5,1.4052118072012656
3824.5,1.4052138929644005
3825.5,1.4052159773358113
3826.5,1.4052180603167876
3827.5,1.4052201419086172
3828.5,1.4052222221125867
3829.5,1.4052243009299807
3830.5,1.4052263783620829
3831.5,1.405228454410175
3832.5,1.4052305290755374
3833.5,1.4052326023594488
3834.5,1.4052346742631865
3835.5,1.4052367447880263
3836.5,1.4052388139352427
3837.5,1.4052408817061084
3838.5,1.4052429481018944
3839.5,1.4052450131238707
3840.5,1.4052470767733058
3841.5,1.405249139051466
3842.5,1.405251199959617
3843.5,1.4052532594990221
3844.5,1.405255317670944
3845.5,1.4052573744766435
3846.5,1.4052594299173795
3847.5,1.4052614839944104
3848.5,1.4052635367089923
3849.5,1.4052655880623799
3850.5,1.4052676380558269
3851.5,1.405269686690585
3852.5,1.4052717339679046
3853.5,1.405273779889035
3854.5,1.4052758244552233
3855.5,1.4052778676677156
3856.5,1.4052799095277566
3857.5,1.4052819500365894
3858.5,1.4052839891954556
3859.5,1.4052860270055954
3860.5,1.4052880634682472
3861.5,1.4052900985846488
3862.5,1.4052921323560357
3863.5,1.4052941647836423
3864.5,1.4052961958687016
3865.5,1.4052982256124449
3866.5,1.4053002540161021
3867.5,1.4053022810809024
3868.5,1.4053043068080722
3869.5,1.4053063311988376
3870.5,1.4053083542544227
3871.5,1.4053103759760504
3872.5,1.405312396364942
3873.5,1.4053144154223176
3874.5,1.4053164331493957
3875.5,1.4053184495473934
3876.5,1.4053204646175261
3877.5,1.4053224783610085
3878.5,1.4053244907790532
3879.5,1.4053265018728716
3880.5,1.4053285116436738
3881.5,1.4053305200926682
3882.5,1.4053325272210622
3883.5,1.4053345330300615
3884.5,1.4053365375208704
3885.5,1.4053385406946919
3886.5,1.4053405425527274
3887.5,1.4053425430961772
3888.5,1.4053445423262398
3889.5,1.405346540244113
3890.5,1.4053485368509924
3891.5,1.4053505321480726
3892.5,1.405352526136547
3893.5,1.4053545188176069
3894.5,1.405356510192443
3895.5,1.4053585002622442
3896.5,1.405360489028198
3897.5,1.405362476491491
3898.5,1.4053644626533077
3899.5,1.4053664475148315
3900.5,1.405368431077245
3901.5,1.4053704133417282
3902.5,1.405372394309461
3903.5,1.4053743739816211
3904.5,1.4053763523593852
3905.5,1.4053783294439286
3906.5,1.405380305236425
3907.5,1.405382279738047
3908.5,1.4053842529499656
3909.5,1.4053862248733509
3910.5,1.405388195509371
3911.5,1.405390164859193
3912.5,1.4053921329239831
3913.5,1.405394099704905
3914.5,1.405396065203122
3915.5,1.405398029419796
3916.5,1.405399992356087
3917.5,1.405401954013154
3918.5,1.4054039143921546
3919.5,1.4054058734942454
3920.5,1.4054078313205811
3921.5,1.4054097878723153
3922.5,1.4054117431506004
3923.5,1.4054136971565874
3924.5,1.4054156498914259
3925.5,1.4054176013562638
3926.5,1.4054195515522487
3927.5,1.405421500480526
3928.5,1.4054234481422396
3929.5,1.405425394538533
3930.5,1.4054273396705481
3931.5,1.4054292835394244
3932.5,1.4054312261463018
3933.5,1.4054331674923175
3934.5,1.405435107578608
3935.5,1.4054370464063084
3936.5,1.4054389839765529
3937.5,1.4054409202904734
3938.5,1.4054428553492013
3939.5,1.4054447891538668
3940.5,1.405446721705598
3941.5,1.4054486530055226
3942.5,1.4054505830547661
3943.5,1.4054525118544536
3944.5,1.4054544394057085
3945.5,1.4054563657096526
3946.5,1.4054582907674067
3947.5,1.4054602145800907
3948.5,1.4054621371488227
3949.5,1.4054640584747196
3950.5,1.4054659785588968
3951.5,1.405467897402469
3952.5,1.4054698150065494
3953.5,1.4054717313722496
3954.5,1.40547364650068
3955.5,1.4054755603929505
3956.5,1.4054774730501685
3957.5,1.405479384473441
3958.5,1.4054812946638733
3959.5,1.4054832036225697
3960.5,1.4054851113506333
3961.5,1.4054870178491656
3962.5,1.4054889231192669
3963.5,1.4054908271620365
3964.5,1.4054927299785722
3965.5,1.4054946315699708
3966.5,1.4054965319373276
3967.5,1.4054984310817367
3968.5,1.405500329004291
3969.5,1.405502225706082
3970.5,1.4055041211882002
3971.5,1.4055060154517347
3972.5,1.4055079084977735
3973.5,1.4055098003274031
3974.5,1.405511690941709
3975.5,1.4055135803417753
3976.5,1.4055154685286848
3977.5,1.4055173555035194
3978.5,1.4055192412673596
3979.5,1.4055211258212845
3980.5,1.405523009166372
3981.5,1.405524891303699
3982.5,1.405526772234341
3983.5,1.4055286519593724
3984.5,1.4055305304798662
3985.5,1.4055324077968943
3986.5,1.4055342839115272
3987.5,1.4055361588248347
3988.5,1.4055380325378846
3989.5,1.405539905051744
3990.5,1.405541776367479
3991.5,1.4055436464861537
3992.5,1.4055455154088319
3993.5,1.4055473831365755
3994.5,1.4055492496704451
3995.5,1.4055511150115012
3996.5,1.405552979160802
3997.5,1.4055548421194046
3998.5,1.4055567038883654
3999.5,1.4055585644687392
4000.5,1.40556042386158
4001.5,1.4055622820679399
4002.5,1.4055641390888707
4003.5,1.4055659949254222
4004.5,1.4055678495786437
4005.5,1.4055697030495826
4006.5,1.4055715553392858
4007.5,1.4055734064487986
4008.5,1.405575256379165
4009.5,1.4055771051314285
4010.5,1.4055789527066307
4011.5,1.4055807991058122
4012.5,1.4055826443300128
4013.5,1.4055844883802706
4014.5,1.4055863312576227
4015.5,1.4055881729631052
4016.5,1.4055900134977528
4017.5,1.4055918528625995
4018.5,1.4055936910586773
4019.5,1.4055955280870178
4020.5,1.405597363948651
4021.5,1.405599198644606
4022.5,1.4056010321759105
4023.5,1.4056028645435912
4024.5,1.4056046957486736
4025.5,1.4056065257921821
4026.5,1.4056083546751401
4027.5,1.4056101823985692
4028.5,1.4056120089634905
4029.5,1.4056138343709237
4030.5,1.4056156586218875
4031.5,1.4056174817173992
4032.5,1.4056193036584752
4033.5,1.4056211244461305
4034.5,1.4056229440813794
4035.5,1.4056247625652345
4036.5,1.4056265798987078
4037.5,1.4056283960828095
4038.5,1.4056302111185495
4039.5,1.4056320250069356
4040.5,1.4056338377489754
4041.5,1.405635649345675
4042.5,1.405637459798039
4043.5,1.4056392691070716
4044.5,1.405641077273775
4045.5,1.4056428842991513
4046.5,1.4056446901842006
4047.5,1.405646494929922
4048.5,1.4056482985373142
4049.5,1.4056501010073739
4050.5,1.405651902341097
4051.5,1.4056537025394786
4052.5,1.4056555016035124
4053.5,1.4056572995341907
4054.5,1.4056590963325053
4055.5,1.4056608919994464
4056.5,1.4056626865360033
4057.5,1.4056644799431646
4058.5,1.4056662722219166
4059.5,1.4056680633732457
4060.5,1.4056698533981369
4061.5,1.4056716422975735
4062.5,1.4056734300725386
4063.5,1.4056752167240134
4064.5,1.4056770022529788
4065.5,1.4056787866604137
4066.5,1.4056805699472967
4067.5,1.4056823521146047
4068.5,1.405684133163314
4069.5,1.4056859130943997
4070.5,1.4056876919088357
4071.5,1.4056894696075946
4072.5,1.405691246191648
4073.5,1.4056930216619672
4074.5,1.4056947960195212
4075.5,1.4056965692652788
4076.5,1.4056983414002073
4077.5,1.405700112425273
4078.5,1.4057018823414413
4079.5,1.4057036511496763
4080.5,1.4057054188509415
4081.5,1.4057071854461982
4082.5,1.405708950936408
4083.5,1.4057107153225308
4084.5,1.405712478605525
4085.5,1.4057142407863488
4086.5,1.405716001865959
4087.5,1.4057177618453105
4088.5,1.4057195207253588
4089.5,1.405721278507057
4090.5,1.4057230351913577
4091.5,1.405724790779212
4092.5,1.4057265452715708
4093.5,1.405728298669383
4094.5,1.4057300509735973
4095.5,1.4057318021851604
4096.5,1.4057335523050185
4097.5,1.4057353013341172
4098.5,1.4057370492734
4099.5,1.4057387961238101
4100.5,1.4057405418862898
4101.5,1.4057422865617795
4102.5,1.4057440301512196
4103.5,1.4057457726555485
4104.5,1.4057475140757043
4105.5,1.4057492544126236
4106.5,1.4057509936672423
4107.5,1.405752731840495
4108.5,1.4057544689333152
4109.5,1.4057562049466361
4110.5,1.4057579398813886
4111.5,1.4057596737385039
4112.5,1.4057614065189112
4113.5,1.4057631382235392
4114.5,1.405764868853315
4115.5,1.4057665984091656
4116.5,1.4057683268920163
4117.5,1.4057700543027916
4118.5,1.4057717806424146
4119.5,1.405773505911808
4120.5,1.4057752301118929
4121.5,1.40577695324359
4122.5,1.4057786753078185
4123.5,1.405780396305497
4124.5,1.4057821162375421
4125.5,1.405783835104871
4126.5,1.4057855529083987
4127.5,1.4057872696490392
4128.5,1.4057889853277061
4129.5,1.4057906999453118
4130.5,1.4057924135027673
4131.5,1.405794126000983
4132.5,1.4057958374408683
4133.5,1.4057975478233316
4134.5,1.40579925714928
4135.5,1.4058009654196195
4136.5,1.405802672635256
4137.5,1.4058043787970935
4138.5,1.4058060839060353
4139.5,1.405807787962984
4140.5,1.4058094909688406
4141.5,1.4058111929245056
4142.5,1.4058128938308785
4143.5,1.4058145936888575
4144.5,1.40581629249934
4145.5,1.4058179902632226
4146.5,1.4058196869814006
4147.5,1.4058213826547683
4148.5,1.4058230772842195
4149.5,1.4058247708706464
4150.5,1.4058264634149407
4151.5,1.4058281549179927
4152.5,1.4058298453806926
4153.5,1.4058315348039283
4154.5,1.4058332231885875
4155.5,1.4058349105355574
4156.5,1.4058365968457232
4157.5,1.4058382821199698
4158.5,1.4058399663591807
4159.5,1.4058416495642392
4160.5,1.4058433317360268
4161.5,1.4058450128754243
4162.5,1.4058466929833118
4163.5,1.4058483720605681
4164.5,1.405850050108071
4165.5,1.4058517271266981
4166.5,1.405853403117325
4167.5,1.4058550780808272
4168.5,1.4058567520180785
4169.5,1.4058584249299524
4170.5,1.4058600968173207
4171.5,1.4058617676810552
4172.5,1.4058634375220262
4173.5,1.405865106341103
4174.5,1.405866774139154
4175.5,1.4058684409170468
4176.5,1.405870106675648
4177.5,1.4058717714158235
4178.5,1.4058734351384374
4179.5,1.4058750978443542
4180.5,1.4058767595344361
4181.5,1.4058784202095453
4182.5,1.4058800798705429
4183.5,1.4058817385182885
4184.5,1.4058833961536414
4185.5,1.4058850527774598
4186.5,1.405886708390601
4187.5,1.405888362993921
4188.5,1.4058900165882755
4189.5,1.4058916691745187
4190.5,1.4058933207535043
4191.5,1.4058949713260847
4192.5,1.4058966208931116
4193.5,1.4058982694554358
4194.5,1.4058999170139073
4195.5,1.4059015635693746
4196.5,1.4059032091226862
4197.5,1.4059048536746885
4198.5,1.4059064972262283
4199.5,1.4059081397781505
4200.5,1.4059097813312995
4201.5,1.4059114218865185
4202.5,1.4059130614446504
4203.5,1.4059147000065364
4204.5,1.4059163375730175
4205.5,1.4059179741449332
4206.5,1.4059196097231228
4207.5,1.4059212443084237
4208.5,1.4059228779016733
4209.5,1.4059245105037075
4210.5,1.405926142115362
4211.5,1.4059277727374706
4212.5,1.405929402370867
4213.5,1.405931031016384
4214.5,1.4059326586748528
4215.5,1.4059342853471044
4216.5,1.4059359110339686
4217.5,1.4059375357362747
4218.5,1.4059391594548503
4219.5,1.4059407821905228
4220.5,1.4059424039441184
4221.5,1.4059440247164627
4222.5,1.4059456445083802
4223.5,1.4059472633206944
4224.5,1.405948881154228
4225.5,1.405950498009803
4226.5,1.4059521138882405
4227.5,1.4059537287903603
4228.5,1.4059553427169817
4229.5,1.4059569556689233
4230.5,1.405958567647002
4231.5,1.4059601786520353
4232.5,1.4059617886848381
4233.5,1.4059633977462256
4234.5,1.4059650058370115
4235.5,1.405966612958009
4236.5,1.4059682191100307
4237.5,1.4059698242938874
4238.5,1.4059714285103897
4239.5,1.4059730317603474
4240.5,1.4059746340445691
4241.5,1.4059762353638627
4242.5,1.4059778357190353
4243.5,1.405979435110893
4244.5,1.405981033540241
4245.5,1.4059826310078838
4246.5,1.4059842275146248
4247.5,1.405985823061267
4248.5,1.405987417648612
4249.5,1.405989011277461
4250.5,1.4059906039486139
4251.5,1.4059921956628703
4252.5,1.4059937864210281
4253.5,1.4059953762238853
4254.5,1.4059969650722386
4255.5,1.4059985529668837
4256.5,1.4060001399086157
4257.5,1.406001725898229
4258.5,1.4060033109365164
4259.5,1.4060048950242707
4260.5,1.4060064781622839
4261.5,1.406008060351346
4262.5,1.4060096415922476
4263.5,1.4060112218857774
4264.5,1.406012801232724
4265.5,1.4060143796338747
4266.5,1.406015957090016
4267.5,1.4060175336019336
4268.5,1.4060191091704126
4269.5,1.406020683796237
4270.5,1.4060222574801902
4271.5,1.4060238302230543
4272.5,1.4060254020256113
4273.5,1.4060269728886416
4274.5,1.4060285428129253
4275.5,1.4060301117992415
4276.5,1.4060316798483683
4277.5,1.4060332469610832
4278.5,1.406034813138163
4279.5,1.4060363783803835
4280.5,1.4060379426885194
4281.5,1.406039506063345
4282.5,1.4060410685056335
4283.5,1.4060426300161577
4284.5,1.406044190595689
4285.5,1.4060457502449986
4286.5,1.4060473089648562
4287.5,1.4060488667560311
4288.5,1.4060504236192921
4289.5,1.4060519795554063
4290.5,1.4060535345651406
4291.5,1.4060550886492613
4292.5,1.4060566418085334
4293.5,1.4060581940437211
4294.5,1.406059745355588
4295.5,1.4060612957448972
4296.5,1.4060628452124104
4297.5,1.4060643937588888
4298.5,1.4060659413850924
4299.5,1.4060674880917812
4300.5,1.4060690338797137
4301.5,1.406070578749648
4302.5,1.406072122702341
4303.5,1.406073665738549
4304.5,1.4060752078590277
4305.5,1.406076749064532
4306.5,1.4060782893558155
4307.5,1.4060798287336314
4308.5,1.4060813671987322
4309.5,1.4060829047518695
4310.5,1.4060844413937938
4311.5,1.4060859771252554
4312.5,1.406087511947003
4313.5,1.4060890458597857
4314.5,1.4060905788643505
4315.5,1.4060921109614444
4316.5,1.4060936421518135
4317.5,1.4060951724362032
4318.5,1.4060967018153576
4319.5,1.4060982302900207
4320.5,1.4060997578609353
4321.5,1.4061012845288434
4322.5,1.4061028102944866
4323.5,1.4061043351586051
4324.5,1.406105859121939
4325.5,1.4061073821852272
4326.5,1.406108904349208
4327.5,1.4061104256146189
4328.5,1.4061119459821962
4329.5,1.4061134654526761
4330.5,1.406114984026794
4331.5,1.406116501705284
4332.5,1.4061180184888795
4333.5,1.4061195343783135
4334.5,1.4061210493743184
4335.5,1.4061225634776249
4336.5,1.4061240766889638
4337.5,1.4061255890090651
4338.5,1.4061271004386575
4339.5,1.4061286109784694
4340.5,1.406130120629228
4341.5,1.4061316293916604
4342.5,1.4061331372664923
4343.5,1.406134644254449
4344.5,1.4061361503562548
4345.5,1.4061376555726337
4346.5,1.4061391599043083
4347.5,1.4061406633520008
4348.5,1.4061421659164328
4349.5,1.4061436675983248
4350.5,1.4061451683983968
4351.5,1.4061466683173678
4352.5,1.4061481673559564
4353.5,1.4061496655148802
4354.5,1.406151162794856
4355.5,1.4061526591966003
4356.5,1.406154154720828
4357.5,1.406155649368254
4358.5,1.4061571431395925
4359.5,1.4061586360355565
4360.5,1.406160128056858
4361.5,1.4061616192042095
4362.5,1.4061631094783213
4363.5,1.4061645988799039
4364.5,1.4061660874096666
4365.5,1.4061675750683182
4366.5,1.406169061856567
4367.5,1.4061705477751199
4368.5,1.4061720328246836
4369.5,1.4061735170059637
4370.5,1.4061750003196656
4371.5,1.4061764827664933
4372.5,1.4061779643471506
4373.5,1.4061794450623402
4374.5,1.4061809249127644
4375.5,1.4061824038991244
4376.5,1.406183882022121
4377.5,1.4061853592824545
4378.5,1.4061868356808236
4379.5,1.4061883112179268
4380.5,1.4061897858944623
4381.5,1.4061912597111268
4382.5,1.4061927326686168
4383.5,1.4061942047676277
4384.5,1.4061956760088548
4385.5,1.4061971463929919
4386.5,1.4061986159207325
4387.5,1.4062000845927694
4388.5,1.4062015524097946
4389.5,1.4062030193724995
4390.5,1.4062044854815745
4391.5,1.4062059507377096
4392.5,1.406207415141594
4393.5,1.4062088786939158
4394.5,1.406210341395363
4395.5,1.4062118032466229
4396.5,1.4062132642483813
4397.5,1.4062147244013241
4398.5,1.4062161837061362
4399.5,1.4062176421635015
4400.5,1.4062190997741038
4401.5,1.4062205565386259
4402.5,1.4062220124577494
4403.5,1.406223467532156
4404.5,1.4062249217625267
4405.5,1.406226375149541
4406.5,1.4062278276938782
4407.5,1.406229279396217
4408.5,1.4062307302572352
4409.5,1.4062321802776099
4410.5,1.4062336294580178
4411.5,1.4062350777991344
4412.5,1.406236525301635
4413.5,1.4062379719661935
4414.5,1.4062394177934843
4415.5,1.4062408627841798
4416.5,1.4062423069389527
4417.5,1.4062437502584746
4418.5,1.406245192743416
4419.5,1.4062466343944475
4420.5,1.4062480752122386
4421.5,1.406249515197458
4422.5,1.406250954350774
4423.5,1.406252392672854
4424.5,1.406253830164365
4425.5,1.4062552668259727
4426.5,1.4062567026583428
4427.5,1.4062581376621401
4428.5,1.4062595718380286
4429.5,1.4062610051866717
4430.5,1.4062624377087318
4431.5,1.4062638694048715
4432.5,1.4062653002757517
4433.5,1.406266730322033
4434.5,1.4062681595443758
4435.5,1.406269587943439
4436.5,1.4062710155198817
4437.5,1.4062724422743613
4438.5,1.4062738682075355
4439.5,1.4062752933200608
4440.5,1.406276717612593
4441.5,1.4062781410857876
4442.5,1.4062795637402992
4443.5,1.4062809855767815
4444.5,1.406282406595888
4445.5,1.4062838267982711
4446.5,1.4062852461845832
4447.5,1.4062866647554748
4448.5,1.406288082511597
4449.5,1.4062894994536
4450.5,1.4062909155821324
4451.5,1.406292330897843
4452.5,1.4062937454013802
4453.5,1.4062951590933908
4454.5,1.4062965719745217
4455.5,1.4062979840454186
4456.5,1.406299395306727
4457.5,1.4063008057590918
4458.5,1.4063022154031566
4459.5,1.4063036242395648
4460.5,1.4063050322689592
4461.5,1.406306439491982
4462.5,1.4063078459092742
4463.5,1.4063092515214766
4464.5,1.4063106563292294
4465.5,1.406312060333172
4466.5,1.4063134635339432
4467.5,1.406314865932181
4468.5,1.4063162675285228
4469.5,1.4063176683236058
4470.5,1.406319068318066
4471.5,1.4063204675125387
4472.5,1.406321865907659
4473.5,1.4063232635040612
4474.5,1.4063246603023787
4475.5,1.4063260563032445
4476.5,1.4063274515072912
4477.5,1.40632884591515
4478.5,1.4063302395274522
4479.5,1.4063316323448283
4480.5,1.4063330243679077
4481.5,1.4063344155973199
4482.5,1.4063358060336932
4483.5,1.4063371956776554
4484.5,1.4063385845298335
4485.5,1.4063399725908545
4486.5,1.4063413598613441
4487.5,1.4063427463419276
4488.5,1.4063441320332297
4489.5,1.4063455169358745
4490.5,1.4063469010504852
4491.5,1.4063482843776849
4492.5,1.4063496669180953
4493.5,1.406351048672338
4494.5,1.4063524296410344
4495.5,1.4063538098248043
4496.5,1.4063551892242672
4497.5,1.4063565678400425
4498.5,1.4063579456727484
4499.5,1.4063593227230025
4500.5,1.4063606989914221
4501.5,1.4063620744786238
4502.5,1.4063634491852233
4503.5,1.406364823111836
4504.5,1.4063661962590766
4505.5,1.4063675686275587
4506.5,1.4063689402178963
4507.5,1.4063703110307015
4508.5,1.4063716810665872
4509.5,1.4063730503261647
4510.5,1.4063744188100447
4511.5,1.4063757865188375
4512.5,1.4063771534531533
4513.5,1.4063785196136007
4514.5,1.4063798850007883
4515.5,1.406381249615324
4516.5,1.4063826134578152
4517.5,1.4063839765288686
4518.5,1.4063853388290897
4519.5,1.4063867003590844
4520.5,1.4063880611194577
4521.5,1.4063894211108132
4522.5,1.4063907803337548
4523.5,1.4063921387888856
4524.5,1.406393496476808
4525.5,1.4063948533981236
4526.5,1.4063962095534337
4527.5,1.406397564943339
4528.5,1.406398919568439
4529.5,1.4064002734293335
4530.5,1.4064016265266213
4531.5,1.4064029788609005
4532.5,1.4064043304327685
4533.5,1.4064056812428225
4534.5,1.4064070312916586
4535.5,1.4064083805798728
4536.5,1.4064097291080604
4537.5,1.4064110768768159
4538.5,1.406412423886733
4539.5,1.4064137701384054
4540.5,1.4064151156324258
4541.5,1.4064164603693865
4542.5,1.406417804349879
4543.5,1.4064191475744945
4544.5,1.406420490043823
4545.5,1.406421831758455
4546.5,1.4064231727189793
4547.5,1.4064245129259847
4548.5,1.4064258523800592
4549.5,1.4064271910817903
4550.5,1.406428529031765
4551.5,1.4064298662305696
4552.5,1.40643120267879
4553.5,1.4064325383770109
4554.5,1.4064338733258173
4555.5,1.4064352075257929
4556.5,1.4064365409775212
4557.5,1.406437873681585
4558.5,1.4064392056385668
4559.5,1.4064405368490478
4560.5,1.4064418673136094
4561.5,1.406443197032832
4562.5,1.4064445260072955
4563.5,1.4064458542375793
4564.5,1.406447181724262
4565.5,1.4064485084679221
4566.5,1.4064498344691372
4567.5,1.406451159728484
4568.5,1.4064524842465391
4569.5,1.4064538080238784
4570.5,1.4064551310610773
4571.5,1.4064564533587107
4572.5,1.4064577749173526
4573.5,1.4064590957375764
4574.5,1.4064604158199554
4575.5,1.4064617351650621
4576.5,1.4064630537734684
4577.5,1.4064643716457454
4578.5,1.4064656887824643
4579.5,1.4064670051841948
4580.5,1.4064683208515065
4581.5,1.406469635784969
4582.5,1.4064709499851507
4583.5,1.4064722634526192
4584.5,1.406473576187942
4585.5,1.406474888191686
4586.5,1.4064761994644175
4587.5,1.4064775100067022
4588.5,1.406478819819105
4589.5,1.4064801289021907
4590.5,1.406481437256523
4591.5,1.406482744882666
4592.5,1.406484051781182
4593.5,1.4064853579526337
4594.5,1.4064866633975825
4595.5,1.40648796811659
4596.5,1.406489272110217
4597.5,1.406490575379023
4598.5,1.406491877923568
4599.5,1.4064931797444111
4600.5,1.4064944808421105
4601.5,1.4064957812172243
4602.5,1.40649708087031
4603.5,1.4064983798019237
4604.5,1.4064996780126227
4605.5,1.4065009755029618
4606.5,1.4065022722734968
4607.5,1.406503568324782
4608.5,1.4065048636573714
4609.5,1.4065061582718188
4610.5,1.4065074521686771
4611.5,1.4065087453484986
4612.5,1.4065100378118354
4613.5,1.4065113295592386
4614.5,1.4065126205912593
4615.5,1.4065139109084472
4616.5,1.4065152005113528
4617.5,1.4065164894005246
4618.5,1.4065177775765119
4619.5,1.4065190650398622
4620.5,1.4065203517911233
4621.5,1.406521637830842
4622.5,1.4065229231595653
4623.5,1.4065242077778388
4624.5,1.406525491686208
4625.5,1.4065267748852175
4626.5,1.406528057375412
4627.5,1.4065293391573352
4628.5,1.4065306202315302
4629.5,1.4065319005985402
4630.5,1.4065331802589067
4631.5,1.406534459213172
4632.5,1.406535737461877
4633.5,1.4065370150055623
4634.5,1.406538291844768
4635.5,1.4065395679800334
4636.5,1.4065408434118982
4637.5,1.4065421181409001
4638.5,1.4065433921675776
4639.5,1.406544665492468
4640.5,1.4065459381161083
4641.5,1.4065472100390346
4642.5,1.406548481261783
4643.5,1.4065497517848886
4644.5,1.4065510216088866
4645.5,1.406552290734311
4646.5,1.4065535591616958
4647.5,1.406554826891574
4648.5,1.4065560939244786
4649.5,1.4065573602609414
4650.5,1.4065586259014944
4651.5,1.4065598908466688
4652.5,1.406561155096995
4653.5,1.4065624186530035
4654.5,1.4065636815152234
4655.5,1.4065649436841843
4656.5,1.4065662051604144
4657.5,1.4065674659444418
4658.5,1.4065687260367945
4659.5,1.406569985437999
4660.5,1.406571244148582
4661.5,1.4065725021690696
4662.5,1.4065737594999874
4663.5,1.40657501614186
4664.5,1.406576272095212
4665.5,1.4065775273605676
4666.5,1.40657878193845
4667.5,1.4065800358293823
4668.5,1.4065812890338867
4669.5,1.4065825415524853
4670.5,1.4065837933856997
4671.5,1.4065850445340504
4672.5,1.406586294998058
4673.5,1.4065875447782423
4674.5,1.406588793875123
4675.5,1.4065900422892186
4676.5,1.4065912900210478
4677.5,1.4065925370711283
4678.5,1.4065937834399773
4679.5,1.406595029128112
4680.5,1.4065962741360487
4681.5,1.406597518464303
4682.5,1.4065987621133906
4683.5,1.406600005083826
4684.5,1.4066012473761242
4685.5,1.4066024889907984
4686.5,1.4066037299283625
4687.5,1.4066049701893288
4688.5,1.40660620977421
4689.5,1.406607448683518
4690.5,1.4066086869177643
4691.5,1.4066099244774597
4692.5,1.4066111613631143
4693.5,1.4066123975752383
4694.5,1.406613633114341
4695.5,1.4066148679809314
4696.5,1.406616102175518
4697.5,1.4066173356986083
4698.5,1.4066185685507102
4699.5,1.4066198007323305
4700.5,1.4066210322439756
4701.5,1.4066222630861513
4702.5,1.4066234932593635
4703.5,1.4066247227641169
4704.5,1.406625951600916
4705.5,1.406627179770265
4706.5,1.4066284072726674
4707.5,1.406629634108626
4708.5,1.4066308602786435
4709.5,1.406632085783222
4710.5,1.4066333106228628
4711.5,1.4066345347980675
4712.5,1.4066357583093365
4713.5,1.40663698115717
4714.5,1.4066382033420672
4715.5,1.406639424864528
4716.5,1.4066406457250507
4717.5,1.4066418659241333
4718.5,1.406643085462274
4719.5,1.4066443043399697
4720.5,1.4066455225577175
4721.5,1.4066467401160132
4722.5,1.4066479570153532
4723.5,1.4066491732562323
4724.5,1.4066503888391457
4725.5,1.4066516037645878
4726.5,1.4066528180330524
4727.5,1.4066540316450329
4728.5,1.4066552446010223
4729.5,1.4066564569015132
4730.5,1.4066576685469974
4731.5,1.4066588795379666
4732.5,1.406660089874912
4733.5,1.4066612995583239
4734.5,1.4066625085886926
4735.5,1.4066637169665077
4736.5,1.4066649246922585
4737.5,1.4066661317664337
4738.5,1.4066673381895214
4739.5,1.4066685439620095
4740.5,1.4066697490843851
4741.5,1.4066709535571356
4742.5,1.4066721573807468
4743.5,1.406673360555705
4744.5,1.4066745630824953
4745.5,1.4066757649616028
4746.5,1.4066769661935123
4747.5,1.4066781667787076
4748.5,1.4066793667176725
4749.5,1.4066805660108896
4750.5,1.4066817646588423
4751.5,1.4066829626620123
4752.5,1.4066841600208815
4753.5,1.4066853567359312
4754.5,1.4066865528076424
4755.5,1.406687748236495
4756.5,1.4066889430229694
4757.5,1.4066901371675449
4758.5,1.4066913306707
4759.5,1.4066925235329142
4760.5,1.4066937157546646
4761.5,1.4066949073364297
4762.5,1.4066960982786858
4763.5,1.4066972885819102
4764.5,1.406698478246579
4765.5,1.406699667273168
4766.5,1.4067008556621525
4767.5,1.4067020434140074
4768.5,1.4067032305292073
4769.5,1.406704417008226
4770.5,1.406705602851537
4771.5,1.4067067880596134
4772.5,1.4067079726329281
4773.5,1.406709156571953
4774.5,1.40671033987716
4775.5,1.4067115225490203
4776.5,1.4067127045880048
4777.5,1.4067138859945838
4778.5,1.4067150667692272
4779.5,1.4067162469124048
4780.5,1.4067174264245854
4781.5,1.4067186053062375
4782.5,1.4067197835578296
4783.5,1.406720961179829
4784.5,1.4067221381727033
4785.5,1.4067233145369191
4786.5,1.406724490272943
4787.5,1.406725665381241
4788.5,1.4067268398622783
4789.5,1.40672801371652
4790.5,1.4067291869444307
4791.5,1.406730359546475
4792.5,1.4067315315231161
4793.5,1.4067327028748176
4794.5,1.4067338736020423
4795.5,1.4067350437052524
4796.5,1.4067362131849102
4797.5,1.406737382041477
4798.5,1.406738550275414
4799.5,1.4067397178871819
4800.5,1.406740884877241
4801.5,1.4067420512460507
4802.5,1.4067432169940708
4803.5,1.4067443821217602
4804.5,1.406745546629577
4805.5,1.4067467105179798
4806.5,1.4067478737874257
4807.5,1.4067490364383723
4808.5,1.4067501984712762
4809.5,1.4067513598865937
4810.5,1.4067525206847806
4811.5,1.4067536808662926
4812.5,1.4067548404315846
4813.5,1.4067559993811112
4814.5,1.4067571577153266
4815.5,1.4067583154346845
4816.5,1.4067594725396384
4817.5,1.406760629030641
4818.5,1.4067617849081446
4819.5,1.4067629401726018
4820.5,1.4067640948244637
4821.5,1.4067652488641815
4822.5,1.4067664022922064
4823.5,1.4067675551089884
4824.5,1.4067687073149775
4825.5,1.406769858910623
4826.5,1.4067710098963742
4827.5,1.4067721602726795
4828.5,1.4067733100399875
4829.5,1.4067744591987457
4830.5,1.4067756077494016
4831.5,1.406776755692402
4832.5,1.4067779030281937
4833.5,1.4067790497572226
4834.5,1.4067801958799344
4835.5,1.4067813413967745
4836.5,1.4067824863081875
4837.5,1.4067836306146182
4838.5,1.4067847743165105
4839.5,1.4067859174143078
4840.5,1.4067870599084535
4841.5,1.4067882017993902
4842.5,1.4067893430875607
4843.5,1.4067904837734064
4844.5,1.406791623857369
4845.5,1.4067927633398898
4846.5,1.4067939022214093
4847.5,1.406795040502368
4848.5,1.4067961781832052
4849.5,1.4067973152643611
4850.5,1.4067984517462744
4851.5,1.4067995876293837
4852.5,1.4068007229141273
4853.5,1.4068018576009431
4854.5,1.4068029916902685
4855.5,1.40680412518254
4856.5,1.406805258078195
4857.5,1.406806390377669
4858.5,1.4068075220813985
4859.5,1.406808653189818
4860.5,1.406809783703363
4861.5,1.406810913622468
4862.5,1.406812042947567
4863.5,1.406813171679094
4864.5,1.4068142998174817
4865.5,1.406815427363164
4866.5,1.4068165543165725
4867.5,1.4068176806781398
4868.5,1.4068188064482976
4869.5,1.4068199316274772
4870.5,1.4068210562161092
4871.5,1.4068221802146246
4872.5,1.4068233036234532
4873.5,1.406824426443025
4874.5,1.4068255486737689
4875.5,1.4068266703161139
4876.5,1.4068277913704885
4877.5,1.4068289118373212
4878.5,1.4068300317170392
4879.5,1.4068311510100702
4880.5,1.4068322697168407
4881.5,1.4068333878377774
4882.5,1.4068345053733067
4883.5,1.406835622323854
4884.5,1.4068367386898446
4885.5,1.4068378544717037
4886.5,1.4068389696698556
4887.5,1.4068400842847244
4888.5,1.406841198316734
4889.5,1.4068423117663076
4890.5,1.4068434246338684
4891.5,1.4068445369198386
4892.5,1.4068456486246406
4893.5,1.4068467597486962
4894.5,1.4068478702924267
4895.5,1.4068489802562534
4896.5,1.4068500896405964
4897.5,1.4068511984458762
4898.5,1.4068523066725125
4899.5,1.4068534143209248
4900.5,1.4068545213915322
4901.5,1.4068556278847535
4902.5,1.4068567338010065
4903.5,1.4068578391407094
4904.5,1.4068589439042798
4905.5,1.4068600480921345
4906.5,1.4068611517046903
4907.5,1.4068622547423637
4908.5,1.4068633572055707
4909.5,1.4068644590947266
4910.5,1.4068655604102467
4911.5,1.4068666611525458
4912.5,1.4068677613220382
4913.5,1.406868860919138
4914.5,1.4068699599442591
4915.5,1.4068710583978143
4916.5,1.406872156280217
4917.5,1.406873253591879
4918.5,1.406874350333213
4919.5,1.4068754465046307
4920.5,1.4068765421065432
4921.5,1.4068776371393616
4922.5,1.4068787316034965
4923.5,1.4068798254993582
4924.5,1.406880918827356
4925.5,1.4068820115879004
4926.5,1.4068831037813996
4927.5,1.4068841954082625
4928.5,1.4068852864688977
4929.5,1.4068863769637128
4930.5,1.4068874668931155
4931.5,1.4068885562575133
4932.5,1.4068896450573125
4933.5,1.40689073329292
4934.5,1.4068918209647414
4935.5,1.406892908073183
4936.5,1.4068939946186496
4937.5,1.4068950806015463
4938.5,1.4068961660222778
4939.5,1.4068972508812485
4940.5,1.4068983351788618
4941.5,1.4068994189155213
4942.5,1.40690050209163
4943.5,1.4069015847075912
4944.5,1.4069026667638065
4945.5,1.4069037482606783
4946.5,1.4069048291986082
4947.5,1.4069059095779972
4948.5,1.4069069893992463
4949.5,1.4069080686627562
4950.5,1.4069091473689268
4951.5,1.406910225518158
4952.5,1.406911303110849
4953.5,1.4069123801473993
4954.5,1.406913456628207
4955.5,1.406914532553671
4956.5,1.4069156079241887
4957.5,1.4069166827401578
4958.5,1.4069177570019757
4959.5,1.4069188307100393
4960.5,1.4069199038647449
4961.5,1.4069209764664885
4962.5,1.4069220485156662
4963.5,1.4069231200126733
4964.5,1.4069241909579044
4965.5,1.4069252613517549
4966.5,1.4069263311946185
4967.5,1.4069274004868895
4968.5,1.4069284692289612
4969.5,1.4069295374212272
4970.5,1.4069306050640802
4971.5,1.4069316721579126
4972.5,1.4069327387031165
4973.5,1.4069338047000841
4974.5,1.4069348701492064
4975.5,1.4069359350508748
4976.5,1.4069369994054797
4977.5,1.4069380632134116
4978.5,1.4069391264750606
4979.5,1.4069401891908162
4980.5,1.406941251361068
4981.5,1.4069423129862046
4982.5,1.4069433740666146
4983.5,1.4069444346026865
4984.5,1.4069454945948079
4985.5,1.4069465540433665
4986.5,1.4069476129487495
4987.5,1.4069486713113435
4988.5,1.406949729131535
4989.5,1.4069507864097104
4990.5,1.406951843146255
4991.5,1.4069528993415545
4992.5,1.4069539549959942
4993.5,1.4069550101099584
4994.5,1.4069560646838315
4995.5,1.4069571187179977
4996.5,1.4069581722128404
4997.5,1.4069592251687433
4998.5,1.4069602775860888
4999.5,1.40696132946526
5000.5,1.4069623808066392
5001.5,1.4069634316106079
5002.5,1.4069644818775477
5003.5,1.4069655316078404
5004.5,1.4069665808018663
5005.5,1.406967629460006
5006.5,1.40696867758264
5007.5,1.4069697251701478
5008.5,1.406970772222909
5009.5,1.406971818741303
5010.5,1.406972864725708
5011.5,1.4069739101765033
5012.5,1.4069749550940662
5013.5,1.4069759994787752
5014.5,1.4069770433310071
5015.5,1.4069780866511394
5016.5,1.4069791294395486
5017.5,1.4069801716966115
5018.5,1.4069812134227038
5019.5,1.4069822546182011
5020.5,1.4069832952834793
5021.5,1.4069843354189129
5022.5,1.406985375024877
5023.5,1.4069864141017459
5024.5,1.4069874526498936
5025.5,1.4069884906696937
5026.5,1.4069895281615197
5027.5,1.4069905651257444
5028.5,1.4069916015627406
5029.5,1.4069926374728807
5030.5,1.4069936728565366
5031.5,1.40699470771408
5032.5,1.4069957420458823
5033.5,1.4069967758523145
5034.5,1.4069978091337472
5035.5,1.4069988418905508
5036.5,1.4069998741230951
5037.5,1.40700090583175
5038.5,1.407001937016885
5039.5,1.4070029676788682
5040.5,1.4070039978180693
5041.5,1.4070050274348562
5042.5,1.4070060565295968
5043.5,1.4070070851026588
5044.5,1.4070081131544097
5045.5,1.4070091406852165
5046.5,1.4070101676954456
5047.5,1.4070111941854635
5048.5,1.4070122201556363
5049.5,1.4070132456063296
5050.5,1.4070142705379087
5051.5,1.4070152949507388
5052.5,1.4070163188451845
5053.5,1.40701734222161
5054.5,1.4070183650803796
5055.5,1.4070193874218568
5056.5,1.407020409246405
5057.5,1.4070214305543873
5058.5,1.4070224513461667
5059.5,1.4070234716221053
5060.5,1.4070244913825651
5061.5,1.4070255106279081
5062.5,1.4070265293584958
5063.5,1.407027547574689
5064.5,1.4070285652768484
5065.5,1.407029582465335
5066.5,1.4070305991405083
5067.5,1.4070316153027287
5068.5,1.4070326309523553
5069.5,1.4070336460897475
5070.5,1.4070346607152637
5071.5,1.407035674829263
5072.5,1.4070366884321033
5073.5,1.4070377015241424
5074.5,1.407038714105738
5075.5,1.4070397261772474
5076.5,1.4070407377390275
5077.5,1.4070417487914346
5078.5,1.4070427593348254
5079.5,1.4070437693695557
5080.5,1.407044778895981
5081.5,1.4070457879144567
5082.5,1.407046796425338
5083.5,1.4070478044289791
5084.5,1.407048811925735
5085.5,1.4070498189159595
5086.5,1.407050825400006
5087.5,1.4070518313782283
5088.5,1.4070528368509796
5089.5,1.4070538418186125
5090.5,1.4070548462814794
5091.5,1.4070558502399324
5092.5,1.4070568536943235
5093.5,1.4070578566450045
5094.5,1.407058859092326
5095.5,1.4070598610366396
5096.5,1.4070608624782954
5097.5,1.4070618634176437
5098.5,1.4070628638550347
5099.5,1.407063863790818
5100.5,1.4070648632253426
5101.5,1.407065862158958
5102.5,1.407066860592013
5103.5,1.4070678585248553
5104.5,1.4070688559578335
5105.5,1.4070698528912955
5106.5,1.4070708493255886
5107.5,1.40707184526106
5108.5,1.4070728406980564
5109.5,1.4070738356369246
5110.5,1.4070748300780107
5111.5,1.4070758240216605
5112.5,1.40707681746822
5113.5,1.4070778104180344
5114.5,1.4070788028714485
5115.5,1.4070797948288072
5116.5,1.4070807862904549
5117.5,1.4070817772567357
5118.5,1.4070827677279931
5119.5,1.407083757704571
5120.5,1.4070847471868122
5121.5,1.40708573617506
5122.5,1.4070867246696566
5123.5,1.4070877126709445
5124.5,1.4070887001792656
5125.5,1.4070896871949614
5126.5,1.4070906737183735
5127.5,1.4070916597498426
5128.5,1.4070926452897101
5129.5,1.4070936303383157
5130.5,1.407094614896
5131.5,1.4070955989631029
5132.5,1.4070965825399635
5133.5,1.4070975656269213
5134.5,1.4070985482243155
5135.5,1.4070995303324845
5136.5,1.4071005119517666
5137.5,1.4071014930824999
5138.5,1.407102473725022
5139.5,1.4071034538796705
5140.5,1.4071044335467828
5141.5,1.4071054127266953
5142.5,1.4071063914197448
5143.5,1.4071073696262673
5144.5,1.407108347346599
5145.5,1.4071093245810757
5146.5,1.4071103013300326
5147.5,1.4071112775938046
5148.5,1.4071122533727265
5149.5,1.407113228667133
5150.5,1.4071142034773583
5151.5,1.407115177803736
5152.5,1.4071161516466
5153.5,1.4071171250062833
5154.5,1.407118097883119
5155.5,1.4071190702774399
5156.5,1.4071200421895784
5157.5,1.4071210136198666
5158.5,1.4071219845686362
5159.5,1.407122955036219
5160.5,1.407123925022946
5161.5,1.4071248945291484
5162.5,1.4071258635551565
5163.5,1.407126832101301
5164.5,1.407127800167912
5165.5,1.407128767755319
5166.5,1.4071297348638516
5167.5,1.4071307014938392
5168.5,1.4071316676456105
5169.5,1.4071326333194942
5170.5,1.4071335985158187
5171.5,1.407134563234912
5172.5,1.4071355274771018
5173.5,1.4071364912427158
5174.5,1.4071374545320807
5175.5,1.4071384173455241
5176.5,1.407139379683372
5177.5,1.4071403415459511
5178.5,1.4071413029335873
5179.5,1.4071422638466065
5180.5,1.4071432242853337
5181.5,1.4071441842500947
5182.5,1.407145143741214
5183.5,1.4071461027590162
5184.5,1.407147061303826
5185.5,1.407148019375967
5186.5,1.4071489769757632
5187.5,1.407149934103538
5188.5,1.4071508907596146
5189.5,1.407151846944316
5190.5,1.4071528026579647
5191.5,1.407153757900883
5192.5,1.4071547126733932
5193.5,1.407155666975817
5194.5,1.4071566208084756
5195.5,1.4071575741716906
5196.5,1.4071585270657827
5197.5,1.4071594794910727
5198.5,1.407160431447881
5199.5,1.4071613829365273
5200.5,1.4071623339573318
5201.5,1.4071632845106141
5202.5,1.407164234596693
5203.5,1.407165184215888
5204.5,1.4071661333685175
5205.5,1.4071670820549
5206.5,1.4071680302753535
5207.5,1.4071689780301961
5208.5,1.4071699253197454
5209.5,1.4071708721443184
5210.5,1.4071718185042321
5211.5,1.4071727643998038
5212.5,1.4071737098313495
5213.5,1.4071746547991855
5214.5,1.4071755993036277
5215.5,1.4071765433449919
5216.5,1.4071774869235933
5217.5,1.4071784300397472
5218.5,1.4071793726937682
5219.5,1.4071803148859712
5220.5,1.40718125661667
5221.5,1.4071821978861787
5222.5,1.4071831386948115
5223.5,1.4071840790428813
5224.5,1.4071850189307016
5225.5,1.407185958358585
5226.5,1.4071868973268447
5227.5,1.4071878358357925
5228.5,1.407188773885741
5229.5,1.4071897114770013
5230.5,1.4071906486098857
5231.5,1.407191585284705
5232.5,1.4071925215017704
5233.5,1.4071934572613929
5234.5,1.4071943925638823
5235.5,1.4071953274095494
5236.5,1.4071962617987042
5237.5,1.4071971957316558
5238.5,1.407198129208714
5239.5,1.4071990622301875
5240.5,1.4071999947963858
5241.5,1.4072009269076171
5242.5,1.4072018585641897
5243.5,1.4072027897664119
5244.5,1.407203720514591
5245.5,1.4072046508090352
5246.5,1.4072055806500512
5247.5,1.4072065100379463
5248.5,1.4072074389730271
5249.5,1.4072083674556
5250.5,1.4072092954859714
5251.5,1.4072102230644468
5252.5,1.4072111501913325
5253.5,1.4072120768669332
5254.5,1.4072130030915546
5255.5,1.4072139288655012
5256.5,1.4072148541890777
5257.5,1.4072157790625885
5258.5,1.4072167034863379
5259.5,1.4072176274606292
5260.5,1.4072185509857662
5261.5,1.4072194740620523
5262.5,1.4072203966897905
5263.5,1.4072213188692835
5264.5,1.4072222406008337
5265.5,1.4072231618847435
5266.5,1.4072240827213147
5267.5,1.4072250031108493
5268.5,1.4072259230536486
5269.5,1.4072268425500138
5270.5,1.4072277616002458
5271.5,1.4072286802046454
5272.5,1.407229598363513
5273.5,1.4072305160771486
5274.5,1.4072314333458522
5275.5,1.4072323501699235
5276.5,1.4072332665496619
5277.5,1.4072341824853665
5278.5,1.407235097977336
5279.5,1.4072360130258692
5280.5,1.4072369276312644
5281.5,1.4072378417938198
5282.5,1.407238755513833
5283.5,1.407239668791602
5284.5,1.4072405816274236
5285.5,1.4072414940215954
5286.5,1.4072424059744137
5287.5,1.4072433174861756
5288.5,1.407244228557177
5289.5,1.407245139187714
5290.5,1.4072460493780825
5291.5,1.4072469591285781
5292.5,1.4072478684394962
5293.5,1.4072487773111315
5294.5,1.4072496857437788
5295.5,1.407250593737733
5296.5,1.407251501293288
5297.5,1.407252408410738
5298.5,1.407253315090377
5299.5,1.407254221332498
5300.5,1.4072551271373945
5301.5,1.4072560325053598
5302.5,1.4072569374366863
5303.5,1.4072578419316666
5304.5,1.407258745990593
5305.5,1.4072596496137575
5306.5,1.4072605528014521
5307.5,1.4072614555539678
5308.5,1.4072623578715964
5309.5,1.4072632597546284
5310.5,1.407264161203355
5311.5,1.4072650622180665
5312.5,1.4072659627990534
5313.5,1.4072668629466052
5314.5,1.4072677626610122
5315.5,1.4072686619425638
5316.5,1.407269560791549
5317.5,1.4072704592082572
5318.5,1.407271357192977
5319.5,1.4072722547459968
5320.5,1.4072731518676052
5321.5,1.40727404855809
5322.5,1.407274944817739
5323.5,1.40727584064684
5324.5,1.40727673604568
5325.5,1.407277631014546
5326.5,1.4072785255537252
5327.5,1.407279419663504
5328.5,1.4072803133441685
5329.5,1.407281206596005
5330.5,1.4072820994192992
5331.5,1.407282991814337
5332.5,1.4072838837814035
5333.5,1.4072847753207836
5334.5,1.4072856664327624
5335.5,1.4072865571176247
5336.5,1.4072874473756547
5337.5,1.4072883372071363
5338.5,1.4072892266123538
5339.5,1.4072901155915907
5340.5,1.40729100414513
5341.5,1.4072918922732556
5342.5,1.4072927799762498
5343.5,1.4072936672543959
5344.5,1.4072945541079755
5345.5,1.4072954405372715
5346.5,1.4072963265425658
5347.5,1.4072972121241398
5348.5,1.4072980972822753
5349.5,1.4072989820172532
5350.5,1.4072998663293548
5351.5,1.4073007502188608
5352.5,1.4073016336860515
5353.5,1.4073025167312077
5354.5,1.407303399354609
5355.5,1.4073042815565353
5356.5,1.4073051633372662
5357.5,1.407306044697081
5358.5,1.4073069256362591
5359.5,1.4073078061550792
5360.5,1.4073086862538196
5361.5,1.407309565932759
5362.5,1.4073104451921756
5363.5,1.4073113240323472
5364.5,1.4073122024535516
5365.5,1.407313080456066
5366.5,1.407313958040168
5367.5,1.4073148352061342
5368.5,1.4073157119542414
5369.5,1.4073165882847665
5370.5,1.4073174641979853
5371.5,1.407318339694174
5372.5,1.4073192147736084
5373.5,1.4073200894365643
5374.5,1.4073209636833166
5375.5,1.407321837514141
5376.5,1.4073227109293118
5377.5,1.4073235839291038
5378.5,1.4073244565137917
5379.5,1.4073253286836493
5380.5,1.4073262004389508
5381.5,1.40732707177997
5382.5,1.40732794270698
5383.5,1.4073288132202544
5384.5,1.407329683320066
5385.5,1.4073305530066877
5386.5,1.407331422280392
5387.5,1.4073322911414514
5388.5,1.4073331595901377
5389.5,1.4073340276267232
5390.5,1.407334895251479
5391.5,1.4073357624646772
5392.5,1.4073366292665883
5393.5,1.4073374956574836
5394.5,1.4073383616376338
5395.5,1.4073392272073093
5396.5,1.4073400923667805
5397.5,1.4073409571163173
5398.5,1.4073418214561897
5399.5,1.4073426853866673
5400.5,1.407343548908019
5401.5,1.4073444120205147
5402.5,1.4073452747244226
5403.5,1.407346137020012
5404.5,1.4073469989075507
5405.5,1.4073478603873075
5406.5,1.40734872145955
5407.5,1.4073495821245463
5408.5,1.4073504423825636
5409.5,1.4073513022338695
5410.5,1.4073521616787312
5411.5,1.4073530207174152
5412.5,1.4073538793501885
5413.5,1.4073547375773174
5414.5,1.407355595399068
5415.5,1.4073564528157065
5416.5,1.4073573098274985
5417.5,1.4073581664347095
5418.5,1.407359022637605
5419.5,1.40735987843645
5420.5,1.4073607338315093
5421.5,1.4073615888230477
5422.5,1.4073624434113294
5423.5,1.4073632975966188
5424.5,1.40736415137918
5425.5,1.4073650047592763
5426.5,1.4073658577371715
5427.5,1.407366710313129
5428.5,1.407367562487412
5429.5,1.4073684142602831
5430.5,1.4073692656320052
5431.5,1.4073701166028403
5432.5,1.407370967173051
5433.5,1.4073718173428993
5434.5,1.407372667112647
5435.5,1.4073735164825554
5436.5,1.407374365452886
5437.5,1.4073752140239
5438.5,1.4073760621958582
5439.5,1.4073769099690212
5440.5,1.4073777573436497
5441.5,1.4073786043200038
5442.5,1.4073794508983437
5443.5,1.4073802970789289
5444.5,1.407381142862019
5445.5,1.407381988247874
5446.5,1.4073828332367522
5447.5,1.4073836778289133
5448.5,1.4073845220246153
5449.5,1.4073853658241173
5450.5,1.4073862092276777
5451.5,1.4073870522355538
5452.5,1.4073878948480043
5453.5,1.4073887370652864
5454.5,1.4073895788876578
5455.5,1.4073904203153755
5456.5,1.4073912613486965
5457.5,1.4073921019878777
5458.5,1.407392942233176
5459.5,1.407393782084847
5460.5,1.4073946215431474
5461.5,1.4073954606083332
5462.5,1.40739629928066
5463.5,1.407397137560383
5464.5,1.407397975447758
5465.5,1.4073988129430397
5466.5,1.4073996500464834
5467.5,1.4074004867583434
5468.5,1.4074013230788742
5469.5,1.4074021590083303
5470.5,1.4074029945469653
5471.5,1.4074038296950335
5472.5,1.4074046644527882
5473.5,1.4074054988204827
5474.5,1.4074063327983706
5475.5,1.4074071663867045
5476.5,1.4074079995857374
5477.5,1.4074088323957217
5478.5,1.4074096648169099
5479.5,1.407410496849554
5480.5,1.4074113284939058
5481.5,1.4074121597502174
5482.5,1.4074129906187403
5483.5,1.4074138210997251
5484.5,1.4074146511934238
5485.5,1.4074154809000867
5486.5,1.4074163102199648
5487.5,1.4074171391533083
5488.5,1.4074179677003678
5489.5,1.407418795861393
5490.5,1.407419623636634
5491.5,1.4074204510263404
5492.5,1.4074212780307613
5493.5,1.4074221046501465
5494.5,1.4074229308847446
5495.5,1.4074237567348045
5496.5,1.4074245822005749
5497.5,1.4074254072823043
5498.5,1.4074262319802404
5499.5,1.4074270562946318
5500.5,1.407427880225726
5501.5,1.4074287037737707
5502.5,1.4074295269390131
5503.5,1.4074303497217004
5504.5,1.4074311721220798
5505.5,1.4074319941403977
5506.5,1.407432815776901
5507.5,1.4074336370318359
5508.5,1.4074344579054485
5509.5,1.4074352783979849
5510.5,1.4074360985096908
5511.5,1.4074369182408117
5512.5,1.407437737591593
5513.5,1.4074385565622798
5514.5,1.407439375153117
5515.5,1.4074401933643492
5516.5,1.4074410111962212
5517.5,1.4074418286489774
5518.5,1.4074426457228617
5519.5,1.407443462418118
5520.5,1.4074442787349903
5521.5,1.407445094673722
5522.5,1.4074459102345562
5523.5,1.4074467254177363
5524.5,1.4074475402235052
5525.5,1.4074483546521055
5526.5,1.4074491687037798
5527.5,1.4074499823787703
5528.5,1.4074507956773195
5529.5,1.407451608599669
5530.5,1.4074524211460604
5531.5,1.4074532333167356
5532.5,1.4074540451119357
5533.5,1.407454856531902
5534.5,1.4074556675768755
5535.5,1.4074564782470966
5536.5,1.407457288542806
5537.5,1.4074580984642442
5538.5,1.407458908011651
5539.5,1.4074597171852667
5540.5,1.407460525985331
5541.5,1.4074613344120832
5542.5,1.407462142465763
5543.5,1.4074629501466092
5544.5,1.407463757454861
5545.5,1.407464564390757
5546.5,1.407465370954536
5547.5,1.4074661771464363
5548.5,1.4074669829666961
5549.5,1.4074677884155533
5550.5,1.4074685934932456
5551.5,1.4074693982000108
5552.5,1.4074702025360863
5553.5,1.407471006501709
5554.5,1.4074718100971164
5555.5,1.407472613322545
5556.5,1.4074734161782314
5557.5,1.4074742186644122
5558.5,1.4074750207813236
5559.5,1.4074758225292017
5560.5,1.407476623908282
5561.5,1.4074774249188007
5562.5,1.4074782255609928
5563.5,1.4074790258350938
5564.5,1.4074798257413388
5565.5,1.4074806252799625
5566.5,1.4074814244511997
5567.5,1.407482223255285
5568.5,1.4074830216924528
5569.5,1.407483819762937
5570.5,1.4074846174669715
5571.5,1.4074854148047902
5572.5,1.4074862117766265
5573.5,1.4074870083827138
5574.5,1.4074878046232855
5575.5,1.4074886004985743
5576.5,1.407489396008813
5577.5,1.4074901911542346
5578.5,1.4074909859350708
5579.5,1.4074917803515545
5580.5,1.4074925744039173
5581.5,1.4074933680923911
5582.5,1.4074941614172078
5583.5,1.4074949543785986
5584.5,1.407495746976795
5585.5,1.4074965392120278
5586.5,1.407497331084528
5587.5,1.4074981225945267
5588.5,1.4074989137422538
5589.5,1.4074997045279398
5590.5,1.4075004949518153
5591.5,1.4075012850141098
5592.5,1.407502074715053
5593.5,1.407502864054875
5594.5,1.4075036530338048
5595.5,1.4075044416520714
5596.5,1.4075052299099045
5597.5,1.4075060178075323
5598.5,1.4075068053451838
5599.5,1.4075075925230875
5600.5,1.4075083793414715
5601.5,1.407509165800564
5602.5,1.407509951900593
5603.5,1.4075107376417857
5604.5,1.4075115230243704
5605.5,1.4075123080485739
5606.5,1.4075130927146238
5607.5,1.4075138770227467
5608.5,1.4075146609731697
5609.5,1.407515444566119
5610.5,1.4075162278018216
5611.5,1.4075170106805035
5612.5,1.4075177932023906
5613.5,1.407518575367709
5614.5,1.4075193571766844
5615.5,1.4075201386295424
5616.5,1.407520919726508
5617.5,1.4075217004678067
5618.5,1.407522480853663
5619.5,1.4075232608843025
5620.5,1.407524040559949
5621.5,1.4075248198808274
5622.5,1.4075255988471618
5623.5,1.4075263774591762
5624.5,1.4075271557170947
5625.5,1.4075279336211408
5626.5,1.407528711171538
5627.5,1.4075294883685099
5628.5,1.4075302652122794
5629.5,1.4075310417030695
5630.5,1.4075318178411032
5631.5,1.4075325936266028
5632.5,1.4075333690597909
5633.5,1.40753414414089
5634.5,1.4075349188701218
5635.5,1.4075356932477086
5636.5,1.4075364672738715
5637.5,1.4075372409488327
5638.5,1.4075380142728133
5639.5,1.4075387872460343
5640.5,1.4075395598687173
5641.5,1.4075403321410822
5642.5,1.4075411040633505
5643.5,1.4075418756357423
5644.5,1.407542646858478
5645.5,1.4075434177317776
5646.5,1.407544188255861
5647.5,1.407544958430948
5648.5,1.4075457282572585
5649.5,1.4075464977350116
5650.5,1.4075472668644267
5651.5,1.4075480356457226
5652.5,1.4075488040791184
5653.5,1.4075495721648326
5654.5,1.407550339903084
5655.5,1.4075511072940907
5656.5,1.4075518743380713
5657.5,1.4075526410352432
5658.5,1.4075534073858247
5659.5,1.4075541733900332
5660.5,1.4075549390480862
5661.5,1.4075557043602012
5662.5,1.407556469326595
5663.5,1.4075572339474849
5664.5,1.4075579982230875
5665.5,1.4075587621536194
5666.5,1.407559525739297
5667.5,1.4075602889803367
5668.5,1.4075610518769543
5669.5,1.407561814429366
5670.5,1.4075625766377875
5671.5,1.4075633385024344
5672.5,1.4075641000235217
5673.5,1.4075648612012652
5674.5,1.4075656220358794
5675.5,1.4075663825275797
5676.5,1.4075671426765803
5677.5,1.407567902483096
5678.5,1.4075686619473413
5679.5,1.40756942106953
5680.5,1.4075701798498763
5681.5,1.4075709382885941
5682.5,1.407571696385897
5683.5,1.4075724541419987
5684.5,1.4075732115571122
5685.5,1.4075739686314508
5686.5,1.4075747253652275
5687.5,1.4075754817586552
5688.5,1.4075762378119463
5689.5,1.4075769935253137
5690.5,1.4075777488989694
5691.5,1.4075785039331254
5692.5,1.4075792586279938
5693.5,1.4075800129837868
5694.5,1.4075807670007154
5695.5,1.4075815206789914
5696.5,1.407582274018826
5697.5,1.4075830270204306
5698.5,1.4075837796840156
5699.5,1.4075845320097922
5700.5,1.407585283997971
5701.5,1.4075860356487624
5702.5,1.4075867869623764
5703.5,1.4075875379390235
5704.5,1.4075882885789135
5705.5,1.4075890388822563
5706.5,1.4075897888492612
5707.5,1.407590538480138
5708.5,1.4075912877750958
5709.5,1.4075920367343437
5710.5,1.4075927853580905
5711.5,1.4075935336465455
5712.5,1.4075942815999167
5713.5,1.407595029218413
5714.5,1.4075957765022422
5715.5,1.407596523451613
5716.5,1.4075972700667327
5717.5,1.40759801634781
5718.5,1.4075987622950514
5719.5,1.4075995079086652
5720.5,1.4076002531888583
5721.5,1.4076009981358377
5722.5,1.4076017427498109
5723.5,1.4076024870309842
5724.5,1.4076032309795643
5725.5,1.407603974595758
5726.5,1.4076047178797713
5727.5,1.4076054608318103
5728.5,1.4076062034520809
5729.5,1.4076069457407894
5730.5,1.407607687698141
5731.5,1.4076084293243412
5732.5,1.4076091706195955
5733.5,1.407609911584109
5734.5,1.4076106522180865
5735.5,1.4076113925217333
5736.5,1.4076121324952535
5737.5,1.407612872138852
5738.5,1.407613611452733
5739.5,1.4076143504371006
5740.5,1.407615089092159
5741.5,1.407615827418112
5742.5,1.4076165654151636
5743.5,1.4076173030835166
5744.5,1.407618040423375
5745.5,1.4076187774349416
5746.5,1.4076195141184198
5747.5,1.4076202504740123
5748.5,1.4076209865019218
5749.5,1.407621722202351
5750.5,1.4076224575755023
5751.5,1.407623192621578
5752.5,1.40762392734078
5753.5,1.4076246617333104
5754.5,1.407625395799371
5755.5,1.407626129539163
5756.5,1.4076268629528883
5757.5,1.4076275960407483
5758.5,1.4076283288029436
5759.5,1.4076290612396756
5760.5,1.407629793351145
5761.5,1.4076305251375525
5762.5,1.4076312565990983
5763.5,1.4076319877359833
5764.5,1.4076327185484072
5765.5,1.40763344903657
5766.5,1.4076341792006721
5767.5,1.4076349090409128
5768.5,1.4076356385574915
5769.5,1.407636367750608
5770.5,1.4076370966204614
5771.5,1.4076378251672508
5772.5,1.4076385533911748
5773.5,1.4076392812924325
5774.5,1.4076400088712226
5775.5,1.4076407361277432
5776.5,1.407641463062193
5777.5,1.4076421896747697
5778.5,1.4076429159656716
5779.5,1.4076436419350964
5780.5,1.407644367583242
5781.5,1.4076450929103055
5782.5,1.4076458179164846
5783.5,1.4076465426019764
5784.5,1.407647266966978
5785.5,1.4076479910116861
5786.5,1.4076487147362977
5787.5,1.4076494381410092
5788.5,1.4076501612260173
5789.5,1.4076508839915178
5790.5,1.4076516064377074
5791.5,1.4076523285647817
5792.5,1.4076530503729365
5793.5,1.4076537718623678
5794.5,1.4076544930332706
5795.5,1.4076552138858407
5796.5,1.4076559344202733
5797.5,1.407656654636763
5798.5,1.407657374535505
5799.5,1.407658094116694
5800.5,1.4076588133805248
5801.5,1.4076595323271914
5802.5,1.4076602509568885
5803.5,1.40766096926981
5804.5,1.40766168726615
5805.5,1.4076624049461024
5806.5,1.4076631223098606
5807.5,1.4076638393576184
5808.5,1.4076645560895689
5809.5,1.4076652725059056
5810.5,1.4076659886068212
5811.5,1.407666704392509
5812.5,1.4076674198631618
5813.5,1.407668135018972
5814.5,1.407668849860132
5815.5,1.4076695643868342
5816.5,1.407670278599271
5817.5,1.407670992497634
5818.5,1.4076717060821153
5819.5,1.4076724193529067
5820.5,1.4076731323101996
5821.5,1.4076738449541857
5822.5,1.4076745572850557
5823.5,1.4076752693030012
5824.5,1.4076759810082131
5825.5,1.4076766924008821
5826.5,1.407677403481199
5827.5,1.407678114249354
5828.5,1.4076788247055378
5829.5,1.4076795348499407
5830.5,1.4076802446827523
5831.5,1.407680954204163
5832.5,1.4076816634143625
5833.5,1.4076823723135403
5834.5,1.4076830809018859
5835.5,1.4076837891795886
5836.5,1.4076844971468376
5837.5,1.4076852048038222
5838.5,1.4076859121507308
5839.5,1.4076866191877526
5840.5,1.407687325915076
5841.5,1.4076880323328893
5842.5,1.4076887384413812
5843.5,1.4076894442407395
5844.5,1.4076901497311525
5845.5,1.4076908549128075
5846.5,1.407691559785893
5847.5,1.407692264350596
5848.5,1.4076929686071042
5849.5,1.407693672555605
5850.5,1.4076943761962852
5851.5,1.4076950795293317
5852.5,1.4076957825549319
5853.5,1.407696485273272
5854.5,1.4076971876845388
5855.5,1.4076978897889185
5856.5,1.4076985915865976
5857.5,1.407699293077762
5858.5,1.407699994262598
5859.5,1.4077006951412911
5860.5,1.407701395714027
5861.5,1.4077020959809916
5862.5,1.4077027959423698
5863.5,1.4077034955983472
5864.5,1.407704194949109
5865.5,1.4077048939948396
5866.5,1.4077055927357245
5867.5,1.407706291171948
5868.5,1.4077069893036946
5869.5,1.407707687131149
5870.5,1.407708384654495
5871.5,1.407709081873917
5872.5,1.4077097787895991
5873.5,1.4077104754017251
5874.5,1.4077111717104782
5875.5,1.4077118677160425
5876.5,1.4077125634186012
5877.5,1.4077132588183374
5878.5,1.4077139539154342
5879.5,1.407714648710075
5880.5,1.407715343202442
5881.5,1.4077160373927187
5882.5,1.4077167312810868
5883.5,1.407717424867729
5884.5,1.407718118152828
5885.5,1.4077188111365653
5886.5,1.4077195038191233
5887.5,1.4077201962006833
5888.5,1.4077208882814278
5889.5,1.4077215800615377
5890.5,1.4077222715411948
5891.5,1.4077229627205803
5892.5,1.4077236535998752
5893.5,1.4077243441792606
5894.5,1.4077250344589174
5895.5,1.407725724439026
5896.5,1.4077264141197676
5897.5,1.4077271035013221
5898.5,1.40772779258387
5899.5,1.4077284813675914
5900.5,1.4077291698526666
5901.5,1.4077298580392752
5902.5,1.4077305459275968
5903.5,1.4077312335178114
5904.5,1.4077319208100982
5905.5,1.4077326078046368
5906.5,1.4077332945016061
5907.5,1.4077339809011853
5908.5,1.4077346670035533
5909.5,1.4077353528088887
5910.5,1.4077360383173705
5911.5,1.4077367235291771
5912.5,1.4077374084444867
5913.5,1.4077380930634775
5914.5,1.407738777386328
5915.5,1.4077394614132155
5916.5,1.4077401451443186
5917.5,1.4077408285798143
5918.5,1.4077415117198804
5919.5,1.4077421945646944
5920.5,1.4077428771144336
5921.5,1.4077435593692749
5922.5,1.4077442413293955
5923.5,1.4077449229949721
5924.5,1.4077456043661816
5925.5,1.4077462854432006
5926.5,1.4077469662262054
5927.5,1.4077476467153724
5928.5,1.407748326910878
5929.5,1.4077490068128977
5930.5,1.407749686421608
5931.5,1.4077503657371844
5932.5,1.4077510447598025
5933.5,1.407751723489638
5934.5,1.4077524019268661
5935.5,1.4077530800716622
5936.5,1.4077537579242014
5937.5,1.4077544354846585
5938.5,1.4077551127532084
5939.5,1.4077557897300261
5940.5,1.4077564664152857
5941.5,1.407757142809162
5942.5,1.407757818911829
5943.5,1.4077584947234612
5944.5,1.4077591702442325
5945.5,1.4077598454743165
5946.5,1.4077605204138877
5947.5,1.407761195063119
5948.5,1.4077618694221843
5949.5,1.4077625434912568
5950.5,1.40776321727051
5951.5,1.4077638907601167
5952.5,1.4077645639602498
5953.5,1.4077652368710827
5954.5,1.4077659094927877
5955.5,1.4077665818255374
5956.5,1.407767253869504
5957.5,1.4077679256248605
5958.5,1.4077685970917786
5959.5,1.4077692682704306
5960.5,1.407769939160988
5961.5,1.407770609763623
5962.5,1.407771280078507
5963.5,1.4077719501058117
5964.5,1.4077726198457086
5965.5,1.4077732892983685
5966.5,1.4077739584639632
5967.5,1.4077746273426632
5968.5,1.4077752959346395
5969.5,1.407775964240063
5970.5,1.407776632259104
5971.5,1.4077772999919334
5972.5,1.4077779674387212
5973.5,1.4077786345996377
5974.5,1.4077793014748532
5975.5,1.4077799680645375
5976.5,1.4077806343688604
5977.5,1.4077813003879915
5978.5,1.407781966122101
5979.5,1.4077826315713575
5980.5,1.407783296735931
5981.5,1.4077839616159902
5982.5,1.4077846262117044
5983.5,1.4077852905232424
5984.5,1.4077859545507734
5985.5,1.4077866182944656
5986.5,1.4077872817544879
5987.5,1.4077879449310082
5988.5,1.4077886078241955
5989.5,1.4077892704342174
5990.5,1.4077899327612424
5991.5,1.4077905948054381
5992.5,1.4077912565669721
5993.5,1.4077919180460126
5994.5,1.4077925792427266
5995.5,1.407793240157282
5996.5,1.4077939007898457
5997.5,1.4077945611405849
5998.5,1.4077952212096667
5999.5,1.407795880997258
6000.5,1.4077965405035253
6001.5,1.4077971997286356
6002.5,1.4077978586727555
6003.5,1.407798517336051
6004.5,1.4077991757186885
6005.5,1.4077998338208342
6006.5,1.407800491642654
6007.5,1.407801149184314
6008.5,1.4078018064459799
6009.5,1.4078024634278172
6010.5,1.4078031201299914
6011.5,1.407803776552668
6012.5,1.4078044326960122
6013.5,1.4078050885601892
6014.5,1.4078057441453637
6015.5,1.407806399451701
6016.5,1.4078070544793657
6017.5,1.4078077092285224
6018.5,1.4078083636993355
6019.5,1.4078090178919695
6020.5,1.407809671806589
6021.5,1.4078103254433576
6022.5,1.4078109788024393
6023.5,1.4078116318839984
6024.5,1.4078122846881984
6025.5,1.407812937215203
6026.5,1.407813589465176
6027.5,1.4078142414382802
6028.5,1.4078148931346792
6029.5,1.4078155445545364
6030.5,1.4078161956980142
6031.5,1.407816846565276
6032.5,1.4078174971564845
6033.5,1.4078181474718023
6034.5,1.4078187975113918
6035.5,1.4078194472754155
6036.5,1.407820096764036
6037.5,1.4078207459774148
6038.5,1.4078213949157146
6039.5,1.407822043579097
6040.5,1.4078226919677237
6041.5,1.4078233400817566
6042.5,1.407823987921357
6043.5,1.4078246354866868
6044.5,1.4078252827779068
6045.5,1.4078259297951785
6046.5,1.4078265765386628
6047.5,1.407827223008521
6048.5,1.4078278692049133
6049.5,1.407828515128001
6050.5,1.4078291607779443
6051.5,1.4078298061549037
6052.5,1.4078304512590398
6053.5,1.4078310960905127
6054.5,1.4078317406494825
6055.5,1.407832384936109
6056.5,1.4078330289505523
6057.5,1.407833672692972
6058.5,1.4078343161635278
6059.5,1.4078349593623791
6060.5,1.4078356022896856
6061.5,1.407836244945606
6062.5,1.4078368873303002
6063.5,1.4078375294439265
6064.5,1.4078381712866441
6065.5,1.407838812858612
6066.5,1.4078394541599883
6067.5,1.407840095190932
6068.5,1.4078407359516014
6069.5,1.407841376442155
6070.5,1.4078420166627508
6071.5,1.4078426566135467
6072.5,1.407843296294701
6073.5,1.4078439357063712
6074.5,1.4078445748487154
6075.5,1.4078452137218909
6076.5,1.407845852326055
6077.5,1.4078464906613657
6078.5,1.40784712872798
6079.5,1.4078477665260545
6080.5,1.4078484040557468
6081.5,1.4078490413172136
6082.5,1.4078496783106118
6083.5,1.4078503150360977
6084.5,1.4078509514938282
6085.5,1.4078515876839597
6086.5,1.4078522236066482
6087.5,1.4078528592620503
6088.5,1.4078534946503218
6089.5,1.4078541297716187
6090.5,1.4078547646260968
6091.5,1.407855399213912
6092.5,1.4078560335352197
6093.5,1.4078566675901754
6094.5,1.4078573013789346
6095.5,1.4078579349016527
6096.5,1.4078585681584845
6097.5,1.4078592011495852
6098.5,1.4078598338751098
6099.5,1.4078604663352128
6100.5,1.4078610985300493
6101.5,1.4078617304597734
6102.5,1.4078623621245399
6103.5,1.407862993524503
6104.5,1.4078636246598168
6105.5,1.4078642555306358
6106.5,1.4078648861371135
6107.5,1.407865516479404
6108.5,1.4078661465576612
6109.5,1.4078667763720387
6110.5,1.4078674059226897
6111.5,1.4078680352097679
6112.5,1.4078686642334266
6113.5,1.4078692929938188
6114.5,1.407869921491098
6115.5,1.4078705497254167
6116.5,1.407871177696928
6117.5,1.4078718054057844
6118.5,1.4078724328521386
6119.5,1.4078730600361433
6120.5,1.407873686957951
6121.5,1.4078743136177134
6122.5,1.4078749400155832
6123.5,1.4078755661517122
6124.5,1.4078761920262524
6125.5,1.4078768176393557
6126.5,1.4078774429911736
6127.5,1.407878068081858
6128.5,1.40787869291156
6129.5,1.4078793174804314
6130.5,1.4078799417886232
6131.5,1.4078805658362867
6132.5,1.4078811896235728
6133.5,1.4078818131506325
6134.5,1.4078824364176168
6135.5,1.4078830594246758
6136.5,1.407883682171961
6137.5,1.4078843046596219
6138.5,1.4078849268878095
6139.5,1.407885548856674
6140.5,1.4078861705663652
6141.5,1.4078867920170337
6142.5,1.407887413208829
6143.5,1.407888034141901
6144.5,1.4078886548163994
6145.5,1.4078892752324736
6146.5,1.4078898953902736
6147.5,1.4078905152899484
6148.5,1.4078911349316472
6149.5,1.4078917543155192
6150.5,1.4078923734417137
6151.5,1.4078929923103793
6152.5,1.4078936109216649
6153.5,1.4078942292757193
6154.5,1.407894847372691
6155.5,1.4078954652127287
6156.5,1.4078960827959803
6157.5,1.4078967001225946
6158.5,1.4078973171927194
6159.5,1.407897934006503
6160.5,1.407898550564093
6161.5,1.4078991668656378
6162.5,1.4078997829112845
6163.5,1.407900398701181
6164.5,1.4079010142354749
6165.5,1.4079016295143134
6166.5,1.407902244537844
6167.5,1.4079028593062135
6168.5,1.4079034738195693
6169.5,1.4079040880780582
6170.5,1.4079047020818272
6171.5,1.4079053158310229
6172.5,1.407905929325792
6173.5,1.4079065425662811
6174.5,1.4079071555526363
6175.5,1.4079077682850043
6176.5,1.407908380763531
6177.5,1.407908992988363
6178.5,1.4079096049596456
6179.5,1.407910216677525
6180.5,1.407910828142147
6181.5,1.4079114393536574
6182.5,1.4079120503122016
6183.5,1.407912661017925
6184.5,1.4079132714709728
6185.5,1.4079138816714905
6186.5,1.4079144916196231
6187.5,1.4079151013155158
6188.5,1.4079157107593134
6189.5,1.4079163199511606
6190.5,1.4079169288912023
6191.5,1.4079175375795832
6192.5,1.4079181460164472
6193.5,1.4079187542019393
6194.5,1.4079193621362034
6195.5,1.4079199698193838
6196.5,1.4079205772516248
6197.5,1.4079211844330701
6198.5,1.4079217913638635
6199.5,1.4079223980441489
6200.5,1.40792300447407
6201.5,1.40792361065377
6202.5,1.4079242165833927
6203.5,1.4079248222630814
6204.5,1.4079254276929791
6205.5,1.407926032873229
6206.5,1.4079266378039743
6207.5,1.4079272424853575
6208.5,1.4079278469175218
6209.5,1.4079284511006098
6210.5,1.407929055034764
6211.5,1.4079296587201269
6212.5,1.407930262156841
6213.5,1.4079308653450484
6214.5,1.4079314682848916
6215.5,1.4079320709765122
6216.5,1.4079326734200526
6217.5,1.4079332756156542
6218.5,1.4079338775634593
6219.5,1.4079344792636093
6220.5,1.4079350807162456
6221.5,1.4079356819215099
6222.5,1.4079362828795432
6223.5,1.4079368835904873
6224.5,1.407937484054483
6225.5,1.407938084271671
6226.5,1.407938684242193
6227.5,1.4079392839661893
6228.5,1.4079398834438008
6229.5,1.407940482675168
6230.5,1.4079410816604314
6231.5,1.4079416803997318
6232.5,1.407942278893209
6233.5,1.4079428771410034
6234.5,1.4079434751432554
6235.5,1.4079440729001045
6236.5,1.407944670411691
6237.5,1.4079452676781545
6238.5,1.4079458646996348
6239.5,1.4079464614762716
6240.5,1.407947058008204
6241.5,1.407947654295572
6242.5,1.4079482503385143
6243.5,1.4079488461371705
6244.5,1.4079494416916796
6245.5,1.4079500370021805
6246.5,1.407950632068812
6247.5,1.4079512268917131
6248.5,1.4079518214710227
6249.5,1.4079524158068788
6250.5,1.4079530098994202
6251.5,1.4079536037487854
6252.5,1.4079541973551124
6253.5,1.4079547907185397
6254.5,1.4079553838392052
6255.5,1.4079559767172467
6256.5,1.4079565693528024
6257.5,1.40795716174601
6258.5,1.4079577538970072
6259.5,1.4079583458059313
6260.5,1.4079589374729202
6261.5,1.407959528898111
6262.5,1.4079601200816412
6263.5,1.4079607110236478
6264.5,1.407961301724268
6265.5,1.4079618921836385
6266.5,1.4079624824018966
6267.5,1.407963072379179
6268.5,1.407963662115622
6269.5,1.4079642516113626
6270.5,1.407964840866537
6271.5,1.407965429881282
6272.5,1.4079660186557335
6273.5,1.4079666071900276
6274.5,1.407967195484301
6275.5,1.407967783538689
6276.5,1.4079683713533278
6277.5,1.4079689589283533
6278.5,1.4079695462639008
6279.5,1.4079701333601065
6280.5,1.4079707202171055
6281.5,1.407971306835033
6282.5,1.4079718932140248
6283.5,1.4079724793542159
6284.5,1.4079730652557412
6285.5,1.4079736509187362
6286.5,1.4079742363433352
6287.5,1.4079748215296735
6288.5,1.4079754064778855
6289.5,1.407975991188106
6290.5,1.4079765756604696
6291.5,1.4079771598951105
6292.5,1.4079777438921632
6293.5,1.4079783276517617
6294.5,1.4079789111740404
6295.5,1.4079794944591333
6296.5,1.4079800775071742
6297.5,1.407980660318297
6298.5,1.4079812428926353
6299.5,1.4079818252303231
6300.5,1.4079824073314937
6301.5,1.4079829891962805
6302.5,1.4079835708248172
6303.5,1.4079841522172365
6304.5,1.4079847333736721
6305.5,1.4079853142942569
6306.5,1.4079858949791237
6307.5,1.4079864754284057
6308.5,1.4079870556422354
6309.5,1.4079876356207455
6310.5,1.4079882153640688
6311.5,1.4079887948723375
6312.5,1.4079893741456844
6313.5,1.4079899531842415
6314.5,1.4079905319881412
6315.5,1.4079911105575154
6316.5,1.4079916888924962
6317.5,1.4079922669932154
6318.5,1.4079928448598051
6319.5,1.407993422492397
6320.5,1.4079939998911224
6321.5,1.4079945770561133
6322.5,1.4079951539875009
6323.5,1.4079957306854165
6324.5,1.4079963071499917
6325.5,1.4079968833813572
6326.5,1.4079974593796443
6327.5,1.407998035144984
6328.5,1.407998610677507
6329.5,1.4079991859773444
6330.5,1.4079997610446269
6331.5,1.4080003358794846
6332.5,1.4080009104820486
6333.5,1.408001484852449
6334.5,1.408002058990816
6335.5,1.4080026328972801
6336.5,1.4080032065719712
6337.5,1.4080037800150196
6338.5,1.4080043532265551
6339.5,1.4080049262067076
6340.5,1.4080054989556068
6341.5,1.4080060714733822
6342.5,1.4080066437601637
6343.5,1.4080072158160808
6344.5,1.4080077876412624
6345.5,1.4080083592358383
6346.5,1.4080089305999377
6347.5,1.4080095017336893
6348.5,1.4080100726372224
6349.5,1.4080106433106658
6350.5,1.4080112137541485
6351.5,1.408011783967799
6352.5,1.4080123539517462
6353.5,1.4080129237061185
6354.5,1.4080134932310444
6355.5,1.4080140625266522
6356.5,1.4080146315930704
6357.5,1.408015200430427
6358.5,1.40801576903885
6359.5,1.4080163374184675
6360.5,1.4080169055694076
6361.5,1.4080174734917978
6362.5,1.4080180411857661
6363.5,1.4080186086514401
6364.5,1.408019175888947
6365.5,1.408019742898415
6366.5,1.4080203096799706
6367.5,1.4080208762337416
6368.5,1.408021442559855
6369.5,1.4080220086584379
6370.5,1.4080225745296173
6371.5,1.4080231401735201
6372.5,1.4080237055902733
6373.5,1.4080242707800035
6374.5,1.408024835742837
6375.5,1.408025400478901
6376.5,1.4080259649883216
6377.5,1.408026529271225
6378.5,1.408027093327738
6379.5,1.4080276571579862
6380.5,1.408028220762096
6381.5,1.4080287841401933
6382.5,1.4080293472924041
6383.5,1.4080299102188543
6384.5,1.4080304729196695
6385.5,1.4080310353949752
6386.5,1.4080315976448974
6387.5,1.408032159669561
6388.5,1.408032721469092
6389.5,1.408033283043615
6390.5,1.4080338443932559
6391.5,1.4080344055181393
6392.5,1.4080349664183904
6393.5,1.4080355270941343
6394.5,1.4080360875454956
6395.5,1.4080366477725992
6396.5,1.4080372077755694
6397.5,1.4080377675545315
6398.5,1.4080383271096093
6399.5,1.4080388864409275
6400.5,1.4080394455486103
6401.5,1.408040004432782
6402.5,1.4080405630935668
6403.5,1.4080411215310888
6404.5,1.4080416797454718
6405.5,1.4080422377368396
6406.5,1.408042795505316
6407.5,1.408043353051025
6408.5,1.4080439103740898
6409.5,1.4080444674746344
6410.5,1.4080450243527818
6411.5,1.4080455810086554
6412.5,1.4080461374423785
6413.5,1.4080466936540743
6414.5,1.408047249643866
6415.5,1.4080478054118766
6416.5,1.4080483609582286
6417.5,1.4080489162830454
6418.5,1.4080494713864493
6419.5,1.408050026268563
6420.5,1.4080505809295092
6421.5,1.4080511353694103
6422.5,1.4080516895883888
6423.5,1.4080522435865668
6424.5,1.4080527973640666
6425.5,1.4080533509210105
6426.5,1.4080539042575202
6427.5,1.4080544573737177
6428.5,1.4080550102697251
6429.5,1.4080555629456641
6430.5,1.4080561154016564
6431.5,1.4080566676378237
6432.5,1.408057219654287
6433.5,1.4080577714511684
6434.5,1.408058323028589
6435.5,1.4080588743866698
6436.5,1.4080594255255323
6437.5,1.4080599764452977
6438.5,1.4080605271460864
6439.5,1.40806107762802
6440.5,1.408061627891219
6441.5,1.4080621779358042
6442.5,1.4080627277618964
6443.5,1.4080632773696158
6444.5,1.4080638267590833
6445.5,1.4080643759304192
6446.5,1.4080649248837436
6447.5,1.408065473619177
6448.5,1.4080660221368395
6449.5,1.4080665704368511
6450.5,1.4080671185193319
6451.5,1.4080676663844016
6452.5,1.4080682140321803
6453.5,1.4080687614627874
6454.5,1.4080693086763427
6455.5,1.4080698556729658
6456.5,1.4080704024527761
6457.5,1.4080709490158931
6458.5,1.408071495362436
6459.5,1.4080720414925243
6460.5,1.4080725874062767
6461.5,1.4080731331038123
6462.5,1.4080736785852506
6463.5,1.40807422385071
6464.5,1.4080747689003092
6465.5,1.4080753137341675
6466.5,1.4080758583524031
6467.5,1.4080764027551345
6468.5,1.4080769469424805
6469.5,1.4080774909145592
6470.5,1.4080780346714892
6471.5,1.4080785782133882
6472.5,1.408079121540375
6473.5,1.408079664652567
6474.5,1.408080207550083
6475.5,1.40808075023304
6476.5,1.4080812927015562
6477.5,1.4080818349557493
6478.5,1.4080823769957371
6479.5,1.408082918821637
6480.5,1.4080834604335664
6481.5,1.408084001831643
6482.5,1.4080845430159836
6483.5,1.4080850839867058
6484.5,1.4080856247439268
6485.5,1.4080861652877634
6486.5,1.4080867056183328
6487.5,1.4080872457357518
6488.5,1.4080877856401373
6489.5,1.4080883253316059
6490.5,1.4080888648102743
6491.5,1.408089404076259
6492.5,1.4080899431296767
6493.5,1.4080904819706437
6494.5,1.4080910205992763
6495.5,1.4080915590156908
6496.5,1.4080920972200033
6497.5,1.40809263521233
6498.5,1.4080931729927866
6499.5,1.4080937105614892
6500.5,1.4080942479185539
6501.5,1.4080947850640961
6502.5,1.4080953219982317
6503.5,1.4080958587210761
6504.5,1.408096395232745
6505.5,1.4080969315333536
6506.5,1.4080974676230174
6507.5,1.4080980035018518
6508.5,1.4080985391699719
6509.5,1.4080990746274926
6510.5,1.408099609874529
6511.5,1.4081001449111965
6512.5,1.4081006797376094
6513.5,1.4081012143538827
6514.5,1.4081017487601313
6515.5,1.4081022829564696
6516.5,1.408102816943012
6517.5,1.4081033507198732
6518.5,1.4081038842871678
6519.5,1.4081044176450097
6520.5,1.4081049507935133
6521.5,1.4081054837327929
6522.5,1.4081060164629622
6523.5,1.4081065489841356
6524.5,1.4081070812964267
6525.5,1.4081076133999495
6526.5,1.4081081452948176
6527.5,1.4081086769811448
6528.5,1.4081092084590447
6529.5,1.4081097397286308
6530.5,1.4081102707900164
6531.5,1.4081108016433153
6532.5,1.40811133228864
6533.5,1.4081118627261044
6534.5,1.4081123929558215
6535.5,1.408112922977904
6536.5,1.408113452792465
6537.5,1.4081139823996176
6538.5,1.4081145117994744
6539.5,1.4081150409921481
6540.5,1.4081155699777517
6541.5,1.4081160987563972
6542.5,1.4081166273281975
6543.5,1.408117155693265
6544.5,1.4081176838517118
6545.5,1.4081182118036504
6546.5,1.4081187395491928
6547.5,1.4081192670884513
6548.5,1.4081197944215376
6549.5,1.4081203215485638
6550.5,1.408120848469642
6551.5,1.4081213751848838
6552.5,1.4081219016944007
6553.5,1.4081224279983047
6554.5,1.408122954096707
6555.5,1.4081234799897195
6556.5,1.4081240056774533
6557.5,1.4081245311600197
6558.5,1.40812505643753
6559.5,1.4081255815100957
6560.5,1.4081261063778274
6561.5,1.4081266310408362
6562.5,1.4081271554992334
6563.5,1.4081276797531295
6564.5,1.4081282038026355
6565.5,1.4081287276478618
6566.5,1.4081292512889194
6567.5,1.4081297747259187
6568.5,1.40813029795897
6569.5,1.408130820988184
6570.5,1.4081313438136709
6571.5,1.408131866435541
6572.5,1.4081323888539043
6573.5,1.4081329110688712
6574.5,1.4081334330805513
6575.5,1.4081339548890548
6576.5,1.4081344764944916
6577.5,1.4081349978969715
6578.5,1.4081355190966038
6579.5,1.4081360400934988
6580.5,1.4081365608877658
6581.5,1.408137081479514
6582.5,1.4081376018688532
6583.5,1.4081381220558926
6584.5,1.4081386420407414
6585.5,1.4081391618235086
6586.5,1.4081396814043037
6587.5,1.4081402007832355
6588.5,1.4081407199604132
6589.5,1.4081412389359453
6590.5,1.408141757709941
6591.5,1.4081422762825089
6592.5,1.4081427946537572
6593.5,1.4081433128237952
6594.5,1.4081438307927312
6595.5,1.4081443485606733
6596.5,1.4081448661277303
6597.5,1.4081453834940099
6598.5,1.4081459006596209
6599.5,1.4081464176246712
6600.5,1.408146934389269
6601.5,1.408147450953522
6602.5,1.4081479673175383
6603.5,1.4081484834814255
6604.5,1.4081489994452918
6605.5,1.4081495152092447
6606.5,1.4081500307733916
6607.5,1.4081505461378403
6608.5,1.408151061302698
6609.5,1.4081515762680723
6610.5,1.4081520910340706
6611.5,1.4081526056008
6612.5,1.4081531199683677
6613.5,1.4081536341368805
6614.5,1.408154148106446
6615.5,1.4081546618771708
6616.5,1.4081551754491617
6617.5,1.4081556888225257
6618.5,1.4081562019973695
6619.5,1.4081567149737995
6620.5,1.4081572277519225
6621.5,1.4081577403318453
6622.5,1.4081582527136738
6623.5,1.4081587648975147
6624.5,1.4081592768834739
6625.5,1.4081597886716581
6626.5,1.4081603002621732
6627.5,1.4081608116551254
6628.5,1.4081613228506205
6629.5,1.4081618338487645
6630.5,1.4081623446496632
6631.5,1.4081628552534224
6632.5,1.4081633656601482
6633.5,1.4081638758699455
6634.5,1.4081643858829205
6635.5,1.4081648956991784
6636.5,1.4081654053188244
6637.5,1.4081659147419643
6638.5,1.408166423968703
6639.5,1.4081669329991462
6640.5,1.4081674418333983
6641.5,1.408167950471565
6642.5,1.4081684589137509
6643.5,1.408168967160061
6644.5,1.4081694752106002
6645.5,1.4081699830654733
6646.5,1.408170490724785
6647.5,1.4081709981886397
6648.5,1.408171505457142
6649.5,1.4081720125303967
6650.5,1.408172519408508
6651.5,1.4081730260915801
6652.5,1.4081735325797176
6653.5,1.4081740388730242
6654.5,1.4081745449716045
6655.5,1.4081750508755624
6656.5,1.4081755565850016
6657.5,1.4081760621000265
6658.5,1.4081765674207407
6659.5,1.4081770725472478
6660.5,1.4081775774796519
6661.5,1.408178082218056
6662.5,1.4081785867625645
6663.5,1.40817909111328
6664.5,1.4081795952703067
6665.5,1.4081800992337474
6666.5,1.4081806030037054
6667.5,1.4081811065802843
6668.5,1.4081816099635869
6669.5,1.4081821131537164
6670.5,1.4081826161507756
6671.5,1.4081831189548677
6672.5,1.4081836215660952
6673.5,1.4081841239845614
6674.5,1.4081846262103686
6675.5,1.4081851282436193
6676.5,1.4081856300844164
6677.5,1.4081861317328626
6678.5,1.4081866331890596
6679.5,1.4081871344531105
6680.5,1.408187635525117
6681.5,1.408188136405182
6682.5,1.408188637093407
6683.5,1.4081891375898943
6684.5,1.408189637894746
6685.5,1.4081901380080641
6686.5,1.4081906379299503
6687.5,1.4081911376605065
6688.5,1.4081916371998342
6689.5,1.4081921365480354
6690.5,1.4081926357052117
6691.5,1.4081931346714642
6692.5,1.408193633446895
6693.5,1.408194132031605
6694.5,1.4081946304256954
6695.5,1.408195128629268
6696.5,1.4081956266424236
6697.5,1.4081961244652634
6698.5,1.4081966220978883
6699.5,1.4081971195403997
6700.5,1.408197616792898
6701.5,1.4081981138554844
6702.5,1.4081986107282596
6703.5,1.408199107411324
6704.5,1.4081996039047786
6705.5,1.4082001002087239
6706.5,1.4082005963232602
6707.5,1.4082010922484882
6708.5,1.408201587984508
6709.5,1.40820208353142
6710.5,1.4082025788893244
6711.5,1.4082030740583216
6712.5,1.4082035690385113
6713.5,1.4082040638299937
6714.5,1.408204558432869
6715.5,1.4082050528472367
6716.5,1.4082055470731967
6717.5,1.4082060411108488
6718.5,1.4082065349602928
6719.5,1.408207028621628
6720.5,1.4082075220949544
6721.5,1.4082080153803709
6722.5,1.4082085084779774
6723.5,1.4082090013878732
6724.5,1.4082094941101575
6725.5,1.4082099866449291
6726.5,1.4082104789922878
6727.5,1.4082109711523325
6728.5,1.4082114631251619
6729.5,1.4082119549108751
6730.5,1.4082124465095711
6731.5,1.4082129379213488
6732.5,1.4082134291463064
6733.5,1.4082139201845432
6734.5,1.4082144110361576
6735.5,1.408214901701248
6736.5,1.4082153921799128
6737.5,1.4082158824722508
6738.5,1.4082163725783599
6739.5,1.4082168624983387
6740.5,1.4082173522322854
6741.5,1.408217841780298
6742.5,1.4082183311424743
6743.5,1.408218820318913
6744.5,1.4082193093097115
6745.5,1.408219798114968
6746.5,1.40822028673478
6747.5,1.4082207751692453
6748.5,1.4082212634184619
6749.5,1.408221751482527
6750.5,1.4082222393615385
6751.5,1.4082227270555938
6752.5,1.4082232145647902
6753.5,1.408223701889225
6754.5,1.4082241890289955
6755.5,1.408224675984199
6756.5,1.4082251627549327
6757.5,1.4082256493412937
6758.5,1.408226135743379
6759.5,1.4082266219612853
6760.5,1.40822710799511
6761.5,1.4082275938449496
6762.5,1.4082280795109008
6763.5,1.4082285649930604
6764.5,1.408229050291525
6765.5,1.4082295354063912
6766.5,1.4082300203377554
6767.5,1.4082305050857142
6768.5,1.408230989650364
6769.5,1.408231474031801
6770.5,1.4082319582301215
6771.5,1.4082324422454215
6772.5,1.4082329260777973
6773.5,1.4082334097273448
6774.5,1.4082338931941603
6775.5,1.4082343764783394
6776.5,1.4082348595799778
6777.5,1.4082353424991718
6778.5,1.408235825236017
6779.5,1.4082363077906086
6780.5,1.4082367901630428
6781.5,1.4082372723534147
6782.5,1.40823775436182
6783.5,1.408238236188354
6784.5,1.4082387178331122
6785.5,1.4082391992961896
6786.5,1.4082396805776816
6787.5,1.4082401616776832
6788.5,1.4082406425962897
6789.5,1.408241123333596
6790.5,1.4082416038896972
6791.5,1.408242084264688
6792.5,1.4082425644586634
6793.5,1.408243044471718
6794.5,1.4082435243039466
6795.5,1.4082440039554438
6796.5,1.4082444834263041
6797.5,1.4082449627166223
6798.5,1.4082454418264925
6799.5,1.4082459207560092
6800.5,1.4082463995052668
6801.5,1.4082468780743596
6802.5,1.4082473564633817
6803.5,1.4082478346724272
6804.5,1.4082483127015903
6805.5,1.408248790550965
6806.5,1.4082492682206451
6807.5,1.4082497457107246
6808.5,1.4082502230212974
6809.5,1.4082507001524571
6810.5,1.4082511771042974
6811.5,1.4082516538769119
6812.5,1.4082521304703943
6813.5,1.408252606884838
6814.5,1.4082530831203366
6815.5,1.4082535591769834
6816.5,1.4082540350548716
6817.5,1.4082545107540945
6818.5,1.4082549862747453
6819.5,1.4082554616169174
6820.5,1.4082559367807035
6821.5,1.4082564117661969
6822.5,1.4082568865734904
6823.5,1.4082573612026767
6824.5,1.4082578356538489
6825.5,1.4082583099270998
6826.5,1.4082587840225218
6827.5,1.4082592579402078
6828.5,1.4082597316802503
6829.5,1.4082602052427418
6830.5,1.4082606786277747
6831.5,1.4082611518354415
6832.5,1.4082616248658344
6833.5,1.4082620977190459
6834.5,1.408262570395168
6835.5,1.4082630428942926
6836.5,1.4082635152165122
6837.5,1.4082639873619187
6838.5,1.4082644593306042
6839.5,1.4082649311226603
6840.5,1.4082654027381791
6841.5,1.4082658741772522
6842.5,1.4082663454399713
6843.5,1.4082668165264283
6844.5,1.4082672874367144
6845.5,1.4082677581709215
6846.5,1.408268228729141
6847.5,1.4082686991114641
6848.5,1.4082691693179823
6849.5,1.408269639348787
6850.5,1.4082701092039691
6851.5,1.4082705788836203
6852.5,1.4082710483878311
6853.5,1.408271517716693
6854.5,1.4082719868702966
6855.5,1.4082724558487332
6856.5,1.4082729246520935
6857.5,1.4082733932804683
6858.5,1.4082738617339485
6859.5,1.4082743300126246
6860.5,1.408274798116587
6861.5,1.4082752660459268
6862.5,1.4082757338007341
6863.5,1.4082762013810997
6864.5,1.4082766687871136
6865.5,1.4082771360188662
6866.5,1.408277603076448
6867.5,1.408278069959949
6868.5,1.4082785366694595
6869.5,1.4082790032050694
6870.5,1.4082794695668688
6871.5,1.4082799357549476
6872.5,1.408280401769396
6873.5,1.4082808676103036
6874.5,1.40828133327776
6875.5,1.4082817987718554
6876.5,1.408282264092679
6877.5,1.4082827292403208
6878.5,1.4082831942148701
6879.5,1.4082836590164165
6880.5,1.4082841236450494
6881.5,1.408284588100858
6882.5,1.408285052383932
6883.5,1.4082855164943604
6884.5,1.4082859804322325
6885.5,1.4082864441976373
6886.5,1.408286907790664
6887.5,1.4082873712114012
6888.5,1.4082878344599385
6889.5,1.4082882975363646
6890.5,1.4082887604407681
6891.5,1.408289223173238
6892.5,1.408289685733863
6893.5,1.4082901481227317
6894.5,1.4082906103399329
6895.5,1.4082910723855546
6896.5,1.408291534259686
6897.5,1.4082919959624152
6898.5,1.4082924574938305
6899.5,1.4082929188540203
6900.5,1.4082933800430728
6901.5,1.4082938410610761
6902.5,1.4082943019081189
6903.5,1.4082947625842885
6904.5,1.4082952230896735
6905.5,1.4082956834243616
6906.5,1.408296143588441
6907.5,1.408296603581999
6908.5,1.4082970634051237
6909.5,1.4082975230579031
6910.5,1.4082979825404245
6911.5,1.4082984418527758
6912.5,1.4082989009950442
6913.5,1.4082993599673173
6914.5,1.408299818769683
6915.5,1.408300277402228
6916.5,1.4083007358650401
6917.5,1.4083011941582064
6918.5,1.4083016522818144
6919.5,1.4083021102359508
6920.5,1.4083025680207029
6921.5,1.4083030256361577
6922.5,1.4083034830824024
6923.5,1.4083039403595239
6924.5,1.4083043974676086
6925.5,1.408304854406744
6926.5,1.4083053111770163
6927.5,1.4083057677785125
6928.5,1.4083062242113191
6929.5,1.4083066804755229
6930.5,1.40830713657121
6931.5,1.4083075924984674
6932.5,1.4083080482573813
6933.5,1.4083085038480379
6934.5,1.4083089592705236
6935.5,1.4083094145249249
6936.5,1.4083098696113274
6937.5,1.4083103245298179
6938.5,1.408310779280482
6939.5,1.408311233863406
6940.5,1.408311688278676
6941.5,1.4083121425263774
6942.5,1.4083125966065961
6943.5,1.4083130505194184
6944.5,1.4083135042649297
6945.5,1.4083139578432158
6946.5,1.4083144112543622
6947.5,1.4083148644984544
6948.5,1.4083153175755783
6949.5,1.408315770485819
6950.5,1.4083162232292619
6951.5,1.4083166758059924
6952.5,1.408317128216096
6953.5,1.4083175804596577
6954.5,1.4083180325367628
6955.5,1.4083184844474963
6956.5,1.4083189361919433
6957.5,1.408319387770189
6958.5,1.408319839182318
6959.5,1.4083202904284156
6960.5,1.4083207415085663
6961.5,1.4083211924228551
6962.5,1.4083216431713665
6963.5,1.4083220937541856
6964.5,1.4083225441713967
6965.5,1.4083229944230844
6966.5,1.4083234445093333
6967.5,1.4083238944302277
6968.5,1.4083243441858522
6969.5,1.408324793776291
6970.5,1.4083252432016284
6971.5,1.4083256924619487
6972.5,1.408326141557336
6973.5,1.4083265904878748
6974.5,1.4083270392536484
6975.5,1.4083274878547416
6976.5,1.408327936291238
6977.5,1.4083283845632215
6978.5,1.408328832670776
6979.5,1.408329280613985
6980.5,1.408329728392933
6981.5,1.408330176007703
6982.5,1.4083306234583788
6983.5,1.408331070745044
6984.5,1.4083315178677824
6985.5,1.408331964826677
6986.5,1.4083324116218117
6987.5,1.4083328582532693
6988.5,1.4083333047211335
6989.5,1.4083337510254874
6990.5,1.4083341971664145
6991.5,1.4083346431439976
6992.5,1.4083350889583197
6993.5,1.4083355346094641
6994.5,1.408335980097514
6995.5,1.4083364254225517
6996.5,1.4083368705846606
6997.5,1.4083373155839232
6998.5,1.4083377604204226
6999.5,1.408338205094241
7000.5,1.4083386496054617
7001.5,1.4083390939541667
7002.5,1.408339538140439
7003.5,1.408339982164361
7004.5,1.4083404260260148
7005.5,1.4083408697254833
7006.5,1.4083413132628484
7007.5,1.4083417566381926
7008.5,1.4083421998515981
7009.5,1.4083426429031474
7010.5,1.408343085792922
7011.5,1.4083435285210042
7012.5,1.4083439710874763
7013.5,1.40834441349242
7014.5,1.408344855735917
7015.5,1.4083452978180497
7016.5,1.4083457397388996
7017.5,1.4083461814985483
7018.5,1.4083466230970778
7019.5,1.4083470645345697
7020.5,1.4083475058111055
7021.5,1.4083479469267666
7022.5,1.4083483878816345
7023.5,1.408348828675791
7024.5,1.4083492693093171
7025.5,1.4083497097822943
7026.5,1.408350150094804
7027.5,1.408350590246927
7028.5,1.408351030238745
7029.5,1.4083514700703386
7030.5,1.4083519097417891
7031.5,1.4083523492531778
7032.5,1.408352788604585
7033.5,1.4083532277960924
7034.5,1.40835366682778
7035.5,1.4083541056997295
7036.5,1.408354544412021
7037.5,1.4083549829647353
7038.5,1.4083554213579532
7039.5,1.4083558595917551
7040.5,1.4083562976662218
7041.5,1.4083567355814337
7042.5,1.4083571733374711
7043.5,1.4083576109344145
7044.5,1.4083580483723444
7045.5,1.4083584856513405
7046.5,1.4083589227714837
7047.5,1.4083593597328539
7048.5,1.408359796535531
7049.5,1.4083602331795955
7050.5,1.4083606696651272
7051.5,1.408361105992206
7052.5,1.408361542160912
7053.5,1.408361978171325
7054.5,1.4083624140235247
7055.5,1.4083628497175908
7056.5,1.4083632852536034
7057.5,1.408363720631642
7058.5,1.4083641558517859
7059.5,1.408364590914115
7060.5,1.4083650258187086
7061.5,1.4083654605656464
7062.5,1.4083658951550075
7063.5,1.4083663295868716
7064.5,1.4083667638613178
7065.5,1.4083671979784251
7066.5,1.4083676319382732
7067.5,1.408368065740941
7068.5,1.4083684993865075
7069.5,1.408368932875052
7070.5,1.4083693662066532
7071.5,1.4083697993813902
7072.5,1.4083702323993421
7073.5,1.4083706652605874
7074.5,1.4083710979652049
7075.5,1.4083715305132736
7076.5,1.408371962904872
7077.5,1.408372395140079
7078.5,1.4083728272189728
7079.5,1.4083732591416322
7080.5,1.4083736909081357
7081.5,1.4083741225185615
7082.5,1.4083745539729882
7083.5,1.408374985271494
7084.5,1.4083754164141573
7085.5,1.4083758474010564
7086.5,1.4083762782322695
7087.5,1.4083767089078745
7088.5,1.4083771394279496
7089.5,1.408377569792573
7090.5,1.4083780000018222
7091.5,1.4083784300557758
7092.5,1.408378859954511
7093.5,1.4083792896981064
7094.5,1.4083797192866392
7095.5,1.4083801487201872
7096.5,1.4083805779988285
7097.5,1.4083810071226401
7098.5,1.4083814360917002
7099.5,1.408381864906086
7100.5,1.408382293565875
7101.5,1.4083827220711447
7102.5,1.4083831504219726
7103.5,1.4083835786184358
7104.5,1.4083840066606117
7105.5,1.4083844345485774
7106.5,1.4083848622824104
7107.5,1.4083852898621878
7108.5,1.4083857172879863
7109.5,1.4083861445598833
7110.5,1.4083865716779558
7111.5,1.4083869986422806
7112.5,1.4083874254529345
7113.5,1.4083878521099946
7114.5,1.4083882786135375
7115.5,1.4083887049636399
7116.5,1.408389131160379
7117.5,1.4083895572038305
7118.5,1.408389983094072
7119.5,1.4083904088311794
7120.5,1.4083908344152294
7121.5,1.4083912598462986
7122.5,1.408391685124463
7123.5,1.4083921102497996
7124.5,1.408392535222384
7125.5,1.4083929600422929
7126.5,1.4083933847096024
7127.5,1.4083938092243886
7128.5,1.4083942335867277
7129.5,1.4083946577966957
7130.5,1.4083950818543685
7131.5,1.4083955057598223
7132.5,1.408395929513133
7133.5,1.4083963531143762
7134.5,1.408396776563628
7135.5,1.4083971998609641
7136.5,1.40839762300646
7137.5,1.4083980460001917
7138.5,1.4083984688422346
7139.5,1.4083988915326644
7140.5,1.4083993140715567
7141.5,1.4083997364589869
7142.5,1.40840015869503
7143.5,1.4084005807797624
7144.5,1.4084010027132585
7145.5,1.4084014244955938
7146.5,1.408401846126844
7147.5,1.4084022676070835
7148.5,1.4084026889363883
7149.5,1.4084031101148329
7150.5,1.4084035311424925
7151.5,1.4084039520194422
7152.5,1.408404372745757
7153.5,1.4084047933215116
7154.5,1.408405213746781
7155.5,1.40840563402164
7156.5,1.4084060541461632
7157.5,1.4084064741204256
7158.5,1.4084068939445016
7159.5,1.408407313618466
7160.5,1.4084077331423934
7161.5,1.408408152516358
7162.5,1.4084085717404347
7163.5,1.4084089908146977
7164.5,1.4084094097392215
7165.5,1.4084098285140803
7166.5,1.4084102471393485
7167.5,1.4084106656151003
7168.5,1.40841108394141
7169.5,1.4084115021183514
7170.5,1.4084119201459988
7171.5,1.4084123380244264
7172.5,1.4084127557537083
7173.5,1.408413173333918
7174.5,1.4084135907651298
7175.5,1.4084140080474175
7176.5,1.4084144251808548
7177.5,1.4084148421655154
7178.5,1.4084152590014734
7179.5,1.408415675688802
7180.5,1.4084160922275752
7181.5,1.4084165086178664
7182.5,1.4084169248597491
7183.5,1.408417340953297
7184.5,1.4084177568985834
7185.5,1.4084181726956817
7186.5,1.4084185883446654
7187.5,1.4084190038456075
7188.5,1.4084194191985815
7189.5,1.4084198344036607
7190.5,1.408420249460918
7191.5,1.4084206643704265
7192.5,1.4084210791322596
7193.5,1.40842149374649
7194.5,1.4084219082131908
7195.5,1.408422322532435
7196.5,1.4084227367042956
7197.5,1.4084231507288452
7198.5,1.4084235646061567
7199.5,1.4084239783363028
7200.5,1.4084243919193562
7201.5,1.4084248053553896
7202.5,1.4084252186444757
7203.5,1.4084256317866868
7204.5,1.4084260447820958
7205.5,1.4084264576307748
7206.5,1.4084268703327965
7207.5,1.4084272828882332
7208.5,1.408427695297157
7209.5,1.4084281075596408
7210.5,1.4084285196757562
7211.5,1.4084289316455758
7212.5,1.4084293434691715
7213.5,1.4084297551466156
7214.5,1.40843016667798
7215.5,1.4084305780633368
7216.5,1.408430989302758
7217.5,1.4084314003963156
7218.5,1.4084318113440815
7219.5,1.4084322221461272
7220.5,1.4084326328025247
7221.5,1.4084330433133458
7222.5,1.4084334536786622
7223.5,1.4084338638985456
7224.5,1.4084342739730675
7225.5,1.4084346839022996
7226.5,1.4084350936863133
7227.5,1.4084355033251799
7228.5,1.4084359128189712
7229.5,1.4084363221677583
7230.5,1.4084367313716126
7231.5,1.4084371404306055
7232.5,1.4084375493448082
7233.5,1.408437958114292
7234.5,1.408438366739128
7235.5,1.4084387752193872
7236.5,1.4084391835551406
7237.5,1.4084395917464596
7238.5,1.408439999793415
7239.5,1.4084404076960775
7240.5,1.4084408154545183
7241.5,1.408441223068808
7242.5,1.4084416305390177
7243.5,1.408442037865218
7244.5,1.4084424450474795
7245.5,1.4084428520858732
7246.5,1.4084432589804692
7247.5,1.4084436657313386
7248.5,1.4084440723385516
7249.5,1.408444478802179
7250.5,1.408444885122291
7251.5,1.408445291298958
7252.5,1.4084456973322506
7253.5,1.4084461032222388
7254.5,1.4084465089689933
7255.5,1.4084469145725838
7256.5,1.4084473200330807
7257.5,1.4084477253505543
7258.5,1.4084481305250744
7259.5,1.4084485355567113
7260.5,1.4084489404455351
7261.5,1.4084493451916154
7262.5,1.4084497497950224
7263.5,1.4084501542558259
7264.5,1.4084505585740956
7265.5,1.4084509627499016
7266.5,1.4084513667833134
7267.5,1.4084517706744006
7268.5,1.408452174423233
7269.5,1.4084525780298804
7270.5,1.4084529814944122
7271.5,1.4084533848168979
7272.5,1.4084537879974068
7273.5,1.4084541910360087
7274.5,1.4084545939327728
7275.5,1.4084549966877686
7276.5,1.4084553993010651
7277.5,1.408455801772732
7278.5,1.4084562041028381
7279.5,1.408456606291453
7280.5,1.4084570083386454
7281.5,1.4084574102444847
7282.5,1.4084578120090396
7283.5,1.4084582136323796
7284.5,1.4084586151145735
7285.5,1.4084590164556898
7286.5,1.408459417655798
7287.5,1.4084598187149666
7288.5,1.4084602196332643
7289.5,1.40846062041076
7290.5,1.4084610210475224
7291.5,1.4084614215436202
7292.5,1.408461821899122
7293.5,1.4084622221140963
7294.5,1.4084626221886116
7295.5,1.4084630221227366
7296.5,1.4084634219165395
7297.5,1.4084638215700889
7298.5,1.408464221083453
7299.5,1.4084646204567004
7300.5,1.408465019689899
7301.5,1.4084654187831172
7302.5,1.4084658177364233
7303.5,1.4084662165498854
7304.5,1.4084666152235714
7305.5,1.4084670137575497
7306.5,1.4084674121518879
7307.5,1.4084678104066544
7308.5,1.408468208521917
7309.5,1.4084686064977434
7310.5,1.4084690043342019
7311.5,1.4084694020313597
7312.5,1.408469799589285
7313.5,1.4084701970080455
7314.5,1.4084705942877087
7315.5,1.4084709914283424
7316.5,1.4084713884300142
7317.5,1.4084717852927915
7318.5,1.4084721820167418
7319.5,1.408472578601933
7320.5,1.408472975048432
7321.5,1.4084733713563065
7322.5,1.4084737675256236
7323.5,1.408474163556451
7324.5,1.4084745594488555
7325.5,1.4084749552029048
7326.5,1.4084753508186656
7327.5,1.4084757462962054
7328.5,1.408476141635591
7329.5,1.40847653683689
7330.5,1.4084769319001686
7331.5,1.4084773268254944
7332.5,1.408477721612934
7333.5,1.4084781162625546
7334.5,1.4084785107744229
7335.5,1.4084789051486055
7336.5,1.4084792993851694
7337.5,1.4084796934841812
7338.5,1.4084800874457077
7339.5,1.4084804812698155
7340.5,1.4084808749565711
7341.5,1.4084812685060413
7342.5,1.4084816619182925
7343.5,1.408482055193391
7344.5,1.4084824483314033
7345.5,1.4084828413323958
7346.5,1.408483234196435
7347.5,1.4084836269235872
7348.5,1.4084840195139186
7349.5,1.4084844119674953
7350.5,1.4084848042843836
7351.5,1.4084851964646496
7352.5,1.4084855885083596
7353.5,1.4084859804155794
7354.5,1.4084863721863752
7355.5,1.408486763820813
7356.5,1.4084871553189584
7357.5,1.4084875466808777
7358.5,1.4084879379066368
7359.5,1.408488328996301
7360.5,1.4084887199499367
7361.5,1.4084891107676092
7362.5,1.4084895014493846
7363.5,1.408489891995328
7364.5,1.4084902824055054
7365.5,1.4084906726799824
7366.5,1.4084910628188243
7367.5,1.4084914528220966
7368.5,1.4084918426898652
7369.5,1.4084922324221951
7370.5,1.4084926220191516
7371.5,1.4084930114808003
7372.5,1.4084934008072065
7373.5,1.408493789998435
7374.5,1.4084941790545518
7375.5,1.4084945679756213
7376.5,1.408494956761709
7377.5,1.4084953454128801
7378.5,1.4084957339291995
7379.5,1.408496122310732
7380.5,1.4084965105575429
7381.5,1.4084968986696969
7382.5,1.4084972866472592
7383.5,1.4084976744902942
7384.5,1.408498062198867
7385.5,1.4084984497730424
7386.5,1.408498837212885
7387.5,1.4084992245184595
7388.5,1.4084996116898307
7389.5,1.408499998727063
7390.5,1.4085003856302212
7391.5,1.4085007723993697
7392.5,1.4085011590345728
7393.5,1.4085015455358953
7394.5,1.4085019319034016
7395.5,1.4085023181371557
7396.5,1.408502704237222
7397.5,1.4085030902036653
7398.5,1.4085034760365494
7399.5,1.4085038617359384
7400.5,1.408504247301897
7401.5,1.408504632734489
7402.5,1.4085050180337784
7403.5,1.4085054031998294
7404.5,1.408505788232706
7405.5,1.4085061731324722
7406.5,1.4085065578991918
7407.5,1.4085069425329289
7408.5,1.4085073270337474
7409.5,1.4085077114017108
7410.5,1.408508095636883
7411.5,1.408508479739328
7412.5,1.4085088637091092
7413.5,1.4085092475462904
7414.5,1.408509631250935
7415.5,1.4085100148231071
7416.5,1.4085103982628697
7417.5,1.4085107815702866
7418.5,1.4085111647454212
7419.5,1.408511547788337
7420.5,1.4085119306990972
7421.5,1.4085123134777653
7422.5,1.4085126961244048
7423.5,1.4085130786390785
7424.5,1.40851346102185
7425.5,1.4085138432727822
7426.5,1.4085142253919385
7427.5,1.4085146073793822
7428.5,1.4085149892351758
7429.5,1.408515370959383
7430.5,1.4085157525520662
7431.5,1.4085161340132888
7432.5,1.4085165153431134
7433.5,1.4085168965416033
7434.5,1.4085172776088208
7435.5,1.4085176585448294
7436.5,1.4085180393496912
7437.5,1.4085184200234693
7438.5,1.4085188005662261
7439.5,1.4085191809780246
7440.5,1.4085195612589274
7441.5,1.408519941408997
7442.5,1.4085203214282958
7443.5,1.4085207013168863
7444.5,1.4085210810748312
7445.5,1.4085214607021928
7446.5,1.4085218401990334
7447.5,1.4085222195654155
7448.5,1.4085225988014012
7449.5,1.408522977907053
7450.5,1.408523356882433
7451.5,1.4085237357276035
7452.5,1.4085241144426266
7453.5,1.4085244930275644
7454.5,1.408524871482479
7455.5,1.4085252498074325
7456.5,1.408525628002487
7457.5,1.408526006067704
7458.5,1.408526384003146
7459.5,1.4085267618088746
7460.5,1.4085271394849517
7461.5,1.408527517031439
7462.5,1.4085278944483985
7463.5,1.408528271735892
7464.5,1.408528648893981
7465.5,1.408529025922727
7466.5,1.4085294028221922
7467.5,1.4085297795924376
7468.5,1.408530156233525
7469.5,1.408530532745516
7470.5,1.4085309091284721
7471.5,1.4085312853824545
7472.5,1.4085316615075247
7473.5,1.4085320375037442
7474.5,1.4085324133711743
7475.5,1.4085327891098762
7476.5,1.4085331647199113
7477.5,1.4085335402013406
7478.5,1.4085339155542254
7479.5,1.4085342907786267
7480.5,1.4085346658746059
7481.5,1.4085350408422237
7482.5,1.4085354156815415
7483.5,1.4085357903926201
7484.5,1.4085361649755206
7485.5,1.4085365394303038
7486.5,1.4085369137570305
7487.5,1.4085372879557616
7488.5,1.4085376620265582
7489.5,1.4085380359694806
7490.5,1.4085384097845897
7491.5,1.4085387834719463
7492.5,1.4085391570316113
7493.5,1.4085395304636448
7494.5,1.4085399037681077
7495.5,1.4085402769450603
7496.5,1.4085406499945634
7497.5,1.4085410229166775
7498.5,1.4085413957114628
7499.5,1.4085417683789798
7500.5,1.408542140919289
7501.5,1.4085425133324505
7502.5,1.408542885618525
7503.5,1.408543257777572
7504.5,1.4085436298096525
7505.5,1.4085440017148263
7506.5,1.4085443734931535
7507.5,1.4085447451446946
7508.5,1.4085451166695093
7509.5,1.4085454880676576
7510.5,1.4085458593391997
7511.5,1.4085462304841956
7512.5,1.4085466015027053
7513.5,1.4085469723947883
7514.5,1.4085473431605047
7515.5,1.4085477137999143
7516.5,1.408548084313077
7517.5,1.4085484547000524
7518.5,1.4085488249609002
7519.5,1.4085491950956803
7520.5,1.408549565104452
7521.5,1.4085499349872752
7522.5,1.4085503047442092
7523.5,1.4085506743753138
7524.5,1.4085510438806483
7525.5,1.4085514132602723
7526.5,1.408551782514245
7527.5,1.408552151642626
7528.5,1.4085525206454748
7529.5,1.4085528895228503
7530.5,1.408553258274812
7531.5,1.4085536269014192
7532.5,1.4085539954027309
7533.5,1.4085543637788065
7534.5,1.4085547320297052
7535.5,1.4085551001554857
7536.5,1.4085554681562074
7537.5,1.4085558360319292
7538.5,1.4085562037827102
7539.5,1.408556571408609
7540.5,1.4085569389096853
7541.5,1.408557306285997
7542.5,1.4085576735376037
7543.5,1.4085580406645641
7544.5,1.4085584076669366
7545.5,1.4085587745447803
7546.5,1.408559141298154
7547.5,1.4085595079271158
7548.5,1.408559874431725
7549.5,1.4085602408120397
7550.5,1.4085606070681187
7551.5,1.4085609732000206
7552.5,1.4085613392078038
7553.5,1.4085617050915267
7554.5,1.4085620708512478
7555.5,1.4085624364870255
7556.5,1.4085628019989183
7557.5,1.408563167386984
7558.5,1.4085635326512815
7559.5,1.4085638977918689
7560.5,1.4085642628088042
7561.5,1.4085646277021457
7562.5,1.4085649924719514
7563.5,1.4085653571182797
7564.5,1.4085657216411887
7565.5,1.4085660860407359
7566.5,1.40856645031698
7567.5,1.4085668144699783
7568.5,1.4085671784997893
7569.5,1.4085675424064705
7570.5,1.4085679061900802
7571.5,1.4085682698506758
7572.5,1.4085686333883152
7573.5,1.4085689968030564
7574.5,1.408569360094957
7575.5,1.4085697232640744
7576.5,1.4085700863104667
7577.5,1.4085704492341913
7578.5,1.4085708120353058
7579.5,1.4085711747138678
7580.5,1.4085715372699348
7581.5,1.4085718997035641
7582.5,1.4085722620148136
7583.5,1.4085726242037402
7584.5,1.4085729862704015
7585.5,1.408573348214855
7586.5,1.408573710037158
7587.5,1.4085740717373674
7588.5,1.4085744333155408
7589.5,1.4085747947717353
7590.5,1.4085751561060083
7591.5,1.4085755173184165
7592.5,1.4085758784090172
7593.5,1.4085762393778674
7594.5,1.4085766002250244
7595.5,1.408576960950545
7596.5,1.4085773215544863
7597.5,1.4085776820369051
7598.5,1.4085780423978582
7599.5,1.4085784026374029
7600.5,1.4085787627555955
7601.5,1.408579122752493
7602.5,1.4085794826281524
7603.5,1.4085798423826301
7604.5,1.408580202015983
7605.5,1.4085805615282676
7606.5,1.4085809209195408
7607.5,1.4085812801898587
7608.5,1.4085816393392785
7609.5,1.4085819983678562
7610.5,1.4085823572756486
7611.5,1.4085827160627122
7612.5,1.408583074729103
7613.5,1.408583433274878
7614.5,1.408583791700093
7615.5,1.4085841500048044
7616.5,1.4085845081890689
7617.5,1.4085848662529425
7618.5,1.4085852241964814
7619.5,1.4085855820197417
7620.5,1.4085859397227798
7621.5,1.4085862973056515
7622.5,1.4085866547684134
7623.5,1.408587012111121
7624.5,1.4085873693338307
7625.5,1.4085877264365982
7626.5,1.4085880834194797
7627.5,1.408588440282531
7628.5,1.408588797025808
7629.5,1.4085891536493667
7630.5,1.4085895101532626
7631.5,1.4085898665375518
7632.5,1.4085902228022897
7633.5,1.4085905789475326
7634.5,1.4085909349733357
7635.5,1.4085912908797549
7636.5,1.4085916466668456
7637.5,1.4085920023346634
7638.5,1.4085923578832642
7639.5,1.408592713312703
7640.5,1.408593068623036
7641.5,1.4085934238143178
7642.5,1.4085937788866045
7643.5,1.4085941338399512
7644.5,1.4085944886744133
7645.5,1.4085948433900461
7646.5,1.408595197986905
7647.5,1.408595552465045
7648.5,1.4085959068245217
7649.5,1.40859626106539
7650.5,1.4085966151877052
7651.5,1.4085969691915223
7652.5,1.4085973230768967
7653.5,1.408597676843883
7654.5,1.4085980304925365
7655.5,1.4085983840229122
7656.5,1.408598737435065
7657.5,1.40859909072905
7658.5,1.4085994439049219
7659.5,1.4085997969627355
7660.5,1.4086001499025458
7661.5,1.4086005027244075
7662.5,1.4086008554283755
7663.5,1.4086012080145045
7664.5,1.408601560482849
7665.5,1.408601912833464
7666.5,1.4086022650664038
7667.5,1.4086026171817232
7668.5,1.4086029691794768
7669.5,1.408603321059719
7670.5,1.4086036728225046
7671.5,1.4086040244678877
7672.5,1.408604375995923
7673.5,1.4086047274066646
7674.5,1.4086050787001674
7675.5,1.4086054298764852
7676.5,1.4086057809356725
7677.5,1.4086061318777838
7678.5,1.408606482702873
7679.5,1.4086068334109947
7680.5,1.408607184002203
7681.5,1.4086075344765516
7682.5,1.408607884834095
7683.5,1.4086082350748874
7684.5,1.4086085851989827
7685.5,1.408608935206435
7686.5,1.408609285097298
7687.5,1.4086096348716262
7688.5,1.4086099845294728
7689.5,1.4086103340708924
7690.5,1.4086106834959384
7691.5,1.4086110328046648
7692.5,1.4086113819971255
7693.5,1.4086117310733743
7694.5,1.4086120800334647
7695.5,1.4086124288774504
7696.5,1.4086127776053852
7697.5,1.408613126217323
7698.5,1.4086134747133168
7699.5,1.4086138230934206
7700.5,1.408614171357688
7701.5,1.4086145195061723
7702.5,1.408614867538927
7703.5,1.4086152154560057
7704.5,1.4086155632574617
7705.5,1.4086159109433485
7706.5,1.4086162585137194
7707.5,1.4086166059686276
7708.5,1.4086169533081265
7709.5,1.4086173005322693
7710.5,1.4086176476411094
7711.5,1.4086179946347
7712.5,1.408618341513094
7713.5,1.4086186882763447
7714.5,1.4086190349245054
7715.5,1.4086193814576287
7716.5,1.408619727875768
7717.5,1.4086200741789763
7718.5,1.4086204203673065
7719.5,1.4086207664408115
7720.5,1.4086211123995442
7721.5,1.408621458243558
7722.5,1.4086218039729048
7723.5,1.408622149587638
7724.5,1.4086224950878106
7725.5,1.408622840473475
7726.5,1.408623185744684
7727.5,1.4086235309014903
7728.5,1.4086238759439467
7729.5,1.4086242208721056
7730.5,1.40862456568602
7731.5,1.4086249103857418
7732.5,1.4086252549713243
7733.5,1.4086255994428194
7734.5,1.4086259438002802
7735.5,1.4086262880437586
7736.5,1.4086266321733072
7737.5,1.4086269761889785
7738.5,1.4086273200908246
7739.5,1.4086276638788982
7740.5,1.4086280075532513
7741.5,1.4086283511139364
7742.5,1.4086286945610054
7743.5,1.4086290378945108
7744.5,1.4086293811145048
7745.5,1.4086297242210393
7746.5,1.4086300672141665
7747.5,1.4086304100939386
7748.5,1.4086307528604076
7749.5,1.4086310955136254
7750.5,1.4086314380536442
7751.5,1.4086317804805157
7752.5,1.4086321227942922
7753.5,1.4086324649950253
7754.5,1.4086328070827667
7755.5,1.4086331490575688
7756.5,1.4086334909194829
7757.5,1.408633832668561
7758.5,1.408634174304855
7759.5,1.4086345158284161
7760.5,1.4086348572392966
7761.5,1.4086351985375478
7762.5,1.4086355397232213
7763.5,1.4086358807963688
7764.5,1.408636221757042
7765.5,1.4086365626052924
7766.5,1.408636903341171
7767.5,1.40863724396473
7768.5,1.4086375844760204
7769.5,1.4086379248750938
7770.5,1.4086382651620013
7771.5,1.4086386053367945
7772.5,1.408638945399525
7773.5,1.4086392853502434
7774.5,1.4086396251890017
7775.5,1.4086399649158505
7776.5,1.4086403045308413
7777.5,1.4086406440340256
7778.5,1.4086409834254539
7779.5,1.4086413227051775
7780.5,1.4086416618732478
7781.5,1.4086420009297156
7782.5,1.408642339874632
7783.5,1.408642678708048
7784.5,1.4086430174300144
7785.5,1.4086433560405824
7786.5,1.4086436945398029
7787.5,1.4086440329277263
7788.5,1.408644371204404
7789.5,1.4086447093698866
7790.5,1.408645047424225
7791.5,1.4086453853674696
7792.5,1.4086457231996714
7793.5,1.4086460609208813
7794.5,1.4086463985311495
7795.5,1.408646736030527
7796.5,1.4086470734190641
7797.5,1.4086474106968119
7798.5,1.4086477478638204
7799.5,1.4086480849201404
7800.5,1.4086484218658222
7801.5,1.4086487587009164
7802.5,1.4086490954254733
7803.5,1.4086494320395437
7804.5,1.4086497685431776
7805.5,1.4086501049364253
7806.5,1.4086504412193372
7807.5,1.4086507773919636
7808.5,1.408651113454355
7809.5,1.4086514494065612
7810.5,1.4086517852486327
7811.5,1.4086521209806195
7812.5,1.408652456602572
7813.5,1.4086527921145398
7814.5,1.4086531275165735
7815.5,1.4086534628087228
7816.5,1.4086537979910378
7817.5,1.4086541330635687
7818.5,1.4086544680263653
7819.5,1.4086548028794774
7820.5,1.408655137622955
7821.5,1.4086554722568483
7822.5,1.4086558067812067
7823.5,1.40865614119608
7824.5,1.4086564755015185
7825.5,1.4086568096975716
7826.5,1.4086571437842887
7827.5,1.4086574777617202
7828.5,1.4086578116299153
7829.5,1.4086581453889238
7830.5,1.4086584790387953
7831.5,1.4086588125795794
7832.5,1.4086591460113256
7833.5,1.4086594793340832
7834.5,1.4086598125479022
7835.5,1.4086601456528318
7836.5,1.4086604786489216
7837.5,1.4086608115362207
7838.5,1.4086611443147787
7839.5,1.4086614769846448
7840.5,1.4086618095458687
7841.5,1.4086621419984993
7842.5,1.408662474342586
7843.5,1.408662806578178
7844.5,1.4086631387053246
7845.5,1.408663470724075
7846.5,1.4086638026344782
7847.5,1.4086641344365836
7848.5,1.40866446613044
7849.5,1.4086647977160967
7850.5,1.4086651291936023
7851.5,1.4086654605630065
7852.5,1.4086657918243577
7853.5,1.4086661229777053
7854.5,1.408666454023098
7855.5,1.4086667849605845
7856.5,1.408667115790214
7857.5,1.4086674465120352
7858.5,1.408667777126097
7859.5,1.408668107632448
7860.5,1.4086684380311372
7861.5,1.4086687683222132
7862.5,1.4086690985057246
7863.5,1.4086694285817203
7864.5,1.4086697585502488
7865.5,1.4086700884113588
7866.5,1.4086704181650986
7867.5,1.4086707478115172
7868.5,1.408671077350663
7869.5,1.4086714067825843
7870.5,1.4086717361073295
7871.5,1.4086720653249476
7872.5,1.4086723944354864
7873.5,1.4086727234389946
7874.5,1.4086730523355206
7875.5,1.4086733811251126
7876.5,1.408673709807819
7877.5,1.4086740383836882
7878.5,1.4086743668527681
7879.5,1.4086746952151072
7880.5,1.4086750234707535
7881.5,1.4086753516197554
7882.5,1.408675679662161
7883.5,1.408676007598018
7884.5,1.4086763354273752
7885.5,1.40867666315028
7886.5,1.4086769907667809
7887.5,1.4086773182769257
7888.5,1.4086776456807624
7889.5,1.4086779729783387
7890.5,1.408678300169703
7891.5,1.4086786272549028
7892.5,1.408678954233986
7893.5,1.4086792811070006
7894.5,1.4086796078739945
7895.5,1.4086799345350152
7896.5,1.4086802610901106
7897.5,1.4086805875393282
7898.5,1.408680913882716
7899.5,1.408681240120322
7900.5,1.408681566252193
7901.5,1.408681892278377
7902.5,1.4086822181989216
7903.5,1.4086825440138744
7904.5,1.408682869723283
7905.5,1.4086831953271948
7906.5,1.4086835208256572
7907.5,1.408683846218718
7908.5,1.408684171506424
7909.5,1.408684496688823
7910.5,1.4086848217659624
7911.5,1.4086851467378896
7912.5,1.4086854716046517
7913.5,1.408685796366296
7914.5,1.4086861210228698
7915.5,1.4086864455744206
7916.5,1.408686770020995
7917.5,1.4086870943626408
7918.5,1.4086874185994047
7919.5,1.4086877427313342
7920.5,1.4086880667584762
7921.5,1.4086883906808778
7922.5,1.4086887144985858
7923.5,1.4086890382116477
7924.5,1.4086893618201102
7925.5,1.40868968532402
7926.5,1.4086900087234246
7927.5,1.4086903320183706
7928.5,1.408690655208905
7929.5,1.4086909782950743
7930.5,1.4086913012769258
7931.5,1.408691624154506
7932.5,1.4086919469278618
7933.5,1.40869226959704
7934.5,1.4086925921620872
7935.5,1.40869291462305
7936.5,1.4086932369799752
7937.5,1.4086935592329095
7938.5,1.4086938813818994
7939.5,1.4086942034269916
7940.5,1.4086945253682326
7941.5,1.4086948472056688
7942.5,1.408695168939347
7943.5,1.4086954905693134
7944.5,1.4086958120956143
7945.5,1.4086961335182968
7946.5,1.4086964548374066
7947.5,1.4086967760529905
7948.5,1.4086970971650945
7949.5,1.4086974181737653
7950.5,1.408697739079049
7951.5,1.4086980598809917
7952.5,1.40869838057964
7953.5,1.4086987011750398
7954.5,1.4086990216672375
7955.5,1.4086993420562792
7956.5,1.4086996623422108
7957.5,1.4086999825250788
7958.5,1.408700302604929
7959.5,1.4087006225818075
7960.5,1.4087009424557604
7961.5,1.4087012622268338
7962.5,1.4087015818950734
7963.5,1.4087019014605253
7964.5,1.4087022209232356
7965.5,1.4087025402832498
7966.5,1.4087028595406141
7967.5,1.4087031786953743
7968.5,1.408703497747576
7969.5,1.4087038166972652
7970.5,1.4087041355444876
7971.5,1.408704454289289
7972.5,1.408704772931715
7973.5,1.4087050914718113
7974.5,1.4087054099096237
7975.5,1.4087057282451978
7976.5,1.408706046478579
7977.5,1.408706364609813
7978.5,1.4087066826389456
7979.5,1.4087070005660218
7980.5,1.4087073183910876
7981.5,1.4087076361141884
7982.5,1.4087079537353695
7983.5,1.4087082712546763
7984.5,1.4087085886721544
7985.5,1.408708905987849
7986.5,1.4087092232018055
7987.5,1.4087095403140693
7988.5,1.4087098573246857
7989.5,1.4087101742336996
7990.5,1.4087104910411568
7991.5,1.4087108077471022
7992.5,1.408711124351581
7993.5,1.4087114408546384
7994.5,1.4087117572563197
7995.5,1.4087120735566698
7996.5,1.4087123897557339
7997.5,1.4087127058535571
7998.5,1.4087130218501842
7999.5,1.4087133377456607
8000.5,1.408713653540031
8001.5,1.4087139692333406
8002.5,1.408714284825634
8003.5,1.4087146003169564
8004.5,1.4087149157073524
8005.5,1.4087152309968674
8006.5,1.4087155461855456
8007.5,1.408715861273432
8008.5,1.4087161762605718
8009.5,1.4087164911470091
8010.5,1.4087168059327893
8011.5,1.4087171206179565
8012.5,1.4087174352025558
8013.5,1.4087177496866317
8014.5,1.4087180640702288
8015.5,1.4087183783533919
8016.5,1.4087186925361652
8017.5,1.4087190066185937
8018.5,1.4087193206007216
8019.5,1.4087196344825936
8020.5,1.408719948264254
8021.5,1.4087202619457475
8022.5,1.4087205755271184
8023.5,1.4087208890084109
8024.5,1.4087212023896696
8025.5,1.408721515670939
8026.5,1.4087218288522632
8027.5,1.4087221419336864
8028.5,1.408722454915253
8029.5,1.4087227677970076
8030.5,1.4087230805789939
8031.5,1.4087233932612564
8032.5,1.408723705843839
8033.5,1.4087240183267864
8034.5,1.408724330710142
8035.5,1.4087246429939506
8036.5,1.4087249551782557
8037.5,1.4087252672631019
8038.5,1.4087255792485327
8039.5,1.4087258911345923
8040.5,1.4087262029213248
8041.5,1.4087265146087742
8042.5,1.408726826196984
8043.5,1.4087271376859987
8044.5,1.4087274490758617
8045.5,1.408727760366617
8046.5,1.4087280715583086
8047.5,1.4087283826509802
8048.5,1.4087286936446755
8049.5,1.408729004539438
8050.5,1.4087293153353122
8051.5,1.408729626032341
8052.5,1.4087299366305686
8053.5,1.4087302471300382
8054.5,1.408730557530794
8055.5,1.4087308678328792
8056.5,1.4087311780363374
8057.5,1.4087314881412123
8058.5,1.4087317981475473
8059.5,1.4087321080553863
8060.5,1.4087324178647722
8061.5,1.4087327275757486
8062.5,1.4087330371883593
8063.5,1.4087333467026473
8064.5,1.4087336561186563
8065.5,1.4087339654364293
8066.5,1.4087342746560099
8067.5,1.4087345837774414
8068.5,1.408734892800767
8069.5,1.4087352017260302
8070.5,1.408735510553274
8071.5,1.4087358192825414
8072.5,1.408736127913876
8073.5,1.4087364364473207
8074.5,1.408736744882919
8075.5,1.4087370532207135
8076.5,1.4087373614607477
8077.5,1.4087376696030645
8078.5,1.408737977647707
8079.5,1.4087382855947181
8080.5,1.408738593444141
8081.5,1.4087389011960183
8082.5,1.4087392088503934
8083.5,1.408739516407309
8084.5,1.408739823866808
8085.5,1.4087401312289332
8086.5,1.4087404384937277
8087.5,1.408740745661234
8088.5,1.4087410527314952
8089.5,1.408741359704554
8090.5,1.4087416665804529
8091.5,1.4087419733592348
8092.5,1.4087422800409426
8093.5,1.4087425866256187
8094.5,1.408742893113306
8095.5,1.4087431995040467
8096.5,1.4087435057978839
8097.5,1.4087438119948599
8098.5,1.4087441180950175
8099.5,1.408744424098399
8100.5,1.408744730005047
8101.5,1.408745035815004
8102.5,1.4087453415283124
8103.5,1.4087456471450148
8104.5,1.4087459526651536
8105.5,1.4087462580887709
8106.5,1.4087465634159093
8107.5,1.4087468686466111
8108.5,1.4087471737809187
8109.5,1.4087474788188743
8110.5,1.4087477837605202
8111.5,1.408748088605899
8112.5,1.4087483933550522
8113.5,1.4087486980080226
8114.5,1.408749002564852
8115.5,1.4087493070255828
8116.5,1.4087496113902571
8117.5,1.408749915658917
8118.5,1.4087502198316044
8119.5,1.4087505239083618
8120.5,1.4087508278892307
8121.5,1.4087511317742536
8122.5,1.408751435563472
8123.5,1.4087517392569282
8124.5,1.4087520428546643
8125.5,1.4087523463567218
8126.5,1.4087526497631429
8127.5,1.408752953073969
8128.5,1.4087532562892426
8129.5,1.4087535594090053
8130.5,1.408753862433299
8131.5,1.408754165362165
8132.5,1.4087544681956454
8133.5,1.408754770933782
8134.5,1.4087550735766163
8135.5,1.4087553761241902
8136.5,1.4087556785765454
8137.5,1.4087559809337231
8138.5,1.4087562831957654
8139.5,1.4087565853627138
8140.5,1.4087568874346097
8141.5,1.4087571894114947
8142.5,1.4087574912934104
8143.5,1.4087577930803983
8144.5,1.4087580947724996
8145.5,1.408758396369756
8146.5,1.408758697872209
8147.5,1.4087589992799001
8148.5,1.4087593005928705
8149.5,1.4087596018111612
8150.5,1.4087599029348141
8151.5,1.4087602039638705
8152.5,1.4087605048983713
8153.5,1.408760805738358
8154.5,1.4087611064838717
8155.5,1.408761407134954
8156.5,1.4087617076916457
8157.5,1.408762008153988
8158.5,1.4087623085220222
8159.5,1.4087626087957894
8160.5,1.4087629089753309
8161.5,1.4087632090606874
8162.5,1.4087635090519002
8163.5,1.4087638089490102
8164.5,1.4087641087520586
8165.5,1.4087644084610864
8166.5,1.4087647080761343
8167.5,1.4087650075972435
8168.5,1.4087653070244548
8169.5,1.4087656063578091
8170.5,1.4087659055973474
8171.5,1.4087662047431102
8172.5,1.408766503795139
8173.5,1.4087668027534739
8174.5,1.408767101618156
8175.5,1.4087674003892263
8176.5,1.408767699066725
8177.5,1.4087679976506935
8178.5,1.4087682961411718
8179.5,1.4087685945382011
8180.5,1.4087688928418218
8181.5,1.4087691910520745
8182.5,1.408769489169
8183.5,1.4087697871926386
8184.5,1.408770085123031
8185.5,1.4087703829602178
8186.5,1.4087706807042395
8187.5,1.4087709783551368
8188.5,1.4087712759129496
8189.5,1.4087715733777189
8190.5,1.4087718707494847
8191.5,1.4087721680282879
8192.5,1.4087724652141682
8193.5,1.4087727623071666
8194.5,1.4087730593073233
8195.5,1.4087733562146783
8196.5,1.4087736530292723
8197.5,1.4087739497511451
8198.5,1.4087742463803372
8199.5,1.408774542916889
8200.5,1.4087748393608406
8201.5,1.408775135712232
8202.5,1.4087754319711034
8203.5,1.408775728137495
8204.5,1.408776024211447
8205.5,1.4087763201929995
8206.5,1.4087766160821922
8207.5,1.4087769118790656
8208.5,1.4087772075836595
8209.5,1.408777503196014
8210.5,1.408777798716169
8211.5,1.4087780941441643
8212.5,1.40877838948004
8213.5,1.4087786847238362
8214.5,1.4087789798755925
8215.5,1.408779274935349
8216.5,1.4087795699031453
8217.5,1.4087798647790215
8218.5,1.408780159563017
8219.5,1.408780454255172
8220.5,1.408780748855526
8221.5,1.4087810433641188
8222.5,1.4087813377809904
8223.5,1.40878163210618
8224.5,1.4087819263397274
8225.5,1.4087822204816725
8226.5,1.4087825145320547
8227.5,1.4087828084909135
8228.5,1.4087831023582889
8229.5,1.4087833961342202
8230.5,1.408783689818747
8231.5,1.4087839834119085
8232.5,1.4087842769137446
8233.5,1.4087845703242947
8234.5,1.408784863643598
8235.5,1.4087851568716943
8236.5,1.4087854500086228
8237.5,1.4087857430544228
8238.5,1.4087860360091338
8239.5,1.408786328872795
8240.5,1.4087866216454459
8241.5,1.4087869143271259
8242.5,1.4087872069178737
8243.5,1.4087874994177294
8244.5,1.4087877918267315
8245.5,1.4087880841449196
8246.5,1.4087883763723328
8247.5,1.40878866850901
8248.5,1.4087889605549908
8249.5,1.4087892525103143
8250.5,1.4087895443750191
8251.5,1.4087898361491449
8252.5,1.4087901278327302
8253.5,1.4087904194258145
8254.5,1.4087907109284366
8255.5,1.4087910023406354
8256.5,1.40879129366245
8257.5,1.4087915848939194
8258.5,1.4087918760350824
8259.5,1.4087921670859782
8260.5,1.4087924580466453
8261.5,1.4087927489171226
8262.5,1.4087930396974493
8263.5,1.4087933303876639
8264.5,1.4087936209878054
8265.5,1.4087939114979124
8266.5,1.4087942019180237
8267.5,1.408794492248178
8268.5,1.4087947824884144
8269.5,1.408795072638771
8270.5,1.408795362699287
8271.5,1.4087956526700007
8272.5,1.4087959425509509
8273.5,1.408796232342176
8274.5,1.4087965220437149
8275.5,1.408796811655606
8276.5,1.408797101177888
8277.5,1.408797390610599
8278.5,1.408797679953778
8279.5,1.408797969207463
8280.5,1.4087982583716931
8281.5,1.4087985474465061
8282.5,1.4087988364319408
8283.5,1.4087991253280356
8284.5,1.4087994141348286
8285.5,1.4087997028523584
8286.5,1.4087999914806633
8287.5,1.4088002800197814
8288.5,1.4088005684697513
8289.5,1.4088008568306112
8290.5,1.4088011451023992
8291.5,1.4088014332851535
8292.5,1.4088017213789126
8293.5,1.4088020093837144
8294.5,1.4088022972995973
8295.5,1.4088025851265993
8296.5,1.4088028728647584
8297.5,1.408803160514113
8298.5,1.408803448074701
8299.5,1.4088037355465606
8300.5,1.4088040229297296
8301.5,1.408804310224246
8302.5,1.4088045974301482
8303.5,1.4088048845474739
8304.5,1.408805171576261
8305.5,1.4088054585165477
8306.5,1.4088057453683716
8307.5,1.4088060321317708
8308.5,1.408806318806783
8309.5,1.4088066053934463
8310.5,1.4088068918917984
8311.5,1.408807178301877
8312.5,1.40880746462372
8313.5,1.4088077508573653
8314.5,1.4088080370028504
8315.5,1.4088083230602133
8316.5,1.4088086090294913
8317.5,1.4088088949107227
8318.5,1.4088091807039447
8319.5,1.4088094664091948
8320.5,1.4088097520265113
8321.5,1.408810037555931
8322.5,1.408810322997492
8323.5,1.408810608351232
8324.5,1.408810893617188
8325.5,1.4088111787953979
8326.5,1.408811463885899
8327.5,1.408811748888729
8328.5,1.4088120338039254
8329.5,1.4088123186315253
8330.5,1.4088126033715662
8331.5,1.4088128880240858
8332.5,1.4088131725891213
8333.5,1.4088134570667101
8334.5,1.4088137414568893
8335.5,1.4088140257596966
8336.5,1.408814309975169
8337.5,1.408814594103344
8338.5,1.4088148781442587
8339.5,1.4088151620979503
8340.5,1.4088154459644562
8341.5,1.4088157297438135
8342.5,1.4088160134360592
8343.5,1.4088162970412308
8344.5,1.408816580559365
8345.5,1.4088168639904997
8346.5,1.4088171473346711
8347.5,1.4088174305919166
8348.5,1.4088177137622735
8349.5,1.4088179968457784
8350.5,1.4088182798424687
8351.5,1.4088185627523813
8352.5,1.408818845575553
8353.5,1.4088191283120208
8354.5,1.408819410961822
8355.5,1.4088196935249928
8356.5,1.4088199760015707
8357.5,1.4088202583915925
8358.5,1.4088205406950949
8359.5,1.4088208229121146
8360.5,1.4088211050426886
8361.5,1.4088213870868538
8362.5,1.4088216690446467
8363.5,1.4088219509161044
8364.5,1.4088222327012632
8365.5,1.4088225144001603
8366.5,1.408822796012832
8367.5,1.408823077539315
8368.5,1.408823358979646
8369.5,1.4088236403338619
8370.5,1.4088239216019989
8371.5,1.408824202784094
8372.5,1.4088244838801836
8373.5,1.408824764890304
8374.5,1.408825045814492
8375.5,1.4088253266527841
8376.5,1.4088256074052168
8377.5,1.4088258880718265
8378.5,1.4088261686526495
8379.5,1.4088264491477227
8380.5,1.4088267295570822
8381.5,1.4088270098807643
8382.5,1.4088272901188055
8383.5,1.4088275702712423
8384.5,1.4088278503381109
8385.5,1.4088281303194474
8386.5,1.4088284102152884
8387.5,1.4088286900256701
8388.5,1.4088289697506287
8389.5,1.4088292493902004
8390.5,1.4088295289444217
8391.5,1.4088298084133284
8392.5,1.4088300877969568
8393.5,1.4088303670953433
8394.5,1.4088306463085236
8395.5,1.4088309254365343
8396.5,1.4088312044794113
8397.5,1.4088314834371904
8398.5,1.4088317623099083
8399.5,1.4088320410976003
8400.5,1.4088323198003028
8401.5,1.4088325984180519
8402.5,1.4088328769508833
8403.5,1.4088331553988334
8404.5,1.4088334337619375
8405.5,1.4088337120402321
8406.5,1.4088339902337528
8407.5,1.4088342683425357
8408.5,1.4088345463666163
8409.5,1.4088348243060307
8410.5,1.4088351021608148
8411.5,1.4088353799310043
8412.5,1.408835657616635
8413.5,1.4088359352177426
8414.5,1.408836212734363
8415.5,1.4088364901665318
8416.5,1.4088367675142848
8417.5,1.4088370447776575
8418.5,1.4088373219566859
8419.5,1.4088375990514053
8420.5,1.4088378760618514
8421.5,1.40883815298806
8422.5,1.4088384298300667
8423.5,1.4088387065879069
8424.5,1.4088389832616162
8425.5,1.4088392598512303
8426.5,1.4088395363567845
8427.5,1.4088398127783144
8428.5,1.4088400891158552
8429.5,1.4088403653694428
8430.5,1.4088406415391126
8431.5,1.4088409176248997
8432.5,1.4088411936268397
8433.5,1.408841469544968
8434.5,1.4088417453793198
8435.5,1.4088420211299308
8436.5,1.408842296796836
8437.5,1.4088425723800706
8438.5,1.4088428478796704
8439.5,1.4088431232956702
8440.5,1.4088433986281053
8441.5,1.4088436738770111
8442.5,1.408843949042423
8443.5,1.4088442241243755
8444.5,1.4088444991229045
8445.5,1.4088447740380448
8446.5,1.4088450488698314
8447.5,1.4088453236182998
8448.5,1.408845598283485
8449.5,1.4088458728654218
8450.5,1.4088461473641456
8451.5,1.4088464217796912
8452.5,1.4088466961120938
8453.5,1.4088469703613882
8454.5,1.4088472445276095
8455.5,1.4088475186107927
8456.5,1.4088477926109728
8457.5,1.4088480665281844
8458.5,1.4088483403624628
8459.5,1.4088486141138428
8460.5,1.408848887782359
8461.5,1.4088491613680467
8462.5,1.4088494348709404
8463.5,1.408849708291075
8464.5,1.4088499816284852
8465.5,1.4088502548832058
8466.5,1.408850528055272
8467.5,1.4088508011447176
8468.5,1.4088510741515783
8469.5,1.4088513470758883
8470.5,1.4088516199176824
8471.5,1.4088518926769953
8472.5,1.4088521653538615
8473.5,1.4088524379483158
8474.5,1.4088527104603927
8475.5,1.4088529828901268
8476.5,1.4088532552375528
8477.5,1.408853527502705
8478.5,1.408853799685618
8479.5,1.4088540717863265
8480.5,1.408854343804865
8481.5,1.4088546157412678
8482.5,1.4088548875955693
8483.5,1.4088551593678043
8484.5,1.4088554310580068
8485.5,1.4088557026662114
8486.5,1.4088559741924527
8487.5,1.4088562456367646
8488.5,1.4088565169991818
8489.5,1.4088567882797387
8490.5,1.4088570594784693
8491.5,1.408857330595408
8492.5,1.4088576016305892
8493.5,1.408857872584047
8494.5,1.4088581434558158
8495.5,1.4088584142459297
8496.5,1.4088586849544231
8497.5,1.4088589555813298
8498.5,1.4088592261266843
8499.5,1.4088594965905206
8500.5,1.4088597669728729
8501.5,1.4088600372737752
8502.5,1.4088603074932617
8503.5,1.4088605776313665
8504.5,1.4088608476881237
8505.5,1.408861117663567
8506.5,1.4088613875577307
8507.5,1.408861657370649
8508.5,1.4088619271023555
8509.5,1.4088621967528843
8510.5,1.4088624663222693
8511.5,1.4088627358105446
8512.5,1.4088630052177438
8513.5,1.4088632745439011
8514.5,1.4088635437890502
8515.5,1.4088638129532252
8516.5,1.4088640820364597
8517.5,1.4088643510387875
8518.5,1.4088646199602424
8519.5,1.4088648888008584
8520.5,1.4088651575606692
8521.5,1.4088654262397082
8522.5,1.4088656948380096
8523.5,1.4088659633556069
8524.5,1.4088662317925338
8525.5,1.408866500148824
8526.5,1.408866768424511
8527.5,1.4088670366196288
8528.5,1.4088673047342108
8529.5,1.4088675727682904
8530.5,1.4088678407219015
8531.5,1.4088681085950776
8532.5,1.4088683763878522
8533.5,1.4088686441002587
8534.5,1.408868911732331
8535.5,1.4088691792841022
8536.5,1.408869446755606
8537.5,1.4088697141468756
8538.5,1.4088699814579448
8539.5,1.408870248688847
8540.5,1.408870515839615
8541.5,1.4088707829102831
8542.5,1.408871049900884
8543.5,1.4088713168114515
8544.5,1.4088715836420185
8545.5,1.4088718503926185
8546.5,1.408872117063285
8547.5,1.408872383654051
8548.5,1.40887265016495
8549.5,1.408872916596015
8550.5,1.4088731829472794
8551.5,1.4088734492187764
8552.5,1.408873715410539
8553.5,1.4088739815226008
8554.5,1.4088742475549945
8555.5,1.4088745135077534
8556.5,1.4088747793809107
8557.5,1.4088750451744996
8558.5,1.4088753108885528
8559.5,1.4088755765231038
8560.5,1.4088758420781855
8561.5,1.4088761075538307
8562.5,1.4088763729500728
8563.5,1.4088766382669446
8564.5,1.4088769035044792
8565.5,1.4088771686627093
8566.5,1.408877433741668
8567.5,1.4088776987413885
8568.5,1.4088779636619033
8569.5,1.4088782285032453
8570.5,1.4088784932654477
8571.5,1.4088787579485433
8572.5,1.4088790225525647
8573.5,1.4088792870775448
8574.5,1.4088795515235166
8575.5,1.4088798158905127
8576.5,1.408880080178566
8577.5,1.408880344387709
8578.5,1.4088806085179746
8579.5,1.4088808725693958
8580.5,1.4088811365420049
8581.5,1.4088814004358348
8582.5,1.4088816642509179
8583.5,1.4088819279872873
8584.5,1.4088821916449752
8585.5,1.4088824552240145
8586.5,1.4088827187244375
8587.5,1.4088829821462772
8588.5,1.408883245489566
8589.5,1.408883508754336
8590.5,1.4088837719406206
8591.5,1.4088840350484515
8592.5,1.4088842980778618
8593.5,1.4088845610288836
8594.5,1.4088848239015492
8595.5,1.4088850866958917
8596.5,1.4088853494119429
8597.5,1.4088856120497355
8598.5,1.4088858746093018
8599.5,1.4088861370906745
8600.5,1.4088863994938854
8601.5,1.408886661818967
8602.5,1.4088869240659518
8603.5,1.4088871862348722
8604.5,1.4088874483257603
8605.5,1.4088877103386483
8606.5,1.4088879722735685
8607.5,1.4088882341305535
8608.5,1.408888495909635
8609.5,1.4088887576108453
8610.5,1.408889019234217
8611.5,1.4088892807797817
8612.5,1.408889542247572
8613.5,1.4088898036376198
8614.5,1.4088900649499574
8615.5,1.4088903261846166
8616.5,1.4088905873416298
8617.5,1.4088908484210287
8618.5,1.408891109422846
8619.5,1.408891370347113
8620.5,1.4088916311938622
8621.5,1.4088918919631253
8622.5,1.4088921526549345
8623.5,1.4088924132693217
8624.5,1.4088926738063188
8625.5,1.4088929342659577
8626.5,1.4088931946482706
8627.5,1.408893454953289
8628.5,1.408893715181045
8629.5,1.4088939753315706
8630.5,1.4088942354048972
8631.5,1.4088944954010572
8632.5,1.408894755320082
8633.5,1.4088950151620034
8634.5,1.4088952749268535
8635.5,1.4088955346146637
8636.5,1.408895794225466
8637.5,1.408896053759292
8638.5,1.4088963132161736
8639.5,1.4088965725961422
8640.5,1.4088968318992299
8641.5,1.408897091125468
8642.5,1.408897350274888
8643.5,1.4088976093475218
8644.5,1.4088978683434012
8645.5,1.4088981272625576
8646.5,1.4088983861050224
8647.5,1.4088986448708276
8648.5,1.4088989035600041
8649.5,1.4088991621725842
8650.5,1.4088994207085987
8651.5,1.4088996791680797
8652.5,1.4088999375510582
8653.5,1.4089001958575662
8654.5,1.4089004540876344
8655.5,1.4089007122412949
8656.5,1.4089009703185789
8657.5,1.4089012283195177
8658.5,1.4089014862441427
8659.5,1.4089017440924851
8660.5,1.4089020018645768
8661.5,1.4089022595604486
8662.5,1.4089025171801322
8663.5,1.4089027747236584
8664.5,1.4089030321910592
8665.5,1.408903289582365
8666.5,1.4089035468976079
8667.5,1.4089038041368185
8668.5,1.4089040613000283
8669.5,1.4089043183872685
8670.5,1.40890457539857
8671.5,1.4089048323339646
8672.5,1.408905089193483
8673.5,1.408905345977156
8674.5,1.4089056026850155
8675.5,1.408905859317092
8676.5,1.4089061158734169
8677.5,1.4089063723540212
8678.5,1.4089066287589358
8679.5,1.4089068850881918
8680.5,1.4089071413418206
8681.5,1.4089073975198525
8682.5,1.408907653622319
8683.5,1.4089079096492512
8684.5,1.4089081656006797
8685.5,1.4089084214766352
8686.5,1.4089086772771493
8687.5,1.4089089330022524
8688.5,1.4089091886519758
8689.5,1.40890944422635
8690.5,1.4089096997254058
8691.5,1.4089099551491744
8692.5,1.4089102104976865
8693.5,1.4089104657709728
8694.5,1.4089107209690641
8695.5,1.4089109760919913
8696.5,1.4089112311397851
8697.5,1.4089114861124763
8698.5,1.4089117410100955
8699.5,1.4089119958326737
8700.5,1.4089122505802412
8701.5,1.4089125052528289
8702.5,1.4089127598504674
8703.5,1.4089130143731874
8704.5,1.4089132688210195
8705.5,1.4089135231939944
8706.5,1.4089137774921425
8707.5,1.4089140317154947
8708.5,1.4089142858640813
8709.5,1.4089145399379328
8710.5,1.40891479393708
8711.5,1.4089150478615533
8712.5,1.4089153017113833
8713.5,1.4089155554866002
8714.5,1.408915809187235
8715.5,1.4089160628133173
8716.5,1.4089163163648784
8717.5,1.4089165698419484
8718.5,1.4089168232445575
8719.5,1.4089170765727363
8720.5,1.4089173298265154
8721.5,1.4089175830059248
8722.5,1.4089178361109949
8723.5,1.408918089141756
8724.5,1.408918342098239
8725.5,1.4089185949804732
8726.5,1.4089188477884897
8727.5,1.4089191005223183
8728.5,1.4089193531819895
8729.5,1.4089196057675333
8730.5,1.4089198582789804
8731.5,1.4089201107163603
8732.5,1.4089203630797038
8733.5,1.4089206153690408
8734.5,1.4089208675844014
8735.5,1.4089211197258158
8736.5,1.4089213717933142
8737.5,1.4089216237869266
8738.5,1.4089218757066833
8739.5,1.4089221275526143
8740.5,1.4089223793247494
8741.5,1.4089226310231189
8742.5,1.4089228826477527
8743.5,1.408923134198681
8744.5,1.4089233856759336
8745.5,1.4089236370795406
8746.5,1.4089238884095319
8747.5,1.4089241396659375
8748.5,1.4089243908487874
8749.5,1.4089246419581114
8750.5,1.4089248929939395
8751.5,1.4089251439563015
8752.5,1.4089253948452274
8753.5,1.4089256456607469
8754.5,1.40892589640289
8755.5,1.4089261470716863
8756.5,1.4089263976671658
8757.5,1.4089266481893583
8758.5,1.4089268986382935
8759.5,1.4089271490140012
8760.5,1.4089273993165112
8761.5,1.4089276495458531
8762.5,1.408927899702057
8763.5,1.408928149785152
8764.5,1.4089283997951683
8765.5,1.4089286497321352
8766.5,1.4089288995960825
8767.5,1.4089291493870402
8768.5,1.4089293991050373
8769.5,1.4089296487501037
8770.5,1.4089298983222691
8771.5,1.408930147821563
8772.5,1.408930397248015
8773.5,1.4089306466016547
8774.5,1.4089308958825113
8775.5,1.4089311450906146
8776.5,1.4089313942259942
8777.5,1.4089316432886794
8778.5,1.4089318922786997
8779.5,1.4089321411960847
8780.5,1.4089323900408635
8781.5,1.4089326388130659
8782.5,1.4089328875127212
8783.5,1.4089331361398585
8784.5,1.4089333846945078
8785.5,1.408933633176698
8786.5,1.4089338815864585
8787.5,1.4089341299238187
8788.5,1.408934378188808
8789.5,1.4089346263814555
8790.5,1.4089348745017907
8791.5,1.4089351225498428
8792.5,1.4089353705256409
8793.5,1.4089356184292146
8794.5,1.4089358662605929
8795.5,1.408936114019805
8796.5,1.40893636170688
8797.5,1.4089366093218474
8798.5,1.408936856864736
8799.5,1.4089371043355754
8800.5,1.4089373517343944
8801.5,1.408937599061222
8802.5,1.4089378463160878
8803.5,1.4089380934990205
8804.5,1.4089383406100493
8805.5,1.4089385876492033
8806.5,1.4089388346165115
8807.5,1.4089390815120029
8808.5,1.4089393283357066
8809.5,1.4089395750876514
8810.5,1.4089398217678666
8811.5,1.408940068376381
8812.5,1.4089403149132236
8813.5,1.4089405613784232
8814.5,1.408940807772009
8815.5,1.4089410540940097
8816.5,1.4089413003444544
8817.5,1.4089415465233717
8818.5,1.4089417926307906
8819.5,1.40894203866674
8820.5,1.4089422846312487
8821.5,1.4089425305243457
8822.5,1.4089427763460594
8823.5,1.408943022096419
8824.5,1.408943267775453
8825.5,1.4089435133831905
8826.5,1.4089437589196598
8827.5,1.40894400438489
8828.5,1.4089442497789098
8829.5,1.4089444951017476
8830.5,1.4089447403534323
8831.5,1.4089449855339926
8832.5,1.4089452306434571
8833.5,1.4089454756818545
8834.5,1.4089457206492133
8835.5,1.4089459655455623
8836.5,1.40894621037093
8837.5,1.408946455125345
8838.5,1.408946699808836
8839.5,1.4089469444214313
8840.5,1.4089471889631595
8841.5,1.4089474334340495
8842.5,1.4089476778341292
8843.5,1.4089479221634276
8844.5,1.408948166421973
8845.5,1.4089484106097938
8846.5,1.4089486547269185
8847.5,1.4089488987733756
8848.5,1.4089491427491936
8849.5,1.4089493866544007
8850.5,1.4089496304890254
8851.5,1.4089498742530961
8852.5,1.4089501179466413
8853.5,1.408950361569689
8854.5,1.4089506051222678
8855.5,1.4089508486044058
8856.5,1.4089510920161317
8857.5,1.4089513353574734
8858.5,1.4089515786284594
8859.5,1.408951821829118
8860.5,1.4089520649594773
8861.5,1.4089523080195656
8862.5,1.4089525510094112
8863.5,1.408952793929042
8864.5,1.4089530367784866
8865.5,1.4089532795577728
8866.5,1.4089535222669292
8867.5,1.4089537649059836
8868.5,1.4089540074749642
8869.5,1.4089542499738994
8870.5,1.4089544924028168
8871.5,1.4089547347617448
8872.5,1.4089549770507115
8873.5,1.4089552192697448
8874.5,1.4089554614188728
8875.5,1.4089557034981237
8876.5,1.4089559455075256
8877.5,1.408956187447106
8878.5,1.4089564293168932
8879.5,1.4089566711169152
8880.5,1.4089569128472001
8881.5,1.4089571545077755
8882.5,1.4089573960986697
8883.5,1.4089576376199102
8884.5,1.4089578790715251
8885.5,1.4089581204535426
8886.5,1.40895836176599
8887.5,1.4089586030088956
8888.5,1.4089588441822871
8889.5,1.4089590852861924
8890.5,1.4089593263206392
8891.5,1.4089595672856554
8892.5,1.4089598081812689
8893.5,1.408960049007507
8894.5,1.408960289764398
8895.5,1.4089605304519695
8896.5,1.408960771070249
8897.5,1.4089610116192643
8898.5,1.4089612520990433
8899.5,1.4089614925096137
8900.5,1.408961732851003
8901.5,1.4089619731232388
8902.5,1.408962213326349
8903.5,1.408962453460361
8904.5,1.4089626935253028
8905.5,1.4089629335212015
8906.5,1.408963173448085
8907.5,1.4089634133059807
8908.5,1.4089636530949163
8909.5,1.4089638928149193
8910.5,1.4089641324660174
8911.5,1.4089643720482379
8912.5,1.4089646115616083
8913.5,1.408964851006156
8914.5,1.408965090381909
8915.5,1.4089653296888942
8916.5,1.4089655689271394
8917.5,1.4089658080966718
8918.5,1.408966047197519
8919.5,1.4089662862297083
8920.5,1.408966525193267
8921.5,1.4089667640882226
8922.5,1.4089670029146026
8923.5,1.4089672416724344
8924.5,1.408967480361745
8925.5,1.4089677189825618
8926.5,1.408967957534912
8927.5,1.4089681960188236
8928.5,1.408968434434323
8929.5,1.4089686727814381
8930.5,1.4089689110601957
8931.5,1.4089691492706233
8932.5,1.4089693874127482
8933.5,1.4089696254865973
8934.5,1.408969863492198
8935.5,1.4089701014295777
8936.5,1.4089703392987631
8937.5,1.4089705770997818
8938.5,1.4089708148326605
8939.5,1.4089710524974268
8940.5,1.4089712900941074
8941.5,1.4089715276227297
8942.5,1.4089717650833207
8943.5,1.4089720024759076
8944.5,1.4089722398005171
8945.5,1.4089724770571765
8946.5,1.4089727142459127
8947.5,1.408972951366753
8948.5,1.4089731884197243
8949.5,1.4089734254048534
8950.5,1.4089736623221674
8951.5,1.4089738991716931
8952.5,1.4089741359534578
8953.5,1.4089743726674884
8954.5,1.4089746093138114
8955.5,1.408974845892454
8956.5,1.4089750824034433
8957.5,1.4089753188468057
8958.5,1.4089755552225685
8959.5,1.4089757915307584
8960.5,1.408976027771402
8961.5,1.4089762639445267
8962.5,1.4089765000501588
8963.5,1.4089767360883252
8964.5,1.4089769720590528
8965.5,1.4089772079623686
8966.5,1.4089774437982987
8967.5,1.4089776795668705
8968.5,1.4089779152681103
8969.5,1.4089781509020451
8970.5,1.4089783864687015
8971.5,1.4089786219681062
8972.5,1.408978857400286
8973.5,1.4089790927652672
8974.5,1.4089793280630767
8975.5,1.4089795632937412
8976.5,1.4089797984572872
8977.5,1.4089800335537415
8978.5,1.4089802685831303
8979.5,1.4089805035454805
8980.5,1.4089807384408188
8981.5,1.4089809732691714
8982.5,1.408981208030565
8983.5,1.4089814427250265
8984.5,1.4089816773525816
8985.5,1.4089819119132574
8986.5,1.4089821464070802
8987.5,1.4089823808340767
8988.5,1.408982615194273
8989.5,1.408982849487696
8990.5,1.4089830837143715
8991.5,1.4089833178743265
8992.5,1.4089835519675873
8993.5,1.40898378599418
8994.5,1.4089840199541313
8995.5,1.4089842538474675
8996.5,1.4089844876742148
8997.5,1.4089847214343996
8998.5,1.4089849551280484
8999.5,1.4089851887551872
9000.5,1.4089854223158427
9001.5,1.4089856558100409
9002.5,1.4089858892378082
9003.5,1.4089861225991709
9004.5,1.408986355894155
9005.5,1.408986589122787
9006.5,1.408986822285093
9007.5,1.4089870553810993
9008.5,1.4089872884108319
9009.5,1.4089875213743173
9010.5,1.4089877542715814
9011.5,1.4089879871026503
9012.5,1.4089882198675505
9013.5,1.408988452566308
9014.5,1.4089886851989484
9015.5,1.4089889177654986
9016.5,1.4089891502659841
9017.5,1.4089893827004314
9018.5,1.4089896150688663
9019.5,1.408989847371315
9020.5,1.4089900796078032
9021.5,1.4089903117783575
9022.5,1.4089905438830033
9023.5,1.408990775921767
9024.5,1.4089910078946746
9025.5,1.408991239801752
9026.5,1.4089914716430247
9027.5,1.4089917034185193
9028.5,1.4089919351282616
9029.5,1.4089921667722771
9030.5,1.4089923983505923
9031.5,1.4089926298632327
9032.5,1.4089928613102243
9033.5,1.4089930926915928
9034.5,1.4089933240073644
9035.5,1.4089935552575645
9036.5,1.4089937864422195
9037.5,1.4089940175613547
9038.5,1.408994248614996
9039.5,1.4089944796031695
9040.5,1.4089947105259006
9041.5,1.4089949413832152
9042.5,1.4089951721751393
9043.5,1.408995402901698
9044.5,1.4089956335629177
9045.5,1.4089958641588238
9046.5,1.408996094689442
9047.5,1.4089963251547981
9048.5,1.4089965555549175
9049.5,1.4089967858898262
9050.5,1.4089970161595498
9051.5,1.4089972463641136
9052.5,1.4089974765035436
9053.5,1.4089977065778652
9054.5,1.4089979365871041
9055.5,1.4089981665312858
9056.5,1.408998396410436
9057.5,1.4089986262245802
9058.5,1.4089988559737436
9059.5,1.4089990856579524
9060.5,1.4089993152772315
9061.5,1.4089995448316068
9062.5,1.4089997743211036
9063.5,1.4090000037457475
9064.5,1.4090002331055638
9065.5,1.409000462400578
9066.5,1.4090006916308158
9067.5,1.4090009207963021
9068.5,1.409001149897063
9069.5,1.4090013789331233
9070.5,1.4090016079045087
9071.5,1.4090018368112445
9072.5,1.409002065653356
9073.5,1.4090022944308687
9074.5,1.4090025231438077
9075.5,1.4090027517921986
9076.5,1.4090029803760666
9077.5,1.4090032088954372
9078.5,1.4090034373503353
9079.5,1.4090036657407863
9080.5,1.4090038940668155
9081.5,1.4090041223284482
9082.5,1.4090043505257097
9083.5,1.4090045786586252
9084.5,1.4090048067272196
9085.5,1.4090050347315184
9086.5,1.4090052626715468
9087.5,1.40900549054733
9088.5,1.4090057183588929
9089.5,1.409005946106261
9090.5,1.409006173789459
9091.5,1.4090064014085126
9092.5,1.4090066289634464
9093.5,1.4090068564542857
9094.5,1.4090070838810556
9095.5,1.4090073112437809
9096.5,1.4090075385424872
9097.5,1.409007765777199
9098.5,1.4090079929479418
9099.5,1.4090082200547405
9100.5,1.4090084470976196
9101.5,1.409008674076605
9102.5,1.4090089009917208
9103.5,1.4090091278429926
9104.5,1.4090093546304452
9105.5,1.4090095813541033
9106.5,1.4090098080139921
9107.5,1.4090100346101364
9108.5,1.4090102611425612
9109.5,1.4090104876112914
9110.5,1.4090107140163517
9111.5,1.4090109403577673
9112.5,1.4090111666355627
9113.5,1.409011392849763
9114.5,1.409011619000393
9115.5,1.4090118450874773
9116.5,1.409012071111041
9117.5,1.4090122970711088
9118.5,1.4090125229677053
9119.5,1.4090127488008557
9120.5,1.4090129745705844
9121.5,1.4090132002769162
9122.5,1.4090134259198759
9123.5,1.4090136514994882
9124.5,1.4090138770157778
9125.5,1.4090141024687697
9126.5,1.4090143278584881
9127.5,1.4090145531849578
9128.5,1.4090147784482039
9129.5,1.4090150036482503
9130.5,1.4090152287851223
9131.5,1.4090154538588442
9132.5,1.4090156788694406
9133.5,1.4090159038169363
9134.5,1.4090161287013556
9135.5,1.4090163535227234
9136.5,1.4090165782810642
9137.5,1.4090168029764023
9138.5,1.4090170276087624
9139.5,1.409017252178169
9140.5,1.4090174766846468
9141.5,1.4090177011282201
9142.5,1.4090179255089132
9143.5,1.409018149826751
9144.5,1.409018374081758
9145.5,1.4090185982739583
9146.5,1.4090188224033764
9147.5,1.4090190464700367
9148.5,1.409019270473964
9149.5,1.4090194944151824
9150.5,1.409019718293716
9151.5,1.40901994210959
9152.5,1.4090201658628279
9153.5,1.4090203895534545
9154.5,1.4090206131814942
9155.5,1.4090208367469712
9156.5,1.4090210602499096
9157.5,1.4090212836903342
9158.5,1.409021507068269
9159.5,1.4090217303837382
9160.5,1.4090219536367663
9161.5,1.4090221768273776
9162.5,1.409022399955596
9163.5,1.409022623021446
9164.5,1.4090228460249516
9165.5,1.4090230689661374
9166.5,1.4090232918450274
9167.5,1.4090235146616457
9168.5,1.4090237374160164
9169.5,1.409023960108164
9170.5,1.4090241827381123
9171.5,1.4090244053058858
9172.5,1.4090246278115082
9173.5,1.409024850255004
9174.5,1.409025072636397
9175.5,1.4090252949557116
9176.5,1.4090255172129715
9177.5,1.409025739408201
9178.5,1.4090259615414245
9179.5,1.4090261836126654
9180.5,1.409026405621948
9181.5,1.4090266275692964
9182.5,1.4090268494547344
9183.5,1.4090270712782864
9184.5,1.409027293039976
9185.5,1.4090275147398272
9186.5,1.4090277363778643
9187.5,1.409027957954111
9188.5,1.409028179468591
9189.5,1.4090284009213285
9190.5,1.4090286223123476
9191.5,1.4090288436416718
9192.5,1.4090290649093253
9193.5,1.4090292861153317
9194.5,1.4090295072597152
9195.5,1.4090297283424993
9196.5,1.4090299493637082
9197.5,1.4090301703233654
9198.5,1.4090303912214948
9199.5,1.4090306120581204
9200.5,1.409030832833266
9201.5,1.409031053546955
9202.5,1.4090312741992115
9203.5,1.409031494790059
9204.5,1.4090317153195218
9205.5,1.409031935787623
9206.5,1.4090321561943866
9207.5,1.4090323765398365
9208.5,1.409032596823996
9209.5,1.409032817046889
9210.5,1.4090330372085393
9211.5,1.4090332573089703
9212.5,1.409033477348206
9213.5,1.4090336973262696
9214.5,1.4090339172431852
9215.5,1.4090341370989758
9216.5,1.4090343568936656
9217.5,1.409034576627278
9218.5,1.4090347962998366
9219.5,1.409035015911365
9220.5,1.4090352354618865
9221.5,1.409035454951425
9222.5,1.4090356743800039
9223.5,1.4090358937476466
9224.5,1.4090361130543767
9225.5,1.409036332300218
9226.5,1.4090365514851935
9227.5,1.4090367706093267
9228.5,1.4090369896726416
9229.5,1.4090372086751612
9230.5,1.409037427616909
9231.5,1.4090376464979086
9232.5,1.4090378653181834
9233.5,1.4090380840777568
9234.5,1.4090383027766518
9235.5,1.4090385214148924
9236.5,1.4090387399925015
9237.5,1.4090389585095027
9238.5,1.4090391769659194
9239.5,1.4090393953617748
9240.5,1.4090396136970922
9241.5,1.409039831971895
9242.5,1.4090400501862066
9243.5,1.4090402683400503
9244.5,1.409040486433449
9245.5,1.4090407044664264
9246.5,1.4090409224390055
9247.5,1.4090411403512098
9248.5,1.4090413582030623
9249.5,1.4090415759945865
9250.5,1.4090417937258053
9251.5,1.409042011396742
9252.5,1.4090422290074198
9253.5,1.4090424465578621
9254.5,1.4090426640480918
9255.5,1.409042881478132
9256.5,1.409043098848006
9257.5,1.4090433161577371
9258.5,1.4090435334073481
9259.5,1.4090437505968623
9260.5,1.409043967726303
9261.5,1.4090441847956925
9262.5,1.4090444018050547
9263.5,1.4090446187544126
9264.5,1.4090448356437888
9265.5,1.4090450524732065
9266.5,1.409045269242689
9267.5,1.409045485952259
9268.5,1.4090457026019398
9269.5,1.4090459191917541
9270.5,1.4090461357217252
9271.5,1.4090463521918757
9272.5,1.4090465686022289
9273.5,1.4090467849528077
9274.5,1.4090470012436347
9275.5,1.4090472174747333
9276.5,1.409047433646126
9277.5,1.4090476497578361
9278.5,1.4090478658098864
9279.5,1.4090480818022997
9280.5,1.4090482977350989
9281.5,1.4090485136083066
9282.5,1.409048729421946
9283.5,1.40904894517604
9284.5,1.409049160870611
9285.5,1.4090493765056822
9286.5,1.4090495920812764
9287.5,1.4090498075974163
9288.5,1.4090500230541245
9289.5,1.409050238451424
9290.5,1.4090504537893376
9291.5,1.4090506690678877
9292.5,1.4090508842870975
9293.5,1.4090510994469896
9294.5,1.4090513145475865
9295.5,1.409051529588911
9296.5,1.409051744570986
9297.5,1.409051959493834
9298.5,1.4090521743574775
9299.5,1.4090523891619398
9300.5,1.4090526039072426
9301.5,1.4090528185934095
9302.5,1.4090530332204623
9303.5,1.4090532477884243
9304.5,1.4090534622973176
9305.5,1.409053676747165
9306.5,1.4090538911379893
9307.5,1.4090541054698127
9308.5,1.4090543197426582
9309.5,1.4090545339565477
9310.5,1.4090547481115043
9311.5,1.4090549622075503
9312.5,1.409055176244708
9313.5,1.4090553902230007
9314.5,1.40905560414245
9315.5,1.409055818003079
9316.5,1.4090560318049097
9317.5,1.409056245547965
9318.5,1.4090564592322667
9319.5,1.4090566728578382
9320.5,1.409056886424701
9321.5,1.4090570999328782
9322.5,1.4090573133823918
9323.5,1.4090575267732646
9324.5,1.4090577401055184
9325.5,1.409057953379176
9326.5,1.4090581665942596
9327.5,1.4090583797507918
9328.5,1.4090585928487946
9329.5,1.4090588058882905
9330.5,1.409059018869302
9331.5,1.4090592317918509
9332.5,1.4090594446559601
9333.5,1.4090596574616514
9334.5,1.4090598702089474
9335.5,1.4090600828978703
9336.5,1.4090602955284421
9337.5,1.4090605081006855
9338.5,1.4090607206146224
9339.5,1.409060933070275
9340.5,1.4090611454676658
9341.5,1.4090613578068167
9342.5,1.40906157008775
9343.5,1.409061782310488
9344.5,1.4090619944750526
9345.5,1.4090622065814662
9346.5,1.409062418629751
9347.5,1.4090626306199288
9348.5,1.409062842552022
9349.5,1.4090630544260527
9350.5,1.4090632662420428
9351.5,1.4090634780000146
9352.5,1.4090636896999902
9353.5,1.4090639013419914
9354.5,1.4090641129260406
9355.5,1.40906432445216
9356.5,1.4090645359203708
9357.5,1.4090647473306959
9358.5,1.4090649586831567
9359.5,1.4090651699777759
9360.5,1.4090653812145748
9361.5,1.4090655923935758
9362.5,1.4090658035148007
9363.5,1.4090660145782716
9364.5,1.4090662255840103
9365.5,1.409066436532039
9366.5,1.4090666474223792
9367.5,1.409066858255053
9368.5,1.4090670690300826
9369.5,1.4090672797474897
9370.5,1.409067490407296
9371.5,1.4090677010095236
9372.5,1.4090679115541944
9373.5,1.4090681220413301
9374.5,1.4090683324709528
9375.5,1.4090685428430838
9376.5,1.4090687531577455
9377.5,1.4090689634149596
9378.5,1.4090691736147476
9379.5,1.4090693837571318
9380.5,1.4090695938421334
9381.5,1.4090698038697747
9382.5,1.409070013840077
9383.5,1.4090702237530623
9384.5,1.4090704336087523
9385.5,1.409070643407169
9386.5,1.4090708531483336
9387.5,1.409071062832268
9388.5,1.4090712724589942
9389.5,1.4090714820285335
9390.5,1.4090716915409078
9391.5,1.4090719009961388
9392.5,1.4090721103942478
9393.5,1.409072319735257
9394.5,1.4090725290191877
9395.5,1.4090727382460615
9396.5,1.4090729474159
9397.5,1.4090731565287251
9398.5,1.409073365584558
9399.5,1.4090735745834206
9400.5,1.4090737835253342
9401.5,1.4090739924103206
9402.5,1.4090742012384012
9403.5,1.4090744100095978
9404.5,1.4090746187239314
9405.5,1.409074827381424
9406.5,1.4090750359820972
9407.5,1.409075244525972
9408.5,1.40907545301307
9409.5,1.409075661443413
9410.5,1.4090758698170225
9411.5,1.4090760781339196
9412.5,1.4090762863941257
9413.5,1.4090764945976626
9414.5,1.4090767027445517
9415.5,1.4090769108348142
9416.5,1.4090771188684716
9417.5,1.4090773268455452
9418.5,1.4090775347660565
9419.5,1.409077742630027
9420.5,1.4090779504374777
9421.5,1.4090781581884304
9422.5,1.409078365882906
9423.5,1.4090785735209261
9424.5,1.409078781102512
9425.5,1.409078988627685
9426.5,1.4090791960964664
9427.5,1.4090794035088774
9428.5,1.4090796108649395
9429.5,1.4090798181646738
9430.5,1.4090800254081015
9431.5,1.409080232595244
9432.5,1.4090804397261225
9433.5,1.4090806468007584
9434.5,1.4090808538191726
9435.5,1.4090810607813864
9436.5,1.4090812676874211
9437.5,1.4090814745372977
9438.5,1.4090816813310378
9439.5,1.4090818880686622
9440.5,1.409082094750192
9441.5,1.4090823013756486
9442.5,1.409082507945053
9443.5,1.4090827144584266
9444.5,1.40908292091579
9445.5,1.409083127317165
9446.5,1.4090833336625719
9447.5,1.4090835399520323
9448.5,1.4090837461855672
9449.5,1.4090839523631975
9450.5,1.4090841584849445
9451.5,1.409084364550829
9452.5,1.4090845705608726
9453.5,1.4090847765150956
9454.5,1.4090849824135192
9455.5,1.4090851882561646
9456.5,1.4090853940430528
9457.5,1.4090855997742047
9458.5,1.4090858054496413
9459.5,1.4090860110693835
9460.5,1.4090862166334523
9461.5,1.4090864221418689
9462.5,1.4090866275946536
9463.5,1.409086832991828
9464.5,1.4090870383334126
9465.5,1.4090872436194286
9466.5,1.4090874488498966
9467.5,1.4090876540248376
9468.5,1.4090878591442726
9469.5,1.4090880642082222
9470.5,1.4090882692167075
9471.5,1.4090884741697494
9472.5,1.4090886790673685
9473.5,1.4090888839095856
9474.5,1.4090890886964218
9475.5,1.4090892934278976
9476.5,1.409089498104034
9477.5,1.409089702724852
9478.5,1.4090899072903718
9479.5,1.4090901118006145
9480.5,1.4090903162556008
9481.5,1.4090905206553517
9482.5,1.4090907249998874
9483.5,1.409090929289229
9484.5,1.4090911335233973
9485.5,1.4090913377024128
9486.5,1.4090915418262964
9487.5,1.4090917458950682
9488.5,1.4090919499087498
9489.5,1.409092153867361
9490.5,1.4090923577709231
9491.5,1.4090925616194563
9492.5,1.4090927654129815
9493.5,1.4090929691515193
9494.5,1.4090931728350902
9495.5,1.4090933764637148
9496.5,1.4090935800374138
9497.5,1.4090937835562078
9498.5,1.4090939870201173
9499.5,1.4090941904291627
9500.5,1.409094393783365
9501.5,1.4090945970827444
9502.5,1.4090948003273216
9503.5,1.409095003517117
9504.5,1.4090952066521514
9505.5,1.4090954097324448
9506.5,1.409095612758018
9507.5,1.4090958157288915
9508.5,1.409096018645086
9509.5,1.4090962215066214
9510.5,1.4090964243135187
9511.5,1.409096627065798
9512.5,1.40909682976348
9513.5,1.4090970324065848
9514.5,1.4090972349951332
9515.5,1.4090974375291454
9516.5,1.4090976400086417
9517.5,1.4090978424336427
9518.5,1.4090980448041688
9519.5,1.4090982471202402
9520.5,1.4090984493818772
9521.5,1.4090986515891004
9522.5,1.40909885374193
9523.5,1.4090990558403864
9524.5,1.4090992578844899
9525.5,1.4090994598742608
9526.5,1.4090996618097191
9527.5,1.4090998636908858
9528.5,1.4091000655177806
9529.5,1.4091002672904238
9530.5,1.409100469008836
9531.5,1.4091006706730371
9532.5,1.4091008722830476
9533.5,1.4091010738388876
9534.5,1.4091012753405774
9535.5,1.4091014767881374
9536.5,1.4091016781815873
9537.5,1.4091018795209476
9538.5,1.4091020808062384
9539.5,1.4091022820374801
9540.5,1.4091024832146928
9541.5,1.4091026843378964
9542.5,1.4091028854071113
9543.5,1.4091030864223575
9544.5,1.409103287383655
9545.5,1.4091034882910245
9546.5,1.4091036891444855
9547.5,1.4091038899440582
9548.5,1.409104090689763
9549.5,1.4091042913816199
9550.5,1.4091044920196485
9551.5,1.4091046926038695
9552.5,1.4091048931343024
9553.5,1.4091050936109677
9554.5,1.4091052940338853
9555.5,1.4091054944030752
9556.5,1.4091056947185572
9557.5,1.4091058949803517
9558.5,1.4091060951884782
9559.5,1.4091062953429572
9560.5,1.4091064954438082
9561.5,1.4091066954910516
9562.5,1.409106895484707
9563.5,1.4091070954247948
9564.5,1.4091072953113344
9565.5,1.409107495144346
9566.5,1.4091076949238497
9567.5,1.409107894649865
9568.5,1.4091080943224121
9569.5,1.4091082939415107
9570.5,1.4091084935071807
9571.5,1.4091086930194423
9572.5,1.409108892478315
9573.5,1.4091090918838187
9574.5,1.4091092912359733
9575.5,1.4091094905347987
9576.5,1.4091096897803146
9577.5,1.4091098889725409
9578.5,1.4091100881114975
9579.5,1.4091102871972039
9580.5,1.4091104862296802
9581.5,1.409110685208946
9582.5,1.4091108841350208
9583.5,1.409111083007925
9584.5,1.409111281827678
9585.5,1.4091114805942995
9586.5,1.4091116793078093
9587.5,1.409111877968227
9588.5,1.4091120765755725
9589.5,1.4091122751298655
9590.5,1.4091124736311254
9591.5,1.4091126720793723
9592.5,1.4091128704746254
9593.5,1.409113068816905
9594.5,1.40911326710623
9595.5,1.4091134653426205
9596.5,1.4091136635260961
9597.5,1.4091138616566765
9598.5,1.4091140597343812
9599.5,1.4091142577592297
9600.5,1.4091144557312418
9601.5,1.409114653650437
9602.5,1.409114851516835
9603.5,1.4091150493304552
9604.5,1.409115247091317
9605.5,1.4091154447994403
9606.5,1.4091156424548446
9607.5,1.4091158400575492
9608.5,1.409116037607574
9609.5,1.409116235104938
9610.5,1.4091164325496612
9611.5,1.4091166299417628
9612.5,1.4091168272812624
9613.5,1.4091170245681794
9614.5,1.4091172218025334
9615.5,1.4091174189843438
9616.5,1.40911761611363
9617.5,1.4091178131904116
9618.5,1.4091180102147078
9619.5,1.409118207186538
9620.5,1.409118404105922
9621.5,1.4091186009728789
9622.5,1.409118797787428
9623.5,1.409118994549589
9624.5,1.409119191259381
9625.5,1.4091193879168236
9626.5,1.409119584521936
9627.5,1.4091197810747373
9628.5,1.4091199775752474
9629.5,1.4091201740234855
9630.5,1.4091203704194706
9631.5,1.4091205667632223
9632.5,1.4091207630547595
9633.5,1.409120959294102
9634.5,1.409121155481269
9635.5,1.4091213516162795
9636.5,1.409121547699153
9637.5,1.4091217437299086
9638.5,1.4091219397085657
9639.5,1.4091221356351435
9640.5,1.4091223315096613
9641.5,1.409122527332138
9642.5,1.4091227231025931
9643.5,1.4091229188210457
9644.5,1.4091231144875151
9645.5,1.4091233101020204
9646.5,1.409123505664581
9647.5,1.4091237011752156
9648.5,1.4091238966339437
9649.5,1.4091240920407844
9650.5,1.4091242873957568
9651.5,1.40912448269888
9652.5,1.4091246779501734
9653.5,1.4091248731496555
9654.5,1.409125068297346
9655.5,1.4091252633932638
9656.5,1.409125458437428
9657.5,1.4091256534298575
9658.5,1.4091258483705715
9659.5,1.4091260432595891
9660.5,1.4091262380969294
9661.5,1.4091264328826114
9662.5,1.409126627616654
9663.5,1.4091268222990765
9664.5,1.4091270169298975
9665.5,1.4091272115091362
9666.5,1.4091274060368117
9667.5,1.4091276005129432
9668.5,1.4091277949375491
9669.5,1.4091279893106488
9670.5,1.4091281836322609
9671.5,1.4091283779024049
9672.5,1.409128572121099
9673.5,1.409128766288363
9674.5,1.4091289604042152
9675.5,1.4091291544686746
9676.5,1.4091293484817604
9677.5,1.4091295424434913
9678.5,1.409129736353886
9679.5,1.4091299302129636
9680.5,1.409130124020743
9681.5,1.4091303177772432
9682.5,1.4091305114824826
9683.5,1.4091307051364803
9684.5,1.4091308987392552
9685.5,1.4091310922908262
9686.5,1.409131285791212
9687.5,1.4091314792404313
9688.5,1.4091316726385028
9689.5,1.4091318659854457
9690.5,1.4091320592812786
9691.5,1.4091322525260201
9692.5,1.4091324457196892
9693.5,1.4091326388623044
9694.5,1.409132831953885
9695.5,1.409133024994449
9696.5,1.4091332179840157
9697.5,1.4091334109226035
9698.5,1.4091336038102311
9699.5,1.4091337966469175
9700.5,1.409133989432681
9701.5,1.4091341821675407
9702.5,1.409134374851515
9703.5,1.4091345674846227
9704.5,1.4091347600668824
9705.5,1.4091349525983128
9706.5,1.4091351450789322
9707.5,1.4091353375087599
9708.5,1.4091355298878139
9709.5,1.4091357222161132
9710.5,1.4091359144936764
9711.5,1.4091361067205217
9712.5,1.409136298896668
9713.5,1.409136491022134
9714.5,1.409136683096938
9715.5,1.4091368751210989
9716.5,1.4091370670946348
9717.5,1.4091372590175646
9718.5,1.4091374508899066
9719.5,1.4091376427116795
9720.5,1.4091378344829018
9721.5,1.409138026203592
9722.5,1.4091382178737686
9723.5,1.40913840949345
9724.5,1.4091386010626548
9725.5,1.4091387925814014
9726.5,1.4091389840497084
9727.5,1.4091391754675942
9728.5,1.409139366835077
9729.5,1.4091395581521755
9730.5,1.4091397494189082
9731.5,1.4091399406352934
9732.5,1.4091401318013494
9733.5,1.409140322917095
9734.5,1.4091405139825481
9735.5,1.4091407049977276
9736.5,1.4091408959626512
9737.5,1.409141086877338
9738.5,1.409141277741806
9739.5,1.4091414685560737
9740.5,1.4091416593201591
9741.5,1.4091418500340809
9742.5,1.4091420406978574
9743.5,1.4091422313115067
9744.5,1.4091424218750475
9745.5,1.4091426123884976
9746.5,1.4091428028518755
9747.5,1.4091429932651998
9748.5,1.4091431836284884
9749.5,1.4091433739417596
9750.5,1.4091435642050318
9751.5,1.4091437544183234
9752.5,1.4091439445816523
9753.5,1.4091441346950369
9754.5,1.4091443247584954
9755.5,1.409144514772046
9756.5,1.4091447047357069
9757.5,1.4091448946494964
9758.5,1.4091450845134328
9759.5,1.409145274327534
9760.5,1.4091454640918182
9761.5,1.4091456538063036
9762.5,1.4091458434710087
9763.5,1.4091460330859513
9764.5,1.4091462226511495
9765.5,1.4091464121666217
9766.5,1.4091466016323857
9767.5,1.40914679104846
9768.5,1.4091469804148624
9769.5,1.4091471697316111
9770.5,1.4091473589987242
9771.5,1.40914754821622
9772.5,1.409147737384116
9773.5,1.4091479265024307
9774.5,1.4091481155711822
9775.5,1.4091483045903885
9776.5,1.4091484935600673
9777.5,1.4091486824802373
9778.5,1.4091488713509157
9779.5,1.4091490601721213
9780.5,1.4091492489438715
9781.5,1.4091494376661846
9782.5,1.4091496263390786
9783.5,1.4091498149625714
9784.5,1.409150003536681
9785.5,1.4091501920614256
9786.5,1.4091503805368226
9787.5,1.4091505689628905
9788.5,1.409150757339647
9789.5,1.4091509456671096
9790.5,1.4091511339452971
9791.5,1.409151322174227
9792.5,1.409151510353917
9793.5,1.4091516984843853
9794.5,1.4091518865656496
9795.5,1.409152074597728
9796.5,1.409152262580638
9797.5,1.409152450514398
9798.5,1.4091526383990254
9799.5,1.4091528262345383
9800.5,1.4091530140209543
9801.5,1.4091532017582915
9802.5,1.4091533894465675
9803.5,1.4091535770858004
9804.5,1.4091537646760077
9805.5,1.4091539522172074
9806.5,1.4091541397094172
9807.5,1.4091543271526548
9808.5,1.4091545145469382
9809.5,1.409154701892285
9810.5,1.409154889188713
9811.5,1.40915507643624
9812.5,1.4091552636348836
9813.5,1.4091554507846618
9814.5,1.4091556378855918
9815.5,1.4091558249376919
9816.5,1.4091560119409796
9817.5,1.4091561988954726
9818.5,1.4091563858011884
9819.5,1.409156572658145
9820.5,1.4091567594663599
9821.5,1.4091569462258509
9822.5,1.4091571329366355
9823.5,1.4091573195987313
9824.5,1.4091575062121562
9825.5,1.4091576927769274
9826.5,1.409157879293063
9827.5,1.4091580657605804
9828.5,1.4091582521794974
9829.5,1.4091584385498312
9830.5,1.4091586248716
9831.5,1.4091588111448206
9832.5,1.4091589973695111
9833.5,1.4091591835456891
9834.5,1.409159369673372
9835.5,1.4091595557525773
9836.5,1.4091597417833226
9837.5,1.4091599277656257
9838.5,1.4091601136995036
9839.5,1.4091602995849744
9840.5,1.409160485422055
9841.5,1.4091606712107634
9842.5,1.409160856951117
9843.5,1.4091610426431331
9844.5,1.4091612282868293
9845.5,1.409161413882223
9846.5,1.409161599429332
9847.5,1.4091617849281732
9848.5,1.4091619703787646
9849.5,1.4091621557811231
9850.5,1.4091623411352665
9851.5,1.4091625264412122
9852.5,1.4091627116989776
9853.5,1.4091628969085799
9854.5,1.4091630820700367
9855.5,1.4091632671833654
9856.5,1.4091634522485832
9857.5,1.4091636372657077
9858.5,1.4091638222347562
9859.5,1.4091640071557459
9860.5,1.4091641920286944
9861.5,1.4091643768536188
9862.5,1.4091645616305366
9863.5,1.4091647463594652
9864.5,1.4091649310404217
9865.5,1.4091651156734235
9866.5,1.4091653002584879
9867.5,1.4091654847956323
9868.5,1.409165669284874
9869.5,1.40916585372623
9870.5,1.4091660381197177
9871.5,1.4091662224653545
9872.5,1.4091664067631575
9873.5,1.4091665910131441
9874.5,1.4091667752153314
9875.5,1.4091669593697367
9876.5,1.4091671434763773
9877.5,1.4091673275352703
9878.5,1.4091675115464328
9879.5,1.4091676955098822
9880.5,1.4091678794256357
9881.5,1.4091680632937102
9882.5,1.4091682471141234
9883.5,1.409168430886892
9884.5,1.4091686146120332
9885.5,1.4091687982895644
9886.5,1.4091689819195026
9887.5,1.4091691655018648
9888.5,1.4091693490366684
9889.5,1.4091695325239304
9890.5,1.4091697159636678
9891.5,1.4091698993558979
9892.5,1.4091700827006377
9893.5,1.4091702659979042
9894.5,1.4091704492477146
9895.5,1.4091706324500861
9896.5,1.4091708156050355
9897.5,1.40917099871258
9898.5,1.4091711817727366
9899.5,1.4091713647855224
9900.5,1.4091715477509543
9901.5,1.4091717306690494
9902.5,1.4091719135398248
9903.5,1.4091720963632974
9904.5,1.4091722791394845
9905.5,1.4091724618684025
9906.5,1.409172644550069
9907.5,1.4091728271845005
9908.5,1.4091730097717143
9909.5,1.4091731923117274
9910.5,1.4091733748045563
9911.5,1.4091735572502184
9912.5,1.4091737396487305
9913.5,1.4091739220001096
9914.5,1.4091741043043724
9915.5,1.409174286561536
9916.5,1.4091744687716175
9917.5,1.4091746509346332
9918.5,1.4091748330506007
9919.5,1.4091750151195364
9920.5,1.4091751971414572
9921.5,1.4091753791163801
9922.5,1.4091755610443222
9923.5,1.4091757429253
9924.5,1.4091759247593305
9925.5,1.4091761065464306
9926.5,1.4091762882866168
9927.5,1.4091764699799063
9928.5,1.4091766516263158
9929.5,1.4091768332258618
9930.5,1.4091770147785618
9931.5,1.409177196284432
9932.5,1.4091773777434893
9933.5,1.4091775591557507
9934.5,1.4091777405212327
9935.5,1.409177921839952
9936.5,1.4091781031119257
9937.5,1.4091782843371705
9938.5,1.409178465515703
9939.5,1.4091786466475396
9940.5,1.4091788277326975
9941.5,1.4091790087711935
9942.5,1.409179189763044
9943.5,1.4091793707082658
9944.5,1.4091795516068755
9945.5,1.40917973245889
9946.5,1.4091799132643257
9947.5,1.4091800940231993
9948.5,1.4091802747355278
9949.5,1.4091804554013276
9950.5,1.4091806360206154
9951.5,1.4091808165934077
9952.5,1.4091809971197213
9953.5,1.4091811775995728
9954.5,1.4091813580329788
9955.5,1.409181538419956
9956.5,1.4091817187605207
9957.5,1.4091818990546898
9958.5,1.4091820793024799
9959.5,1.4091822595039072
9960.5,1.4091824396589887
9961.5,1.4091826197677408
9962.5,1.40918279983018
9963.5,1.409182979846323
9964.5,1.4091831598161861
9965.5,1.409183339739786
9966.5,1.4091835196171392
9967.5,1.4091836994482623
9968.5,1.4091838792331717
9969.5,1.409184058971884
9970.5,1.4091842386644156
9971.5,1.409184418310783
9972.5,1.4091845979110025
9973.5,1.409184777465091
9974.5,1.4091849569730646
9975.5,1.40918513643494
9976.5,1.4091853158507333
9977.5,1.4091854952204614
9978.5,1.4091856745441405
9979.5,1.409185853821787
9980.5,1.4091860330534174
9981.5,1.4091862122390482
9982.5,1.4091863913786955
9983.5,1.4091865704723758
9984.5,1.4091867495201058
9985.5,1.4091869285219016
9986.5,1.4091871074777795
9987.5,1.4091872863877561
9988.5,1.4091874652518477
9989.5,1.4091876440700706
9990.5,1.409187822842441
9991.5,1.4091880015689755
9992.5,1.4091881802496904
9993.5,1.409188358884602
9994.5,1.4091885374737263
9995.5,1.4091887160170802
9996.5,1.4091888945146793
9997.5,1.4091890729665406
9998.5,1.4091892513726798
9999.5,1.4091894297331136
10000.5,1.409189608047858
10001.5,1.4091897863169294
10002.5,1.409189964540344
10003.5,1.4091901427181182
10004.5,1.409190320850268
10005.5,1.4091904989368098
10006.5,1.4091906769777596
10007.5,1.409190854973134
10008.5,1.409191032922949
10009.5,1.4091912108272207
10010.5,1.4091913886859653
10011.5,1.4091915664991992
10012.5,1.4091917442669386
10013.5,1.4091919219891995
10014.5,1.409192099665998
10015.5,1.4091922772973504
10016.5,1.4091924548832728
10017.5,1.4091926324237816
10018.5,1.4091928099188924
10019.5,1.409192987368622
10020.5,1.4091931647729858
10021.5,1.4091933421320006
10022.5,1.409193519445682
10023.5,1.4091936967140464
10024.5,1.4091938739371097
10025.5,1.4091940511148882
10026.5,1.4091942282473977
10027.5,1.4091944053346546
10028.5,1.4091945823766745
10029.5,1.4091947593734742
10030.5,1.4091949363250689
10031.5,1.4091951132314753
10032.5,1.409195290092709
10033.5,1.4091954669087863
10034.5,1.409195643679723
10035.5,1.4091958204055355
10036.5,1.4091959970862393
10037.5,1.4091961737218508
10038.5,1.4091963503123857
10039.5,1.4091965268578603
10040.5,1.4091967033582904
10041.5,1.4091968798136918
10042.5,1.4091970562240808
10043.5,1.409197232589473
10044.5,1.4091974089098847
10045.5,1.4091975851853316
10046.5,1.4091977614158298
10047.5,1.4091979376013952
10048.5,1.4091981137420435
10049.5,1.4091982898377908
10050.5,1.4091984658886532
10051.5,1.409198641894646
10052.5,1.4091988178557857
10053.5,1.409198993772088
10054.5,1.4091991696435686
10055.5,1.4091993454702436
10056.5,1.4091995212521287
10057.5,1.40919969698924
10058.5,1.4091998726815929
10059.5,1.4092000483292035
10060.5,1.4092002239320878
10061.5,1.4092003994902613
10062.5,1.4092005750037402
10063.5,1.40920075047254
10064.5,1.4092009258966767
10065.5,1.4092011012761658
10066.5,1.4092012766110233
10067.5,1.409201451901265
10068.5,1.4092016271469068
10069.5,1.409201802347964
10070.5,1.4092019775044529
10071.5,1.4092021526163891
10072.5,1.4092023276837882
10073.5,1.409202502706666
10074.5,1.4092026776850382
10075.5,1.4092028526189206
10076.5,1.409203027508329
10077.5,1.4092032023532788
10078.5,1.409203377153786
10079.5,1.4092035519098662
10080.5,1.4092037266215351
10081.5,1.4092039012888085
10082.5,1.409204075911702
10083.5,1.4092042504902311
10084.5,1.4092044250244116
10085.5,1.409204599514259
10086.5,1.4092047739597893
10087.5,1.409204948361018
10088.5,1.4092051227179605
10089.5,1.4092052970306328
10090.5,1.40920547129905
10091.5,1.4092056455232282
10092.5,1.409205819703183
10093.5,1.4092059938389296
10094.5,1.409206167930484
10095.5,1.4092063419778613
10096.5,1.4092065159810776
10097.5,1.4092066899401483
10098.5,1.409206863855089
10099.5,1.409207037725915
10100.5,1.4092072115526422
10101.5,1.4092073853352858
10102.5,1.4092075590738615
10103.5,1.409207732768385
10104.5,1.4092079064188714
10105.5,1.4092080800253366
10106.5,1.4092082535877961
10107.5,1.409208427106265
10108.5,1.4092086005807594
10109.5,1.4092087740112942
10110.5,1.4092089473978853
10111.5,1.409209120740548
10112.5,1.4092092940392975
10113.5,1.4092094672941498
10114.5,1.40920964050512
10115.5,1.4092098136722238
10116.5,1.4092099867954762
10117.5,1.409210159874893
10118.5,1.4092103329104897
10119.5,1.4092105059022813
10120.5,1.4092106788502834
10121.5,1.4092108517545117
10122.5,1.4092110246149812
10123.5,1.4092111974317074
10124.5,1.4092113702047058
10125.5,1.4092115429339918
10126.5,1.4092117156195805
10127.5,1.4092118882614872
10128.5,1.4092120608597278
10129.5,1.4092122334143173
10130.5,1.409212405925271
10131.5,1.4092125783926044
10132.5,1.4092127508163326
10133.5,1.409212923196471
10134.5,1.409213095533035
10135.5,1.4092132678260398
10136.5,1.409213440075501
10137.5,1.4092136122814334
10138.5,1.4092137844438526
10139.5,1.409213956562774
10140.5,1.4092141286382125
10141.5,1.4092143006701836
10142.5,1.4092144726587026
10143.5,1.4092146446037845
10144.5,1.4092148165054448
10145.5,1.4092149883636986
10146.5,1.4092151601785612
10147.5,1.4092153319500478
10148.5,1.4092155036781737
10149.5,1.409215675362954
10150.5,1.4092158470044038
10151.5,1.4092160186025386
10152.5,1.4092161901573732
10153.5,1.4092163616689233
10154.5,1.4092165331372035
10155.5,1.4092167045622295
10156.5,1.409216875944016
10157.5,1.4092170472825785
10158.5,1.409217218577932
10159.5,1.4092173898300915
10160.5,1.4092175610390723
10161.5,1.4092177322048896
10162.5,1.4092179033275585
10163.5,1.409218074407094
10164.5,1.4092182454435112
10165.5,1.409218416436825
10166.5,1.4092185873870513
10167.5,1.4092187582942044
10168.5,1.4092189291582995
10169.5,1.409219099979352
10170.5,1.4092192707573767
10171.5,1.4092194414923886
10172.5,1.4092196121844032
10173.5,1.409219782833435
10174.5,1.4092199534394991
10175.5,1.409220124002611
10176.5,1.4092202945227854
10177.5,1.4092204650000373
10178.5,1.4092206354343817
10179.5,1.4092208058258338
10180.5,1.4092209761744083
10181.5,1.4092211464801203
10182.5,1.409221316742985
10183.5,1.4092214869630173
10184.5,1.409221657140232
10185.5,1.4092218272746442
10186.5,1.4092219973662687
10187.5,1.4092221674151209
10188.5,1.4092223374212152
10189.5,1.4092225073845668
10190.5,1.4092226773051906
10191.5,1.4092228471831014
10192.5,1.4092230170183144
10193.5,1.4092231868108445
10194.5,1.4092233565607062
10195.5,1.409223526267915
10196.5,1.409223695932485
10197.5,1.4092238655544318
10198.5,1.40922403513377
10199.5,1.4092242046705146
10200.5,1.4092243741646802
10201.5,1.4092245436162818
10202.5,1.4092247130253344
10203.5,1.4092248823918527
10204.5,1.4092250517158516
10205.5,1.409225220997346
10206.5,1.4092253902363503
10207.5,1.4092255594328797
10208.5,1.4092257285869492
10209.5,1.4092258976985732
10210.5,1.4092260667677667
10211.5,1.4092262357945446
10212.5,1.4092264047789214
10213.5,1.409226573720912
10214.5,1.4092267426205312
10215.5,1.4092269114777938
10216.5,1.4092270802927145
10217.5,1.4092272490653082
10218.5,1.4092274177955895
10219.5,1.409227586483573
10220.5,1.4092277551292738
10221.5,1.4092279237327063
10222.5,1.4092280922938853
10223.5,1.4092282608128257
10224.5,1.409228429289542
10225.5,1.409228597724049
10226.5,1.4092287661163616
10227.5,1.4092289344664939
10228.5,1.4092291027744612
10229.5,1.4092292710402778
10230.5,1.4092294392639584
10231.5,1.409229607445518
10232.5,1.4092297755849708
10233.5,1.4092299436823317
10234.5,1.4092301117376151
10235.5,1.409230279750836
10236.5,1.409230447722009
10237.5,1.4092306156511485
10238.5,1.4092307835382691
10239.5,1.4092309513833856
10240.5,1.4092311191865126
10241.5,1.4092312869476644
10242.5,1.4092314546668558
10243.5,1.4092316223441015
10244.5,1.409231789979416
10245.5,1.4092319575728138
10246.5,1.4092321251243094
10247.5,1.4092322926339176
10248.5,1.4092324601016526
10249.5,1.4092326275275293
10250.5,1.4092327949115622
10251.5,1.4092329622537656
10252.5,1.409233129554154
10253.5,1.4092332968127423
10254.5,1.4092334640295447
10255.5,1.409233631204576
10256.5,1.40923379833785
10257.5,1.409233965429382
10258.5,1.4092341324791862
10259.5,1.4092342994872769
10260.5,1.409234466453669
10261.5,1.4092346333783763
10262.5,1.409234800261414
10263.5,1.409234967102796
10264.5,1.4092351339025369
10265.5,1.4092353006606513
10266.5,1.4092354673771537
10267.5,1.409235634052058
10268.5,1.4092358006853793
10269.5,1.4092359672771315
10270.5,1.4092361338273294
10271.5,1.4092363003359871
10272.5,1.409236466803119
10273.5,1.4092366332287398
10274.5,1.4092367996128636
10275.5,1.4092369659555049
10276.5,1.409237132256678
10277.5,1.4092372985163972
10278.5,1.4092374647346773
10279.5,1.409237630911532
10280.5,1.409237797046976
10281.5,1.4092379631410237
10282.5,1.4092381291936893
10283.5,1.4092382952049871
10284.5,1.4092384611749316
10285.5,1.4092386271035369
10286.5,1.4092387929908174
10287.5,1.4092389588367875
10288.5,1.4092391246414615
10289.5,1.4092392904048534
10290.5,1.4092394561269777
10291.5,1.4092396218078487
10292.5,1.4092397874474805
10293.5,1.4092399530458877
10294.5,1.409240118603084
10295.5,1.4092402841190843
10296.5,1.4092404495939024
10297.5,1.4092406150275527
10298.5,1.4092407804200495
10299.5,1.4092409457714068
10300.5,1.409241111081639
10301.5,1.4092412763507602
10302.5,1.4092414415787848
10303.5,1.409241606765727
10304.5,1.4092417719116006
10305.5,1.4092419370164202
10306.5,1.4092421020801997
10307.5,1.4092422671029536
10308.5,1.409242432084696
10309.5,1.4092425970254405
10310.5,1.409242761925202
10311.5,1.4092429267839943
10312.5,1.4092430916018317
10313.5,1.409243256378728
10314.5,1.4092434211146978
10315.5,1.409243585809755
10316.5,1.4092437504639135
10317.5,1.4092439150771878
10318.5,1.4092440796495918
10319.5,1.4092442441811397
10320.5,1.4092444086718454
10321.5,1.4092445731217231
10322.5,1.409244737530787
10323.5,1.4092449018990512
10324.5,1.4092450662265295
10325.5,1.4092452305132361
10326.5,1.4092453947591852
10327.5,1.4092455589643904
10328.5,1.4092457231288664
10329.5,1.4092458872526268
10330.5,1.4092460513356857
10331.5,1.4092462153780572
10332.5,1.4092463793797552
10333.5,1.4092465433407937
10334.5,1.409246707261187
10335.5,1.409246871140949
10336.5,1.4092470349800934
10337.5,1.4092471987786344
10338.5,1.409247362536586
10339.5,1.409247526253962
10340.5,1.4092476899307766
10341.5,1.4092478535670439
10342.5,1.4092480171627775
10343.5,1.4092481807179915
10344.5,1.4092483442326997
10345.5,1.4092485077069163
10346.5,1.409248671140655
10347.5,1.40924883453393
10348.5,1.409248997886755
10349.5,1.409249161199144
10350.5,1.4092493244711108
10351.5,1.4092494877026696
10352.5,1.409249650893834
10353.5,1.409249814044618
10354.5,1.409249977155035
10355.5,1.4092501402250999
10356.5,1.4092503032548258
10357.5,1.409250466244227
10358.5,1.4092506291933167
10359.5,1.4092507921021096
10360.5,1.409250954970619
10361.5,1.4092511177988587
10362.5,1.409251280586843
10363.5,1.4092514433345853
10364.5,1.4092516060420994
10365.5,1.4092517687093995
10366.5,1.4092519313364993
10367.5,1.4092520939234123
10368.5,1.4092522564701526
10369.5,1.409252418976734
10370.5,1.40925258144317
10371.5,1.4092527438694746
10372.5,1.4092529062556616
10373.5,1.4092530686017448
10374.5,1.4092532309077377
10375.5,1.4092533931736544
10376.5,1.4092535553995083
10377.5,1.4092537175853135
10378.5,1.4092538797310834
10379.5,1.409254041836832
10380.5,1.409254203902573
10381.5,1.4092543659283199
10382.5,1.4092545279140867
10383.5,1.4092546898598868
10384.5,1.4092548517657342
10385.5,1.4092550136316424
10386.5,1.4092551754576252
10387.5,1.4092553372436962
10388.5,1.4092554989898693
10389.5,1.409255660696158
10390.5,1.4092558223625757
10391.5,1.4092559839891365
10392.5,1.4092561455758539
10393.5,1.4092563071227413
10394.5,1.4092564686298128
10395.5,1.4092566300970817
10396.5,1.4092567915245617
10397.5,1.4092569529122667
10398.5,1.40925711426021
10399.5,1.4092572755684052
10400.5,1.409257436836866
10401.5,1.409257598065606
10402.5,1.4092577592546387
10403.5,1.409257920403978
10404.5,1.409258081513637
10405.5,1.40925824258363
10406.5,1.4092584036139697
10407.5,1.4092585646046702
10408.5,1.409258725555745
10409.5,1.4092588864672075
10410.5,1.4092590473390716
10411.5,1.4092592081713504
10412.5,1.4092593689640576
10413.5,1.4092595297172066
10414.5,1.4092596904308112
10415.5,1.409259851104885
10416.5,1.4092600117394412
10417.5,1.4092601723344933
10418.5,1.4092603328900548
10419.5,1.4092604934061395
10420.5,1.4092606538827606
10421.5,1.4092608143199317
10422.5,1.4092609747176663
10423.5,1.4092611350759778
10424.5,1.4092612953948798
10425.5,1.4092614556743854
10426.5,1.4092616159145084
10427.5,1.4092617761152622
10428.5,1.40926193627666
10429.5,1.4092620963987157
10430.5,1.4092622564814423
10431.5,1.4092624165248533
10432.5,1.4092625765289624
10433.5,1.4092627364937826
10434.5,1.4092628964193277
10435.5,1.4092630563056108
10436.5,1.4092632161526453
10437.5,1.4092633759604447
10438.5,1.4092635357290226
10439.5,1.409263695458392
10440.5,1.4092638551485663
10441.5,1.4092640147995592
10442.5,1.4092641744113839
10443.5,1.4092643339840534
10444.5,1.4092644935175815
10445.5,1.4092646530119814
10446.5,1.4092648124672664
10447.5,1.40926497188345
10448.5,1.409265131260545
10449.5,1.4092652905985654
10450.5,1.4092654498975243
10451.5,1.4092656091574347
10452.5,1.4092657683783103
10453.5,1.409265927560164
10454.5,1.4092660867030093
10455.5,1.4092662458068597
10456.5,1.409266404871728
10457.5,1.409266563897628
10458.5,1.4092667228845726
10459.5,1.409266881832575
10460.5,1.409267040741649
10461.5,1.4092671996118071
10462.5,1.409267358443063
10463.5,1.4092675172354299
10464.5,1.4092676759889209
10465.5,1.4092678347035494
10466.5,1.4092679933793284
10467.5,1.4092681520162713
10468.5,1.4092683106143913
10469.5,1.4092684691737016
10470.5,1.4092686276942152
10471.5,1.4092687861759454
10472.5,1.4092689446189055
10473.5,1.4092691030231086
10474.5,1.409269261388568
10475.5,1.4092694197152966
10476.5,1.4092695780033078
10477.5,1.4092697362526145
10478.5,1.40926989446323
10479.5,1.4092700526351676
10480.5,1.4092702107684403
10481.5,1.4092703688630612
10482.5,1.4092705269190435
10483.5,1.4092706849364003
10484.5,1.4092708429151446
10485.5,1.4092710008552896
10486.5,1.4092711587568485
10487.5,1.4092713166198343
10488.5,1.40927147444426
10489.5,1.409271632230139
10490.5,1.409271789977484
10491.5,1.4092719476863085
10492.5,1.409272105356625
10493.5,1.4092722629884473
10494.5,1.4092724205817877
10495.5,1.4092725781366597
10496.5,1.4092727356530763
10497.5,1.4092728931310505
10498.5,1.4092730505705955
10499.5,1.409273207971724
10500.5,1.4092733653344491
10501.5,1.409273522658784
10502.5,1.4092736799447418
10503.5,1.4092738371923352
10504.5,1.4092739944015773
10505.5,1.4092741515724814
10506.5,1.4092743087050599
10507.5,1.4092744657993264
10508.5,1.4092746228552933
10509.5,1.4092747798729741
10510.5,1.4092749368523814
10511.5,1.4092750937935283
10512.5,1.409275250696428
10513.5,1.4092754075610932
10514.5,1.4092755643875365
10515.5,1.4092757211757716
10516.5,1.409275877925811
10517.5,1.4092760346376676
10518.5,1.4092761913113543
10519.5,1.4092763479468842
10520.5,1.4092765045442701
10521.5,1.409276661103525
10522.5,1.4092768176246617
10523.5,1.4092769741076934
10524.5,1.4092771305526324
10525.5,1.409277286959492
10526.5,1.409277443328285
10527.5,1.4092775996590243
10528.5,1.4092777559517227
10529.5,1.4092779122063932
10530.5,1.4092780684230484
10531.5,1.4092782246017015
10532.5,1.409278380742365
10533.5,1.409278536845052
10534.5,1.4092786929097751
10535.5,1.4092788489365475
10536.5,1.4092790049253816
10537.5,1.4092791608762905
10538.5,1.409279316789287
10539.5,1.4092794726643836
10540.5,1.4092796285015936
10541.5,1.4092797843009293
10542.5,1.4092799400624039
10543.5,1.4092800957860299
10544.5,1.4092802514718201
10545.5,1.4092804071197875
10546.5,1.4092805627299447
10547.5,1.4092807183023046
10548.5,1.4092808738368796
10549.5,1.4092810293336828
10550.5,1.409281184792727
10551.5,1.4092813402140247
10552.5,1.4092814955975888
10553.5,1.4092816509434316
10554.5,1.4092818062515666
10555.5,1.4092819615220058
10556.5,1.4092821167547624
10557.5,1.409282271949849
10558.5,1.4092824271072781
10559.5,1.4092825822270625
10560.5,1.409282737309215
10561.5,1.4092828923537482
10562.5,1.4092830473606746
10563.5,1.4092832023300073
10564.5,1.4092833572617585
10565.5,1.4092835121559413
10566.5,1.4092836670125681
10567.5,1.4092838218316515
10568.5,1.4092839766132044
10569.5,1.4092841313572393
10570.5,1.4092842860637687
10571.5,1.4092844407328053
10572.5,1.409284595364362
10573.5,1.409284749958451
10574.5,1.4092849045150855
10575.5,1.4092850590342774
10576.5,1.4092852135160399
10577.5,1.4092853679603852
10578.5,1.409285522367326
10579.5,1.4092856767368749
10580.5,1.4092858310690446
10581.5,1.4092859853638475
10582.5,1.4092861396212963
10583.5,1.4092862938414035
10584.5,1.4092864480241818
10585.5,1.4092866021696435
10586.5,1.4092867562778013
10587.5,1.4092869103486678
10588.5,1.4092870643822555
10589.5,1.409287218378577
10590.5,1.4092873723376445
10591.5,1.4092875262594708
10592.5,1.4092876801440686
10593.5,1.40928783399145
10594.5,1.4092879878016278
10595.5,1.4092881415746144
10596.5,1.4092882953104222
10597.5,1.4092884490090638
10598.5,1.4092886026705518
10599.5,1.4092887562948986
10600.5,1.4092889098821164
10601.5,1.409289063432218
10602.5,1.4092892169452158
10603.5,1.4092893704211222
10604.5,1.4092895238599497
10605.5,1.4092896772617107
10606.5,1.4092898306264177
10607.5,1.4092899839540831
10608.5,1.4092901372447193
10609.5,1.4092902904983389
10610.5,1.409290443714954
10611.5,1.4092905968945775
10612.5,1.4092907500372212
10613.5,1.409290903142898
10614.5,1.4092910562116199
10615.5,1.4092912092433998
10616.5,1.4092913622382497
10617.5,1.409291515196182
10618.5,1.4092916681172092
10619.5,1.4092918210013436
10620.5,1.4092919738485978
10621.5,1.4092921266589837
10622.5,1.4092922794325142
10623.5,1.4092924321692013
10624.5,1.4092925848690574
10625.5,1.409292737532095
10626.5,1.4092928901583262
10627.5,1.4092930427477632
10628.5,1.4092931953004189
10629.5,1.4092933478163052
10630.5,1.4092935002954345
10631.5,1.409293652737819
10632.5,1.4092938051434711
10633.5,1.4092939575124033
10634.5,1.4092941098446277
10635.5,1.4092942621401565
10636.5,1.409294414399002
10637.5,1.409294566621177
10638.5,1.4092947188066929
10639.5,1.4092948709555624
10640.5,1.4092950230677979
10641.5,1.4092951751434115
10642.5,1.4092953271824156
10643.5,1.409295479184822
10644.5,1.4092956311506435
10645.5,1.4092957830798922
10646.5,1.40929593497258
10647.5,1.4092960868287194
10648.5,1.4092962386483228
10649.5,1.409296390431402
10650.5,1.4092965421779693
10651.5,1.4092966938880371
10652.5,1.4092968455616175
10653.5,1.4092969971987228
10654.5,1.409297148799365
10655.5,1.4092973003635565
10656.5,1.4092974518913093
10657.5,1.4092976033826354
10658.5,1.4092977548375476
10659.5,1.4092979062560573
10660.5,1.4092980576381773
10661.5,1.4092982089839192
10662.5,1.4092983602932956
10663.5,1.4092985115663184
10664.5,1.4092986628029998
10665.5,1.409298814003352
10666.5,1.409298965167387
10667.5,1.409299116295117
10668.5,1.409299267386554
10669.5,1.4092994184417102
10670.5,1.4092995694605979
10671.5,1.409299720443229
10672.5,1.4092998713896154
10673.5,1.4093000222997696
10674.5,1.4093001731737034
10675.5,1.409300324011429
10676.5,1.4093004748129585
10677.5,1.4093006255783038
10678.5,1.409300776307477
10679.5,1.4093009270004904
10680.5,1.4093010776573558
10681.5,1.4093012282780855
10682.5,1.4093013788626911
10683.5,1.4093015294111852
10684.5,1.4093016799235794
10685.5,1.409301830399886
10686.5,1.4093019808401168
10687.5,1.409302131244284
10688.5,1.4093022816123997
10689.5,1.4093024319444754
10690.5,1.4093025822405236
10691.5,1.4093027325005563
10692.5,1.4093028827245853
10693.5,1.4093030329126226
10694.5,1.40930318306468
10695.5,1.40930333318077
10696.5,1.4093034832609042
10697.5,1.4093036333050946
10698.5,1.409303783313353
10699.5,1.4093039332856918
10700.5,1.4093040832221226
10701.5,1.4093042331226577
10702.5,1.4093043829873086
10703.5,1.4093045328160874
10704.5,1.409304682609006
10705.5,1.4093048323660766
10706.5,1.4093049820873107
10707.5,1.4093051317727205
10708.5,1.409305281422318
10709.5,1.4093054310361148
10710.5,1.409305580614123
10711.5,1.4093057301563545
10712.5,1.409305879662821
10713.5,1.4093060291335346
10714.5,1.4093061785685073
10715.5,1.4093063279677505
10716.5,1.4093064773312765
10717.5,1.4093066266590968
10718.5,1.4093067759512237
10719.5,1.4093069252076686
10720.5,1.409307074428444
10721.5,1.409307223613561
10722.5,1.4093073727630319
10723.5,1.4093075218768683
10724.5,1.4093076709550822
10725.5,1.4093078199976854
10726.5,1.4093079690046897
10727.5,1.4093081179761069
10728.5,1.4093082669119488
10729.5,1.409308415812227
10730.5,1.4093085646769539
10731.5,1.4093087135061406
10732.5,1.4093088622997993
10733.5,1.4093090110579418
10734.5,1.4093091597805798
10735.5,1.4093093084677248
10736.5,1.4093094571193892
10737.5,1.409309605735584
10738.5,1.4093097543163216
10739.5,1.4093099028616134
10740.5,1.4093100513714711
10741.5,1.4093101998459068
10742.5,1.409310348284932
10743.5,1.4093104966885583
10744.5,1.4093106450567978
10745.5,1.409310793389662
10746.5,1.4093109416871628
10747.5,1.4093110899493115
10748.5,1.4093112381761201
10749.5,1.4093113863676003
10750.5,1.409311534523764
10751.5,1.4093116826446224
10752.5,1.4093118307301877
10753.5,1.409311978780471
10754.5,1.4093121267954847
10755.5,1.40931227477524
10756.5,1.4093124227197487
10757.5,1.4093125706290224
10758.5,1.409312718503073
10759.5,1.4093128663419117
10760.5,1.4093130141455505
10761.5,1.409313161914001
10762.5,1.4093133096472747
10763.5,1.4093134573453834
10764.5,1.4093136050083388
10765.5,1.4093137526361523
10766.5,1.4093139002288357
10767.5,1.4093140477864003
10768.5,1.4093141953088582
10769.5,1.4093143427962207
10770.5,1.4093144902484995
10771.5,1.409314637665706
10772.5,1.409314785047852
10773.5,1.4093149323949492
10774.5,1.4093150797070089
10775.5,1.4093152269840428
10776.5,1.4093153742260625
10777.5,1.4093155214330795
10778.5,1.4093156686051054
10779.5,1.409315815742152
10780.5,1.4093159628442302
10781.5,1.4093161099113523
10782.5,1.4093162569435294
10783.5,1.409316403940773
10784.5,1.409316550903095
10785.5,1.4093166978305065
10786.5,1.4093168447230193
10787.5,1.4093169915806447
10788.5,1.4093171384033947
10789.5,1.4093172851912803
10790.5,1.4093174319443131
10791.5,1.4093175786625047
10792.5,1.4093177253458666
10793.5,1.4093178719944104
10794.5,1.4093180186081473
10795.5,1.409318165187089
10796.5,1.4093183117312467
10797.5,1.4093184582406322
10798.5,1.4093186047152568
10799.5,1.4093187511551322
10800.5,1.4093188975602695
10801.5,1.4093190439306802
10802.5,1.409319190266376
10803.5,1.4093193365673682
10804.5,1.4093194828336681
10805.5,1.4093196290652874
10806.5,1.4093197752622373
10807.5,1.4093199214245293
10808.5,1.4093200675521749
10809.5,1.4093202136451854
10810.5,1.4093203597035722
10811.5,1.4093205057273468
10812.5,1.4093206517165207
10813.5,1.4093207976711049
10814.5,1.4093209435911112
10815.5,1.4093210894765507
10816.5,1.4093212353274347
10817.5,1.409321381143775
10818.5,1.4093215269255828
10819.5,1.4093216726728692
10820.5,1.409321818385646
10821.5,1.409321964063924
10822.5,1.409322109707715
10823.5,1.4093222553170304
10824.5,1.4093224008918812
10825.5,1.409322546432279
10826.5,1.409322691938235
10827.5,1.4093228374097604
10828.5,1.4093229828468665
10829.5,1.409323128249565
10830.5,1.4093232736178671
10831.5,1.4093234189517838
10832.5,1.4093235642513267
10833.5,1.409323709516507
10834.5,1.4093238547473361
10835.5,1.409323999943825
10836.5,1.4093241451059852
10837.5,1.4093242902338279
10838.5,1.4093244353273646
10839.5,1.4093245803866061
10840.5,1.4093247254115642
10841.5,1.4093248704022499
10842.5,1.4093250153586743
10843.5,1.409325160280849
10844.5,1.409325305168785
10845.5,1.4093254500224934
10846.5,1.409325594841986
10847.5,1.4093257396272734
10848.5,1.4093258843783671
10849.5,1.4093260290952785
10850.5,1.4093261737780185
10851.5,1.4093263184265985
10852.5,1.4093264630410296
10853.5,1.4093266076213231
10854.5,1.4093267521674901
10855.5,1.409326896679542
10856.5,1.4093270411574896
10857.5,1.4093271856013445
10858.5,1.4093273300111178
10859.5,1.4093274743868203
10860.5,1.4093276187284636
10861.5,1.4093277630360586
10862.5,1.4093279073096168
10863.5,1.4093280515491489
10864.5,1.4093281957546664
10865.5,1.4093283399261802
10866.5,1.4093284840637017
10867.5,1.409328628167242
10868.5,1.409328772236812
10869.5,1.409328916272423
10870.5,1.409329060274086
10871.5,1.4093292042418122
10872.5,1.4093293481756128
10873.5,1.4093294920754988
10874.5,1.4093296359414815
10875.5,1.4093297797735718
10876.5,1.4093299235717807
10877.5,1.4093300673361195
10878.5,1.409330211066599
10879.5,1.4093303547632308
10880.5,1.4093304984260255
10881.5,1.4093306420549945
10882.5,1.4093307856501485
10883.5,1.4093309292114988
10884.5,1.4093310727390567
10885.5,1.4093312162328326
10886.5,1.4093313596928383
10887.5,1.409331503119084
10888.5,1.4093316465115817
10889.5,1.4093317898703417
10890.5,1.4093319331953753
10891.5,1.4093320764866937
10892.5,1.4093322197443074
10893.5,1.409332362968228
10894.5,1.4093325061584663
10895.5,1.409332649315033
10896.5,1.4093327924379395
10897.5,1.4093329355271966
10898.5,1.4093330785828155
10899.5,1.4093332216048071
10900.5,1.409333364593182
10901.5,1.4093335075479518
10902.5,1.4093336504691272
10903.5,1.4093337933567192
10904.5,1.4093339362107384
10905.5,1.4093340790311963
10906.5,1.4093342218181037
10907.5,1.4093343645714715
10908.5,1.4093345072913106
10909.5,1.4093346499776318
10910.5,1.4093347926304465
10911.5,1.4093349352497653
10912.5,1.409335077835599
10913.5,1.409335220387959
10914.5,1.4093353629068557
10915.5,1.4093355053923002
10916.5,1.4093356478443038
10917.5,1.4093357902628767
10918.5,1.4093359326480304
10919.5,1.4093360749997756
10920.5,1.409336217318123
10921.5,1.4093363596030837
10922.5,1.4093365018546686
10923.5,1.4093366440728885
10924.5,1.4093367862577542
10925.5,1.4093369284092767
10926.5,1.4093370705274668
10927.5,1.4093372126123354
10928.5,1.4093373546638934
10929.5,1.4093374966821515
10930.5,1.4093376386671208
10931.5,1.4093377806188119
10932.5,1.4093379225372356
10933.5,1.409338064422403
10934.5,1.4093382062743247
10935.5,1.4093383480930117
10936.5,1.4093384898784747
10937.5,1.4093386316307246
10938.5,1.409338773349772
10939.5,1.409338915035628
10940.5,1.4093390566883033
10941.5,1.4093391983078085
10942.5,1.4093393398941547
10943.5,1.4093394814473525
10944.5,1.4093396229674129
10945.5,1.4093397644543462
10946.5,1.4093399059081637
10947.5,1.409340047328876
10948.5,1.4093401887164936
10949.5,1.4093403300710277
10950.5,1.4093404713924889
10951.5,1.4093406126808876
10952.5,1.409340753936235
10953.5,1.4093408951585418
10954.5,1.4093410363478187
10955.5,1.409341177504076
10956.5,1.4093413186273251
10957.5,1.4093414597175764
10958.5,1.4093416007748407
10959.5,1.4093417417991285
10960.5,1.4093418827904507
10961.5,1.4093420237488181
10962.5,1.4093421646742412
10963.5,1.409342305566731
10964.5,1.4093424464262976
10965.5,1.4093425872529524
10966.5,1.4093427280467055
10967.5,1.409342868807568
10968.5,1.4093430095355504
10969.5,1.4093431502306635
10970.5,1.4093432908929175
10971.5,1.4093434315223239
10972.5,1.4093435721188925
10973.5,1.4093437126826347
10974.5,1.4093438532135605
10975.5,1.409343993711681
10976.5,1.4093441341770065
10977.5,1.409344274609548
10978.5,1.409344415009316
10979.5,1.4093445553763209
10980.5,1.4093446957105735
10981.5,1.4093448360120846
10982.5,1.4093449762808645
10983.5,1.409345116516924
10984.5,1.4093452567202736
10985.5,1.409345396890924
10986.5,1.4093455370288857
10987.5,1.4093456771341695
10988.5,1.4093458172067856
10989.5,1.409345957246745
10990.5,1.4093460972540581
10991.5,1.4093462372287355
10992.5,1.4093463771707877
10993.5,1.4093465170802253
10994.5,1.409346656957059
10995.5,1.4093467968012992
10996.5,1.4093469366129563
10997.5,1.4093470763920413
10998.5,1.4093472161385643
10999.5,1.409347355852536
11000.5,1.409347495533967
11001.5,1.409347635182868
11002.5,1.409347774799249
11003.5,1.4093479143831211
11004.5,1.4093480539344947
11005.5,1.4093481934533798
11006.5,1.4093483329397876
11007.5,1.4093484723937282
11008.5,1.409348611815212
11009.5,1.40934875120425
11010.5,1.4093488905608522
11011.5,1.4093490298850293
11012.5,1.4093491691767919
11013.5,1.4093493084361501
11014.5,1.4093494476631148
11015.5,1.4093495868576964
11016.5,1.409349726019905
11017.5,1.4093498651497514
11018.5,1.409350004247246
11019.5,1.4093501433123992
11020.5,1.4093502823452215
11021.5,1.4093504213457233
11022.5,1.4093505603139151
11023.5,1.4093506992498075
11024.5,1.4093508381534106
11025.5,1.4093509770247348
11026.5,1.4093511158637908
11027.5,1.4093512546705889
11028.5,1.4093513934451394
11029.5,1.409351532187453
11030.5,1.40935167089754
11031.5,1.4093518095754105
11032.5,1.4093519482210752
11033.5,1.4093520868345446
11034.5,1.4093522254158288
11035.5,1.4093523639649383
11036.5,1.4093525024818836
11037.5,1.4093526409666748
11038.5,1.4093527794193226
11039.5,1.409352917839837
11040.5,1.4093530562282288
11041.5,1.409353194584508
11042.5,1.4093533329086851
11043.5,1.4093534712007703
11044.5,1.4093536094607741
11045.5,1.409353747688707
11046.5,1.409353885884579
11047.5,1.4093540240484008
11048.5,1.4093541621801824
11049.5,1.4093543002799342
11050.5,1.4093544383476666
11051.5,1.40935457638339
11052.5,1.4093547143871143
11053.5,1.4093548523588504
11054.5,1.409354990298608
11055.5,1.4093551282063979
11056.5,1.4093552660822302
11057.5,1.4093554039261151
11058.5,1.4093555417380632
11059.5,1.4093556795180844
11060.5,1.409355817266189
11061.5,1.4093559549823877
11062.5,1.4093560926666904
11063.5,1.4093562303191074
11064.5,1.409356367939649
11065.5,1.4093565055283255
11066.5,1.4093566430851472
11067.5,1.4093567806101241
11068.5,1.4093569181032668
11069.5,1.4093570555645851
11070.5,1.4093571929940898
11071.5,1.4093573303917906
11072.5,1.4093574677576979
11073.5,1.4093576050918222
11074.5,1.4093577423941734
11075.5,1.4093578796647617
11076.5,1.4093580169035975
11077.5,1.409358154110691
11078.5,1.4093582912860523
11079.5,1.4093584284296916
11080.5,1.409358565541619
11081.5,1.409358702621845
11082.5,1.4093588396703796
11083.5,1.4093589766872328
11084.5,1.409359113672415
11085.5,1.4093592506259365
11086.5,1.409359387547807
11087.5,1.4093595244380372
11088.5,1.4093596612966368
11089.5,1.4093597981236166
11090.5,1.4093599349189858
11091.5,1.4093600716827555
11092.5,1.4093602084149353
11093.5,1.4093603451155352
11094.5,1.409360481784566
11095.5,1.409360618422037
11096.5,1.4093607550279592
11097.5,1.4093608916023421
11098.5,1.4093610281451958
11099.5,1.409361164656531
11100.5,1.409361301136357
11101.5,1.4093614375846846
11102.5,1.4093615740015235
11103.5,1.409361710386884
11104.5,1.4093618467407762
11105.5,1.40936198306321
11106.5,1.4093621193541956
11107.5,1.409362255613743
11108.5,1.4093623918418625
11109.5,1.4093625280385642
11110.5,1.4093626642038577
11111.5,1.4093628003377534
11112.5,1.4093629364402613
11113.5,1.4093630725113917
11114.5,1.4093632085511543
11115.5,1.4093633445595593
11116.5,1.4093634805366166
11117.5,1.4093636164823367
11118.5,1.4093637523967288
11119.5,1.4093638882798039
11120.5,1.4093640241315712
11121.5,1.4093641599520415
11122.5,1.409364295741224
11123.5,1.4093644314991294
11124.5,1.4093645672257673
11125.5,1.4093647029211478
11126.5,1.409364838585281
11127.5,1.4093649742181769
11128.5,1.4093651098198454
11129.5,1.4093652453902965
11130.5,1.4093653809295403
11131.5,1.4093655164375867
11132.5,1.4093656519144455
11133.5,1.4093657873601269
11134.5,1.409365922774641
11135.5,1.4093660581579974
11136.5,1.4093661935102064
11137.5,1.4093663288312777
11138.5,1.4093664641212214
11139.5,1.4093665993800475
11140.5,1.4093667346077656
11141.5,1.4093668698043862
11142.5,1.4093670049699187
11143.5,1.4093671401043735
11144.5,1.4093672752077602
11145.5,1.4093674102800888
11146.5,1.4093675453213692
11147.5,1.4093676803316115
11148.5,1.4093678153108253
11149.5,1.4093679502590208
11150.5,1.409368085176208
11151.5,1.4093682200623963
11152.5,1.4093683549175962
11153.5,1.409368489741817
11154.5,1.409368624535069
11155.5,1.4093687592973618
11156.5,1.4093688940287057
11157.5,1.40936902872911
11158.5,1.4093691633985852
11159.5,1.4093692980371408
11160.5,1.4093694326447868
11161.5,1.4093695672215327
11162.5,1.409369701767389
11163.5,1.409369836282365
11164.5,1.4093699707664706
11165.5,1.409370105219716
11166.5,1.4093702396421108
11167.5,1.409370374033665
11168.5,1.4093705083943882
11169.5,1.4093706427242902
11170.5,1.409370777023381
11171.5,1.4093709112916706
11172.5,1.4093710455291684
11173.5,1.4093711797358843
11174.5,1.4093713139118285
11175.5,1.4093714480570103
11176.5,1.4093715821714399
11177.5,1.409371716255127
11178.5,1.409371850308081
11179.5,1.409371984330312
11180.5,1.40937211832183
11181.5,1.4093722522826446
11182.5,1.4093723862127654
11183.5,1.4093725201122023
11184.5,1.4093726539809652
11185.5,1.4093727878190636
11186.5,1.4093729216265076
11187.5,1.4093730554033066
11188.5,1.4093731891494705
11189.5,1.4093733228650092
11190.5,1.4093734565499323
11191.5,1.4093735902042495
11192.5,1.4093737238279707
11193.5,1.4093738574211054
11194.5,1.4093739909836636
11195.5,1.4093741245156546
11196.5,1.4093742580170887
11197.5,1.409374391487975
11198.5,1.4093745249283238
11199.5,1.4093746583381446
11200.5,1.4093747917174468
11201.5,1.4093749250662406
11202.5,1.4093750583845353
11203.5,1.4093751916723407
11204.5,1.4093753249296666
11205.5,1.4093754581565225
11206.5,1.4093755913529185
11207.5,1.4093757245188636
11208.5,1.409375857654368
11209.5,1.4093759907594412
11210.5,1.409376123834093
11211.5,1.4093762568783328
11212.5,1.4093763898921705
11213.5,1.4093765228756157
11214.5,1.4093766558286778
11215.5,1.4093767887513668
11216.5,1.4093769216436922
11217.5,1.4093770545056636
11218.5,1.4093771873372907
11219.5,1.409377320138583
11220.5,1.4093774529095504
11221.5,1.4093775856502022
11222.5,1.4093777183605483
11223.5,1.409377851040598
11224.5,1.4093779836903613
11225.5,1.4093781163098476
11226.5,1.4093782488990663
11227.5,1.4093783814580274
11228.5,1.4093785139867403
11229.5,1.4093786464852145
11230.5,1.4093787789534595
11231.5,1.4093789113914854
11232.5,1.4093790437993012
11233.5,1.409379176176917
11234.5,1.4093793085243418
11235.5,1.4093794408415856
11236.5,1.4093795731286578
11237.5,1.409379705385568
11238.5,1.4093798376123257
11239.5,1.4093799698089404
11240.5,1.409380101975422
11241.5,1.4093802341117796
11242.5,1.409380366218023
11243.5,1.4093804982941618
11244.5,1.4093806303402052
11245.5,1.409380762356163
11246.5,1.4093808943420445
11247.5,1.4093810262978597
11248.5,1.4093811582236175
11249.5,1.409381290119328
11250.5,1.409381421985
11251.5,1.4093815538206438
11252.5,1.4093816856262684
11253.5,1.4093818174018833
11254.5,1.4093819491474984
11255.5,1.4093820808631226
11256.5,1.4093822125487658
11257.5,1.4093823442044375
11258.5,1.409382475830147
11259.5,1.409382607425904
11260.5,1.4093827389917175
11261.5,1.4093828705275975
11262.5,1.4093830020335532
11263.5,1.409383133509594
11264.5,1.4093832649557296
11265.5,1.4093833963719693
11266.5,1.4093835277583224
11267.5,1.4093836591147988
11268.5,1.4093837904414073
11269.5,1.4093839217381579
11270.5,1.4093840530050599
11271.5,1.4093841842421224
11272.5,1.4093843154493553
11273.5,1.4093844466267675
11274.5,1.409384577774369
11275.5,1.4093847088921687
11276.5,1.4093848399801765
11277.5,1.4093849710384014
11278.5,1.4093851020668529
11279.5,1.4093852330655405
11280.5,1.4093853640344736
11281.5,1.4093854949736615
11282.5,1.4093856258831137
11283.5,1.4093857567628394
11284.5,1.409385887612848
11285.5,1.4093860184331493
11286.5,1.409386149223752
11287.5,1.409386279984666
11288.5,1.4093864107159002
11289.5,1.4093865414174644
11290.5,1.409386672089368
11291.5,1.4093868027316199
11292.5,1.4093869333442297
11293.5,1.4093870639272068
11294.5,1.4093871944805605
11295.5,1.4093873250043
11296.5,1.409387455498435
11297.5,1.4093875859629743
11298.5,1.4093877163979278
11299.5,1.4093878468033043
11300.5,1.4093879771791136
11301.5,1.4093881075253645
11302.5,1.4093882378420668
11303.5,1.4093883681292294
11304.5,1.4093884983868619
11305.5,1.4093886286149735
11306.5,1.4093887588135736
11307.5,1.4093888889826713
11308.5,1.409389019122276
11309.5,1.4093891492323969
11310.5,1.4093892793130434
11311.5,1.4093894093642247
11312.5,1.4093895393859501
11313.5,1.4093896693782288
11314.5,1.4093897993410704
11315.5,1.4093899292744838
11316.5,1.4093900591784783
11317.5,1.4093901890530631
11318.5,1.409390318898248
11319.5,1.4093904487140414
11320.5,1.409390578500453
11321.5,1.4093907082574921
11322.5,1.409390837985168
11323.5,1.4093909676834897
11324.5,1.4093910973524664
11325.5,1.4093912269921076
11326.5,1.409391356602422
11327.5,1.4093914861834196
11328.5,1.4093916157351092
11329.5,1.4093917452574998
11330.5,1.4093918747506007
11331.5,1.4093920042144215
11332.5,1.409392133648971
11333.5,1.4093922630542586
11334.5,1.4093923924302931
11335.5,1.4093925217770844
11336.5,1.409392651094641
11337.5,1.4093927803829724
11338.5,1.4093929096420879
11339.5,1.4093930388719964
11340.5,1.4093931680727072
11341.5,1.4093932972442296
11342.5,1.4093934263865724
11343.5,1.4093935554997452
11344.5,1.4093936845837567
11345.5,1.4093938136386164
11346.5,1.4093939426643334
11347.5,1.4093940716609168
11348.5,1.4093942006283755
11349.5,1.409394329566719
11350.5,1.4093944584759563
11351.5,1.4093945873560967
11352.5,1.409394716207149
11353.5,1.4093948450291225
11354.5,1.4093949738220262
11355.5,1.4093951025858693
11356.5,1.409395231320661
11357.5,1.4093953600264104
11358.5,1.4093954887031266
11359.5,1.4093956173508184
11360.5,1.4093957459694952
11361.5,1.4093958745591662
11362.5,1.40939600311984
11363.5,1.4093961316515264
11364.5,1.4093962601542338
11365.5,1.4093963886279717
11366.5,1.409396517072749
11367.5,1.409396645488575
11368.5,1.4093967738754583
11369.5,1.4093969022334083
11370.5,1.4093970305624341
11371.5,1.4093971588625447
11372.5,1.409397287133749
11373.5,1.4093974153760562
11374.5,1.4093975435894754
11375.5,1.4093976717740155
11376.5,1.4093977999296856
11377.5,1.4093979280564948
11378.5,1.409398056154452
11379.5,1.4093981842235663
11380.5,1.4093983122638467
11381.5,1.4093984402753024
11382.5,1.4093985682579422
11383.5,1.409398696211775
11384.5,1.40939882413681
11385.5,1.4093989520330563
11386.5,1.409399079900523
11387.5,1.4093992077392186
11388.5,1.4093993355491525
11389.5,1.4093994633303335
11390.5,1.4093995910827708
11391.5,1.4093997188064733
11392.5,1.4093998465014497
11393.5,1.4093999741677095
11394.5,1.409400101805261
11395.5,1.409400229414114
11396.5,1.4094003569942768
11397.5,1.4094004845457586
11398.5,1.4094006120685685
11399.5,1.409400739562715
11400.5,1.4094008670282077
11401.5,1.409400994465055
11402.5,1.409401121873266
11403.5,1.4094012492528498
11404.5,1.4094013766038154
11405.5,1.4094015039261714
11406.5,1.409401631219927
11407.5,1.4094017584850909
11408.5,1.4094018857216721
11409.5,1.4094020129296798
11410.5,1.4094021401091226
11411.5,1.4094022672600095
11412.5,1.4094023943823495
11413.5,1.4094025214761514
11414.5,1.409402648541424
11415.5,1.4094027755781764
11416.5,1.4094029025864174
11417.5,1.409403029566156
11418.5,1.4094031565174008
11419.5,1.409403283440161
11420.5,1.4094034103344455
11421.5,1.409403537200263
11422.5,1.4094036640376224
11423.5,1.4094037908465324
11424.5,1.4094039176270023
11425.5,1.4094040443790408
11426.5,1.4094041711026564
11427.5,1.4094042977978585
11428.5,1.4094044244646555
11429.5,1.4094045511030564
11430.5,1.4094046777130702
11431.5,1.4094048042947056
11432.5,1.4094049308479717
11433.5,1.409405057372877
11434.5,1.4094051838694301
11435.5,1.4094053103376405
11436.5,1.4094054367775166
11437.5,1.4094055631890674
11438.5,1.4094056895723015
11439.5,1.409405815927228
11440.5,1.4094059422538556
11441.5,1.409406068552193
11442.5,1.409406194822249
11443.5,1.4094063210640324
11444.5,1.4094064472775523
11445.5,1.409406573462817
11446.5,1.4094066996198358
11447.5,1.409406825748617
11448.5,1.4094069518491696
11449.5,1.4094070779215027
11450.5,1.4094072039656247
11451.5,1.4094073299815442
11452.5,1.4094074559692704
11453.5,1.4094075819288119
11454.5,1.4094077078601774
11455.5,1.4094078337633758
11456.5,1.4094079596384157
11457.5,1.409408085485306
11458.5,1.4094082113040551
11459.5,1.4094083370946722
11460.5,1.4094084628571657
11461.5,1.4094085885915446
11462.5,1.4094087142978176
11463.5,1.4094088399759932
11464.5,1.4094089656260802
11465.5,1.4094090912480877
11466.5,1.4094092168420238
11467.5,1.4094093424078977
11468.5,1.4094094679457179
11469.5,1.4094095934554933
11470.5,1.4094097189372323
11471.5,1.4094098443909437
11472.5,1.4094099698166365
11473.5,1.409410095214319
11474.5,1.409410220584
11475.5,1.4094103459256884
11476.5,1.4094104712393927
11477.5,1.4094105965251216
11478.5,1.4094107217828837
11479.5,1.409410847012688
11480.5,1.4094109722145427
11481.5,1.4094110973884568
11482.5,1.4094112225344388
11483.5,1.4094113476524976
11484.5,1.4094114727426417
11485.5,1.4094115978048796
11486.5,1.40941172283922
11487.5,1.4094118478456719
11488.5,1.4094119728242436
11489.5,1.4094120977749438
11490.5,1.4094122226977812
11491.5,1.4094123475927642
11492.5,1.409412472459902
11493.5,1.4094125972992027
11494.5,1.409412722110675
11495.5,1.4094128468943277
11496.5,1.409412971650169
11497.5,1.4094130963782083
11498.5,1.4094132210784536
11499.5,1.4094133457509135
11500.5,1.409413470395597
11501.5,1.4094135950125122
11502.5,1.409413719601668
11503.5,1.4094138441630732
11504.5,1.409413968696736
11505.5,1.409414093202665
11506.5,1.409414217680869
11507.5,1.4094143421313565
11508.5,1.409414466554136
11509.5,1.4094145909492162
11510.5,1.4094147153166054
11511.5,1.4094148396563126
11512.5,1.4094149639683462
11513.5,1.4094150882527146
11514.5,1.4094152125094264
11515.5,1.40941533673849
11516.5,1.4094154609399143
11517.5,1.4094155851137078
11518.5,1.409415709259879
11519.5,1.4094158333784361
11520.5,1.409415957469388
11521.5,1.4094160815327432
11522.5,1.4094162055685102
11523.5,1.4094163295766975
11524.5,1.4094164535573135
11525.5,1.4094165775103669
11526.5,1.4094167014358663
11527.5,1.4094168253338197
11528.5,1.4094169492042363
11529.5,1.4094170730471243
11530.5,1.409417196862492
11531.5,1.409417320650348
11532.5,1.409417444410701
11533.5,1.4094175681435592
11534.5,1.4094176918489316
11535.5,1.409417815526826
11536.5,1.4094179391772514
11537.5,1.409418062800216
11538.5,1.4094181863957285
11539.5,1.4094183099637971
11540.5,1.4094184335044304
11541.5,1.409418557017637
11542.5,1.4094186805034252
11543.5,1.4094188039618034
11544.5,1.4094189273927802
11545.5,1.409419050796364
11546.5,1.4094191741725632
11547.5,1.4094192975213864
11548.5,1.4094194208428419
11549.5,1.4094195441369382
11550.5,1.4094196674036836
11551.5,1.4094197906430868
11552.5,1.409419913855156
11553.5,1.4094200370398997
11554.5,1.4094201601973262
11555.5,1.409420283327444
11556.5,1.4094204064302618
11557.5,1.4094205295057876
11558.5,1.40942065255403
11559.5,1.4094207755749975
11560.5,1.4094208985686982
11561.5,1.4094210215351406
11562.5,1.4094211444743332
11563.5,1.4094212673862845
11564.5,1.4094213902710027
11565.5,1.4094215131284962
11566.5,1.4094216359587735
11567.5,1.4094217587618427
11568.5,1.4094218815377124
11569.5,1.4094220042863912
11570.5,1.4094221270078868
11571.5,1.4094222497022084
11572.5,1.4094223723693637
11573.5,1.4094224950093612
11574.5,1.4094226176222096
11575.5,1.4094227402079167
11576.5,1.4094228627664913
11577.5,1.4094229852979416
11578.5,1.409423107802276
11579.5,1.4094232302795027
11580.5,1.4094233527296303
11581.5,1.4094234751526666
11582.5,1.4094235975486205
11583.5,1.4094237199175
11584.5,1.4094238422593135
11585.5,1.4094239645740694
11586.5,1.409424086861776
11587.5,1.4094242091224416
11588.5,1.4094243313560744
11589.5,1.4094244535626828
11590.5,1.409424575742275
11591.5,1.4094246978948595
11592.5,1.4094248200204444
11593.5,1.4094249421190381
11594.5,1.409425064190649
11595.5,1.4094251862352851
11596.5,1.4094253082529549
11597.5,1.4094254302436664
11598.5,1.4094255522074284
11599.5,1.4094256741442488
11600.5,1.4094257960541359
11601.5,1.4094259179370978
11602.5,1.4094260397931433
11603.5,1.40942616162228
11604.5,1.4094262834245168
11605.5,1.4094264051998615
11606.5,1.4094265269483224
11607.5,1.4094266486699079
11608.5,1.4094267703646262
11609.5,1.4094268920324855
11610.5,1.409427013673494
11611.5,1.4094271352876602
11612.5,1.409427256874992
11613.5,1.4094273784354978
11614.5,1.4094274999691858
11615.5,1.4094276214760642
11616.5,1.409427742956141
11617.5,1.409427864409425
11618.5,1.4094279858359238
11619.5,1.4094281072356458
11620.5,1.4094282286085993
11621.5,1.4094283499547926
11622.5,1.4094284712742335
11623.5,1.4094285925669308
11624.5,1.409428713832892
11625.5,1.409428835072126
11626.5,1.4094289562846405
11627.5,1.4094290774704437
11628.5,1.409429198629544
11629.5,1.4094293197619494
11630.5,1.4094294408676682
11631.5,1.4094295619467083
11632.5,1.4094296829990784
11633.5,1.4094298040247861
11634.5,1.40942992502384
11635.5,1.4094300459962479
11636.5,1.4094301669420182
11637.5,1.4094302878611589
11638.5,1.4094304087536782
11639.5,1.4094305296195844
11640.5,1.4094306504588854
11641.5,1.4094307712715894
11642.5,1.4094308920577046
11643.5,1.4094310128172391
11644.5,1.409431133550201
11645.5,1.4094312542565985
11646.5,1.4094313749364398
11647.5,1.4094314955897327
11648.5,1.4094316162164855
11649.5,1.4094317368167064
11650.5,1.4094318573904034
11651.5,1.4094319779375848
11652.5,1.4094320984582585
11653.5,1.4094322189524326
11654.5,1.4094323394201151
11655.5,1.4094324598613144
11656.5,1.4094325802760386
11657.5,1.4094327006642953
11658.5,1.4094328210260931
11659.5,1.4094329413614397
11660.5,1.4094330616703434
11661.5,1.4094331819528123
11662.5,1.4094333022088545
11663.5,1.409433422438478
11664.5,1.4094335426416906
11665.5,1.4094336628185007
11666.5,1.4094337829689163
11667.5,1.4094339030929455
11668.5,1.4094340231905962
11669.5,1.4094341432618764
11670.5,1.4094342633067944
11671.5,1.409434383325358
11672.5,1.4094345033175755
11673.5,1.4094346232834547
11674.5,1.4094347432230037
11675.5,1.4094348631362306
11676.5,1.4094349830231434
11677.5,1.40943510288375
11678.5,1.4094352227180587
11679.5,1.409435342526077
11680.5,1.4094354623078136
11681.5,1.409435582063276
11682.5,1.4094357017924726
11683.5,1.409435821495411
11684.5,1.4094359411720994
11685.5,1.4094360608225458
11686.5,1.4094361804467581
11687.5,1.4094363000447445
11688.5,1.4094364196165128
11689.5,1.4094365391620711
11690.5,1.4094366586814273
11691.5,1.4094367781745893
11692.5,1.4094368976415654
11693.5,1.4094370170823634
11694.5,1.409437136496991
11695.5,1.4094372558854567
11696.5,1.409437375247768
11697.5,1.409437494583933
11698.5,1.4094376138939597
11699.5,1.4094377331778563
11700.5,1.4094378524356301
11701.5,1.4094379716672898
11702.5,1.4094380908728428
11703.5,1.4094382100522973
11704.5,1.4094383292056614
11705.5,1.4094384483329425
11706.5,1.409438567434149
11707.5,1.4094386865092887
11708.5,1.4094388055583695
11709.5,1.4094389245813992
11710.5,1.4094390435783861
11711.5,1.4094391625493379
11712.5,1.4094392814942622
11713.5,1.4094394004131674
11714.5,1.4094395193060612
11715.5,1.4094396381729515
11716.5,1.4094397570138464
11717.5,1.4094398758287534
11718.5,1.4094399946176808
11719.5,1.4094401133806362
11720.5,1.4094402321176276
11721.5,1.409440350828663
11722.5,1.4094404695137501
11723.5,1.4094405881728969
11724.5,1.4094407068061112
11725.5,1.409440825413401
11726.5,1.4094409439947742
11727.5,1.4094410625502383
11728.5,1.4094411810798015
11729.5,1.4094412995834718
11730.5,1.4094414180612567
11731.5,1.4094415365131643
11732.5,1.4094416549392021
11733.5,1.4094417733393785
11734.5,1.409441891713701
11735.5,1.4094420100621776
11736.5,1.409442128384816
11737.5,1.4094422466816239
11738.5,1.4094423649526095
11739.5,1.4094424831977803
11740.5,1.4094426014171446
11741.5,1.4094427196107098
11742.5,1.4094428377784836
11743.5,1.4094429559204744
11744.5,1.4094430740366894
11745.5,1.4094431921271369
11746.5,1.4094433101918244
11747.5,1.40944342823076
11748.5,1.409443546243951
11749.5,1.4094436642314057
11750.5,1.4094437821931318
11751.5,1.409443900129137
11752.5,1.409444018039429
11753.5,1.4094441359240157
11754.5,1.409444253782905
11755.5,1.4094443716161045
11756.5,1.4094444894236222
11757.5,1.4094446072054656
11758.5,1.4094447249616426
11759.5,1.409444842692161
11760.5,1.4094449603970287
11761.5,1.4094450780762533
11762.5,1.4094451957298424
11763.5,1.409445313357804
11764.5,1.4094454309601459
11765.5,1.4094455485368758
11766.5,1.4094456660880013
11767.5,1.4094457836135303
11768.5,1.4094459011134703
11769.5,1.4094460185878295
11770.5,1.4094461360366153
11771.5,1.4094462534598355
11772.5,1.409446370857498
11773.5,1.4094464882296103
11774.5,1.40944660557618
11775.5,1.4094467228972154
11776.5,1.4094468401927236
11777.5,1.4094469574627126
11778.5,1.4094470747071903
11779.5,1.409447191926164
11780.5,1.4094473091196416
11781.5,1.4094474262876309
11782.5,1.4094475434301394
11783.5,1.409447660547175
11784.5,1.4094477776387455
11785.5,1.4094478947048583
11786.5,1.4094480117455213
11787.5,1.4094481287607419
11788.5,1.409448245750528
11789.5,1.4094483627148873
11790.5,1.4094484796538276
11791.5,1.4094485965673562
11792.5,1.4094487134554812
11793.5,1.4094488303182098
11794.5,1.40944894715555
11795.5,1.4094490639675097
11796.5,1.4094491807540959
11797.5,1.4094492975153168
11798.5,1.40944941425118
11799.5,1.4094495309616928
11800.5,1.4094496476468632
11801.5,1.4094497643066985
11802.5,1.4094498809412068
11803.5,1.4094499975503956
11804.5,1.4094501141342721
11805.5,1.4094502306928447
11806.5,1.4094503472261204
11807.5,1.409450463734107
11808.5,1.4094505802168122
11809.5,1.4094506966742437
11810.5,1.409450813106409
11811.5,1.4094509295133155
11812.5,1.4094510458949714
11813.5,1.4094511622513837
11814.5,1.4094512785825604
11815.5,1.4094513948885088
11816.5,1.409451511169237
11817.5,1.409451627424752
11818.5,1.4094517436550618
11819.5,1.4094518598601737
11820.5,1.4094519760400956
11821.5,1.409452092194835
11822.5,1.4094522083243994
11823.5,1.4094523244287964
11824.5,1.4094524405080338
11825.5,1.4094525565621188
11826.5,1.409452672591059
11827.5,1.4094527885948622
11828.5,1.409452904573536
11829.5,1.4094530205270879
11830.5,1.4094531364555252
11831.5,1.4094532523588557
11832.5,1.4094533682370871
11833.5,1.4094534840902266
11834.5,1.409453599918282
11835.5,1.4094537157212608
11836.5,1.4094538314991705
11837.5,1.4094539472520187
11838.5,1.409454062979813
11839.5,1.4094541786825607
11840.5,1.4094542943602695
11841.5,1.409454410012947
11842.5,1.4094545256406004
11843.5,1.4094546412432376
11844.5,1.409454756820866
11845.5,1.409454872373493
11846.5,1.4094549879011262
11847.5,1.4094551034037732
11848.5,1.4094552188814415
11849.5,1.4094553343341385
11850.5,1.4094554497618716
11851.5,1.4094555651646485
11852.5,1.4094556805424767
11853.5,1.4094557958953637
11854.5,1.409455911223317
11855.5,1.4094560265263436
11856.5,1.4094561418044518
11857.5,1.4094562570576485
11858.5,1.4094563722859415
11859.5,1.409456487489338
11860.5,1.409456602667846
11861.5,1.409456717821472
11862.5,1.4094568329502246
11863.5,1.4094569480541104
11864.5,1.4094570631331373
11865.5,1.4094571781873126
11866.5,1.409457293216644
11867.5,1.4094574082211386
11868.5,1.4094575232008042
11869.5,1.4094576381556478
11870.5,1.4094577530856773
11871.5,1.4094578679909
11872.5,1.4094579828713232
11873.5,1.4094580977269544
11874.5,1.4094582125578012
11875.5,1.4094583273638708
11876.5,1.4094584421451708
11877.5,1.4094585569017086
11878.5,1.4094586716334916
11879.5,1.409458786340527
11880.5,1.4094589010228227
11881.5,1.4094590156803857
11882.5,1.4094591303132236
11883.5,1.4094592449213437
11884.5,1.4094593595047535
11885.5,1.4094594740634605
11886.5,1.4094595885974717
11887.5,1.409459703106795
11888.5,1.4094598175914375
11889.5,1.4094599320514065
11890.5,1.4094600464867098
11891.5,1.4094601608973545
11892.5,1.4094602752833478
11893.5,1.4094603896446976
11894.5,1.4094605039814108
11895.5,1.409460618293495
11896.5,1.4094607325809576
11897.5,1.4094608468438057
11898.5,1.409460961082047
11899.5,1.4094610752956886
11900.5,1.4094611894847382
11901.5,1.4094613036492027
11902.5,1.40946141778909
11903.5,1.409461531904407
11904.5,1.4094616459951612
11905.5,1.40946176006136
11906.5,1.4094618741030107
11907.5,1.4094619881201205
11908.5,1.409462102112697
11909.5,1.4094622160807473
11910.5,1.409462330024279
11911.5,1.4094624439432992
11912.5,1.4094625578378153
11913.5,1.4094626717078347
11914.5,1.4094627855533646
11915.5,1.4094628993744125
11916.5,1.4094630131709853
11917.5,1.4094631269430908
11918.5,1.4094632406907361
11919.5,1.4094633544139286
11920.5,1.4094634681126752
11921.5,1.4094635817869838
11922.5,1.4094636954368613
11923.5,1.4094638090623153
11924.5,1.4094639226633527
11925.5,1.4094640362399813
11926.5,1.4094641497922078
11927.5,1.4094642633200398
11928.5,1.4094643768234847
11929.5,1.4094644903025497
11930.5,1.4094646037572418
11931.5,1.4094647171875687
11932.5,1.4094648305935373
11933.5,1.4094649439751552
11934.5,1.4094650573324294
11935.5,1.4094651706653674
11936.5,1.409465283973976
11937.5,1.4094653972582631
11938.5,1.4094655105182357
11939.5,1.4094656237539007
11940.5,1.409465736965266
11941.5,1.409465850152338
11942.5,1.4094659633151247
11943.5,1.409466076453633
11944.5,1.4094661895678704
11945.5,1.4094663026578438
11946.5,1.4094664157235606
11947.5,1.409466528765028
11948.5,1.4094666417822532
11949.5,1.4094667547752437
11950.5,1.4094668677440063
11951.5,1.4094669806885483
11952.5,1.4094670936088771
11953.5,1.409467206505
11954.5,1.4094673193769238
11955.5,1.409467432224656
11956.5,1.409467545048204
11957.5,1.4094676578475744
11958.5,1.409467770622775
11959.5,1.4094678833738128
11960.5,1.4094679961006948
11961.5,1.4094681088034284
11962.5,1.4094682214820207
11963.5,1.4094683341364789
11964.5,1.4094684467668102
11965.5,1.4094685593730218
11966.5,1.409468671955121
11967.5,1.4094687845131146
11968.5,1.4094688970470102
11969.5,1.4094690095568148
11970.5,1.4094691220425353
11971.5,1.4094692345041793
11972.5,1.4094693469417536
11973.5,1.4094694593552657
11974.5,1.4094695717447225
11975.5,1.4094696841101313
11976.5,1.4094697964514993
11977.5,1.4094699087688334
11978.5,1.409470021062141
11979.5,1.4094701333314288
11980.5,1.4094702455767045
11981.5,1.409470357797975
11982.5,1.4094704699952474
11983.5,1.409470582168529
11984.5,1.4094706943178266
11985.5,1.4094708064431476
11986.5,1.4094709185444991
11987.5,1.409471030621888
11988.5,1.4094711426753217
11989.5,1.4094712547048072
11990.5,1.4094713667103516
11991.5,1.409471478691962
11992.5,1.4094715906496456
11993.5,1.4094717025834094
11994.5,1.4094718144932605
11995.5,1.4094719263792062
11996.5,1.4094720382412533
11997.5,1.409472150079409
11998.5,1.4094722618936804
11999.5,1.4094723736840746
12000.5,1.4094724854505989
12001.5,1.40947259719326
12002.5,1.409472708912065
12003.5,1.4094728206070215
12004.5,1.4094729322781359
12005.5,1.4094730439254157
12006.5,1.4094731555488678
12007.5,1.4094732671484993
12008.5,1.4094733787243174
12009.5,1.409473490276329
12010.5,1.409473601804541
12011.5,1.409473713308961
12012.5,1.4094738247895955
12013.5,1.4094739362464517
12014.5,1.4094740476795369
12015.5,1.4094741590888578
12016.5,1.4094742704744216
12017.5,1.4094743818362354
12018.5,1.4094744931743062
12019.5,1.409474604488641
12020.5,1.4094747157792467
12021.5,1.4094748270461306
12022.5,1.4094749382892997
12023.5,1.4094750495087607
12024.5,1.4094751607045208
12025.5,1.4094752718765873
12026.5,1.4094753830249669
12027.5,1.4094754941496666
12028.5,1.4094756052506936
12029.5,1.4094757163280547
12030.5,1.4094758273817571
12031.5,1.4094759384118076
12032.5,1.4094760494182135
12033.5,1.4094761604009816
12034.5,1.4094762713601188
12035.5,1.4094763822956322
12036.5,1.4094764932075288
12037.5,1.4094766040958158
12038.5,1.4094767149604996
12039.5,1.4094768258015877
12040.5,1.409476936619087
12041.5,1.4094770474130043
12042.5,1.4094771581833467
12043.5,1.4094772689301212
12044.5,1.4094773796533346
12045.5,1.409477490352994
12046.5,1.4094776010291064
12047.5,1.4094777116816788
12048.5,1.4094778223107178
12049.5,1.4094779329162308
12050.5,1.4094780434982246
12051.5,1.409478154056706
12052.5,1.4094782645916821
12053.5,1.4094783751031599
12054.5,1.409478485591146
12055.5,1.4094785960556477
12056.5,1.4094787064966718
12057.5,1.4094788169142254
12058.5,1.4094789273083153
12059.5,1.4094790376789483
12060.5,1.4094791480261315
12061.5,1.4094792583498719
12062.5,1.409479368650176
12063.5,1.4094794789270513
12064.5,1.4094795891805043
12065.5,1.409479699410542
12066.5,1.4094798096171715
12067.5,1.4094799198003993
12068.5,1.4094800299602328
12069.5,1.4094801400966785
12070.5,1.4094802502097437
12071.5,1.4094803602994348
12072.5,1.409480470365759
12073.5,1.4094805804087231
12074.5,1.4094806904283343
12075.5,1.4094808004245991
12076.5,1.4094809103975245
12077.5,1.4094810203471173
12078.5,1.4094811302733847
12079.5,1.4094812401763332
12080.5,1.4094813500559698
12081.5,1.4094814599123016
12082.5,1.4094815697453351
12083.5,1.4094816795550773
12084.5,1.409481789341535
12085.5,1.4094818991047153
12086.5,1.409482008844625
12087.5,1.4094821185612707
12088.5,1.4094822282546595
12089.5,1.4094823379247983
12090.5,1.4094824475716938
12091.5,1.4094825571953526
12092.5,1.409482666795782
12093.5,1.4094827763729887
12094.5,1.4094828859269795
12095.5,1.4094829954577612
12096.5,1.4094831049653407
12097.5,1.4094832144497247
12098.5,1.4094833239109201
12099.5,1.4094834333489337
12100.5,1.4094835427637724
12101.5,1.4094836521554432
12102.5,1.4094837615239524
12103.5,1.4094838708693074
12104.5,1.4094839801915144
12105.5,1.409484089490581
12106.5,1.4094841987665132
12107.5,1.4094843080193182
12108.5,1.4094844172490026
12109.5,1.4094845264555738
12110.5,1.4094846356390378
12111.5,1.4094847447994017
12112.5,1.4094848539366724
12113.5,1.4094849630508568
12114.5,1.4094850721419614
12115.5,1.409485181209993
12116.5,1.4094852902549586
12117.5,1.4094853992768648
12118.5,1.4094855082757185
12119.5,1.4094856172515264
12120.5,1.4094857262042952
12121.5,1.4094858351340318
12122.5,1.409485944040743
12123.5,1.4094860529244353
12124.5,1.4094861617851158
12125.5,1.4094862706227909
12126.5,1.4094863794374677
12127.5,1.4094864882291527
12128.5,1.409486596997853
12129.5,1.4094867057435747
12130.5,1.4094868144663253
12131.5,1.4094869231661111
12132.5,1.4094870318429389
12133.5,1.4094871404968154
12134.5,1.4094872491277475
12135.5,1.4094873577357419
12136.5,1.409487466320805
12137.5,1.409487574882944
12138.5,1.4094876834221655
12139.5,1.409487791938476
12140.5,1.4094879004318825
12141.5,1.4094880089023916
12142.5,1.40948811735001
12143.5,1.4094882257747443
12144.5,1.4094883341766014
12145.5,1.409488442555588
12146.5,1.4094885509117105
12147.5,1.409488659244976
12148.5,1.409488767555391
12149.5,1.4094888758429625
12150.5,1.4094889841076967
12151.5,1.4094890923496006
12152.5,1.4094892005686808
12153.5,1.4094893087649438
12154.5,1.4094894169383967
12155.5,1.409489525089046
12156.5,1.4094896332168985
12157.5,1.4094897413219605
12158.5,1.409489849404239
12159.5,1.4094899574637405
12160.5,1.4094900655004716
12161.5,1.4094901735144394
12162.5,1.4094902815056503
12163.5,1.4094903894741109
12164.5,1.4094904974198277
12165.5,1.4094906053428078
12166.5,1.4094907132430576
12167.5,1.4094908211205837
12168.5,1.409490928975393
12169.5,1.4094910368074918
12170.5,1.409491144616887
12171.5,1.409491252403585
12172.5,1.4094913601675927
12173.5,1.4094914679089168
12174.5,1.4094915756275634
12175.5,1.4094916833235398
12176.5,1.4094917909968523
12177.5,1.4094918986475076
12178.5,1.4094920062755123
12179.5,1.409492113880873
12180.5,1.4094922214635963
12181.5,1.4094923290236887
12182.5,1.4094924365611572
12183.5,1.409492544076008
12184.5,1.4094926515682482
12185.5,1.4094927590378838
12186.5,1.4094928664849218
12187.5,1.4094929739093687
12188.5,1.4094930813112312
12189.5,1.4094931886905158
12190.5,1.409493296047229
12191.5,1.4094934033813775
12192.5,1.409493510692968
12193.5,1.4094936179820068
12194.5,1.409493725248501
12195.5,1.4094938324924564
12196.5,1.4094939397138804
12197.5,1.409494046912779
12198.5,1.409494154089159
12199.5,1.409494261243027
12200.5,1.4094943683743897
12201.5,1.4094944754832532
12202.5,1.4094945825696246
12203.5,1.40949468963351
12204.5,1.4094947966749163
12205.5,1.40949490369385
12206.5,1.4094950106903175
12207.5,1.4094951176643256
12208.5,1.4094952246158805
12209.5,1.4094953315449892
12210.5,1.4094954384516578
12211.5,1.4094955453358933
12212.5,1.4094956521977018
12213.5,1.40949575903709
12214.5,1.4094958658540644
12215.5,1.4094959726486318
12216.5,1.4094960794207985
12217.5,1.409496186170571
12218.5,1.409496292897956
12219.5,1.4094963996029597
12220.5,1.409496506285589
12221.5,1.4094966129458502
12222.5,1.40949671958375
12223.5,1.4094968261992946
12224.5,1.4094969327924909
12225.5,1.409497039363345
12226.5,1.4094971459118637
12227.5,1.4094972524380536
12228.5,1.4094973589419209
12229.5,1.409497465423472
12230.5,1.4094975718827139
12231.5,1.4094976783196527
12232.5,1.409497784734295
12233.5,1.4094978911266476
12234.5,1.4094979974967163
12235.5,1.4094981038445082
12236.5,1.4094982101700295
12237.5,1.4094983164732868
12238.5,1.4094984227542864
12239.5,1.409498529013035
12240.5,1.409498635249539
12241.5,1.4094987414638047
12242.5,1.4094988476558388
12243.5,1.4094989538256477
12244.5,1.409499059973238
12245.5,1.4094991660986158
12246.5,1.4094992722017878
12247.5,1.4094993782827603
12248.5,1.40949948434154
12249.5,1.4094995903781333
12250.5,1.4094996963925466
12251.5,1.4094998023847862
12252.5,1.4094999083548587
12253.5,1.4095000143027705
12254.5,1.409500120228528
12255.5,1.4095002261321379
12256.5,1.4095003320136061
12257.5,1.4095004378729397
12258.5,1.4095005437101447
12259.5,1.4095006495252276
12260.5,1.4095007553181946
12261.5,1.4095008610890527
12262.5,1.4095009668378078
12263.5,1.4095010725644666
12264.5,1.4095011782690354
12265.5,1.4095012839515206
12266.5,1.4095013896119288
12267.5,1.409501495250266
12268.5,1.409501600866539
12269.5,1.4095017064607542
12270.5,1.4095018120329177
12271.5,1.4095019175830361
12272.5,1.4095020231111157
12273.5,1.4095021286171632
12274.5,1.4095022341011845
12275.5,1.4095023395631865
12276.5,1.409502445003175
12277.5,1.409502550421157
12278.5,1.4095026558171384
12279.5,1.409502761191126
12280.5,1.4095028665431257
12281.5,1.4095029718731444
12282.5,1.409503077181188
12283.5,1.4095031824672632
12284.5,1.4095032877313762
12285.5,1.4095033929735334
12286.5,1.4095034981937413
12287.5,1.409503603392006
12288.5,1.4095037085683342
12289.5,1.4095038137227318
12290.5,1.4095039188552057
12291.5,1.4095040239657617
12292.5,1.4095041290544064
12293.5,1.4095042341211463
12294.5,1.4095043391659876
12295.5,1.4095044441889366
12296.5,1.4095045491899998
12297.5,1.4095046541691831
12298.5,1.4095047591264935
12299.5,1.409504864061937
12300.5,1.4095049689755197
12301.5,1.4095050738672483
12302.5,1.4095051787371289
12303.5,1.409505283585168
12304.5,1.4095053884113717
12305.5,1.4095054932157467
12306.5,1.4095055979982989
12307.5,1.4095057027590348
12308.5,1.4095058074979607
12309.5,1.4095059122150828
12310.5,1.4095060169104077
12311.5,1.4095061215839413
12312.5,1.4095062262356903
12313.5,1.4095063308656608
12314.5,1.409506435473859
12315.5,1.4095065400602913
12316.5,1.4095066446249642
12317.5,1.4095067491678837
12318.5,1.409506853689056
12319.5,1.4095069581884878
12320.5,1.409507062666185
12321.5,1.4095071671221542
12322.5,1.4095072715564014
12323.5,1.4095073759689332
12324.5,1.4095074803597554
12325.5,1.4095075847288747
12326.5,1.4095076890762972
12327.5,1.409507793402029
12328.5,1.4095078977060769
12329.5,1.4095080019884465
12330.5,1.4095081062491446
12331.5,1.409508210488177
12332.5,1.4095083147055503
12333.5,1.4095084189012708
12334.5,1.4095085230753444
12335.5,1.4095086272277775
12336.5,1.4095087313585766
12337.5,1.4095088354677476
12338.5,1.4095089395552969
12339.5,1.4095090436212308
12340.5,1.4095091476655552
12341.5,1.4095092516882768
12342.5,1.4095093556894016
12343.5,1.4095094596689357
12344.5,1.4095095636268857
12345.5,1.4095096675632577
12346.5,1.4095097714780576
12347.5,1.4095098753712918
12348.5,1.4095099792429668
12349.5,1.4095100830930885
12350.5,1.4095101869216633
12351.5,1.4095102907286972
12352.5,1.4095103945141965
12353.5,1.4095104982781674
12354.5,1.4095106020206163
12355.5,1.4095107057415492
12356.5,1.4095108094409725
12357.5,1.409510913118892
12358.5,1.4095110167753144
12359.5,1.4095111204102455
12360.5,1.4095112240236916
12361.5,1.409511327615659
12362.5,1.4095114311861536
12363.5,1.409511534735182
12364.5,1.4095116382627502
12365.5,1.4095117417688643
12366.5,1.4095118452535305
12367.5,1.4095119487167551
12368.5,1.409512052158544
12369.5,1.4095121555789039
12370.5,1.4095122589778404
12371.5,1.4095123623553598
12372.5,1.4095124657114686
12373.5,1.4095125690461725
12374.5,1.409512672359478
12375.5,1.4095127756513912
12376.5,1.4095128789219182
12377.5,1.409512982171065
12378.5,1.409513085398838
12379.5,1.4095131886052432
12380.5,1.4095132917902868
12381.5,1.409513394953975
12382.5,1.409513498096314
12383.5,1.4095136012173095
12384.5,1.4095137043169683
12385.5,1.409513807395296
12386.5,1.409513910452299
12387.5,1.4095140134879833
12388.5,1.409514116502355
12389.5,1.4095142194954204
12390.5,1.4095143224671856
12391.5,1.4095144254176566
12392.5,1.4095145283468398
12393.5,1.4095146312547409
12394.5,1.409514734141366
12395.5,1.4095148370067216
12396.5,1.4095149398508138
12397.5,1.4095150426736485
12398.5,1.4095151454752317
12399.5,1.4095152482555697
12400.5,1.4095153510146685
12401.5,1.4095154537525345
12402.5,1.4095155564691733
12403.5,1.4095156591645914
12404.5,1.4095157618387946
12405.5,1.4095158644917891
12406.5,1.4095159671235813
12407.5,1.4095160697341769
12408.5,1.4095161723235818
12409.5,1.4095162748918026
12410.5,1.409516377438845
12411.5,1.4095164799647155
12412.5,1.4095165824694198
12413.5,1.409516684952964
12414.5,1.4095167874153542
12415.5,1.4095168898565966
12416.5,1.409516992276697
12417.5,1.4095170946756619
12418.5,1.409517197053497
12419.5,1.4095172994102083
12420.5,1.4095174017458023
12421.5,1.4095175040602845
12422.5,1.4095176063536614
12423.5,1.4095177086259387
12424.5,1.409517810877123
12425.5,1.4095179131072195
12426.5,1.409518015316235
12427.5,1.409518117504175
12428.5,1.409518219671046
12429.5,1.4095183218168539
12430.5,1.4095184239416045
12431.5,1.409518526045304
12432.5,1.4095186281279586
12433.5,1.409518730189574
12434.5,1.4095188322301564
12435.5,1.4095189342497116
12436.5,1.4095190362482461
12437.5,1.4095191382257655
12438.5,1.409519240182276
12439.5,1.4095193421177836
12440.5,1.4095194440322942
12441.5,1.409519545925814
12442.5,1.409519647798349
12443.5,1.409519749649905
12444.5,1.409519851480488
12445.5,1.4095199532901044
12446.5,1.4095200550787597
12447.5,1.4095201568464601
12448.5,1.4095202585932116
12449.5,1.4095203603190203
12450.5,1.4095204620238921
12451.5,1.409520563707833
12452.5,1.4095206653708487
12453.5,1.4095207670129457
12454.5,1.4095208686341296
12455.5,1.4095209702344067
12456.5,1.4095210718137827
12457.5,1.4095211733722637
12458.5,1.4095212749098556
12459.5,1.4095213764265644
12460.5,1.409521477922396
12461.5,1.4095215793973563
12462.5,1.4095216808514517
12463.5,1.409521782284688
12464.5,1.4095218836970707
12465.5,1.409521985088606
12466.5,1.4095220864593003
12467.5,1.409522187809159
12468.5,1.4095222891381882
12469.5,1.409522390446394
12470.5,1.4095224917337823
12471.5,1.409522593000359
12472.5,1.4095226942461299
12473.5,1.409522795471101
12474.5,1.4095228966752784
12475.5,1.409522997858668
12476.5,1.4095230990212757
12477.5,1.4095232001631073
12478.5,1.4095233012841688
12479.5,1.4095234023844663
12480.5,1.4095235034640057
12481.5,1.4095236045227926
12482.5,1.4095237055608332
12483.5,1.4095238065781333
12484.5,1.409523907574699
12485.5,1.409524008550536
12486.5,1.4095241095056503
12487.5,1.4095242104400478
12488.5,1.4095243113537343
12489.5,1.409524412246716
12490.5,1.4095245131189986
12491.5,1.4095246139705881
12492.5,1.4095247148014902
12493.5,1.409524815611711
12494.5,1.4095249164012562
12495.5,1.409525017170132
12496.5,1.409525117918344
12497.5,1.4095252186458982
12498.5,1.4095253193528003
12499.5,1.4095254200390566
12500.5,1.4095255207046726
12501.5,1.4095256213496543
12502.5,1.4095257219740078
12503.5,1.4095258225777385
12504.5,1.4095259231608528
12505.5,1.4095260237233562
12506.5,1.4095261242652548
12507.5,1.4095262247865543
12508.5,1.4095263252872605
12509.5,1.4095264257673794
12510.5,1.409526526226917
12511.5,1.409526626665879
12512.5,1.409526727084271
12513.5,1.4095268274820993
12514.5,1.4095269278593696
12515.5,1.4095270282160877
12516.5,1.4095271285522595
12517.5,1.4095272288678908
12518.5,1.4095273291629873
12519.5,1.409527429437555
12520.5,1.4095275296916
12521.5,1.4095276299251276
12522.5,1.4095277301381441
12523.5,1.409527830330655
12524.5,1.4095279305026664
12525.5,1.409528030654184
12526.5,1.4095281307852134
12527.5,1.4095282308957608
12528.5,1.409528330985832
12529.5,1.4095284310554326
12530.5,1.4095285311045684
12531.5,1.4095286311332453
12532.5,1.4095287311414693
12533.5,1.409528831129246
12534.5,1.4095289310965813
12535.5,1.409529031043481
12536.5,1.4095291309699507
12537.5,1.4095292308759964
12538.5,1.4095293307616241
12539.5,1.409529430626839
12540.5,1.4095295304716478
12541.5,1.4095296302960554
12542.5,1.409529730100068
12543.5,1.4095298298836914
12544.5,1.4095299296469312
12545.5,1.4095300293897937
12546.5,1.409530129112284
12547.5,1.4095302288144083
12548.5,1.4095303284961722
12549.5,1.4095304281575816
12550.5,1.4095305277986423
12551.5,1.40953062741936
12552.5,1.4095307270197404
12553.5,1.4095308265997892
12554.5,1.4095309261595126
12555.5,1.409531025698916
12556.5,1.4095311252180052
12557.5,1.409531224716786
12558.5,1.409531324195264
12559.5,1.4095314236534453
12560.5,1.4095315230913354
12561.5,1.4095316225089403
12562.5,1.4095317219062653
12563.5,1.4095318212833166
12564.5,1.4095319206400998
12565.5,1.4095320199766206
12566.5,1.4095321192928847
12567.5,1.4095322185888979
12568.5,1.409532317864666
12569.5,1.4095324171201946
12570.5,1.4095325163554895
12571.5,1.4095326155705565
12572.5,1.4095327147654013
12573.5,1.4095328139400296
12574.5,1.409532913094447
12575.5,1.4095330122286593
12576.5,1.4095331113426726
12577.5,1.409533210436492
12578.5,1.4095333095101237
12579.5,1.4095334085635731
12580.5,1.409533507596846
12581.5,1.4095336066099482
12582.5,1.4095337056028854
12583.5,1.4095338045756631
12584.5,1.4095339035282874
12585.5,1.4095340024607637
12586.5,1.4095341013730978
12587.5,1.409534200265295
12588.5,1.4095342991373618
12589.5,1.4095343979893034
12590.5,1.4095344968211254
12591.5,1.4095345956328338
12592.5,1.409534694424434
12593.5,1.4095347931959321
12594.5,1.4095348919473332
12595.5,1.4095349906786434
12596.5,1.4095350893898684
12597.5,1.4095351880810134
12598.5,1.4095352867520847
12599.5,1.4095353854030876
12600.5,1.409535484034028
12601.5,1.4095355826449112
12602.5,1.4095356812357434
12603.5,1.4095357798065298
12604.5,1.4095358783572762
12605.5,1.4095359768879885
12606.5,1.4095360753986719
12607.5,1.4095361738893324
12608.5,1.4095362723599756
12609.5,1.4095363708106072
12610.5,1.4095364692412327
12611.5,1.4095365676518579
12612.5,1.4095366660424884
12613.5,1.4095367644131296
12614.5,1.4095368627637876
12615.5,1.4095369610944677
12616.5,1.4095370594051757
12617.5,1.409537157695917
12618.5,1.4095372559666977
12619.5,1.409537354217523
12620.5,1.4095374524483986
12621.5,1.4095375506593304
12622.5,1.4095376488503237
12623.5,1.4095377470213843
12624.5,1.4095378451725178
12625.5,1.4095379433037298
12626.5,1.409538041415026
12627.5,1.409538139506412
12628.5,1.409538237577893
12629.5,1.4095383356294753
12630.5,1.4095384336611643
12631.5,1.4095385316729652
12632.5,1.409538629664884
12633.5,1.4095387276369262
12634.5,1.4095388255890973
12635.5,1.409538923521403
12636.5,1.4095390214338492
12637.5,1.409539119326441
12638.5,1.4095392171991843
12639.5,1.4095393150520845
12640.5,1.4095394128851473
12641.5,1.4095395106983784
12642.5,1.409539608491783
12643.5,1.409539706265367
12644.5,1.409539804019136
12645.5,1.4095399017530956
12646.5,1.409539999467251
12647.5,1.4095400971616083
12648.5,1.4095401948361728
12649.5,1.4095402924909501
12650.5,1.4095403901259458
12651.5,1.4095404877411655
12652.5,1.4095405853366145
12653.5,1.4095406829122987
12654.5,1.4095407804682236
12655.5,1.4095408780043948
12656.5,1.4095409755208175
12657.5,1.4095410730174978
12658.5,1.4095411704944407
12659.5,1.4095412679516521
12660.5,1.4095413653891375
12661.5,1.4095414628069025
12662.5,1.4095415602049524
12663.5,1.409541657583293
12664.5,1.4095417549419298
12665.5,1.4095418522808683
12666.5,1.409541949600114
12667.5,1.4095420468996724
12668.5,1.4095421441795493
12669.5,1.4095422414397498
12670.5,1.40954233868028
12671.5,1.4095424359011448
12672.5,1.4095425331023501
12673.5,1.4095426302839014
12674.5,1.4095427274458041
12675.5,1.409542824588064
12676.5,1.409542921710686
12677.5,1.4095430188136764
12678.5,1.4095431158970402
12679.5,1.409543212960783
12680.5,1.4095433100049106
12681.5,1.4095434070294282
12682.5,1.4095435040343411
12683.5,1.4095436010196554
12684.5,1.4095436979853762
12685.5,1.409543794931509
12686.5,1.4095438918580594
12687.5,1.409543988765033
12688.5,1.4095440856524353
12689.5,1.4095441825202715
12690.5,1.409544279368547
12691.5,1.4095443761972681
12692.5,1.4095444730064395
12693.5,1.409544569796067
12694.5,1.4095446665661557
12695.5,1.4095447633167117
12696.5,1.40954486004774
12697.5,1.4095449567592464
12698.5,1.4095450534512362
12699.5,1.4095451501237148
12700.5,1.4095452467766878
12701.5,1.4095453434101606
12702.5,1.4095454400241387
12703.5,1.4095455366186278
12704.5,1.409545633193633
12705.5,1.4095457297491598
12706.5,1.4095458262852139
12707.5,1.4095459228018004
12708.5,1.409546019298925
12709.5,1.4095461157765934
12710.5,1.4095462122348106
12711.5,1.4095463086735822
12712.5,1.4095464050929136
12713.5,1.4095465014928104
12714.5,1.409546597873278
12715.5,1.4095466942343218
12716.5,1.4095467905759471
12717.5,1.4095468868981595
12718.5,1.4095469832009646
12719.5,1.4095470794843676
12720.5,1.409547175748374
12721.5,1.409547271992989
12722.5,1.4095473682182185
12723.5,1.4095474644240675
12724.5,1.4095475606105416
12725.5,1.4095476567776462
12726.5,1.4095477529253868
12727.5,1.4095478490537687
12728.5,1.4095479451627975
12729.5,1.4095480412524783
12730.5,1.409548137322817
12731.5,1.4095482333738183
12732.5,1.4095483294054882
12733.5,1.409548425417832
12734.5,1.409548521410855
12735.5,1.4095486173845626
12736.5,1.4095487133389604
12737.5,1.4095488092740533
12738.5,1.4095489051898473
12739.5,1.4095490010863474
12740.5,1.4095490969635591
12741.5,1.4095491928214878
12742.5,1.409549288660139
12743.5,1.409549384479518
12744.5,1.40954948027963
12745.5,1.4095495760604808
12746.5,1.4095496718220752
12747.5,1.4095497675644193
12748.5,1.4095498632875179
12749.5,1.4095499589913765
12750.5,1.4095500546760007
12751.5,1.4095501503413956
12752.5,1.4095502459875668
12753.5,1.4095503416145194
12754.5,1.4095504372222591
12755.5,1.409550532810791
12756.5,1.4095506283801205
12757.5,1.4095507239302532
12758.5,1.409550819461194
12759.5,1.4095509149729488
12760.5,1.4095510104655224
12761.5,1.4095511059389207
12762.5,1.4095512013931486
12763.5,1.4095512968282118
12764.5,1.4095513922441152
12765.5,1.4095514876408648
12766.5,1.4095515830184653
12767.5,1.4095516783769224
12768.5,1.4095517737162413
12769.5,1.4095518690364275
12770.5,1.409551964337486
12771.5,1.4095520596194226
12772.5,1.4095521548822423
12773.5,1.4095522501259505
12774.5,1.4095523453505527
12775.5,1.409552440556054
12776.5,1.4095525357424596
12777.5,1.4095526309097752
12778.5,1.409552726058006
12779.5,1.4095528211871573
12780.5,1.4095529162972342
12781.5,1.4095530113882422
12782.5,1.4095531064601867
12783.5,1.409553201513073
12784.5,1.4095532965469062
12785.5,1.4095533915616918
12786.5,1.4095534865574348
12787.5,1.4095535815341411
12788.5,1.4095536764918155
12789.5,1.4095537714304633
12790.5,1.4095538663500902
12791.5,1.409553961250701
12792.5,1.4095540561323014
12793.5,1.4095541509948966
12794.5,1.4095542458384915
12795.5,1.409554340663092
12796.5,1.4095544354687028
12797.5,1.4095545302553298
12798.5,1.4095546250229778
12799.5,1.4095547197716523
12800.5,1.4095548145013586
12801.5,1.4095549092121016
12802.5,1.409555003903887
12803.5,1.40955509857672
12804.5,1.4095551932306059
12805.5,1.4095552878655497
12806.5,1.409555382481557
12807.5,1.409555477078633
12808.5,1.4095555716567827
12809.5,1.4095556662160116
12810.5,1.409555760756325
12811.5,1.4095558552777279
12812.5,1.4095559497802257
12813.5,1.4095560442638237
12814.5,1.4095561387285271
12815.5,1.4095562331743414
12816.5,1.4095563276012715
12817.5,1.4095564220093229
12818.5,1.4095565163985004
12819.5,1.4095566107688098
12820.5,1.409556705120256
12821.5,1.4095567994528444
12822.5,1.4095568937665803
12823.5,1.4095569880614687
12824.5,1.409557082337515
12825.5,1.4095571765947243
12826.5,1.409557270833102
12827.5,1.4095573650526532
12828.5,1.4095574592533833
12829.5,1.409557553435297
12830.5,1.4095576475984004
12831.5,1.409557741742698
12832.5,1.4095578358681953
12833.5,1.4095579299748975
12834.5,1.4095580240628098
12835.5,1.4095581181319372
12836.5,1.4095582121822854
12837.5,1.4095583062138592
12838.5,1.409558400226664
12839.5,1.409558494220705
12840.5,1.4095585881959871
12841.5,1.409558682152516
12842.5,1.4095587760902966
12843.5,1.409558870009334
12844.5,1.4095589639096335
12845.5,1.4095590577912005
12846.5,1.4095591516540402
12847.5,1.4095592454981574
12848.5,1.4095593393235575
12849.5,1.409559433130246
12850.5,1.4095595269182273
12851.5,1.4095596206875074
12852.5,1.4095597144380911
12853.5,1.4095598081699836
12854.5,1.4095599018831901
12855.5,1.4095599955777158
12856.5,1.409560089253566
12857.5,1.4095601829107456
12858.5,1.40956027654926
12859.5,1.4095603701691142
12860.5,1.4095604637703134
12861.5,1.409560557352863
12862.5,1.409560650916768
12863.5,1.4095607444620333
12864.5,1.4095608379886644
12865.5,1.4095609314966664
12866.5,1.4095610249860444
12867.5,1.4095611184568035
12868.5,1.4095612119089491
12869.5,1.409561305342486
12870.5,1.4095613987574196
12871.5,1.409561492153755
12872.5,1.4095615855314974
12873.5,1.4095616788906515
12874.5,1.4095617722312233
12875.5,1.409561865553217
12876.5,1.4095619588566384
12877.5,1.4095620521414924
12878.5,1.4095621454077842
12879.5,1.4095622386555189
12880.5,1.4095623318847015
12881.5,1.4095624250953374
12882.5,1.4095625182874314
12883.5,1.4095626114609887
12884.5,1.4095627046160148
12885.5,1.4095627977525145
12886.5,1.409562890870493
12887.5,1.4095629839699553
12888.5,1.4095630770509064
12889.5,1.409563170113352
12890.5,1.4095632631572965
12891.5,1.4095633561827456
12892.5,1.409563449189704
12893.5,1.409563542178177
12894.5,1.4095636351481697
12895.5,1.409563728099687
12896.5,1.4095638210327344
12897.5,1.4095639139473166
12898.5,1.409564006843439
12899.5,1.4095640997211065
12900.5,1.4095641925803244
12901.5,1.4095642854210975
12902.5,1.409564378243431
12903.5,1.40956447104733
12904.5,1.4095645638327998
12905.5,1.4095646565998452
12906.5,1.4095647493484715
12907.5,1.4095648420786835
12908.5,1.4095649347904866
12909.5,1.4095650274838858
12910.5,1.409565120158886
12911.5,1.4095652128154923
12912.5,1.40956530545371
12913.5,1.4095653980735439
12914.5,1.4095654906749993
12915.5,1.4095655832580811
12916.5,1.4095656758227946
12917.5,1.4095657683691445
12918.5,1.4095658608971362
12919.5,1.4095659534067746
12920.5,1.4095660458980648
12921.5,1.4095661383710116
12922.5,1.4095662308256207
12923.5,1.4095663232618965
12924.5,1.4095664156798442
12925.5,1.4095665080794693
12926.5,1.409566600460776
12927.5,1.4095666928237702
12928.5,1.4095667851684566
12929.5,1.4095668774948402
12930.5,1.409566969802926
12931.5,1.4095670620927192
12932.5,1.4095671543642248
12933.5,1.4095672466174476
12934.5,1.409567338852393
12935.5,1.4095674310690658
12936.5,1.409567523267471
12937.5,1.4095676154476138
12938.5,1.4095677076094992
12939.5,1.409567799753132
12940.5,1.4095678918785175
12941.5,1.4095679839856605
12942.5,1.4095680760745664
12943.5,1.4095681681452397
12944.5,1.4095682601976858
12945.5,1.4095683522319093
12946.5,1.409568444247916
12947.5,1.40956853624571
12948.5,1.4095686282252968
12949.5,1.4095687201866813
12950.5,1.4095688121298686
12951.5,1.4095689040548638
12952.5,1.4095689959616715
12953.5,1.4095690878502969
12954.5,1.4095691797207452
12955.5,1.4095692715730213
12956.5,1.4095693634071298
12957.5,1.4095694552230762
12958.5,1.4095695470208653
12959.5,1.4095696388005023
12960.5,1.4095697305619919
12961.5,1.409569822305339
12962.5,1.4095699140305489
12963.5,1.4095700057376264
12964.5,1.4095700974265764
12965.5,1.4095701890974042
12966.5,1.4095702807501145
12967.5,1.4095703723847124
12968.5,1.4095704640012028
12969.5,1.4095705555995908
12970.5,1.409570647179881
12971.5,1.4095707387420788
12972.5,1.4095708302861891
12973.5,1.4095709218122168
12974.5,1.4095710133201667
12975.5,1.409571104810044
12976.5,1.4095711962818536
12977.5,1.4095712877356004
12978.5,1.4095713791712894
12979.5,1.4095714705889253
12980.5,1.4095715619885136
12981.5,1.4095716533700589
12982.5,1.409571744733566
12983.5,1.4095718360790401
12984.5,1.4095719274064862
12985.5,1.4095720187159089
12986.5,1.4095721100073135
12987.5,1.4095722012807048
12988.5,1.4095722925360878
12989.5,1.4095723837734675
12990.5,1.4095724749928487
12991.5,1.4095725661942362
12992.5,1.409572657377635
12993.5,1.4095727485430505
12994.5,1.409572839690487
12995.5,1.4095729308199496
12996.5,1.4095730219314435
12997.5,1.4095731130249733
12998.5,1.409573204100544
12999.5,1.4095732951581608
13000.5,1.4095733861978281
13001.5,1.4095734772195514
13002.5,1.4095735682233352
13003.5,1.4095736592091845
13004.5,1.4095737501771042
13005.5,1.4095738411270995
13006.5,1.409573932059175
13007.5,1.4095740229733353
13008.5,1.409574113869586
13009.5,1.4095742047479316
13010.5,1.4095742956083772
13011.5,1.4095743864509274
13012.5,1.4095744772755874
13013.5,1.409574568082362
13014.5,1.4095746588712559
13015.5,1.4095747496422744
13016.5,1.409574840395422
13017.5,1.4095749311307038
13018.5,1.4095750218481247
13019.5,1.4095751125476894
13020.5,1.4095752032294029
13021.5,1.40957529389327
13022.5,1.4095753845392958
13023.5,1.4095754751674852
13024.5,1.4095755657778426
13025.5,1.4095756563703734
13026.5,1.4095757469450823
13027.5,1.409575837501974
13028.5,1.4095759280410536
13029.5,1.4095760185623258
13030.5,1.4095761090657957
13031.5,1.4095761995514677
13032.5,1.4095762900193474
13033.5,1.409576380469439
13034.5,1.4095764709017475
13035.5,1.409576561316278
13036.5,1.4095766517130355
13037.5,1.4095767420920242
13038.5,1.4095768324532494
13039.5,1.4095769227967159
13040.5,1.4095770131224286
13041.5,1.409577103430392
13042.5,1.4095771937206116
13043.5,1.4095772839930918
13044.5,1.4095773742478375
13045.5,1.4095774644848533
13046.5,1.4095775547041445
13047.5,1.4095776449057158
13048.5,1.4095777350895717
13049.5,1.4095778252557176
13050.5,1.4095779154041579
13051.5,1.4095780055348976
13052.5,1.4095780956479416
13053.5,1.4095781857432945
13054.5,1.4095782758209612
13055.5,1.4095783658809466
13056.5,1.4095784559232556
13057.5,1.409578545947893
13058.5,1.4095786359548634
13059.5,1.4095787259441719
13060.5,1.409578815915823
13061.5,1.4095789058698218
13062.5,1.4095789958061729
13063.5,1.4095790857248813
13064.5,1.4095791756259517
13065.5,1.4095792655093888
13066.5,1.4095793553751979
13067.5,1.4095794452233832
13068.5,1.4095795350539497
13069.5,1.4095796248669024
13070.5,1.409579714662246
13071.5,1.409579804439985
13072.5,1.4095798942001245
13073.5,1.4095799839426695
13074.5,1.4095800736676243
13075.5,1.409580163374994
13076.5,1.4095802530647832
13077.5,1.4095803427369968
13078.5,1.4095804323916399
13079.5,1.4095805220287168
13080.5,1.4095806116482323
13081.5,1.4095807012501915
13082.5,1.409580790834599
13083.5,1.4095808804014593
13084.5,1.4095809699507778
13085.5,1.4095810594825589
13086.5,1.4095811489968073
13087.5,1.409581238493528
13088.5,1.4095813279727256
13089.5,1.409581417434405
13090.5,1.4095815068785709
13091.5,1.409581596305228
13092.5,1.4095816857143812
13093.5,1.409581775106035
13094.5,1.4095818644801945
13095.5,1.4095819538368644
13096.5,1.409582043176049
13097.5,1.4095821324977538
13098.5,1.409582221801983
13099.5,1.4095823110887413
13100.5,1.409582400358034
13101.5,1.4095824896098652
13102.5,1.4095825788442402
13103.5,1.4095826680611634
13104.5,1.4095827572606396
13105.5,1.4095828464426738
13106.5,1.4095829356072704
13107.5,1.4095830247544343
13108.5,1.4095831138841701
13109.5,1.4095832029964828
13110.5,1.409583292091377
13111.5,1.4095833811688572
13112.5,1.4095834702289283
13113.5,1.4095835592715953
13114.5,1.4095836482968624
13115.5,1.4095837373047349
13116.5,1.409583826295217
13117.5,1.4095839152683138
13118.5,1.4095840042240297
13119.5,1.4095840931623698
13120.5,1.4095841820833386
13121.5,1.4095842709869408
13122.5,1.409584359873181
13123.5,1.4095844487420643
13124.5,1.409584537593595
13125.5,1.409584626427778
13126.5,1.409584715244618
13127.5,1.4095848040441197
13128.5,1.4095848928262877
13129.5,1.4095849815911268
13130.5,1.4095850703386417
13131.5,1.4095851590688373
13132.5,1.409585247781718
13133.5,1.4095853364772883
13134.5,1.4095854251555533
13135.5,1.4095855138165176
13136.5,1.409585602460186
13137.5,1.409585691086563
13138.5,1.4095857796956532
13139.5,1.4095858682874616
13140.5,1.4095859568619926
13141.5,1.4095860454192508
13142.5,1.4095861339592413
13143.5,1.4095862224819686
13144.5,1.4095863109874371
13145.5,1.409586399475652
13146.5,1.4095864879466173
13147.5,1.4095865764003384
13148.5,1.4095866648368194
13149.5,1.4095867532560653
13150.5,1.4095868416580806
13151.5,1.40958693004287
13152.5,1.4095870184104384
13153.5,1.4095871067607901
13154.5,1.4095871950939298
13155.5,1.4095872834098624
13156.5,1.4095873717085925
13157.5,1.4095874599901246
13158.5,1.4095875482544633
13159.5,1.4095876365016136
13160.5,1.4095877247315798
13161.5,1.4095878129443669
13162.5,1.409587901139979
13163.5,1.4095879893184213
13164.5,1.4095880774796983
13165.5,1.4095881656238145
13166.5,1.4095882537507747
13167.5,1.4095883418605835
13168.5,1.4095884299532453
13169.5,1.409588518028765
13170.5,1.4095886060871474
13171.5,1.4095886941283966
13172.5,1.4095887821525177
13173.5,1.4095888701595152
13174.5,1.4095889581493937
13175.5,1.4095890461221579
13176.5,1.4095891340778122
13177.5,1.4095892220163613
13178.5,1.40958930993781
13179.5,1.409589397842163
13180.5,1.4095894857294247
13181.5,1.4095895735995996
13182.5,1.4095896614526924
13183.5,1.409589749288708
13184.5,1.4095898371076507
13185.5,1.4095899249095254
13186.5,1.4095900126943364
13187.5,1.4095901004620883
13188.5,1.409590188212786
13189.5,1.409590275946434
13190.5,1.4095903636630367
13191.5,1.409590451362599
13192.5,1.4095905390451253
13193.5,1.4095906267106202
13194.5,1.4095907143590884
13195.5,1.4095908019905345
13196.5,1.409590889604963
13197.5,1.4095909772023785
13198.5,1.4095910647827856
13199.5,1.409591152346189
13200.5,1.4095912398925932
13201.5,1.4095913274220027
13202.5,1.4095914149344222
13203.5,1.4095915024298562
13204.5,1.4095915899083096
13205.5,1.4095916773697865
13206.5,1.4095917648142917
13207.5,1.4095918522418298
13208.5,1.4095919396524053
13209.5,1.409592027046023
13210.5,1.409592114422687
13211.5,1.4095922017824025
13212.5,1.4095922891251735
13213.5,1.4095923764510048
13214.5,1.409592463759901
13215.5,1.4095925510518668
13216.5,1.4095926383269064
13217.5,1.4095927255850247
13218.5,1.409592812826226
13219.5,1.409592900050515
13220.5,1.4095929872578963
13221.5,1.4095930744483742
13222.5,1.4095931616219535
13223.5,1.4095932487786387
13224.5,1.4095933359184345
13225.5,1.4095934230413452
13226.5,1.4095935101473753
13227.5,1.4095935972365294
13228.5,1.4095936843088124
13229.5,1.4095937713642284
13230.5,1.409593858402782
13231.5,1.4095939454244781
13232.5,1.4095940324293208
13233.5,1.409594119417315
13234.5,1.4095942063884648
13235.5,1.4095942933427752
13236.5,1.4095943802802504
13237.5,1.409594467200895
13238.5,1.4095945541047137
13239.5,1.4095946409917108
13240.5,1.409594727861891
13241.5,1.4095948147152586
13242.5,1.4095949015518185
13243.5,1.4095949883715748
13244.5,1.4095950751745323
13245.5,1.4095951619606955
13246.5,1.4095952487300687
13247.5,1.4095953354826565
13248.5,1.4095954222184635
13249.5,1.4095955089374943
13250.5,1.4095955956397532
13251.5,1.4095956823252447
13252.5,1.4095957689939735
13253.5,1.409595855645944
13254.5,1.4095959422811608
13255.5,1.4095960288996283
13256.5,1.4095961155013508
13257.5,1.4095962020863333
13258.5,1.4095962886545796
13259.5,1.409596375206095
13260.5,1.4095964617408834
13261.5,1.4095965482589496
13262.5,1.409596634760298
13263.5,1.409596721244933
13264.5,1.409596807712859
13265.5,1.4095968941640808
13266.5,1.4095969805986026
13267.5,1.409597067016429
13268.5,1.4095971534175649
13269.5,1.409597239802014
13270.5,1.4095973261697812
13271.5,1.4095974125208708
13272.5,1.4095974988552877
13273.5,1.4095975851730358
13274.5,1.40959767147412
13275.5,1.4095977577585446
13276.5,1.4095978440263142
13277.5,1.4095979302774329
13278.5,1.4095980165119055
13279.5,1.4095981027297364
13280.5,1.4095981889309301
13281.5,1.409598275115491
13282.5,1.4095983612834235
13283.5,1.4095984474347323
13284.5,1.4095985335694217
13285.5,1.409598619687496
13286.5,1.4095987057889596
13287.5,1.4095987918738175
13288.5,1.4095988779420736
13289.5,1.4095989639937325
13290.5,1.409599050028799
13291.5,1.409599136047277
13292.5,1.409599222049171
13293.5,1.409599308034486
13294.5,1.409599394003226
13295.5,1.4095994799553955
13296.5,1.4095995658909988
13297.5,1.4095996518100407
13298.5,1.4095997377125251
13299.5,1.409599823598457
13300.5,1.4095999094678406
13301.5,1.4095999953206804
13302.5,1.4096000811569804
13303.5,1.4096001669767457
13304.5,1.4096002527799802
13305.5,1.4096003385666889
13306.5,1.4096004243368754
13307.5,1.4096005100905449
13308.5,1.4096005958277014
13309.5,1.4096006815483493
13310.5,1.4096007672524933
13311.5,1.4096008529401374
13312.5,1.4096009386112864
13313.5,1.4096010242659447
13314.5,1.4096011099041164
13315.5,1.409601195525806
13316.5,1.4096012811310183
13317.5,1.4096013667197573
13318.5,1.4096014522920275
13319.5,1.4096015378478335
13320.5,1.4096016233871793
13321.5,1.4096017089100696
13322.5,1.4096017944165087
13323.5,1.4096018799065009
13324.5,1.409601965380051
13325.5,1.409602050837163
13326.5,1.4096021362778413
13327.5,1.4096022217020903
13328.5,1.4096023071099146
13329.5,1.4096023925013186
13330.5,1.4096024778763065
13331.5,1.4096025632348828
13332.5,1.4096026485770516
13333.5,1.4096027339028177
13334.5,1.4096028192121852
13335.5,1.4096029045051588
13336.5,1.4096029897817424
13337.5,1.4096030750419408
13338.5,1.4096031602857582
13339.5,1.4096032455131988
13340.5,1.4096033307242675
13341.5,1.4096034159189679
13342.5,1.4096035010973051
13343.5,1.409603586259283
13344.5,1.4096036714049063
13345.5,1.409603756534179
13346.5,1.4096038416471057
13347.5,1.4096039267436908
13348.5,1.4096040118239386
13349.5,1.4096040968878532
13350.5,1.4096041819354395
13351.5,1.4096042669667013
13352.5,1.4096043519816432
13353.5,1.4096044369802698
13354.5,1.409604521962585
13355.5,1.4096046069285935
13356.5,1.4096046918782994
13357.5,1.4096047768117073
13358.5,1.4096048617288213
13359.5,1.4096049466296459
13360.5,1.4096050315141853
13361.5,1.409605116382444
13362.5,1.409605201234426
13363.5,1.4096052860701362
13364.5,1.4096053708895786
13365.5,1.4096054556927575
13366.5,1.4096055404796775
13367.5,1.4096056252503424
13368.5,1.4096057100047572
13369.5,1.4096057947429257
13370.5,1.4096058794648525
13371.5,1.4096059641705418
13372.5,1.409606048859998
13373.5,1.4096061335332255
13374.5,1.4096062181902285
13375.5,1.4096063028310113
13376.5,1.4096063874555782
13377.5,1.4096064720639336
13378.5,1.409606556656082
13379.5,1.4096066412320274
13380.5,1.4096067257917742
13381.5,1.4096068103353265
13382.5,1.4096068948626892
13383.5,1.4096069793738661
13384.5,1.4096070638688618
13385.5,1.4096071483476802
13386.5,1.4096072328103262
13387.5,1.4096073172568035
13388.5,1.4096074016871167
13389.5,1.4096074861012702
13390.5,1.409607570499268
13391.5,1.409607654881115
13392.5,1.4096077392468147
13393.5,1.4096078235963718
13394.5,1.4096079079297905
13395.5,1.4096079922470752
13396.5,1.4096080765482302
13397.5,1.4096081608332598
13398.5,1.409608245102168
13399.5,1.4096083293549595
13400.5,1.4096084135916382
13401.5,1.4096084978122085
13402.5,1.409608582016675
13403.5,1.4096086662050415
13404.5,1.4096087503773127
13405.5,1.4096088345334925
13406.5,1.4096089186735854
13407.5,1.4096090027975956
13408.5,1.4096090869055273
13409.5,1.409609170997385
13410.5,1.409609255073173
13411.5,1.4096093391328952
13412.5,1.409609423176556
13413.5,1.40960950720416
13414.5,1.409609591215711
13415.5,1.4096096752112133
13416.5,1.4096097591906716
13417.5,1.4096098431540898
13418.5,1.4096099271014721
13419.5,1.409610011032823
13420.5,1.4096100949481467
13421.5,1.4096101788474473
13422.5,1.4096102627307292
13423.5,1.4096103465979966
13424.5,1.4096104304492536
13425.5,1.4096105142845048
13426.5,1.409610598103754
13427.5,1.409610681907006
13428.5,1.4096107656942647
13429.5,1.4096108494655342
13430.5,1.409610933220819
13431.5,1.4096110169601233
13432.5,1.409611100683451
13433.5,1.409611184390807
13434.5,1.409611268082195
13435.5,1.4096113517576194
13436.5,1.4096114354170843
13437.5,1.4096115190605942
13438.5,1.4096116026881533
13439.5,1.4096116862997656
13440.5,1.4096117698954354
13441.5,1.409611853475167
13442.5,1.4096119370389644
13443.5,1.409612020586832
13444.5,1.4096121041187744
13445.5,1.4096121876347951
13446.5,1.4096122711348988
13447.5,1.4096123546190897
13448.5,1.4096124380873718
13449.5,1.4096125215397493
13450.5,1.4096126049762265
13451.5,1.4096126883968076
13452.5,1.409612771801497
13453.5,1.4096128551902987
13454.5,1.409612938563217
13455.5,1.4096130219202558
13456.5,1.4096131052614198
13457.5,1.409613188586713
13458.5,1.4096132718961394
13459.5,1.4096133551897034
13460.5,1.409613438467409
13461.5,1.409613521729261
13462.5,1.4096136049752628
13463.5,1.4096136882054189
13464.5,1.4096137714197337
13465.5,1.409613854618211
13466.5,1.4096139378008554
13467.5,1.4096140209676706
13468.5,1.4096141041186614
13469.5,1.4096141872538317
13470.5,1.4096142703731853
13471.5,1.4096143534767271
13472.5,1.4096144365644607
13473.5,1.4096145196363905
13474.5,1.4096146026925207
13475.5,1.4096146857328555
13476.5,1.409614768757399
13477.5,1.4096148517661553
13478.5,1.4096149347591287
13479.5,1.4096150177363234
13480.5,1.4096151006977435
13481.5,1.409615183643393
13482.5,1.4096152665732764
13483.5,1.4096153494873978
13484.5,1.409615432385761
13485.5,1.4096155152683705
13486.5,1.4096155981352305
13487.5,1.409615680986345
13488.5,1.4096157638217182
13489.5,1.409615846641354
13490.5,1.409615929445257
13491.5,1.4096160122334314
13492.5,1.409616095005881
13493.5,1.40961617776261
13494.5,1.4096162605036224
13495.5,1.4096163432289228
13496.5,1.409616425938515
13497.5,1.4096165086324035
13498.5,1.409616591310592
13499.5,1.4096166739730849
13500.5,1.4096167566198863
13501.5,1.4096168392510002
13502.5,1.409616921866431
13503.5,1.4096170044661827
13504.5,1.4096170870502593
13505.5,1.4096171696186652
13506.5,1.4096172521714043
13507.5,1.409617334708481
13508.5,1.4096174172298992
13509.5,1.409617499735663
13510.5,1.4096175822257766
13511.5,1.4096176647002443
13512.5,1.4096177471590698
13513.5,1.4096178296022577
13514.5,1.409617912029812
13515.5,1.4096179944417366
13516.5,1.4096180768380357
13517.5,1.4096181592187136
13518.5,1.4096182415837741
13519.5,1.4096183239332216
13520.5,1.40961840626706
13521.5,1.4096184885852936
13522.5,1.4096185708879265
13523.5,1.4096186531749626
13524.5,1.4096187354464063
13525.5,1.4096188177022615
13526.5,1.4096188999425323
13527.5,1.409618982167223
13528.5,1.4096190643763375
13529.5,1.40961914656988
13530.5,1.4096192287478544
13531.5,1.409619310910265
13532.5,1.409619393057116
13533.5,1.4096194751884112
13534.5,1.409619557304155
13535.5,1.4096196394043512
13536.5,1.409619721489004
13537.5,1.4096198035581176
13538.5,1.409619885611696
13539.5,1.4096199676497434
13540.5,1.4096200496722635
13541.5,1.409620131679261
13542.5,1.4096202136707394
13543.5,1.409620295646703
13544.5,1.409620377607156
13545.5,1.4096204595521025
13546.5,1.4096205414815464
13547.5,1.4096206233954918
13548.5,1.4096207052939427
13549.5,1.4096207871769035
13550.5,1.4096208690443779
13551.5,1.4096209508963702
13552.5,1.4096210327328844
13553.5,1.4096211145539244
13554.5,1.4096211963594947
13555.5,1.409621278149599
13556.5,1.4096213599242413
13557.5,1.4096214416834258
13558.5,1.4096215234271567
13559.5,1.409621605155438
13560.5,1.4096216868682738
13561.5,1.4096217685656678
13562.5,1.4096218502476245
13563.5,1.4096219319141476
13564.5,1.4096220135652413
13565.5,1.4096220952009098
13566.5,1.409622176821157
13567.5,1.409622258425987
13568.5,1.4096223400154038
13569.5,1.4096224215894113
13570.5,1.4096225031480139
13571.5,1.4096225846912154
13572.5,1.4096226662190197
13573.5,1.4096227477314311
13574.5,1.4096228292284536
13575.5,1.4096229107100913
13576.5,1.4096229921763481
13577.5,1.4096230736272282
13578.5,1.4096231550627352
13579.5,1.4096232364828736
13580.5,1.4096233178876474
13581.5,1.4096233992770604
13582.5,1.4096234806511165
13583.5,1.4096235620098203
13584.5,1.4096236433531752
13585.5,1.4096237246811856
13586.5,1.4096238059938555
13587.5,1.4096238872911888
13588.5,1.4096239685731897
13589.5,1.4096240498398618
13590.5,1.4096241310912097
13591.5,1.409624212327237
13592.5,1.4096242935479477
13593.5,1.4096243747533461
13594.5,1.409624455943436
13595.5,1.4096245371182217
13596.5,1.4096246182777066
13597.5,1.4096246994218953
13598.5,1.4096247805507915
13599.5,1.4096248616643994
13600.5,1.409624942762723
13601.5,1.409625023845766
13602.5,1.4096251049135327
13603.5,1.409625185966027
13604.5,1.4096252670032527
13605.5,1.4096253480252143
13606.5,1.4096254290319155
13607.5,1.4096255100233601
13608.5,1.4096255909995523
13609.5,1.409625671960496
13610.5,1.4096257529061955
13611.5,1.4096258338366545
13612.5,1.409625914751877
13613.5,1.409625995651867
13614.5,1.4096260765366286
13615.5,1.4096261574061655
13616.5,1.409626238260482
13617.5,1.4096263190995821
13618.5,1.4096263999234695
13619.5,1.4096264807321484
13620.5,1.4096265615256225
13621.5,1.4096266423038961
13622.5,1.4096267230669732
13623.5,1.4096268038148574
13624.5,1.409626884547553
13625.5,1.409626965265064
13626.5,1.4096270459673939
13627.5,1.4096271266545473
13628.5,1.4096272073265277
13629.5,1.4096272879833391
13630.5,1.4096273686249858
13631.5,1.4096274492514715
13632.5,1.4096275298628003
13633.5,1.409627610458976
13634.5,1.4096276910400027
13635.5,1.4096277716058843
13636.5,1.4096278521566246
13637.5,1.4096279326922279
13638.5,1.4096280132126977
13639.5,1.4096280937180385
13640.5,1.4096281742082537
13641.5,1.4096282546833476
13642.5,1.4096283351433243
13643.5,1.4096284155881873
13644.5,1.4096284960179406
13645.5,1.4096285764325884
13646.5,1.4096286568321346
13647.5,1.409628737216583
13648.5,1.4096288175859377
13649.5,1.4096288979402025
13650.5,1.4096289782793814
13651.5,1.4096290586034783
13652.5,1.4096291389124973
13653.5,1.4096292192064421
13654.5,1.4096292994853168
13655.5,1.409629379749125
13656.5,1.4096294599978711
13657.5,1.4096295402315588
13658.5,1.4096296204501921
13659.5,1.4096297006537748
13660.5,1.4096297808423108
13661.5,1.4096298610158042
13662.5,1.409629941174259
13663.5,1.4096300213176787
13664.5,1.4096301014460677
13665.5,1.4096301815594294
13666.5,1.4096302616577683
13667.5,1.409630341741088
13668.5,1.4096304218093922
13669.5,1.4096305018626853
13670.5,1.409630581900971
13671.5,1.409630661924253
13672.5,1.4096307419325353
13673.5,1.409630821925822
13674.5,1.4096309019041169
13675.5,1.409630981867424
13676.5,1.409631061815747
13677.5,1.4096311417490899
13678.5,1.4096312216674567
13679.5,1.409631301570851
13680.5,1.4096313814592771
13681.5,1.4096314613327385
13682.5,1.4096315411912395
13683.5,1.4096316210347837
13684.5,1.4096317008633752
13685.5,1.4096317806770176
13686.5,1.4096318604757152
13687.5,1.4096319402594715
13688.5,1.4096320200282904
13689.5,1.409632099782176
13690.5,1.4096321795211322
13691.5,1.4096322592451629
13692.5,1.4096323389542718
13693.5,1.4096324186484628
13694.5,1.4096324983277397
13695.5,1.4096325779921068
13696.5,1.4096326576415674
13697.5,1.409632737276126
13698.5,1.409632816895786
13699.5,1.4096328965005513
13700.5,1.409632976090426
13701.5,1.409633055665414
13702.5,1.409633135225519
13703.5,1.4096332147707447
13704.5,1.4096332943010952
13705.5,1.4096333738165745
13706.5,1.4096334533171861
13707.5,1.4096335328029341
13708.5,1.4096336122738224
13709.5,1.4096336917298549
13710.5,1.4096337711710352
13711.5,1.4096338505973673
13712.5,1.4096339300088552
13713.5,1.4096340094055024
13714.5,1.409634088787313
13715.5,1.409634168154291
13716.5,1.40963424750644
13717.5,1.4096343268437639
13718.5,1.4096344061662667
13719.5,1.4096344854739518
13720.5,1.4096345647668236
13721.5,1.4096346440448857
13722.5,1.4096347233081419
13723.5,1.4096348025565961
13724.5,1.4096348817902522
13725.5,1.409634961009114
13726.5,1.4096350402131852
13727.5,1.4096351194024699
13728.5,1.4096351985769717
13729.5,1.4096352777366945
13730.5,1.4096353568816422
13731.5,1.4096354360118186
13732.5,1.4096355151272277
13733.5,1.4096355942278729
13734.5,1.4096356733137585
13735.5,1.409635752384888
13736.5,1.4096358314412654
13737.5,1.4096359104828942
13738.5,1.4096359895097788
13739.5,1.4096360685219225
13740.5,1.4096361475193295
13741.5,1.4096362265020033
13742.5,1.4096363054699481
13743.5,1.4096363844231672
13744.5,1.409636463361665
13745.5,1.4096365422854447
13746.5,1.4096366211945106
13747.5,1.4096367000888663
13748.5,1.4096367789685158
13749.5,1.4096368578334626
13750.5,1.4096369366837107
13751.5,1.409637015519264
13752.5,1.409637094340126
13753.5,1.4096371731463007
13754.5,1.409637251937792
13755.5,1.4096373307146035
13756.5,1.4096374094767392
13757.5,1.4096374882242029
13758.5,1.409637566956998
13759.5,1.4096376456751287
13760.5,1.409637724378599
13761.5,1.409637803067412
13762.5,1.409637881741572
13763.5,1.4096379604010825
13764.5,1.4096380390459478
13765.5,1.409638117676171
13766.5,1.4096381962917564
13767.5,1.4096382748927077
13768.5,1.4096383534790284
13769.5,1.4096384320507227
13770.5,1.409638510607794
13771.5,1.4096385891502465
13772.5,1.4096386676780834
13773.5,1.4096387461913091
13774.5,1.409638824689927
13775.5,1.409638903173941
13776.5,1.4096389816433548
13777.5,1.4096390600981723
13778.5,1.409639138538397
13779.5,1.409639216964033
13780.5,1.409639295375084
13781.5,1.4096393737715538
13782.5,1.4096394521534459
13783.5,1.4096395305207643
13784.5,1.4096396088735126
13785.5,1.4096396872116947
13786.5,1.4096397655353146
13787.5,1.4096398438443756
13788.5,1.4096399221388816
13789.5,1.4096400004188365
13790.5,1.409640078684244
13791.5,1.4096401569351078
13792.5,1.4096402351714317
13793.5,1.4096403133932194
13794.5,1.4096403916004747
13795.5,1.4096404697932015
13796.5,1.4096405479714031
13797.5,1.409640626135084
13798.5,1.4096407042842471
13799.5,1.4096407824188968
13800.5,1.4096408605390365
13801.5,1.40964093864467
13802.5,1.4096410167358011
13803.5,1.4096410948124334
13804.5,1.409641172874571
13805.5,1.4096412509222174
13806.5,1.4096413289553762
13807.5,1.4096414069740513
13808.5,1.4096414849782464
13809.5,1.4096415629679653
13810.5,1.4096416409432115
13811.5,1.4096417189039891
13812.5,1.4096417968503017
13813.5,1.409641874782153
13814.5,1.4096419526995465
13815.5,1.4096420306024864
13816.5,1.409642108490976
13817.5,1.4096421863650193
13818.5,1.4096422642246196
13819.5,1.4096423420697812
13820.5,1.4096424199005075
13821.5,1.4096424977168023
13822.5,1.4096425755186692
13823.5,1.409642653306112
13824.5,1.4096427310791346
13825.5,1.4096428088377404
13826.5,1.4096428865819333
13827.5,1.4096429643117168
13828.5,1.409643042027095
13829.5,1.4096431197280712
13830.5,1.4096431974146495
13831.5,1.4096432750868333
13832.5,1.4096433527446264
13833.5,1.4096434303880325
13834.5,1.4096435080170553
13835.5,1.4096435856316987
13836.5,1.409643663231966
13837.5,1.4096437408178613
13838.5,1.409643818389388
13839.5,1.40964389594655
13840.5,1.4096439734893509
13841.5,1.4096440510177943
13842.5,1.4096441285318841
13843.5,1.409644206031624
13844.5,1.4096442835170175
13845.5,1.4096443609880684
13846.5,1.4096444384447804
13847.5,1.4096445158871571
13848.5,1.4096445933152022
13849.5,1.4096446707289196
13850.5,1.4096447481283128
13851.5,1.4096448255133853
13852.5,1.4096449028841411
13853.5,1.409644980240584
13854.5,1.409645057582717
13855.5,1.4096451349105446
13856.5,1.40964521222407
13857.5,1.409645289523297
13858.5,1.409645366808229
13859.5,1.4096454440788702
13860.5,1.409645521335224
13861.5,1.4096455985772938
13862.5,1.4096456758050837
13863.5,1.4096457530185973
13864.5,1.409645830217838
13865.5,1.4096459074028098
13866.5,1.4096459845735163
13867.5,1.4096460617299609
13868.5,1.4096461388721475
13869.5,1.4096462160000796
13870.5,1.409646293113761
13871.5,1.4096463702131954
13872.5,1.4096464472983863
13873.5,1.4096465243693375
13874.5,1.4096466014260525
13875.5,1.409646678468535
13876.5,1.4096467554967889
13877.5,1.4096468325108176
13878.5,1.4096469095106245
13879.5,1.4096469864962138
13880.5,1.4096470634675888
13881.5,1.4096471404247535
13882.5,1.409647217367711
13883.5,1.4096472942964653
13884.5,1.40964737121102
13885.5,1.4096474481113788
13886.5,1.409647524997545
13887.5,1.4096476018695228
13888.5,1.4096476787273156
13889.5,1.4096477555709266
13890.5,1.40964783240036
13891.5,1.4096479092156193
13892.5,1.4096479860167082
13893.5,1.4096480628036299
13894.5,1.4096481395763885
13895.5,1.4096482163349875
13896.5,1.4096482930794305
13897.5,1.409648369809721
13898.5,1.4096484465258632
13899.5,1.40964852322786
13900.5,1.4096485999157151
13901.5,1.4096486765894327
13902.5,1.4096487532490158
13903.5,1.4096488298944683
13904.5,1.409648906525794
13905.5,1.4096489831429961
13906.5,1.4096490597460785
13907.5,1.4096491363350447
13908.5,1.4096492129098985
13909.5,1.4096492894706434
13910.5,1.4096493660172829
13911.5,1.4096494425498207
13912.5,1.4096495190682605
13913.5,1.4096495955726058
13914.5,1.4096496720628602
13915.5,1.4096497485390271
13916.5,1.4096498250011107
13917.5,1.4096499014491142
13918.5,1.4096499778830411
13919.5,1.4096500543028951
13920.5,1.4096501307086802
13921.5,1.4096502071003993
13922.5,1.4096502834780567
13923.5,1.4096503598416552
13924.5,1.4096504361911992
13925.5,1.4096505125266918
13926.5,1.4096505888481368
13927.5,1.4096506651555376
13928.5,1.4096507414488981
13929.5,1.4096508177282217
13930.5,1.4096508939935117
13931.5,1.4096509702447724
13932.5,1.4096510464820067
13933.5,1.4096511227052184
13934.5,1.4096511989144114
13935.5,1.4096512751095889
13936.5,1.4096513512907545
13937.5,1.409651427457912
13938.5,1.4096515036110648
13939.5,1.4096515797502167
13940.5,1.4096516558753711
13941.5,1.4096517319865314
13942.5,1.4096518080837015
13943.5,1.409651884166885
13944.5,1.409651960236085
13945.5,1.4096520362913056
13946.5,1.4096521123325503
13947.5,1.4096521883598223
13948.5,1.4096522643731255
13949.5,1.4096523403724632
13950.5,1.4096524163578394
13951.5,1.4096524923292573
13952.5,1.4096525682867205
13953.5,1.4096526442302326
13954.5,1.4096527201597973
13955.5,1.409652796075418
13956.5,1.4096528719770982
13957.5,1.4096529478648416
13958.5,1.409653023738652
13959.5,1.4096530995985324
13960.5,1.4096531754444865
13961.5,1.4096532512765183
13962.5,1.4096533270946308
13963.5,1.409653402898828
13964.5,1.4096534786891128
13965.5,1.4096535544654896
13966.5,1.4096536302279614
13967.5,1.4096537059765317
13968.5,1.4096537817112045
13969.5,1.4096538574319828
13970.5,1.4096539331388707
13971.5,1.4096540088318712
13972.5,1.4096540845109882
13973.5,1.4096541601762251
13974.5,1.4096542358275854
13975.5,1.4096543114650728
13976.5,1.4096543870886906
13977.5,1.4096544626984426
13978.5,1.4096545382943322
13979.5,1.4096546138763628
13980.5,1.409654689444538
13981.5,1.4096547649988616
13982.5,1.409654840539337
13983.5,1.4096549160659675
13984.5,1.4096549915787566
13985.5,1.4096550670777082
13986.5,1.4096551425628256
13987.5,1.4096552180341124
13988.5,1.409655293491572
13989.5,1.409655368935208
13990.5,1.409655444365024
13991.5,1.4096555197810232
13992.5,1.4096555951832095
13993.5,1.4096556705715864
13994.5,1.409655745946157
13995.5,1.4096558213069252
13996.5,1.4096558966538943
13997.5,1.409655971987068
13998.5,1.4096560473064499
13999.5,1.4096561226120432
14000.5,1.4096561979038513
14001.5,1.4096562731818782
14002.5,1.4096563484461273
14003.5,1.4096564236966016
14004.5,1.4096564989333051
14005.5,1.4096565741562412
14006.5,1.4096566493654135
14007.5,1.4096567245608251
14008.5,1.40965679974248
14009.5,1.4096568749103813
14010.5,1.4096569500645326
14011.5,1.4096570252049376
14012.5,1.4096571003315996
14013.5,1.4096571754445222
14014.5,1.4096572505437086
14015.5,1.4096573256291627
14016.5,1.409657400700888
14017.5,1.4096574757588876
14018.5,1.409657550803165
14019.5,1.4096576258337241
14020.5,1.4096577008505682
14021.5,1.4096577758537006
14022.5,1.409657850843125
14023.5,1.4096579258188446
14024.5,1.4096580007808635
14025.5,1.4096580757291846
14026.5,1.4096581506638113
14027.5,1.4096582255847476
14028.5,1.4096583004919965
14029.5,1.4096583753855618
14030.5,1.409658450265447
14031.5,1.4096585251316551
14032.5,1.4096585999841902
14033.5,1.4096586748230553
14034.5,1.409658749648254
14035.5,1.4096588244597898
14036.5,1.4096588992576662
14037.5,1.4096589740418868
14038.5,1.4096590488124547
14039.5,1.4096591235693736
14040.5,1.409659198312647
14041.5,1.4096592730422781
14042.5,1.4096593477582706
14043.5,1.409659422460628
14044.5,1.4096594971493537
14045.5,1.4096595718244511
14046.5,1.4096596464859237
14047.5,1.4096597211337747
14048.5,1.409659795768008
14049.5,1.4096598703886267
14050.5,1.4096599449956346
14051.5,1.4096600195890348
14052.5,1.4096600941688309
14053.5,1.4096601687350263
14054.5,1.4096602432876246
14055.5,1.409660317826629
14056.5,1.4096603923520432
14057.5,1.4096604668638704
14058.5,1.4096605413621142
14059.5,1.409660615846778
14060.5,1.4096606903178652
14061.5,1.4096607647753794
14062.5,1.4096608392193237
14063.5,1.409660913649702
14064.5,1.4096609880665174
14065.5,1.4096610624697734
14066.5,1.4096611368594736
14067.5,1.409661211235621
14068.5,1.4096612855982196
14069.5,1.4096613599472725
14070.5,1.4096614342827831
14071.5,1.4096615086047548
14072.5,1.4096615829131913
14073.5,1.4096616572080958
14074.5,1.409661731489472
14075.5,1.4096618057573227
14076.5,1.409661880011652
14077.5,1.409661954252463
14078.5,1.4096620284797592
14079.5,1.409662102693544
14080.5,1.409662176893821
14081.5,1.409662251080593
14082.5,1.409662325253864
14083.5,1.4096623994136375
14084.5,1.4096624735599164
14085.5,1.4096625476927045
14086.5,1.409662621812005
14087.5,1.4096626959178216
14088.5,1.4096627700101574
14089.5,1.4096628440890158
14090.5,1.4096629181544005
14091.5,1.4096629922063146
14092.5,1.4096630662447618
14093.5,1.4096631402697453
14094.5,1.4096632142812684
14095.5,1.4096632882793347
14096.5,1.4096633622639476
14097.5,1.4096634362351106
14098.5,1.4096635101928268
14099.5,1.4096635841370997
14100.5,1.4096636580679327
14101.5,1.4096637319853293
14102.5,1.409663805889293
14103.5,1.4096638797798267
14104.5,1.4096639536569342
14105.5,1.409664027520619
14106.5,1.4096641013708842
14107.5,1.409664175207733
14108.5,1.4096642490311695
14109.5,1.4096643228411962
14110.5,1.4096643966378173
14111.5,1.4096644704210357
14112.5,1.4096645441908549
14113.5,1.4096646179472783
14114.5,1.4096646916903093
14115.5,1.4096647654199512
14116.5,1.4096648391362074
14117.5,1.4096649128390812
14118.5,1.4096649865285764
14119.5,1.4096650602046958
14120.5,1.409665133867443
14121.5,1.4096652075168215
14122.5,1.4096652811528345
14123.5,1.4096653547754856
14124.5,1.4096654283847778
14125.5,1.4096655019807147
14126.5,1.4096655755632999
14127.5,1.4096656491325363
14128.5,1.4096657226884275
14129.5,1.4096657962309769
14130.5,1.4096658697601876
14131.5,1.4096659432760634
14132.5,1.4096660167786073
14133.5,1.4096660902678229
14134.5,1.4096661637437133
14135.5,1.4096662372062823
14136.5,1.4096663106555327
14137.5,1.409666384091468
14138.5,1.409666457514092
14139.5,1.4096665309234075
14140.5,1.4096666043194181
14141.5,1.4096666777021272
14142.5,1.4096667510715382
14143.5,1.409666824427654
14144.5,1.4096668977704785
14145.5,1.409666971100015
14146.5,1.4096670444162662
14147.5,1.4096671177192361
14148.5,1.409667191008928
14149.5,1.4096672642853452
14150.5,1.4096673375484907
14151.5,1.409667410798368
14152.5,1.4096674840349808
14153.5,1.409667557258332
14154.5,1.409667630468425
14155.5,1.4096677036652634
14156.5,1.4096677768488504
14157.5,1.409667850019189
14158.5,1.4096679231762832
14159.5,1.4096679963201357
14160.5,1.4096680694507504
14161.5,1.4096681425681301
14162.5,1.4096682156722784
14163.5,1.4096682887631986
14164.5,1.4096683618408938
14165.5,1.4096684349053679
14166.5,1.4096685079566236
14167.5,1.4096685809946645
14168.5,1.409668654019494
14169.5,1.4096687270311152
14170.5,1.4096688000295317
14171.5,1.4096688730147466
14172.5,1.4096689459867633
14173.5,1.409669018945585
14174.5,1.4096690918912151
14175.5,1.4096691648236572
14176.5,1.409669237742914
14177.5,1.4096693106489895
14178.5,1.4096693835418863
14179.5,1.4096694564216083
14180.5,1.4096695292881587
14181.5,1.4096696021415405
14182.5,1.4096696749817572
14183.5,1.409669747808812
14184.5,1.4096698206227085
14185.5,1.40966989342345
14186.5,1.4096699662110392
14187.5,1.4096700389854802
14188.5,1.4096701117467756
14189.5,1.4096701844949293
14190.5,1.4096702572299442
14191.5,1.4096703299518236
14192.5,1.409670402660571
14193.5,1.4096704753561897
14194.5,1.4096705480386829
14195.5,1.4096706207080538
14196.5,1.4096706933643057
14197.5,1.4096707660074423
14198.5,1.4096708386374663
14199.5,1.4096709112543815
14200.5,1.4096709838581907
14201.5,1.4096710564488975
14202.5,1.4096711290265052
14203.5,1.409671201591017
14204.5,1.4096712741424362
14205.5,1.409671346680766
14206.5,1.4096714192060098
14207.5,1.409671491718171
14208.5,1.4096715642172524
14209.5,1.4096716367032578
14210.5,1.4096717091761903
14211.5,1.4096717816360531
14212.5,1.4096718540828495
14213.5,1.4096719265165827
14214.5,1.4096719989372564
14215.5,1.4096720713448732
14216.5,1.4096721437394368
14217.5,1.4096722161209505
14218.5,1.4096722884894175
14219.5,1.409672360844841
14220.5,1.4096724331872241
14221.5,1.4096725055165704
14222.5,1.409672577832883
14223.5,1.4096726501361652
14224.5,1.4096727224264203
14225.5,1.4096727947036514
14226.5,1.409672866967862
14227.5,1.409672939219055
14228.5,1.409673011457234
14229.5,1.4096730836824023
14230.5,1.409673155894563
14231.5,1.4096732280937192
14232.5,1.4096733002798745
14233.5,1.4096733724530317
14234.5,1.4096734446131947
14235.5,1.409673516760366
14236.5,1.4096735888945493
14237.5,1.4096736610157479
14238.5,1.409673733123965
14239.5,1.4096738052192037
14240.5,1.4096738773014672
14241.5,1.4096739493707588
14242.5,1.409674021427082
14243.5,1.40967409347044
14244.5,1.4096741655008356
14245.5,1.4096742375182723
14246.5,1.4096743095227535
14247.5,1.4096743815142823
14248.5,1.409674453492862
14249.5,1.4096745254584957
14250.5,1.4096745974111866
14251.5,1.4096746693509383
14252.5,1.4096747412777537
14253.5,1.4096748131916361
14254.5,1.4096748850925889
14255.5,1.4096749569806148
14256.5,1.4096750288557178
14257.5,1.4096751007179007
14258.5,1.4096751725671666
14259.5,1.409675244403519
14260.5,1.409675316226961
14261.5,1.409675388037496
14262.5,1.4096754598351269
14263.5,1.409675531619857
14264.5,1.4096756033916897
14265.5,1.4096756751506283
14266.5,1.4096757468966756
14267.5,1.4096758186298353
14268.5,1.4096758903501103
14269.5,1.409675962057504
14270.5,1.4096760337520193
14271.5,1.4096761054336597
14272.5,1.4096761771024284
14273.5,1.4096762487583285
14274.5,1.4096763204013634
14275.5,1.409676392031536
14276.5,1.40967646364885
14277.5,1.409676535253308
14278.5,1.4096766068449136
14279.5,1.40967667842367
14280.5,1.4096767499895801
14281.5,1.4096768215426476
14282.5,1.4096768930828754
14283.5,1.4096769646102665
14284.5,1.4096770361248245
14285.5,1.4096771076265524
14286.5,1.4096771791154534
14287.5,1.4096772505915307
14288.5,1.4096773220547876
14289.5,1.4096773935052271
14290.5,1.4096774649428525
14291.5,1.409677536367667
14292.5,1.409677607779674
14293.5,1.4096776791788763
14294.5,1.4096777505652773
14295.5,1.4096778219388804
14296.5,1.4096778932996883
14297.5,1.4096779646477045
14298.5,1.4096780359829322
14299.5,1.4096781073053744
14300.5,1.4096781786150345
14301.5,1.4096782499119156
14302.5,1.4096783211960209
14303.5,1.4096783924673533
14304.5,1.4096784637259165
14305.5,1.4096785349717134
14306.5,1.409678606204747
14307.5,1.4096786774250207
14308.5,1.4096787486325377
14309.5,1.4096788198273011
14310.5,1.4096788910093143
14311.5,1.4096789621785801
14312.5,1.409679033335102
14313.5,1.4096791044788826
14314.5,1.4096791756099258
14315.5,1.4096792467282344
14316.5,1.4096793178338116
14317.5,1.4096793889266606
14318.5,1.4096794600067846
14319.5,1.4096795310741865
14320.5,1.4096796021288698
14321.5,1.4096796731708376
14322.5,1.409679744200093
14323.5,1.4096798152166392
14324.5,1.4096798862204791
14325.5,1.4096799572116163
14326.5,1.409680028190054
14327.5,1.4096800991557947
14328.5,1.409680170108842
14329.5,1.409680241049199
14330.5,1.409680311976869
14331.5,1.4096803828918552
14332.5,1.4096804537941603
14333.5,1.4096805246837878
14334.5,1.4096805955607408
14335.5,1.4096806664250223
14336.5,1.4096807372766356
14337.5,1.4096808081155838
14338.5,1.4096808789418702
14339.5,1.4096809497554978
14340.5,1.4096810205564698
14341.5,1.4096810913447892
14342.5,1.4096811621204592
14343.5,1.4096812328834831
14344.5,1.4096813036338638
14345.5,1.4096813743716048
14346.5,1.4096814450967088
14347.5,1.409681515809179
14348.5,1.409681586509019
14349.5,1.4096816571962314
14350.5,1.4096817278708198
14351.5,1.4096817985327867
14352.5,1.409681869182136
14353.5,1.4096819398188702
14354.5,1.4096820104429926
14355.5,1.4096820810545065
14356.5,1.409682151653415
14357.5,1.4096822222397212
14358.5,1.409682292813428
14359.5,1.4096823633745388
14360.5,1.4096824339230567
14361.5,1.4096825044589847
14362.5,1.4096825749823259
14363.5,1.4096826454930835
14364.5,1.4096827159912608
14365.5,1.4096827864768606
14366.5,1.4096828569498863
14367.5,1.4096829274103406
14368.5,1.409682997858227
14369.5,1.4096830682935486
14370.5,1.4096831387163085
14371.5,1.4096832091265095
14372.5,1.4096832795241552
14373.5,1.4096833499092483
14374.5,1.409683420281792
14375.5,1.4096834906417897
14376.5,1.4096835609892442
14377.5,1.4096836313241585
14378.5,1.409683701646536
14379.5,1.40968377195638
14380.5,1.409683842253693
14381.5,1.4096839125384784
14382.5,1.4096839828107395
14383.5,1.409684053070479
14384.5,1.4096841233177004
14385.5,1.4096841935524067
14386.5,1.4096842637746008
14387.5,1.409684333984286
14388.5,1.4096844041814651
14389.5,1.4096844743661414
14390.5,1.4096845445383182
14391.5,1.4096846146979984
14392.5,1.409684684845185
14393.5,1.4096847549798812
14394.5,1.4096848251020901
14395.5,1.4096848952118146
14396.5,1.4096849653090582
14397.5,1.4096850353938237
14398.5,1.4096851054661141
14399.5,1.4096851755259328
14400.5,1.4096852455732825
14401.5,1.4096853156081666
14402.5,1.4096853856305878
14403.5,1.4096854556405498
14404.5,1.4096855256380552
14405.5,1.4096855956231071
14406.5,1.4096856655957088
14407.5,1.4096857355558632
14408.5,1.4096858055035735
14409.5,1.4096858754388426
14410.5,1.409685945361674
14411.5,1.4096860152720703
14412.5,1.4096860851700346
14413.5,1.4096861550555702
14414.5,1.4096862249286801
14415.5,1.4096862947893674
14416.5,1.409686364637635
14417.5,1.409686434473486
14418.5,1.409686504296924
14419.5,1.4096865741079512
14420.5,1.4096866439065714
14421.5,1.409686713692787
14422.5,1.4096867834666018
14423.5,1.4096868532280182
14424.5,1.4096869229770397
14425.5,1.409686992713669
14426.5,1.4096870624379096
14427.5,1.4096871321497642
14428.5,1.4096872018492361
14429.5,1.4096872715363282
14430.5,1.4096873412110436
14431.5,1.4096874108733852
14432.5,1.4096874805233564
14433.5,1.4096875501609598
14434.5,1.409687619786199
14435.5,1.4096876893990764
14436.5,1.4096877589995958
14437.5,1.4096878285877597
14438.5,1.4096878981635712
14439.5,1.4096879677270335
14440.5,1.4096880372781495
14441.5,1.4096881068169227
14442.5,1.4096881763433555
14443.5,1.4096882458574513
14444.5,1.409688315359213
14445.5,1.4096883848486437
14446.5,1.4096884543257466
14447.5,1.4096885237905246
14448.5,1.4096885932429806
14449.5,1.4096886626831178
14450.5,1.4096887321109393
14451.5,1.409688801526448
14452.5,1.409688870929647
14453.5,1.4096889403205393
14454.5,1.4096890096991277
14455.5,1.4096890790654157
14456.5,1.409689148419406
14457.5,1.409689217761102
14458.5,1.4096892870905062
14459.5,1.409689356407622
14460.5,1.4096894257124524
14461.5,1.409689495005
14462.5,1.4096895642852685
14463.5,1.4096896335532605
14464.5,1.4096897028089792
14465.5,1.4096897720524275
14466.5,1.4096898412836085
14467.5,1.4096899105025251
14468.5,1.4096899797091804
14469.5,1.4096900489035773
14470.5,1.409690118085719
14471.5,1.4096901872556087
14472.5,1.409690256413249
14473.5,1.409690325558643
14474.5,1.4096903946917938
14475.5,1.4096904638127046
14476.5,1.409690532921378
14477.5,1.4096906020178175
14478.5,1.4096906711020256
14479.5,1.4096907401740055
14480.5,1.4096908092337606
14481.5,1.4096908782812934
14482.5,1.4096909473166068
14483.5,1.4096910163397043
14484.5,1.4096910853505888
14485.5,1.409691154349263
14486.5,1.4096912233357302
14487.5,1.4096912923099931
14488.5,1.4096913612720552
14489.5,1.409691430221919
14490.5,1.4096914991595877
14491.5,1.4096915680850644
14492.5,1.4096916369983519
14493.5,1.4096917058994531
14494.5,1.4096917747883713
14495.5,1.4096918436651094
14496.5,1.4096919125296703
14497.5,1.4096919813820572
14498.5,1.4096920502222727
14499.5,1.4096921190503202
14500.5,1.4096921878662025
14501.5,1.4096922566699226
14502.5,1.4096923254614835
14503.5,1.409692394240888
14504.5,1.4096924630081396
14505.5,1.4096925317632407
14506.5,1.4096926005061947
14507.5,1.4096926692370044
14508.5,1.4096927379556727
14509.5,1.4096928066622028
14510.5,1.4096928753565974
14511.5,1.4096929440388597
14512.5,1.4096930127089926
14513.5,1.4096930813669992
14514.5,1.4096931500128822
14515.5,1.4096932186466449
14516.5,1.4096932872682901
14517.5,1.4096933558778206
14518.5,1.4096934244752397
14519.5,1.4096934930605503
14520.5,1.4096935616337554
14521.5,1.4096936301948577
14522.5,1.4096936987438602
14523.5,1.4096937672807663
14524.5,1.4096938358055786
14525.5,1.4096939043183
14526.5,1.4096939728189337
14527.5,1.4096940413074825
14528.5,1.4096941097839495
14529.5,1.4096941782483376
14530.5,1.40969424670065
14531.5,1.409694315140889
14532.5,1.409694383569058
14533.5,1.4096944519851602
14534.5,1.4096945203891982
14535.5,1.4096945887811752
14536.5,1.4096946571610938
14537.5,1.4096947255289571
14538.5,1.4096947938847681
14539.5,1.40969486222853
14540.5,1.4096949305602453
14541.5,1.4096949988799172
14542.5,1.4096950671875488
14543.5,1.4096951354831426
14544.5,1.409695203766702
14545.5,1.4096952720382296
14546.5,1.4096953402977288
14547.5,1.409695408545202
14548.5,1.4096954767806524
14549.5,1.4096955450040831
14550.5,1.4096956132154967
14551.5,1.4096956814148964
14552.5,1.409695749602285
14553.5,1.4096958177776657
14554.5,1.4096958859410411
14555.5,1.4096959540924143
14556.5,1.4096960222317882
14557.5,1.4096960903591658
14558.5,1.40969615847455
14559.5,1.4096962265779438
14560.5,1.4096962946693499
14561.5,1.4096963627487713
14562.5,1.4096964308162112
14563.5,1.4096964988716725
14564.5,1.4096965669151578
14565.5,1.40969663494667
14566.5,1.4096967029662124
14567.5,1.409696770973788
14568.5,1.4096968389693991
14569.5,1.4096969069530494
14570.5,1.4096969749247412
14571.5,1.4096970428844777
14572.5,1.4096971108322618
14573.5,1.4096971787680965
14574.5,1.4096972466919844
14575.5,1.4096973146039289
14576.5,1.4096973825039325
14577.5,1.4096974503919983
14578.5,1.4096975182681293
14579.5,1.4096975861323282
14580.5,1.4096976539845982
14581.5,1.4096977218249418
14582.5,1.4096977896533625
14583.5,1.4096978574698624
14584.5,1.4096979252744453
14585.5,1.4096979930671134
14586.5,1.4096980608478702
14587.5,1.409698128616718
14588.5,1.4096981963736603
14589.5,1.4096982641186995
14590.5,1.4096983318518388
14591.5,1.4096983995730812
14592.5,1.409698467282429
14593.5,1.409698534979886
14594.5,1.4096986026654545
14595.5,1.4096986703391376
14596.5,1.409698738000938
14597.5,1.4096988056508588
14598.5,1.4096988732889029
14599.5,1.409698940915073
14600.5,1.4096990085293724
14601.5,1.4096990761318036
14602.5,1.4096991437223696
14603.5,1.4096992113010733
14604.5,1.4096992788679177
14605.5,1.4096993464229057
14606.5,1.40969941396604
14607.5,1.4096994814973236
14608.5,1.4096995490167592
14609.5,1.40969961652435
14610.5,1.4096996840200988
14611.5,1.4096997515040084
14612.5,1.4096998189760819
14613.5,1.409699886436322
14614.5,1.4096999538847312
14615.5,1.4097000213213131
14616.5,1.4097000887460702
14617.5,1.4097001561590057
14618.5,1.409700223560122
14619.5,1.409700290949422
14620.5,1.4097003583269092
14621.5,1.4097004256925858
14622.5,1.409700493046455
14623.5,1.4097005603885198
14624.5,1.4097006277187827
14625.5,1.4097006950372466
14626.5,1.4097007623439148
14627.5,1.4097008296387898
14628.5,1.4097008969218747
14629.5,1.4097009641931721
14630.5,1.4097010314526852
14631.5,1.4097010987004166
14632.5,1.4097011659363692
14633.5,1.409701233160546
14634.5,1.40970130037295
14635.5,1.4097013675735837
14636.5,1.40970143476245
14637.5,1.409701501939552
14638.5,1.4097015691048924
14639.5,1.409701636258474
14640.5,1.4097017034003
14641.5,1.409701770530373
14642.5,1.4097018376486958
14643.5,1.4097019047552715
14644.5,1.4097019718501027
14645.5,1.4097020389331922
14646.5,1.4097021060045434
14647.5,1.4097021730641586
14648.5,1.4097022401120407
14649.5,1.409702307148193
14650.5,1.4097023741726176
14651.5,1.409702441185318
14652.5,1.4097025081862968
14653.5,1.409702575175557
14654.5,1.4097026421531014
14655.5,1.4097027091189325
14656.5,1.4097027760730536
14657.5,1.4097028430154674
14658.5,1.4097029099461766
14659.5,1.4097029768651843
14660.5,1.4097030437724931
14661.5,1.409703110668106
14662.5,1.4097031775520257
14663.5,1.4097032444242552
14664.5,1.4097033112847974
14665.5,1.4097033781336548
14666.5,1.4097034449708306
14667.5,1.4097035117963275
14668.5,1.4097035786101482
14669.5,1.4097036454122958
14670.5,1.4097037122027727
14671.5,1.4097037789815823
14672.5,1.409703845748727
14673.5,1.40970391250421
14674.5,1.4097039792480337
14675.5,1.4097040459802013
14676.5,1.4097041127007153
14677.5,1.4097041794095788
14678.5,1.4097042461067946
14679.5,1.4097043127923652
14680.5,1.409704379466294
14681.5,1.4097044461285833
14682.5,1.4097045127792363
14683.5,1.4097045794182554
14684.5,1.409704646045644
14685.5,1.4097047126614044
14686.5,1.4097047792655397
14687.5,1.4097048458580526
14688.5,1.409704912438946
14689.5,1.4097049790082226
14690.5,1.4097050455658853
14691.5,1.409705112111937
14692.5,1.4097051786463803
14693.5,1.4097052451692182
14694.5,1.4097053116804534
14695.5,1.4097053781800888
14696.5,1.4097054446681272
14697.5,1.4097055111445713
14698.5,1.409705577609424
14699.5,1.4097056440626883
14700.5,1.4097057105043667
14701.5,1.409705776934462
14702.5,1.4097058433529772
14703.5,1.4097059097599152
14704.5,1.4097059761552784
14705.5,1.40970604253907
14706.5,1.4097061089112923
14707.5,1.4097061752719489
14708.5,1.4097062416210417
14709.5,1.4097063079585743
14710.5,1.409706374284549
14711.5,1.4097064405989688
14712.5,1.4097065069018364
14713.5,1.4097065731931546
14714.5,1.4097066394729263
14715.5,1.409706705741154
14716.5,1.4097067719978411
14717.5,1.4097068382429898
14718.5,1.409706904476603
14719.5,1.409706970698684
14720.5,1.4097070369092348
14721.5,1.4097071031082586
14722.5,1.4097071692957583
14723.5,1.4097072354717366
14724.5,1.4097073016361963
14725.5,1.4097073677891399
14726.5,1.4097074339305704
14727.5,1.4097075000604908
14728.5,1.4097075661789036
14729.5,1.4097076322858118
14730.5,1.4097076983812178
14731.5,1.4097077644651248
14732.5,1.4097078305375352
14733.5,1.4097078965984522
14734.5,1.4097079626478783
14735.5,1.4097080286858164
14736.5,1.409708094712269
14737.5,1.4097081607272393
14738.5,1.40970822673073
14739.5,1.4097082927227436
14740.5,1.4097083587032828
14741.5,1.4097084246723508
14742.5,1.4097084906299502
14743.5,1.4097085565760838
14744.5,1.4097086225107542
14745.5,1.4097086884339642
14746.5,1.4097087543457167
14747.5,1.4097088202460144
14748.5,1.4097088861348601
14749.5,1.4097089520122565
14750.5,1.4097090178782066
14751.5,1.4097090837327129
14752.5,1.409709149575778
14753.5,1.4097092154074051
14754.5,1.4097092812275969
14755.5,1.4097093470363558
14756.5,1.4097094128336847
14757.5,1.4097094786195867
14758.5,1.4097095443940642
14759.5,1.4097096101571198
14760.5,1.4097096759087568
14761.5,1.4097097416489777
14762.5,1.409709807377785
14763.5,1.4097098730951818
14764.5,1.4097099388011707
14765.5,1.4097100044957545
14766.5,1.409710070178936
14767.5,1.4097101358507178
14768.5,1.4097102015111027
14769.5,1.4097102671600934
14770.5,1.4097103327976928
14771.5,1.4097103984239037
14772.5,1.4097104640387286
14773.5,1.4097105296421704
14774.5,1.4097105952342317
14775.5,1.4097106608149155
14776.5,1.4097107263842243
14777.5,1.409710791942161
14778.5,1.4097108574887283
14779.5,1.4097109230239289
14780.5,1.4097109885477654
14781.5,1.4097110540602409
14782.5,1.4097111195613579
14783.5,1.409711185051119
14784.5,1.4097112505295273
14785.5,1.4097113159965853
14786.5,1.409711381452296
14787.5,1.4097114468966614
14788.5,1.409711512329685
14789.5,1.4097115777513693
14790.5,1.4097116431617172
14791.5,1.409711708560731
14792.5,1.4097117739484135
14793.5,1.4097118393247678
14794.5,1.4097119046897966
14795.5,1.4097119700435021
14796.5,1.4097120353858876
14797.5,1.4097121007169555
14798.5,1.4097121660367087
14799.5,1.4097122313451498
14800.5,1.4097122966422815
14801.5,1.4097123619281067
14802.5,1.4097124272026278
14803.5,1.409712492465848
14804.5,1.4097125577177696
14805.5,1.4097126229583956
14806.5,1.4097126881877284
14807.5,1.409712753405771
14808.5,1.409712818612526
14809.5,1.4097128838079962
14810.5,1.4097129489921842
14811.5,1.4097130141650926
14812.5,1.4097130793267245
14813.5,1.4097131444770823
14814.5,1.4097132096161689
14815.5,1.4097132747439867
14816.5,1.4097133398605388
14817.5,1.4097134049658275
14818.5,1.409713470059856
14819.5,1.4097135351426267
14820.5,1.4097136002141422
14821.5,1.4097136652744053
14822.5,1.4097137303234188
14823.5,1.4097137953611856
14824.5,1.409713860387708
14825.5,1.4097139254029887
14826.5,1.4097139904070306
14827.5,1.4097140553998366
14828.5,1.409714120381409
14829.5,1.4097141853517505
14830.5,1.4097142503108642
14831.5,1.4097143152587526
14832.5,1.4097143801954182
14833.5,1.4097144451208639
14834.5,1.409714510035092
14835.5,1.409714574938106
14836.5,1.4097146398299079
14837.5,1.4097147047105008
14838.5,1.409714769579887
14839.5,1.4097148344380694
14840.5,1.4097148992850508
14841.5,1.4097149641208337
14842.5,1.4097150289454208
14843.5,1.409715093758815
14844.5,1.4097151585610188
14845.5,1.4097152233520347
14846.5,1.409715288131866
14847.5,1.4097153529005146
14848.5,1.4097154176579838
14849.5,1.409715482404276
14850.5,1.4097155471393938
14851.5,1.4097156118633403
14852.5,1.4097156765761176
14853.5,1.4097157412777288
14854.5,1.4097158059681765
14855.5,1.409715870647463
14856.5,1.4097159353155917
14857.5,1.4097159999725646
14858.5,1.4097160646183848
14859.5,1.409716129253055
14860.5,1.4097161938765774
14861.5,1.4097162584889549
14862.5,1.4097163230901906
14863.5,1.4097163876802865
14864.5,1.4097164522592456
14865.5,1.4097165168270707
14866.5,1.4097165813837642
14867.5,1.4097166459293289
14868.5,1.4097167104637676
14869.5,1.4097167749870825
14870.5,1.4097168394992767
14871.5,1.409716904000353
14872.5,1.4097169684903135
14873.5,1.4097170329691613
14874.5,1.4097170974368989
14875.5,1.409717161893529
14876.5,1.409717226339054
14877.5,1.4097172907734772
14878.5,1.4097173551968007
14879.5,1.4097174196090272
14880.5,1.4097174840101596
14881.5,1.4097175484002005
14882.5,1.4097176127791524
14883.5,1.4097176771470181
14884.5,1.4097177415038002
14885.5,1.4097178058495012
14886.5,1.409717870184124
14887.5,1.4097179345076711
14888.5,1.4097179988201454
14889.5,1.4097180631215491
14890.5,1.4097181274118853
14891.5,1.4097181916911563
14892.5,1.4097182559593648
14893.5,1.4097183202165138
14894.5,1.4097183844626056
14895.5,1.4097184486976428
14896.5,1.4097185129216283
14897.5,1.4097185771345644
14898.5,1.4097186413364542
14899.5,1.4097187055273
14900.5,1.4097187697071045
14901.5,1.4097188338758704
14902.5,1.4097188980336004
14903.5,1.409718962180297
14904.5,1.409719026315963
14905.5,1.4097190904406005
14906.5,1.409719154554213
14907.5,1.4097192186568024
14908.5,1.4097192827483718
14909.5,1.4097193468289237
14910.5,1.4097194108984605
14911.5,1.4097194749569852
14912.5,1.4097195390045003
14913.5,1.4097196030410082
14914.5,1.4097196670665118
14915.5,1.4097197310810137
14916.5,1.4097197950845164
14917.5,1.4097198590770226
14918.5,1.4097199230585349
14919.5,1.4097199870290558
14920.5,1.4097200509885883
14921.5,1.4097201149371348
14922.5,1.4097201788746978
14923.5,1.40972024280128
14924.5,1.4097203067168842
14925.5,1.4097203706215127
14926.5,1.4097204345151684
14927.5,1.4097204983978537
14928.5,1.4097205622695717
14929.5,1.4097206261303243
14930.5,1.4097206899801145
14931.5,1.409720753818945
14932.5,1.4097208176468181
14933.5,1.4097208814637368
14934.5,1.4097209452697035
14935.5,1.4097210090647208
14936.5,1.4097210728487914
14937.5,1.4097211366219178
14938.5,1.4097212003841026
14939.5,1.4097212641353485
14940.5,1.4097213278756582
14941.5,1.409721391605034
14942.5,1.409721455323479
14943.5,1.409721519030995
14944.5,1.4097215827275855
14945.5,1.4097216464132527
14946.5,1.409721710087999
14947.5,1.4097217737518275
14948.5,1.4097218374047402
14949.5,1.4097219010467403
14950.5,1.40972196467783
14951.5,1.409722028298012
14952.5,1.409722091907289
14953.5,1.4097221555056634
14954.5,1.409722219093138
14955.5,1.4097222826697153
14956.5,1.4097223462353978
14957.5,1.4097224097901884
14958.5,1.4097224733340892
14959.5,1.4097225368671034
14960.5,1.409722600389233
14961.5,1.409722663900481
14962.5,1.40972272740085
14963.5,1.409722790890342
14964.5,1.4097228543689604
14965.5,1.4097229178367074
14966.5,1.4097229812935856
14967.5,1.4097230447395976
14968.5,1.4097231081747459
14969.5,1.4097231715990333
14970.5,1.409723235012462
14971.5,1.4097232984150352
14972.5,1.4097233618067548
14973.5,1.4097234251876238
14974.5,1.4097234885576448
14975.5,1.4097235519168203
14976.5,1.4097236152651527
14977.5,1.4097236786026448
14978.5,1.409723741929299
14979.5,1.409723805245118
14980.5,1.4097238685501043
14981.5,1.4097239318442607
14982.5,1.4097239951275895
14983.5,1.4097240584000934
14984.5,1.409724121661775
14985.5,1.4097241849126367
14986.5,1.4097242481526813
14987.5,1.4097243113819113
14988.5,1.4097243746003292
14989.5,1.4097244378079377
14990.5,1.409724501004739
14991.5,1.409724564190736
14992.5,1.4097246273659316
14993.5,1.4097246905303276
14994.5,1.409724753683927
14995.5,1.4097248168267325
14996.5,1.4097248799587463
14997.5,1.4097249430799712
14998.5,1.4097250061904096
14999.5,1.4097250692900642
